latitude_for_ae,longitude_for_ae,coordinate_ae_zone_raw,coordinate_ae_zone,ae_zone_final,ae_zone_assignment_method,ae_zone_in_target_scope,ae_zone_assignment_note
28.8088505,81.3939897,Hills,outside_target_ae_zone,,polygon_outside_target_scope,False,"Point intersects ecological-zone polygon, but polygon attribute is outside target classes."
28.8088475,81.3939939,Hills,outside_target_ae_zone,,polygon_outside_target_scope,False,"Point intersects ecological-zone polygon, but polygon attribute is outside target classes."
28.8088521,81.3939841,Hills,outside_target_ae_zone,,polygon_outside_target_scope,False,"Point intersects ecological-zone polygon, but polygon attribute is outside target classes."
28.8088469,81.3939938,Hills,outside_target_ae_zone,,polygon_outside_target_scope,False,"Point intersects ecological-zone polygon, but polygon attribute is outside target classes."
28.8088501,81.3939867,Hills,outside_target_ae_zone,,polygon_outside_target_scope,False,"Point intersects ecological-zone polygon, but polygon attribute is outside target classes."
28.8087818,81.3939711,Hills,outside_target_ae_zone,,polygon_outside_target_scope,False,"Point intersects ecological-zone polygon, but polygon attribute is outside target classes."
28.808847,81.3939854,Hills,outside_target_ae_zone,,polygon_outside_target_scope,False,"Point intersects ecological-zone polygon, but polygon attribute is outside target classes."
28.8088498,81.393989,Hills,outside_target_ae_zone,,polygon_outside_target_scope,False,"Point intersects ecological-zone polygon, but polygon attribute is outside target classes."
28.8088282,81.3940206,Hills,outside_target_ae_zone,,polygon_outside_target_scope,False,"Point intersects ecological-zone polygon, but polygon attribute is outside target classes."
28.80886,81.393976,Hills,outside_target_ae_zone,,polygon_outside_target_scope,False,"Point intersects ecological-zone polygon, but polygon attribute is outside target classes."
28.826074,81.4112482,Hills,outside_target_ae_zone,,polygon_outside_target_scope,False,"Point intersects ecological-zone polygon, but polygon attribute is outside target classes."
28.8260309,81.4111856,Hills,outside_target_ae_zone,,polygon_outside_target_scope,False,"Point intersects ecological-zone polygon, but polygon attribute is outside target classes."
28.8260665,81.4112789,Hills,outside_target_ae_zone,,polygon_outside_target_scope,False,"Point intersects ecological-zone polygon, but polygon attribute is outside target classes."
28.8261686,81.4112852,Hills,outside_target_ae_zone,,polygon_outside_target_scope,False,"Point intersects ecological-zone polygon, but polygon attribute is outside target classes."
28.8261607,81.4113534,Hills,outside_target_ae_zone,,polygon_outside_target_scope,False,"Point intersects ecological-zone polygon, but polygon attribute is outside target classes."
28.8260151,81.4111587,Hills,outside_target_ae_zone,,polygon_outside_target_scope,False,"Point intersects ecological-zone polygon, but polygon attribute is outside target classes."
28.8261408,81.4113582,Hills,outside_target_ae_zone,,polygon_outside_target_scope,False,"Point intersects ecological-zone polygon, but polygon attribute is outside target classes."
28.8211626,81.4134021,Hills,outside_target_ae_zone,,polygon_outside_target_scope,False,"Point intersects ecological-zone polygon, but polygon attribute is outside target classes."
28.8211541,81.4133801,Hills,outside_target_ae_zone,,polygon_outside_target_scope,False,"Point intersects ecological-zone polygon, but polygon attribute is outside target classes."
28.8211458,81.4133831,Hills,outside_target_ae_zone,,polygon_outside_target_scope,False,"Point intersects ecological-zone polygon, but polygon attribute is outside target classes."
28.82111,81.413371,Hills,outside_target_ae_zone,,polygon_outside_target_scope,False,"Point intersects ecological-zone polygon, but polygon attribute is outside target classes."
28.821164,81.4134161,Hills,outside_target_ae_zone,,polygon_outside_target_scope,False,"Point intersects ecological-zone polygon, but polygon attribute is outside target classes."
28.8211421,81.4133375,Hills,outside_target_ae_zone,,polygon_outside_target_scope,False,"Point intersects ecological-zone polygon, but polygon attribute is outside target classes."
28.8211589,81.4134189,Hills,outside_target_ae_zone,,polygon_outside_target_scope,False,"Point intersects ecological-zone polygon, but polygon attribute is outside target classes."
28.8211589,81.413425,Hills,outside_target_ae_zone,,polygon_outside_target_scope,False,"Point intersects ecological-zone polygon, but polygon attribute is outside target classes."
28.8212308,81.4134017,Hills,outside_target_ae_zone,,polygon_outside_target_scope,False,"Point intersects ecological-zone polygon, but polygon attribute is outside target classes."
28.8211604,81.4134294,Hills,outside_target_ae_zone,,polygon_outside_target_scope,False,"Point intersects ecological-zone polygon, but polygon attribute is outside target classes."
28.65119517,81.60158525,Hills,outside_target_ae_zone,,polygon_outside_target_scope,False,"Point intersects ecological-zone polygon, but polygon attribute is outside target classes."
28.65118965,81.60158798,Hills,outside_target_ae_zone,,polygon_outside_target_scope,False,"Point intersects ecological-zone polygon, but polygon attribute is outside target classes."
28.65118905,81.60159184,Hills,outside_target_ae_zone,,polygon_outside_target_scope,False,"Point intersects ecological-zone polygon, but polygon attribute is outside target classes."
28.65119118,81.60159924,Hills,outside_target_ae_zone,,polygon_outside_target_scope,False,"Point intersects ecological-zone polygon, but polygon attribute is outside target classes."
28.65119685,81.60158947,Hills,outside_target_ae_zone,,polygon_outside_target_scope,False,"Point intersects ecological-zone polygon, but polygon attribute is outside target classes."
28.65122691,81.60160623,Hills,outside_target_ae_zone,,polygon_outside_target_scope,False,"Point intersects ecological-zone polygon, but polygon attribute is outside target classes."
28.65119491,81.60158672,Hills,outside_target_ae_zone,,polygon_outside_target_scope,False,"Point intersects ecological-zone polygon, but polygon attribute is outside target classes."
28.65119395,81.60158854,Hills,outside_target_ae_zone,,polygon_outside_target_scope,False,"Point intersects ecological-zone polygon, but polygon attribute is outside target classes."
28.6511999,81.60159244,Hills,outside_target_ae_zone,,polygon_outside_target_scope,False,"Point intersects ecological-zone polygon, but polygon attribute is outside target classes."
28.65120043,81.60159096,Hills,outside_target_ae_zone,,polygon_outside_target_scope,False,"Point intersects ecological-zone polygon, but polygon attribute is outside target classes."
28.6411379,81.6042313,Hills,outside_target_ae_zone,,polygon_outside_target_scope,False,"Point intersects ecological-zone polygon, but polygon attribute is outside target classes."
28.6411182,81.6042125,Hills,outside_target_ae_zone,,polygon_outside_target_scope,False,"Point intersects ecological-zone polygon, but polygon attribute is outside target classes."
28.6411095,81.6042155,Hills,outside_target_ae_zone,,polygon_outside_target_scope,False,"Point intersects ecological-zone polygon, but polygon attribute is outside target classes."
28.6411099,81.6042283,Hills,outside_target_ae_zone,,polygon_outside_target_scope,False,"Point intersects ecological-zone polygon, but polygon attribute is outside target classes."
28.641167,81.6042906,Hills,outside_target_ae_zone,,polygon_outside_target_scope,False,"Point intersects ecological-zone polygon, but polygon attribute is outside target classes."
28.6410905,81.60421,Hills,outside_target_ae_zone,,polygon_outside_target_scope,False,"Point intersects ecological-zone polygon, but polygon attribute is outside target classes."
28.6411939,81.6042881,Hills,outside_target_ae_zone,,polygon_outside_target_scope,False,"Point intersects ecological-zone polygon, but polygon attribute is outside target classes."
28.6412356,81.6042663,Hills,outside_target_ae_zone,,polygon_outside_target_scope,False,"Point intersects ecological-zone polygon, but polygon attribute is outside target classes."
28.6411006,81.6042232,Hills,outside_target_ae_zone,,polygon_outside_target_scope,False,"Point intersects ecological-zone polygon, but polygon attribute is outside target classes."
28.6412447,81.6042166,Hills,outside_target_ae_zone,,polygon_outside_target_scope,False,"Point intersects ecological-zone polygon, but polygon attribute is outside target classes."
28.4403378,81.8985227,Hills,outside_target_ae_zone,,polygon_outside_target_scope,False,"Point intersects ecological-zone polygon, but polygon attribute is outside target classes."
28.4403528,81.8985279,Hills,outside_target_ae_zone,,polygon_outside_target_scope,False,"Point intersects ecological-zone polygon, but polygon attribute is outside target classes."
28.4402822,81.8985258,Hills,outside_target_ae_zone,,polygon_outside_target_scope,False,"Point intersects ecological-zone polygon, but polygon attribute is outside target classes."
28.4404686,81.8985371,Hills,outside_target_ae_zone,,polygon_outside_target_scope,False,"Point intersects ecological-zone polygon, but polygon attribute is outside target classes."
28.4402503,81.8984343,Hills,outside_target_ae_zone,,polygon_outside_target_scope,False,"Point intersects ecological-zone polygon, but polygon attribute is outside target classes."
28.4402285,81.8983857,Hills,outside_target_ae_zone,,polygon_outside_target_scope,False,"Point intersects ecological-zone polygon, but polygon attribute is outside target classes."
28.4404023,81.8985183,Hills,outside_target_ae_zone,,polygon_outside_target_scope,False,"Point intersects ecological-zone polygon, but polygon attribute is outside target classes."
28.4402143,81.8983721,Hills,outside_target_ae_zone,,polygon_outside_target_scope,False,"Point intersects ecological-zone polygon, but polygon attribute is outside target classes."
28.4373608,81.896523,Hills,outside_target_ae_zone,,polygon_outside_target_scope,False,"Point intersects ecological-zone polygon, but polygon attribute is outside target classes."
28.4373607,81.8964951,Hills,outside_target_ae_zone,,polygon_outside_target_scope,False,"Point intersects ecological-zone polygon, but polygon attribute is outside target classes."
28.4373577,81.8965341,Hills,outside_target_ae_zone,,polygon_outside_target_scope,False,"Point intersects ecological-zone polygon, but polygon attribute is outside target classes."
28.4373558,81.8965774,Hills,outside_target_ae_zone,,polygon_outside_target_scope,False,"Point intersects ecological-zone polygon, but polygon attribute is outside target classes."
28.437459,81.8965866,Hills,outside_target_ae_zone,,polygon_outside_target_scope,False,"Point intersects ecological-zone polygon, but polygon attribute is outside target classes."
28.4373753,81.8966023,Hills,outside_target_ae_zone,,polygon_outside_target_scope,False,"Point intersects ecological-zone polygon, but polygon attribute is outside target classes."
28.4373568,81.896664,Hills,outside_target_ae_zone,,polygon_outside_target_scope,False,"Point intersects ecological-zone polygon, but polygon attribute is outside target classes."
28.4374148,81.8965462,Hills,outside_target_ae_zone,,polygon_outside_target_scope,False,"Point intersects ecological-zone polygon, but polygon attribute is outside target classes."
28.4374184,81.8966873,Hills,outside_target_ae_zone,,polygon_outside_target_scope,False,"Point intersects ecological-zone polygon, but polygon attribute is outside target classes."
28.4405855,81.897729,Hills,outside_target_ae_zone,,polygon_outside_target_scope,False,"Point intersects ecological-zone polygon, but polygon attribute is outside target classes."
28.4405757,81.8977125,Hills,outside_target_ae_zone,,polygon_outside_target_scope,False,"Point intersects ecological-zone polygon, but polygon attribute is outside target classes."
28.440633,81.8976347,Hills,outside_target_ae_zone,,polygon_outside_target_scope,False,"Point intersects ecological-zone polygon, but polygon attribute is outside target classes."
28.4406521,81.8976365,Hills,outside_target_ae_zone,,polygon_outside_target_scope,False,"Point intersects ecological-zone polygon, but polygon attribute is outside target classes."
28.4405851,81.8977242,Hills,outside_target_ae_zone,,polygon_outside_target_scope,False,"Point intersects ecological-zone polygon, but polygon attribute is outside target classes."
28.4407304,81.8975914,Hills,outside_target_ae_zone,,polygon_outside_target_scope,False,"Point intersects ecological-zone polygon, but polygon attribute is outside target classes."
28.4406072,81.8978186,Hills,outside_target_ae_zone,,polygon_outside_target_scope,False,"Point intersects ecological-zone polygon, but polygon attribute is outside target classes."
28.4406231,81.897792,Hills,outside_target_ae_zone,,polygon_outside_target_scope,False,"Point intersects ecological-zone polygon, but polygon attribute is outside target classes."
28.4407207,81.8975823,Hills,outside_target_ae_zone,,polygon_outside_target_scope,False,"Point intersects ecological-zone polygon, but polygon attribute is outside target classes."
28.4406258,81.8977755,Hills,outside_target_ae_zone,,polygon_outside_target_scope,False,"Point intersects ecological-zone polygon, but polygon attribute is outside target classes."
28.8357039,81.3070809,Hills,outside_target_ae_zone,,polygon_outside_target_scope,False,"Point intersects ecological-zone polygon, but polygon attribute is outside target classes."
28.8357099,81.3070776,Hills,outside_target_ae_zone,,polygon_outside_target_scope,False,"Point intersects ecological-zone polygon, but polygon attribute is outside target classes."
28.8357872,81.307123,Hills,outside_target_ae_zone,,polygon_outside_target_scope,False,"Point intersects ecological-zone polygon, but polygon attribute is outside target classes."
28.8356823,81.3071318,Hills,outside_target_ae_zone,,polygon_outside_target_scope,False,"Point intersects ecological-zone polygon, but polygon attribute is outside target classes."
28.8357965,81.3071123,Hills,outside_target_ae_zone,,polygon_outside_target_scope,False,"Point intersects ecological-zone polygon, but polygon attribute is outside target classes."
28.8358032,81.3071104,Hills,outside_target_ae_zone,,polygon_outside_target_scope,False,"Point intersects ecological-zone polygon, but polygon attribute is outside target classes."
28.8356875,81.3070767,Hills,outside_target_ae_zone,,polygon_outside_target_scope,False,"Point intersects ecological-zone polygon, but polygon attribute is outside target classes."
28.8359241,81.3071581,Hills,outside_target_ae_zone,,polygon_outside_target_scope,False,"Point intersects ecological-zone polygon, but polygon attribute is outside target classes."
28.8512093,81.2906702,Hills,outside_target_ae_zone,,polygon_outside_target_scope,False,"Point intersects ecological-zone polygon, but polygon attribute is outside target classes."
28.8512097,81.2906681,Hills,outside_target_ae_zone,,polygon_outside_target_scope,False,"Point intersects ecological-zone polygon, but polygon attribute is outside target classes."
28.8512909,81.2906287,Hills,outside_target_ae_zone,,polygon_outside_target_scope,False,"Point intersects ecological-zone polygon, but polygon attribute is outside target classes."
28.8513065,81.290645,Hills,outside_target_ae_zone,,polygon_outside_target_scope,False,"Point intersects ecological-zone polygon, but polygon attribute is outside target classes."
28.8511835,81.2906736,Hills,outside_target_ae_zone,,polygon_outside_target_scope,False,"Point intersects ecological-zone polygon, but polygon attribute is outside target classes."
28.851265,81.2907202,Hills,outside_target_ae_zone,,polygon_outside_target_scope,False,"Point intersects ecological-zone polygon, but polygon attribute is outside target classes."
28.8512311,81.2907746,Hills,outside_target_ae_zone,,polygon_outside_target_scope,False,"Point intersects ecological-zone polygon, but polygon attribute is outside target classes."
28.8512067,81.2907689,Hills,outside_target_ae_zone,,polygon_outside_target_scope,False,"Point intersects ecological-zone polygon, but polygon attribute is outside target classes."
28.8512756,81.2906494,Hills,outside_target_ae_zone,,polygon_outside_target_scope,False,"Point intersects ecological-zone polygon, but polygon attribute is outside target classes."
28.8512077,81.2907456,Hills,outside_target_ae_zone,,polygon_outside_target_scope,False,"Point intersects ecological-zone polygon, but polygon attribute is outside target classes."
28.8447252,81.3143365,Hills,outside_target_ae_zone,,polygon_outside_target_scope,False,"Point intersects ecological-zone polygon, but polygon attribute is outside target classes."
28.8447134,81.3142826,Hills,outside_target_ae_zone,,polygon_outside_target_scope,False,"Point intersects ecological-zone polygon, but polygon attribute is outside target classes."
28.8447068,81.314301,Hills,outside_target_ae_zone,,polygon_outside_target_scope,False,"Point intersects ecological-zone polygon, but polygon attribute is outside target classes."
28.8446832,81.3143124,Hills,outside_target_ae_zone,,polygon_outside_target_scope,False,"Point intersects ecological-zone polygon, but polygon attribute is outside target classes."
28.844704,81.3143314,Hills,outside_target_ae_zone,,polygon_outside_target_scope,False,"Point intersects ecological-zone polygon, but polygon attribute is outside target classes."
28.8447023,81.3142723,Hills,outside_target_ae_zone,,polygon_outside_target_scope,False,"Point intersects ecological-zone polygon, but polygon attribute is outside target classes."
28.8446838,81.3143323,Hills,outside_target_ae_zone,,polygon_outside_target_scope,False,"Point intersects ecological-zone polygon, but polygon attribute is outside target classes."
28.8447008,81.3143203,Hills,outside_target_ae_zone,,polygon_outside_target_scope,False,"Point intersects ecological-zone polygon, but polygon attribute is outside target classes."
28.8446973,81.3143267,Hills,outside_target_ae_zone,,polygon_outside_target_scope,False,"Point intersects ecological-zone polygon, but polygon attribute is outside target classes."
28.8446947,81.3143243,Hills,outside_target_ae_zone,,polygon_outside_target_scope,False,"Point intersects ecological-zone polygon, but polygon attribute is outside target classes."
28.5031584,81.7380663,Hills,outside_target_ae_zone,,polygon_outside_target_scope,False,"Point intersects ecological-zone polygon, but polygon attribute is outside target classes."
28.5031478,81.7380709,Hills,outside_target_ae_zone,,polygon_outside_target_scope,False,"Point intersects ecological-zone polygon, but polygon attribute is outside target classes."
28.5031646,81.7380525,Hills,outside_target_ae_zone,,polygon_outside_target_scope,False,"Point intersects ecological-zone polygon, but polygon attribute is outside target classes."
28.5031423,81.7380956,Hills,outside_target_ae_zone,,polygon_outside_target_scope,False,"Point intersects ecological-zone polygon, but polygon attribute is outside target classes."
28.5031729,81.7380654,Hills,outside_target_ae_zone,,polygon_outside_target_scope,False,"Point intersects ecological-zone polygon, but polygon attribute is outside target classes."
28.5030679,81.7380402,Hills,outside_target_ae_zone,,polygon_outside_target_scope,False,"Point intersects ecological-zone polygon, but polygon attribute is outside target classes."
28.503228,81.7380105,Hills,outside_target_ae_zone,,polygon_outside_target_scope,False,"Point intersects ecological-zone polygon, but polygon attribute is outside target classes."
28.5032536,81.7380044,Hills,outside_target_ae_zone,,polygon_outside_target_scope,False,"Point intersects ecological-zone polygon, but polygon attribute is outside target classes."
28.5031711,81.7380705,Hills,outside_target_ae_zone,,polygon_outside_target_scope,False,"Point intersects ecological-zone polygon, but polygon attribute is outside target classes."
28.5032603,81.7380041,Hills,outside_target_ae_zone,,polygon_outside_target_scope,False,"Point intersects ecological-zone polygon, but polygon attribute is outside target classes."
28.5036559,81.7378121,Hills,outside_target_ae_zone,,polygon_outside_target_scope,False,"Point intersects ecological-zone polygon, but polygon attribute is outside target classes."
28.5036459,81.737812,Hills,outside_target_ae_zone,,polygon_outside_target_scope,False,"Point intersects ecological-zone polygon, but polygon attribute is outside target classes."
28.5036354,81.737807,Hills,outside_target_ae_zone,,polygon_outside_target_scope,False,"Point intersects ecological-zone polygon, but polygon attribute is outside target classes."
28.5036384,81.737801,Hills,outside_target_ae_zone,,polygon_outside_target_scope,False,"Point intersects ecological-zone polygon, but polygon attribute is outside target classes."
28.503683,81.7378137,Hills,outside_target_ae_zone,,polygon_outside_target_scope,False,"Point intersects ecological-zone polygon, but polygon attribute is outside target classes."
28.5036159,81.7378842,Hills,outside_target_ae_zone,,polygon_outside_target_scope,False,"Point intersects ecological-zone polygon, but polygon attribute is outside target classes."
28.5038875,81.7378327,Hills,outside_target_ae_zone,,polygon_outside_target_scope,False,"Point intersects ecological-zone polygon, but polygon attribute is outside target classes."
28.5037744,81.7378047,Hills,outside_target_ae_zone,,polygon_outside_target_scope,False,"Point intersects ecological-zone polygon, but polygon attribute is outside target classes."
28.5036597,81.7378024,Hills,outside_target_ae_zone,,polygon_outside_target_scope,False,"Point intersects ecological-zone polygon, but polygon attribute is outside target classes."
28.5037682,81.737802,Hills,outside_target_ae_zone,,polygon_outside_target_scope,False,"Point intersects ecological-zone polygon, but polygon attribute is outside target classes."
28.5019833,81.7370833,Hills,outside_target_ae_zone,,polygon_outside_target_scope,False,"Point intersects ecological-zone polygon, but polygon attribute is outside target classes."
28.5019397,81.7371129,Hills,outside_target_ae_zone,,polygon_outside_target_scope,False,"Point intersects ecological-zone polygon, but polygon attribute is outside target classes."
28.5019468,81.7371354,Hills,outside_target_ae_zone,,polygon_outside_target_scope,False,"Point intersects ecological-zone polygon, but polygon attribute is outside target classes."
28.501959,81.7371378,Hills,outside_target_ae_zone,,polygon_outside_target_scope,False,"Point intersects ecological-zone polygon, but polygon attribute is outside target classes."
28.5019005,81.7370448,Hills,outside_target_ae_zone,,polygon_outside_target_scope,False,"Point intersects ecological-zone polygon, but polygon attribute is outside target classes."
28.5019482,81.7372238,Hills,outside_target_ae_zone,,polygon_outside_target_scope,False,"Point intersects ecological-zone polygon, but polygon attribute is outside target classes."
28.5019351,81.7370544,Hills,outside_target_ae_zone,,polygon_outside_target_scope,False,"Point intersects ecological-zone polygon, but polygon attribute is outside target classes."
28.5019708,81.7370549,Hills,outside_target_ae_zone,,polygon_outside_target_scope,False,"Point intersects ecological-zone polygon, but polygon attribute is outside target classes."
28.5019647,81.737189,Hills,outside_target_ae_zone,,polygon_outside_target_scope,False,"Point intersects ecological-zone polygon, but polygon attribute is outside target classes."
28.5020194,81.7370365,Hills,outside_target_ae_zone,,polygon_outside_target_scope,False,"Point intersects ecological-zone polygon, but polygon attribute is outside target classes."
28.4743615,81.8018271,Hills,outside_target_ae_zone,,polygon_outside_target_scope,False,"Point intersects ecological-zone polygon, but polygon attribute is outside target classes."
28.4743686,81.8018083,Hills,outside_target_ae_zone,,polygon_outside_target_scope,False,"Point intersects ecological-zone polygon, but polygon attribute is outside target classes."
28.4743987,81.8018183,Hills,outside_target_ae_zone,,polygon_outside_target_scope,False,"Point intersects ecological-zone polygon, but polygon attribute is outside target classes."
28.4743871,81.8018858,Hills,outside_target_ae_zone,,polygon_outside_target_scope,False,"Point intersects ecological-zone polygon, but polygon attribute is outside target classes."
28.474367,81.8018125,Hills,outside_target_ae_zone,,polygon_outside_target_scope,False,"Point intersects ecological-zone polygon, but polygon attribute is outside target classes."
28.4744483,81.8018851,Hills,outside_target_ae_zone,,polygon_outside_target_scope,False,"Point intersects ecological-zone polygon, but polygon attribute is outside target classes."
28.4744016,81.8017761,Hills,outside_target_ae_zone,,polygon_outside_target_scope,False,"Point intersects ecological-zone polygon, but polygon attribute is outside target classes."
28.4743841,81.8017486,Hills,outside_target_ae_zone,,polygon_outside_target_scope,False,"Point intersects ecological-zone polygon, but polygon attribute is outside target classes."
28.4743954,81.8018951,Hills,outside_target_ae_zone,,polygon_outside_target_scope,False,"Point intersects ecological-zone polygon, but polygon attribute is outside target classes."
28.4743837,81.8017183,Hills,outside_target_ae_zone,,polygon_outside_target_scope,False,"Point intersects ecological-zone polygon, but polygon attribute is outside target classes."
28.4777842,81.8152825,Hills,outside_target_ae_zone,,polygon_outside_target_scope,False,"Point intersects ecological-zone polygon, but polygon attribute is outside target classes."
28.4777745,81.8153383,Hills,outside_target_ae_zone,,polygon_outside_target_scope,False,"Point intersects ecological-zone polygon, but polygon attribute is outside target classes."
28.477777,81.8153445,Hills,outside_target_ae_zone,,polygon_outside_target_scope,False,"Point intersects ecological-zone polygon, but polygon attribute is outside target classes."
28.4777829,81.8153468,Hills,outside_target_ae_zone,,polygon_outside_target_scope,False,"Point intersects ecological-zone polygon, but polygon attribute is outside target classes."
28.4777641,81.8152855,Hills,outside_target_ae_zone,,polygon_outside_target_scope,False,"Point intersects ecological-zone polygon, but polygon attribute is outside target classes."
28.4777854,81.8152642,Hills,outside_target_ae_zone,,polygon_outside_target_scope,False,"Point intersects ecological-zone polygon, but polygon attribute is outside target classes."
28.4777382,81.815277,Hills,outside_target_ae_zone,,polygon_outside_target_scope,False,"Point intersects ecological-zone polygon, but polygon attribute is outside target classes."
28.4777178,81.8152592,Hills,outside_target_ae_zone,,polygon_outside_target_scope,False,"Point intersects ecological-zone polygon, but polygon attribute is outside target classes."
28.4777604,81.8153046,Hills,outside_target_ae_zone,,polygon_outside_target_scope,False,"Point intersects ecological-zone polygon, but polygon attribute is outside target classes."
28.4777257,81.8152531,Hills,outside_target_ae_zone,,polygon_outside_target_scope,False,"Point intersects ecological-zone polygon, but polygon attribute is outside target classes."
28.4694949,81.8085782,Hills,outside_target_ae_zone,,polygon_outside_target_scope,False,"Point intersects ecological-zone polygon, but polygon attribute is outside target classes."
28.4694211,81.8085575,Hills,outside_target_ae_zone,,polygon_outside_target_scope,False,"Point intersects ecological-zone polygon, but polygon attribute is outside target classes."
28.4693786,81.8085697,Hills,outside_target_ae_zone,,polygon_outside_target_scope,False,"Point intersects ecological-zone polygon, but polygon attribute is outside target classes."
28.4694382,81.8085568,Hills,outside_target_ae_zone,,polygon_outside_target_scope,False,"Point intersects ecological-zone polygon, but polygon attribute is outside target classes."
28.4695026,81.8086151,Hills,outside_target_ae_zone,,polygon_outside_target_scope,False,"Point intersects ecological-zone polygon, but polygon attribute is outside target classes."
28.469482,81.8085511,Hills,outside_target_ae_zone,,polygon_outside_target_scope,False,"Point intersects ecological-zone polygon, but polygon attribute is outside target classes."
28.4694701,81.8086414,Hills,outside_target_ae_zone,,polygon_outside_target_scope,False,"Point intersects ecological-zone polygon, but polygon attribute is outside target classes."
28.4694878,81.8085993,Hills,outside_target_ae_zone,,polygon_outside_target_scope,False,"Point intersects ecological-zone polygon, but polygon attribute is outside target classes."
28.4694376,81.8085693,Hills,outside_target_ae_zone,,polygon_outside_target_scope,False,"Point intersects ecological-zone polygon, but polygon attribute is outside target classes."
28.4694686,81.8085855,Hills,outside_target_ae_zone,,polygon_outside_target_scope,False,"Point intersects ecological-zone polygon, but polygon attribute is outside target classes."
28.43492997,81.81850476,Hills,outside_target_ae_zone,,polygon_outside_target_scope,False,"Point intersects ecological-zone polygon, but polygon attribute is outside target classes."
28.43495389,81.81847131,Hills,outside_target_ae_zone,,polygon_outside_target_scope,False,"Point intersects ecological-zone polygon, but polygon attribute is outside target classes."
28.43493026,81.81849589,Hills,outside_target_ae_zone,,polygon_outside_target_scope,False,"Point intersects ecological-zone polygon, but polygon attribute is outside target classes."
28.43493603,81.81848194,Hills,outside_target_ae_zone,,polygon_outside_target_scope,False,"Point intersects ecological-zone polygon, but polygon attribute is outside target classes."
28.43494085,81.81848139,Hills,outside_target_ae_zone,,polygon_outside_target_scope,False,"Point intersects ecological-zone polygon, but polygon attribute is outside target classes."
28.43486518,81.81861291,Hills,outside_target_ae_zone,,polygon_outside_target_scope,False,"Point intersects ecological-zone polygon, but polygon attribute is outside target classes."
28.43494031,81.8184741,Hills,outside_target_ae_zone,,polygon_outside_target_scope,False,"Point intersects ecological-zone polygon, but polygon attribute is outside target classes."
28.43496431,81.81842819,Hills,outside_target_ae_zone,,polygon_outside_target_scope,False,"Point intersects ecological-zone polygon, but polygon attribute is outside target classes."
28.43486229,81.81861192,Hills,outside_target_ae_zone,,polygon_outside_target_scope,False,"Point intersects ecological-zone polygon, but polygon attribute is outside target classes."
28.43493196,81.81849696,Hills,outside_target_ae_zone,,polygon_outside_target_scope,False,"Point intersects ecological-zone polygon, but polygon attribute is outside target classes."
28.45073505,81.79222792,Hills,outside_target_ae_zone,,polygon_outside_target_scope,False,"Point intersects ecological-zone polygon, but polygon attribute is outside target classes."
28.45076934,81.79221296,Hills,outside_target_ae_zone,,polygon_outside_target_scope,False,"Point intersects ecological-zone polygon, but polygon attribute is outside target classes."
28.45076174,81.79223735,Hills,outside_target_ae_zone,,polygon_outside_target_scope,False,"Point intersects ecological-zone polygon, but polygon attribute is outside target classes."
28.45073898,81.7922851,Hills,outside_target_ae_zone,,polygon_outside_target_scope,False,"Point intersects ecological-zone polygon, but polygon attribute is outside target classes."
28.45081012,81.79245221,Hills,outside_target_ae_zone,,polygon_outside_target_scope,False,"Point intersects ecological-zone polygon, but polygon attribute is outside target classes."
28.45076451,81.79222031,Hills,outside_target_ae_zone,,polygon_outside_target_scope,False,"Point intersects ecological-zone polygon, but polygon attribute is outside target classes."
28.45077138,81.79234673,Hills,outside_target_ae_zone,,polygon_outside_target_scope,False,"Point intersects ecological-zone polygon, but polygon attribute is outside target classes."
28.45069806,81.79236939,Hills,outside_target_ae_zone,,polygon_outside_target_scope,False,"Point intersects ecological-zone polygon, but polygon attribute is outside target classes."
28.45075834,81.79220929,Hills,outside_target_ae_zone,,polygon_outside_target_scope,False,"Point intersects ecological-zone polygon, but polygon attribute is outside target classes."
28.44871629,81.80507469,Hills,outside_target_ae_zone,,polygon_outside_target_scope,False,"Point intersects ecological-zone polygon, but polygon attribute is outside target classes."
28.44871299,81.80507007,Hills,outside_target_ae_zone,,polygon_outside_target_scope,False,"Point intersects ecological-zone polygon, but polygon attribute is outside target classes."
28.44872612,81.80507037,Hills,outside_target_ae_zone,,polygon_outside_target_scope,False,"Point intersects ecological-zone polygon, but polygon attribute is outside target classes."
28.44871857,81.80508549,Hills,outside_target_ae_zone,,polygon_outside_target_scope,False,"Point intersects ecological-zone polygon, but polygon attribute is outside target classes."
28.44871747,81.80507485,Hills,outside_target_ae_zone,,polygon_outside_target_scope,False,"Point intersects ecological-zone polygon, but polygon attribute is outside target classes."
28.44871487,81.8051202,Hills,outside_target_ae_zone,,polygon_outside_target_scope,False,"Point intersects ecological-zone polygon, but polygon attribute is outside target classes."
28.44870861,81.80506711,Hills,outside_target_ae_zone,,polygon_outside_target_scope,False,"Point intersects ecological-zone polygon, but polygon attribute is outside target classes."
28.44871181,81.80506274,Hills,outside_target_ae_zone,,polygon_outside_target_scope,False,"Point intersects ecological-zone polygon, but polygon attribute is outside target classes."
28.44873219,81.80510118,Hills,outside_target_ae_zone,,polygon_outside_target_scope,False,"Point intersects ecological-zone polygon, but polygon attribute is outside target classes."
28.4487152,81.80505819,Hills,outside_target_ae_zone,,polygon_outside_target_scope,False,"Point intersects ecological-zone polygon, but polygon attribute is outside target classes."
28.42060723,81.79859145,Hills,outside_target_ae_zone,,polygon_outside_target_scope,False,"Point intersects ecological-zone polygon, but polygon attribute is outside target classes."
28.42070244,81.79848167,Hills,outside_target_ae_zone,,polygon_outside_target_scope,False,"Point intersects ecological-zone polygon, but polygon attribute is outside target classes."
28.42058798,81.79854022,Hills,outside_target_ae_zone,,polygon_outside_target_scope,False,"Point intersects ecological-zone polygon, but polygon attribute is outside target classes."
28.42062554,81.7985362,Hills,outside_target_ae_zone,,polygon_outside_target_scope,False,"Point intersects ecological-zone polygon, but polygon attribute is outside target classes."
28.4206492,81.79850948,Hills,outside_target_ae_zone,,polygon_outside_target_scope,False,"Point intersects ecological-zone polygon, but polygon attribute is outside target classes."
28.42068738,81.79856716,Hills,outside_target_ae_zone,,polygon_outside_target_scope,False,"Point intersects ecological-zone polygon, but polygon attribute is outside target classes."
28.42067662,81.79857181,Hills,outside_target_ae_zone,,polygon_outside_target_scope,False,"Point intersects ecological-zone polygon, but polygon attribute is outside target classes."
28.42057292,81.79853302,Hills,outside_target_ae_zone,,polygon_outside_target_scope,False,"Point intersects ecological-zone polygon, but polygon attribute is outside target classes."
28.42060517,81.79860588,Hills,outside_target_ae_zone,,polygon_outside_target_scope,False,"Point intersects ecological-zone polygon, but polygon attribute is outside target classes."
28.42142047,81.79066701,Hills,outside_target_ae_zone,,polygon_outside_target_scope,False,"Point intersects ecological-zone polygon, but polygon attribute is outside target classes."
28.42146073,81.7906461,Hills,outside_target_ae_zone,,polygon_outside_target_scope,False,"Point intersects ecological-zone polygon, but polygon attribute is outside target classes."
28.42133,81.79064528,Hills,outside_target_ae_zone,,polygon_outside_target_scope,False,"Point intersects ecological-zone polygon, but polygon attribute is outside target classes."
28.42130959,81.79066165,Hills,outside_target_ae_zone,,polygon_outside_target_scope,False,"Point intersects ecological-zone polygon, but polygon attribute is outside target classes."
28.42136997,81.79065566,Hills,outside_target_ae_zone,,polygon_outside_target_scope,False,"Point intersects ecological-zone polygon, but polygon attribute is outside target classes."
28.42129912,81.79061136,Hills,outside_target_ae_zone,,polygon_outside_target_scope,False,"Point intersects ecological-zone polygon, but polygon attribute is outside target classes."
28.42137999,81.79066383,Hills,outside_target_ae_zone,,polygon_outside_target_scope,False,"Point intersects ecological-zone polygon, but polygon attribute is outside target classes."
28.42138722,81.79062677,Hills,outside_target_ae_zone,,polygon_outside_target_scope,False,"Point intersects ecological-zone polygon, but polygon attribute is outside target classes."
28.42129618,81.79066762,Hills,outside_target_ae_zone,,polygon_outside_target_scope,False,"Point intersects ecological-zone polygon, but polygon attribute is outside target classes."
28.42138532,81.79064334,Hills,outside_target_ae_zone,,polygon_outside_target_scope,False,"Point intersects ecological-zone polygon, but polygon attribute is outside target classes."
28.41748338,81.79712142,Hills,outside_target_ae_zone,,polygon_outside_target_scope,False,"Point intersects ecological-zone polygon, but polygon attribute is outside target classes."
28.41743858,81.79711098,Hills,outside_target_ae_zone,,polygon_outside_target_scope,False,"Point intersects ecological-zone polygon, but polygon attribute is outside target classes."
28.41745979,81.79710643,Hills,outside_target_ae_zone,,polygon_outside_target_scope,False,"Point intersects ecological-zone polygon, but polygon attribute is outside target classes."
28.41742904,81.79714719,Hills,outside_target_ae_zone,,polygon_outside_target_scope,False,"Point intersects ecological-zone polygon, but polygon attribute is outside target classes."
28.41743471,81.79708515,Hills,outside_target_ae_zone,,polygon_outside_target_scope,False,"Point intersects ecological-zone polygon, but polygon attribute is outside target classes."
28.41740691,81.79703698,Hills,outside_target_ae_zone,,polygon_outside_target_scope,False,"Point intersects ecological-zone polygon, but polygon attribute is outside target classes."
28.41744334,81.7970804,Hills,outside_target_ae_zone,,polygon_outside_target_scope,False,"Point intersects ecological-zone polygon, but polygon attribute is outside target classes."
28.41743073,81.79707325,Hills,outside_target_ae_zone,,polygon_outside_target_scope,False,"Point intersects ecological-zone polygon, but polygon attribute is outside target classes."
28.41740369,81.79715228,Hills,outside_target_ae_zone,,polygon_outside_target_scope,False,"Point intersects ecological-zone polygon, but polygon attribute is outside target classes."
28.41742097,81.7970787,Hills,outside_target_ae_zone,,polygon_outside_target_scope,False,"Point intersects ecological-zone polygon, but polygon attribute is outside target classes."
28.5514112,81.7951889,Hills,outside_target_ae_zone,,polygon_outside_target_scope,False,"Point intersects ecological-zone polygon, but polygon attribute is outside target classes."
28.5514111,81.7951858,Hills,outside_target_ae_zone,,polygon_outside_target_scope,False,"Point intersects ecological-zone polygon, but polygon attribute is outside target classes."
28.5514118,81.7951984,Hills,outside_target_ae_zone,,polygon_outside_target_scope,False,"Point intersects ecological-zone polygon, but polygon attribute is outside target classes."
28.5514173,81.7952014,Hills,outside_target_ae_zone,,polygon_outside_target_scope,False,"Point intersects ecological-zone polygon, but polygon attribute is outside target classes."
28.551381,81.7952726,Hills,outside_target_ae_zone,,polygon_outside_target_scope,False,"Point intersects ecological-zone polygon, but polygon attribute is outside target classes."
28.5514874,81.7952279,Hills,outside_target_ae_zone,,polygon_outside_target_scope,False,"Point intersects ecological-zone polygon, but polygon attribute is outside target classes."
28.5514871,81.7952734,Hills,outside_target_ae_zone,,polygon_outside_target_scope,False,"Point intersects ecological-zone polygon, but polygon attribute is outside target classes."
28.5514134,81.7952201,Hills,outside_target_ae_zone,,polygon_outside_target_scope,False,"Point intersects ecological-zone polygon, but polygon attribute is outside target classes."
28.551476,81.7953966,Hills,outside_target_ae_zone,,polygon_outside_target_scope,False,"Point intersects ecological-zone polygon, but polygon attribute is outside target classes."
28.5351828,81.7872213,Hills,outside_target_ae_zone,,polygon_outside_target_scope,False,"Point intersects ecological-zone polygon, but polygon attribute is outside target classes."
28.5351988,81.7872069,Hills,outside_target_ae_zone,,polygon_outside_target_scope,False,"Point intersects ecological-zone polygon, but polygon attribute is outside target classes."
28.5351554,81.7871592,Hills,outside_target_ae_zone,,polygon_outside_target_scope,False,"Point intersects ecological-zone polygon, but polygon attribute is outside target classes."
28.535254,81.7872966,Hills,outside_target_ae_zone,,polygon_outside_target_scope,False,"Point intersects ecological-zone polygon, but polygon attribute is outside target classes."
28.5351562,81.7872231,Hills,outside_target_ae_zone,,polygon_outside_target_scope,False,"Point intersects ecological-zone polygon, but polygon attribute is outside target classes."
28.5351457,81.7872272,Hills,outside_target_ae_zone,,polygon_outside_target_scope,False,"Point intersects ecological-zone polygon, but polygon attribute is outside target classes."
28.5352704,81.7872969,Hills,outside_target_ae_zone,,polygon_outside_target_scope,False,"Point intersects ecological-zone polygon, but polygon attribute is outside target classes."
28.5351432,81.7872539,Hills,outside_target_ae_zone,,polygon_outside_target_scope,False,"Point intersects ecological-zone polygon, but polygon attribute is outside target classes."
28.5487232,81.7925169,Hills,outside_target_ae_zone,,polygon_outside_target_scope,False,"Point intersects ecological-zone polygon, but polygon attribute is outside target classes."
28.5487202,81.7925238,Hills,outside_target_ae_zone,,polygon_outside_target_scope,False,"Point intersects ecological-zone polygon, but polygon attribute is outside target classes."
28.5487245,81.7925209,Hills,outside_target_ae_zone,,polygon_outside_target_scope,False,"Point intersects ecological-zone polygon, but polygon attribute is outside target classes."
28.5487276,81.7925342,Hills,outside_target_ae_zone,,polygon_outside_target_scope,False,"Point intersects ecological-zone polygon, but polygon attribute is outside target classes."
28.5487181,81.7925085,Hills,outside_target_ae_zone,,polygon_outside_target_scope,False,"Point intersects ecological-zone polygon, but polygon attribute is outside target classes."
28.54875,81.7925258,Hills,outside_target_ae_zone,,polygon_outside_target_scope,False,"Point intersects ecological-zone polygon, but polygon attribute is outside target classes."
28.5487239,81.7925095,Hills,outside_target_ae_zone,,polygon_outside_target_scope,False,"Point intersects ecological-zone polygon, but polygon attribute is outside target classes."
28.5487254,81.7925066,Hills,outside_target_ae_zone,,polygon_outside_target_scope,False,"Point intersects ecological-zone polygon, but polygon attribute is outside target classes."
28.5487329,81.7925464,Hills,outside_target_ae_zone,,polygon_outside_target_scope,False,"Point intersects ecological-zone polygon, but polygon attribute is outside target classes."
28.5487218,81.7924999,Hills,outside_target_ae_zone,,polygon_outside_target_scope,False,"Point intersects ecological-zone polygon, but polygon attribute is outside target classes."
28.4888079,81.7436679,Hills,outside_target_ae_zone,,polygon_outside_target_scope,False,"Point intersects ecological-zone polygon, but polygon attribute is outside target classes."
28.4886873,81.7436712,Hills,outside_target_ae_zone,,polygon_outside_target_scope,False,"Point intersects ecological-zone polygon, but polygon attribute is outside target classes."
28.4886847,81.7436749,Hills,outside_target_ae_zone,,polygon_outside_target_scope,False,"Point intersects ecological-zone polygon, but polygon attribute is outside target classes."
28.4886744,81.7436785,Hills,outside_target_ae_zone,,polygon_outside_target_scope,False,"Point intersects ecological-zone polygon, but polygon attribute is outside target classes."
28.4886803,81.7436774,Hills,outside_target_ae_zone,,polygon_outside_target_scope,False,"Point intersects ecological-zone polygon, but polygon attribute is outside target classes."
28.4934884,81.7414242,Hills,outside_target_ae_zone,,polygon_outside_target_scope,False,"Point intersects ecological-zone polygon, but polygon attribute is outside target classes."
28.4934886,81.7414354,Hills,outside_target_ae_zone,,polygon_outside_target_scope,False,"Point intersects ecological-zone polygon, but polygon attribute is outside target classes."
28.4934707,81.7414186,Hills,outside_target_ae_zone,,polygon_outside_target_scope,False,"Point intersects ecological-zone polygon, but polygon attribute is outside target classes."
28.4934472,81.7414247,Hills,outside_target_ae_zone,,polygon_outside_target_scope,False,"Point intersects ecological-zone polygon, but polygon attribute is outside target classes."
28.4935624,81.7413548,Hills,outside_target_ae_zone,,polygon_outside_target_scope,False,"Point intersects ecological-zone polygon, but polygon attribute is outside target classes."
28.4934338,81.7414195,Hills,outside_target_ae_zone,,polygon_outside_target_scope,False,"Point intersects ecological-zone polygon, but polygon attribute is outside target classes."
28.4934907,81.7414839,Hills,outside_target_ae_zone,,polygon_outside_target_scope,False,"Point intersects ecological-zone polygon, but polygon attribute is outside target classes."
28.493443,81.7413792,Hills,outside_target_ae_zone,,polygon_outside_target_scope,False,"Point intersects ecological-zone polygon, but polygon attribute is outside target classes."
28.4934462,81.7414922,Hills,outside_target_ae_zone,,polygon_outside_target_scope,False,"Point intersects ecological-zone polygon, but polygon attribute is outside target classes."
28.4865092,81.7436874,Hills,outside_target_ae_zone,,polygon_outside_target_scope,False,"Point intersects ecological-zone polygon, but polygon attribute is outside target classes."
28.4865407,81.7437029,Hills,outside_target_ae_zone,,polygon_outside_target_scope,False,"Point intersects ecological-zone polygon, but polygon attribute is outside target classes."
28.486536,81.743701,Hills,outside_target_ae_zone,,polygon_outside_target_scope,False,"Point intersects ecological-zone polygon, but polygon attribute is outside target classes."
28.4865312,81.7437037,Hills,outside_target_ae_zone,,polygon_outside_target_scope,False,"Point intersects ecological-zone polygon, but polygon attribute is outside target classes."
28.4864966,81.7436865,Hills,outside_target_ae_zone,,polygon_outside_target_scope,False,"Point intersects ecological-zone polygon, but polygon attribute is outside target classes."
28.4866523,81.7435899,Hills,outside_target_ae_zone,,polygon_outside_target_scope,False,"Point intersects ecological-zone polygon, but polygon attribute is outside target classes."
28.4864809,81.7436837,Hills,outside_target_ae_zone,,polygon_outside_target_scope,False,"Point intersects ecological-zone polygon, but polygon attribute is outside target classes."
28.4864739,81.7436833,Hills,outside_target_ae_zone,,polygon_outside_target_scope,False,"Point intersects ecological-zone polygon, but polygon attribute is outside target classes."
28.4865772,81.7436684,Hills,outside_target_ae_zone,,polygon_outside_target_scope,False,"Point intersects ecological-zone polygon, but polygon attribute is outside target classes."
28.4864734,81.7436879,Hills,outside_target_ae_zone,,polygon_outside_target_scope,False,"Point intersects ecological-zone polygon, but polygon attribute is outside target classes."
28.71722115,81.51127924,Hills,outside_target_ae_zone,,polygon_outside_target_scope,False,"Point intersects ecological-zone polygon, but polygon attribute is outside target classes."
28.71299098,81.50798235,Hills,outside_target_ae_zone,,polygon_outside_target_scope,False,"Point intersects ecological-zone polygon, but polygon attribute is outside target classes."
28.70885508,81.5123433,Hills,outside_target_ae_zone,,polygon_outside_target_scope,False,"Point intersects ecological-zone polygon, but polygon attribute is outside target classes."
28.71713224,81.51132247,Hills,outside_target_ae_zone,,polygon_outside_target_scope,False,"Point intersects ecological-zone polygon, but polygon attribute is outside target classes."
28.71299711,81.50797833,Hills,outside_target_ae_zone,,polygon_outside_target_scope,False,"Point intersects ecological-zone polygon, but polygon attribute is outside target classes."
28.70883261,81.51232295,Hills,outside_target_ae_zone,,polygon_outside_target_scope,False,"Point intersects ecological-zone polygon, but polygon attribute is outside target classes."
28.7171583,81.51130287,Hills,outside_target_ae_zone,,polygon_outside_target_scope,False,"Point intersects ecological-zone polygon, but polygon attribute is outside target classes."
28.71301296,81.50796627,Hills,outside_target_ae_zone,,polygon_outside_target_scope,False,"Point intersects ecological-zone polygon, but polygon attribute is outside target classes."
28.70878642,81.51226419,Hills,outside_target_ae_zone,,polygon_outside_target_scope,False,"Point intersects ecological-zone polygon, but polygon attribute is outside target classes."
28.71712973,81.51132317,Hills,outside_target_ae_zone,,polygon_outside_target_scope,False,"Point intersects ecological-zone polygon, but polygon attribute is outside target classes."
28.71302066,81.50793093,Hills,outside_target_ae_zone,,polygon_outside_target_scope,False,"Point intersects ecological-zone polygon, but polygon attribute is outside target classes."
28.70869458,81.51227325,Hills,outside_target_ae_zone,,polygon_outside_target_scope,False,"Point intersects ecological-zone polygon, but polygon attribute is outside target classes."
28.71710817,81.5112749,Hills,outside_target_ae_zone,,polygon_outside_target_scope,False,"Point intersects ecological-zone polygon, but polygon attribute is outside target classes."
28.71310941,81.5079499,Hills,outside_target_ae_zone,,polygon_outside_target_scope,False,"Point intersects ecological-zone polygon, but polygon attribute is outside target classes."
28.70872008,81.51225606,Hills,outside_target_ae_zone,,polygon_outside_target_scope,False,"Point intersects ecological-zone polygon, but polygon attribute is outside target classes."
28.71710856,81.51125876,Hills,outside_target_ae_zone,,polygon_outside_target_scope,False,"Point intersects ecological-zone polygon, but polygon attribute is outside target classes."
28.71317402,81.50794605,Hills,outside_target_ae_zone,,polygon_outside_target_scope,False,"Point intersects ecological-zone polygon, but polygon attribute is outside target classes."
28.7087155,81.51220975,Hills,outside_target_ae_zone,,polygon_outside_target_scope,False,"Point intersects ecological-zone polygon, but polygon attribute is outside target classes."
28.71710327,81.51120466,Hills,outside_target_ae_zone,,polygon_outside_target_scope,False,"Point intersects ecological-zone polygon, but polygon attribute is outside target classes."
28.71306882,81.50799825,Hills,outside_target_ae_zone,,polygon_outside_target_scope,False,"Point intersects ecological-zone polygon, but polygon attribute is outside target classes."
28.70865621,81.51219817,Hills,outside_target_ae_zone,,polygon_outside_target_scope,False,"Point intersects ecological-zone polygon, but polygon attribute is outside target classes."
28.71708589,81.51117943,Hills,outside_target_ae_zone,,polygon_outside_target_scope,False,"Point intersects ecological-zone polygon, but polygon attribute is outside target classes."
28.71305566,81.50806219,Hills,outside_target_ae_zone,,polygon_outside_target_scope,False,"Point intersects ecological-zone polygon, but polygon attribute is outside target classes."
28.70859683,81.51205312,Hills,outside_target_ae_zone,,polygon_outside_target_scope,False,"Point intersects ecological-zone polygon, but polygon attribute is outside target classes."
28.71710525,81.51115873,Hills,outside_target_ae_zone,,polygon_outside_target_scope,False,"Point intersects ecological-zone polygon, but polygon attribute is outside target classes."
28.71300754,81.50806932,Hills,outside_target_ae_zone,,polygon_outside_target_scope,False,"Point intersects ecological-zone polygon, but polygon attribute is outside target classes."
28.70858729,81.51206505,Hills,outside_target_ae_zone,,polygon_outside_target_scope,False,"Point intersects ecological-zone polygon, but polygon attribute is outside target classes."
28.8044938,81.3983533,Hills,outside_target_ae_zone,,polygon_outside_target_scope,False,"Point intersects ecological-zone polygon, but polygon attribute is outside target classes."
28.80568144,81.40068262,Hills,outside_target_ae_zone,,polygon_outside_target_scope,False,"Point intersects ecological-zone polygon, but polygon attribute is outside target classes."
28.80437123,81.3997061,Hills,outside_target_ae_zone,,polygon_outside_target_scope,False,"Point intersects ecological-zone polygon, but polygon attribute is outside target classes."
28.80449046,81.39834867,Hills,outside_target_ae_zone,,polygon_outside_target_scope,False,"Point intersects ecological-zone polygon, but polygon attribute is outside target classes."
28.80570787,81.4005845,Hills,outside_target_ae_zone,,polygon_outside_target_scope,False,"Point intersects ecological-zone polygon, but polygon attribute is outside target classes."
28.80444062,81.39973455,Hills,outside_target_ae_zone,,polygon_outside_target_scope,False,"Point intersects ecological-zone polygon, but polygon attribute is outside target classes."
28.80449408,81.39835131,Hills,outside_target_ae_zone,,polygon_outside_target_scope,False,"Point intersects ecological-zone polygon, but polygon attribute is outside target classes."
28.8056612,81.4003626,Hills,outside_target_ae_zone,,polygon_outside_target_scope,False,"Point intersects ecological-zone polygon, but polygon attribute is outside target classes."
28.80445211,81.39975272,Hills,outside_target_ae_zone,,polygon_outside_target_scope,False,"Point intersects ecological-zone polygon, but polygon attribute is outside target classes."
28.80449498,81.3983582,Hills,outside_target_ae_zone,,polygon_outside_target_scope,False,"Point intersects ecological-zone polygon, but polygon attribute is outside target classes."
28.80566903,81.4003538,Hills,outside_target_ae_zone,,polygon_outside_target_scope,False,"Point intersects ecological-zone polygon, but polygon attribute is outside target classes."
28.80449265,81.39975146,Hills,outside_target_ae_zone,,polygon_outside_target_scope,False,"Point intersects ecological-zone polygon, but polygon attribute is outside target classes."
28.80449302,81.39837189,Hills,outside_target_ae_zone,,polygon_outside_target_scope,False,"Point intersects ecological-zone polygon, but polygon attribute is outside target classes."
28.80563723,81.40032049,Hills,outside_target_ae_zone,,polygon_outside_target_scope,False,"Point intersects ecological-zone polygon, but polygon attribute is outside target classes."
28.80450137,81.39976724,Hills,outside_target_ae_zone,,polygon_outside_target_scope,False,"Point intersects ecological-zone polygon, but polygon attribute is outside target classes."
28.80449044,81.39838616,Hills,outside_target_ae_zone,,polygon_outside_target_scope,False,"Point intersects ecological-zone polygon, but polygon attribute is outside target classes."
28.80567904,81.40030633,Hills,outside_target_ae_zone,,polygon_outside_target_scope,False,"Point intersects ecological-zone polygon, but polygon attribute is outside target classes."
28.80449957,81.39977796,Hills,outside_target_ae_zone,,polygon_outside_target_scope,False,"Point intersects ecological-zone polygon, but polygon attribute is outside target classes."
28.80448905,81.39839078,Hills,outside_target_ae_zone,,polygon_outside_target_scope,False,"Point intersects ecological-zone polygon, but polygon attribute is outside target classes."
28.8056378,81.40025781,Hills,outside_target_ae_zone,,polygon_outside_target_scope,False,"Point intersects ecological-zone polygon, but polygon attribute is outside target classes."
28.80450175,81.399783,Hills,outside_target_ae_zone,,polygon_outside_target_scope,False,"Point intersects ecological-zone polygon, but polygon attribute is outside target classes."
28.80448862,81.39839939,Hills,outside_target_ae_zone,,polygon_outside_target_scope,False,"Point intersects ecological-zone polygon, but polygon attribute is outside target classes."
28.80563497,81.40025471,Hills,outside_target_ae_zone,,polygon_outside_target_scope,False,"Point intersects ecological-zone polygon, but polygon attribute is outside target classes."
28.80448923,81.39977757,Hills,outside_target_ae_zone,,polygon_outside_target_scope,False,"Point intersects ecological-zone polygon, but polygon attribute is outside target classes."
28.80448276,81.39841089,Hills,outside_target_ae_zone,,polygon_outside_target_scope,False,"Point intersects ecological-zone polygon, but polygon attribute is outside target classes."
28.80563956,81.40025307,Hills,outside_target_ae_zone,,polygon_outside_target_scope,False,"Point intersects ecological-zone polygon, but polygon attribute is outside target classes."
28.80446856625,81.399756325,Hills,outside_target_ae_zone,,polygon_outside_target_scope,False,"Point intersects ecological-zone polygon, but polygon attribute is outside target classes."
28.83349251,81.30619469,Hills,outside_target_ae_zone,,polygon_outside_target_scope,False,"Point intersects ecological-zone polygon, but polygon attribute is outside target classes."
28.83351748,81.30619414,Hills,outside_target_ae_zone,,polygon_outside_target_scope,False,"Point intersects ecological-zone polygon, but polygon attribute is outside target classes."
28.83351297,81.30618515,Hills,outside_target_ae_zone,,polygon_outside_target_scope,False,"Point intersects ecological-zone polygon, but polygon attribute is outside target classes."
28.83352369,81.30618695,Hills,outside_target_ae_zone,,polygon_outside_target_scope,False,"Point intersects ecological-zone polygon, but polygon attribute is outside target classes."
28.83351654,81.30618801,Hills,outside_target_ae_zone,,polygon_outside_target_scope,False,"Point intersects ecological-zone polygon, but polygon attribute is outside target classes."
28.83356418,81.30618851,Hills,outside_target_ae_zone,,polygon_outside_target_scope,False,"Point intersects ecological-zone polygon, but polygon attribute is outside target classes."
28.83355033,81.3062491,Hills,outside_target_ae_zone,,polygon_outside_target_scope,False,"Point intersects ecological-zone polygon, but polygon attribute is outside target classes."
28.83355282,81.30625304,Hills,outside_target_ae_zone,,polygon_outside_target_scope,False,"Point intersects ecological-zone polygon, but polygon attribute is outside target classes."
28.83355295,81.30626154,Hills,outside_target_ae_zone,,polygon_outside_target_scope,False,"Point intersects ecological-zone polygon, but polygon attribute is outside target classes."
28.43197148,81.80340531,Hills,outside_target_ae_zone,,polygon_outside_target_scope,False,"Point intersects ecological-zone polygon, but polygon attribute is outside target classes."
28.46672121,81.8021437,Hills,outside_target_ae_zone,,polygon_outside_target_scope,False,"Point intersects ecological-zone polygon, but polygon attribute is outside target classes."
28.43198338,81.80342707,Hills,outside_target_ae_zone,,polygon_outside_target_scope,False,"Point intersects ecological-zone polygon, but polygon attribute is outside target classes."
28.46672185,81.80213932,Hills,outside_target_ae_zone,,polygon_outside_target_scope,False,"Point intersects ecological-zone polygon, but polygon attribute is outside target classes."
28.43197913,81.80342308,Hills,outside_target_ae_zone,,polygon_outside_target_scope,False,"Point intersects ecological-zone polygon, but polygon attribute is outside target classes."
28.46672057,81.80213623,Hills,outside_target_ae_zone,,polygon_outside_target_scope,False,"Point intersects ecological-zone polygon, but polygon attribute is outside target classes."
28.43198418,81.8034312,Hills,outside_target_ae_zone,,polygon_outside_target_scope,False,"Point intersects ecological-zone polygon, but polygon attribute is outside target classes."
28.46672144,81.80213164,Hills,outside_target_ae_zone,,polygon_outside_target_scope,False,"Point intersects ecological-zone polygon, but polygon attribute is outside target classes."
28.43198282,81.803426,Hills,outside_target_ae_zone,,polygon_outside_target_scope,False,"Point intersects ecological-zone polygon, but polygon attribute is outside target classes."
28.46671434,81.80212589,Hills,outside_target_ae_zone,,polygon_outside_target_scope,False,"Point intersects ecological-zone polygon, but polygon attribute is outside target classes."
28.43198303,81.80341728,Hills,outside_target_ae_zone,,polygon_outside_target_scope,False,"Point intersects ecological-zone polygon, but polygon attribute is outside target classes."
28.46663642,81.80204177,Hills,outside_target_ae_zone,,polygon_outside_target_scope,False,"Point intersects ecological-zone polygon, but polygon attribute is outside target classes."
28.43198979,81.80341761,Hills,outside_target_ae_zone,,polygon_outside_target_scope,False,"Point intersects ecological-zone polygon, but polygon attribute is outside target classes."
28.46665265,81.80203456,Hills,outside_target_ae_zone,,polygon_outside_target_scope,False,"Point intersects ecological-zone polygon, but polygon attribute is outside target classes."
28.43196607,81.80337762,Hills,outside_target_ae_zone,,polygon_outside_target_scope,False,"Point intersects ecological-zone polygon, but polygon attribute is outside target classes."
28.46666504,81.80203798,Hills,outside_target_ae_zone,,polygon_outside_target_scope,False,"Point intersects ecological-zone polygon, but polygon attribute is outside target classes."
28.43195848,81.80338907,Hills,outside_target_ae_zone,,polygon_outside_target_scope,False,"Point intersects ecological-zone polygon, but polygon attribute is outside target classes."
28.46666002,81.80204008,Hills,outside_target_ae_zone,,polygon_outside_target_scope,False,"Point intersects ecological-zone polygon, but polygon attribute is outside target classes."
28.43685704,81.79975954,Hills,outside_target_ae_zone,,polygon_outside_target_scope,False,"Point intersects ecological-zone polygon, but polygon attribute is outside target classes."
28.45905373,81.78538717,Hills,outside_target_ae_zone,,polygon_outside_target_scope,False,"Point intersects ecological-zone polygon, but polygon attribute is outside target classes."
28.46921603,81.79777976,Hills,outside_target_ae_zone,,polygon_outside_target_scope,False,"Point intersects ecological-zone polygon, but polygon attribute is outside target classes."
28.5041297,81.73587981,Hills,outside_target_ae_zone,,polygon_outside_target_scope,False,"Point intersects ecological-zone polygon, but polygon attribute is outside target classes."
28.48768366,81.73958759,Hills,outside_target_ae_zone,,polygon_outside_target_scope,False,"Point intersects ecological-zone polygon, but polygon attribute is outside target classes."
28.48749579,81.74486874,Hills,outside_target_ae_zone,,polygon_outside_target_scope,False,"Point intersects ecological-zone polygon, but polygon attribute is outside target classes."
28.50874994,81.72685574,Hills,outside_target_ae_zone,,polygon_outside_target_scope,False,"Point intersects ecological-zone polygon, but polygon attribute is outside target classes."
28.41942099,81.79067174,Hills,outside_target_ae_zone,,polygon_outside_target_scope,False,"Point intersects ecological-zone polygon, but polygon attribute is outside target classes."
28.42837279,81.80323101,Hills,outside_target_ae_zone,,polygon_outside_target_scope,False,"Point intersects ecological-zone polygon, but polygon attribute is outside target classes."
28.50195919,81.7479302,Hills,outside_target_ae_zone,,polygon_outside_target_scope,False,"Point intersects ecological-zone polygon, but polygon attribute is outside target classes."
28.43698379,81.79971291,Hills,outside_target_ae_zone,,polygon_outside_target_scope,False,"Point intersects ecological-zone polygon, but polygon attribute is outside target classes."
28.45905917,81.78540512,Hills,outside_target_ae_zone,,polygon_outside_target_scope,False,"Point intersects ecological-zone polygon, but polygon attribute is outside target classes."
28.46923501,81.79779305,Hills,outside_target_ae_zone,,polygon_outside_target_scope,False,"Point intersects ecological-zone polygon, but polygon attribute is outside target classes."
28.5041356,81.73588455,Hills,outside_target_ae_zone,,polygon_outside_target_scope,False,"Point intersects ecological-zone polygon, but polygon attribute is outside target classes."
28.48773343,81.73953019,Hills,outside_target_ae_zone,,polygon_outside_target_scope,False,"Point intersects ecological-zone polygon, but polygon attribute is outside target classes."
28.48754924,81.74484507,Hills,outside_target_ae_zone,,polygon_outside_target_scope,False,"Point intersects ecological-zone polygon, but polygon attribute is outside target classes."
28.50854029,81.72662647,Hills,outside_target_ae_zone,,polygon_outside_target_scope,False,"Point intersects ecological-zone polygon, but polygon attribute is outside target classes."
28.41941795,81.79062933,Hills,outside_target_ae_zone,,polygon_outside_target_scope,False,"Point intersects ecological-zone polygon, but polygon attribute is outside target classes."
28.42837826,81.80321651,Hills,outside_target_ae_zone,,polygon_outside_target_scope,False,"Point intersects ecological-zone polygon, but polygon attribute is outside target classes."
28.50199467,81.74801092,Hills,outside_target_ae_zone,,polygon_outside_target_scope,False,"Point intersects ecological-zone polygon, but polygon attribute is outside target classes."
28.43693805,81.79980323,Hills,outside_target_ae_zone,,polygon_outside_target_scope,False,"Point intersects ecological-zone polygon, but polygon attribute is outside target classes."
28.45903128,81.78539608,Hills,outside_target_ae_zone,,polygon_outside_target_scope,False,"Point intersects ecological-zone polygon, but polygon attribute is outside target classes."
28.46922469,81.7977939,Hills,outside_target_ae_zone,,polygon_outside_target_scope,False,"Point intersects ecological-zone polygon, but polygon attribute is outside target classes."
28.50412787,81.73591065,Hills,outside_target_ae_zone,,polygon_outside_target_scope,False,"Point intersects ecological-zone polygon, but polygon attribute is outside target classes."
28.48770862,81.73949639,Hills,outside_target_ae_zone,,polygon_outside_target_scope,False,"Point intersects ecological-zone polygon, but polygon attribute is outside target classes."
28.48754767,81.74486049,Hills,outside_target_ae_zone,,polygon_outside_target_scope,False,"Point intersects ecological-zone polygon, but polygon attribute is outside target classes."
28.508464,81.72643415,Hills,outside_target_ae_zone,,polygon_outside_target_scope,False,"Point intersects ecological-zone polygon, but polygon attribute is outside target classes."
28.4194278,81.79060241,Hills,outside_target_ae_zone,,polygon_outside_target_scope,False,"Point intersects ecological-zone polygon, but polygon attribute is outside target classes."
28.42837542,81.80322552,Hills,outside_target_ae_zone,,polygon_outside_target_scope,False,"Point intersects ecological-zone polygon, but polygon attribute is outside target classes."
28.5019896,81.74807538,Hills,outside_target_ae_zone,,polygon_outside_target_scope,False,"Point intersects ecological-zone polygon, but polygon attribute is outside target classes."
28.43691255,81.79985831,Hills,outside_target_ae_zone,,polygon_outside_target_scope,False,"Point intersects ecological-zone polygon, but polygon attribute is outside target classes."
28.45900873,81.78539612,Hills,outside_target_ae_zone,,polygon_outside_target_scope,False,"Point intersects ecological-zone polygon, but polygon attribute is outside target classes."
28.46931966,81.79767294,Hills,outside_target_ae_zone,,polygon_outside_target_scope,False,"Point intersects ecological-zone polygon, but polygon attribute is outside target classes."
28.50403975,81.7360047,Hills,outside_target_ae_zone,,polygon_outside_target_scope,False,"Point intersects ecological-zone polygon, but polygon attribute is outside target classes."
28.48771628,81.73950588,Hills,outside_target_ae_zone,,polygon_outside_target_scope,False,"Point intersects ecological-zone polygon, but polygon attribute is outside target classes."
28.48753404,81.74482885,Hills,outside_target_ae_zone,,polygon_outside_target_scope,False,"Point intersects ecological-zone polygon, but polygon attribute is outside target classes."
28.50849933,81.726463,Hills,outside_target_ae_zone,,polygon_outside_target_scope,False,"Point intersects ecological-zone polygon, but polygon attribute is outside target classes."
28.41943233,81.79058484,Hills,outside_target_ae_zone,,polygon_outside_target_scope,False,"Point intersects ecological-zone polygon, but polygon attribute is outside target classes."
28.42836237,81.80324338,Hills,outside_target_ae_zone,,polygon_outside_target_scope,False,"Point intersects ecological-zone polygon, but polygon attribute is outside target classes."
28.50200085,81.74806402,Hills,outside_target_ae_zone,,polygon_outside_target_scope,False,"Point intersects ecological-zone polygon, but polygon attribute is outside target classes."
28.4369146,81.79987529,Hills,outside_target_ae_zone,,polygon_outside_target_scope,False,"Point intersects ecological-zone polygon, but polygon attribute is outside target classes."
28.45898896,81.78540404,Hills,outside_target_ae_zone,,polygon_outside_target_scope,False,"Point intersects ecological-zone polygon, but polygon attribute is outside target classes."
28.46931455,81.79764875,Hills,outside_target_ae_zone,,polygon_outside_target_scope,False,"Point intersects ecological-zone polygon, but polygon attribute is outside target classes."
28.50407359,81.73592103,Hills,outside_target_ae_zone,,polygon_outside_target_scope,False,"Point intersects ecological-zone polygon, but polygon attribute is outside target classes."
28.48770621,81.73948884,Hills,outside_target_ae_zone,,polygon_outside_target_scope,False,"Point intersects ecological-zone polygon, but polygon attribute is outside target classes."
28.48766669,81.74479116,Hills,outside_target_ae_zone,,polygon_outside_target_scope,False,"Point intersects ecological-zone polygon, but polygon attribute is outside target classes."
28.50849671,81.72647665,Hills,outside_target_ae_zone,,polygon_outside_target_scope,False,"Point intersects ecological-zone polygon, but polygon attribute is outside target classes."
28.41943244,81.79057877,Hills,outside_target_ae_zone,,polygon_outside_target_scope,False,"Point intersects ecological-zone polygon, but polygon attribute is outside target classes."
28.42836266,81.80325322,Hills,outside_target_ae_zone,,polygon_outside_target_scope,False,"Point intersects ecological-zone polygon, but polygon attribute is outside target classes."
28.50200401,81.74805344,Hills,outside_target_ae_zone,,polygon_outside_target_scope,False,"Point intersects ecological-zone polygon, but polygon attribute is outside target classes."
28.43690946,81.79987304,Hills,outside_target_ae_zone,,polygon_outside_target_scope,False,"Point intersects ecological-zone polygon, but polygon attribute is outside target classes."
28.45893935,81.78539341,Hills,outside_target_ae_zone,,polygon_outside_target_scope,False,"Point intersects ecological-zone polygon, but polygon attribute is outside target classes."
28.46931191,81.79762399,Hills,outside_target_ae_zone,,polygon_outside_target_scope,False,"Point intersects ecological-zone polygon, but polygon attribute is outside target classes."
28.50408635,81.73588991,Hills,outside_target_ae_zone,,polygon_outside_target_scope,False,"Point intersects ecological-zone polygon, but polygon attribute is outside target classes."
28.48770567,81.7394838,Hills,outside_target_ae_zone,,polygon_outside_target_scope,False,"Point intersects ecological-zone polygon, but polygon attribute is outside target classes."
28.48765505,81.7447936,Hills,outside_target_ae_zone,,polygon_outside_target_scope,False,"Point intersects ecological-zone polygon, but polygon attribute is outside target classes."
28.50847094,81.7264479,Hills,outside_target_ae_zone,,polygon_outside_target_scope,False,"Point intersects ecological-zone polygon, but polygon attribute is outside target classes."
28.41946827,81.79056947,Hills,outside_target_ae_zone,,polygon_outside_target_scope,False,"Point intersects ecological-zone polygon, but polygon attribute is outside target classes."
28.42835598,81.80326464,Hills,outside_target_ae_zone,,polygon_outside_target_scope,False,"Point intersects ecological-zone polygon, but polygon attribute is outside target classes."
28.50207584,81.74802,Hills,outside_target_ae_zone,,polygon_outside_target_scope,False,"Point intersects ecological-zone polygon, but polygon attribute is outside target classes."
28.43692502,81.7999257,Hills,outside_target_ae_zone,,polygon_outside_target_scope,False,"Point intersects ecological-zone polygon, but polygon attribute is outside target classes."
28.45894994,81.78541155,Hills,outside_target_ae_zone,,polygon_outside_target_scope,False,"Point intersects ecological-zone polygon, but polygon attribute is outside target classes."
28.46931431,81.79762081,Hills,outside_target_ae_zone,,polygon_outside_target_scope,False,"Point intersects ecological-zone polygon, but polygon attribute is outside target classes."
28.50409123,81.73589973,Hills,outside_target_ae_zone,,polygon_outside_target_scope,False,"Point intersects ecological-zone polygon, but polygon attribute is outside target classes."
28.48771163,81.73949259,Hills,outside_target_ae_zone,,polygon_outside_target_scope,False,"Point intersects ecological-zone polygon, but polygon attribute is outside target classes."
28.48759359,81.74483701,Hills,outside_target_ae_zone,,polygon_outside_target_scope,False,"Point intersects ecological-zone polygon, but polygon attribute is outside target classes."
28.50844784,81.72646918,Hills,outside_target_ae_zone,,polygon_outside_target_scope,False,"Point intersects ecological-zone polygon, but polygon attribute is outside target classes."
28.41949354,81.79053942,Hills,outside_target_ae_zone,,polygon_outside_target_scope,False,"Point intersects ecological-zone polygon, but polygon attribute is outside target classes."
28.42833879,81.80326607,Hills,outside_target_ae_zone,,polygon_outside_target_scope,False,"Point intersects ecological-zone polygon, but polygon attribute is outside target classes."
28.5020624,81.74803725,Hills,outside_target_ae_zone,,polygon_outside_target_scope,False,"Point intersects ecological-zone polygon, but polygon attribute is outside target classes."
28.43690916,81.80009407,Hills,outside_target_ae_zone,,polygon_outside_target_scope,False,"Point intersects ecological-zone polygon, but polygon attribute is outside target classes."
28.458972,81.78546624,Hills,outside_target_ae_zone,,polygon_outside_target_scope,False,"Point intersects ecological-zone polygon, but polygon attribute is outside target classes."
28.46930445,81.79762411,Hills,outside_target_ae_zone,,polygon_outside_target_scope,False,"Point intersects ecological-zone polygon, but polygon attribute is outside target classes."
28.50407675,81.73590332,Hills,outside_target_ae_zone,,polygon_outside_target_scope,False,"Point intersects ecological-zone polygon, but polygon attribute is outside target classes."
28.48771316,81.73949597,Hills,outside_target_ae_zone,,polygon_outside_target_scope,False,"Point intersects ecological-zone polygon, but polygon attribute is outside target classes."
28.48760256,81.74483375,Hills,outside_target_ae_zone,,polygon_outside_target_scope,False,"Point intersects ecological-zone polygon, but polygon attribute is outside target classes."
28.50843152,81.72644885,Hills,outside_target_ae_zone,,polygon_outside_target_scope,False,"Point intersects ecological-zone polygon, but polygon attribute is outside target classes."
28.41951416,81.79047363,Hills,outside_target_ae_zone,,polygon_outside_target_scope,False,"Point intersects ecological-zone polygon, but polygon attribute is outside target classes."
28.42833446,81.80325811,Hills,outside_target_ae_zone,,polygon_outside_target_scope,False,"Point intersects ecological-zone polygon, but polygon attribute is outside target classes."
28.50208136,81.74801401,Hills,outside_target_ae_zone,,polygon_outside_target_scope,False,"Point intersects ecological-zone polygon, but polygon attribute is outside target classes."
28.43694028,81.80009716,Hills,outside_target_ae_zone,,polygon_outside_target_scope,False,"Point intersects ecological-zone polygon, but polygon attribute is outside target classes."
28.45895366,81.78544898,Hills,outside_target_ae_zone,,polygon_outside_target_scope,False,"Point intersects ecological-zone polygon, but polygon attribute is outside target classes."
28.46930024,81.79764097,Hills,outside_target_ae_zone,,polygon_outside_target_scope,False,"Point intersects ecological-zone polygon, but polygon attribute is outside target classes."
28.50407168,81.73591843,Hills,outside_target_ae_zone,,polygon_outside_target_scope,False,"Point intersects ecological-zone polygon, but polygon attribute is outside target classes."
28.48769539,81.73948428,Hills,outside_target_ae_zone,,polygon_outside_target_scope,False,"Point intersects ecological-zone polygon, but polygon attribute is outside target classes."
28.48758668,81.74487291,Hills,outside_target_ae_zone,,polygon_outside_target_scope,False,"Point intersects ecological-zone polygon, but polygon attribute is outside target classes."
28.50841116,81.7264388,Hills,outside_target_ae_zone,,polygon_outside_target_scope,False,"Point intersects ecological-zone polygon, but polygon attribute is outside target classes."
28.41952886,81.79045293,Hills,outside_target_ae_zone,,polygon_outside_target_scope,False,"Point intersects ecological-zone polygon, but polygon attribute is outside target classes."
28.42832504,81.80326215,Hills,outside_target_ae_zone,,polygon_outside_target_scope,False,"Point intersects ecological-zone polygon, but polygon attribute is outside target classes."
28.50206497,81.74798373,Hills,outside_target_ae_zone,,polygon_outside_target_scope,False,"Point intersects ecological-zone polygon, but polygon attribute is outside target classes."
28.44930707,81.79298934,Hills,outside_target_ae_zone,,polygon_outside_target_scope,False,"Point intersects ecological-zone polygon, but polygon attribute is outside target classes."
28.49014764,81.74308792,Hills,outside_target_ae_zone,,polygon_outside_target_scope,False,"Point intersects ecological-zone polygon, but polygon attribute is outside target classes."
28.44931341,81.79298811,Hills,outside_target_ae_zone,,polygon_outside_target_scope,False,"Point intersects ecological-zone polygon, but polygon attribute is outside target classes."
28.49013158,81.74307377,Hills,outside_target_ae_zone,,polygon_outside_target_scope,False,"Point intersects ecological-zone polygon, but polygon attribute is outside target classes."
28.44930375,81.79298041,Hills,outside_target_ae_zone,,polygon_outside_target_scope,False,"Point intersects ecological-zone polygon, but polygon attribute is outside target classes."
28.4901182,81.74305859,Hills,outside_target_ae_zone,,polygon_outside_target_scope,False,"Point intersects ecological-zone polygon, but polygon attribute is outside target classes."
28.44927829,81.79298279,Hills,outside_target_ae_zone,,polygon_outside_target_scope,False,"Point intersects ecological-zone polygon, but polygon attribute is outside target classes."
28.49011618,81.74305891,Hills,outside_target_ae_zone,,polygon_outside_target_scope,False,"Point intersects ecological-zone polygon, but polygon attribute is outside target classes."
28.44926357,81.79297843,Hills,outside_target_ae_zone,,polygon_outside_target_scope,False,"Point intersects ecological-zone polygon, but polygon attribute is outside target classes."
28.49010247,81.74305249,Hills,outside_target_ae_zone,,polygon_outside_target_scope,False,"Point intersects ecological-zone polygon, but polygon attribute is outside target classes."
28.44925222,81.79296541,Hills,outside_target_ae_zone,,polygon_outside_target_scope,False,"Point intersects ecological-zone polygon, but polygon attribute is outside target classes."
28.49009491,81.74304774,Hills,outside_target_ae_zone,,polygon_outside_target_scope,False,"Point intersects ecological-zone polygon, but polygon attribute is outside target classes."
28.449255,81.79295056,Hills,outside_target_ae_zone,,polygon_outside_target_scope,False,"Point intersects ecological-zone polygon, but polygon attribute is outside target classes."
28.49009298,81.74304654,Hills,outside_target_ae_zone,,polygon_outside_target_scope,False,"Point intersects ecological-zone polygon, but polygon attribute is outside target classes."
28.44924491,81.79294438,Hills,outside_target_ae_zone,,polygon_outside_target_scope,False,"Point intersects ecological-zone polygon, but polygon attribute is outside target classes."
28.49008993,81.74304734,Hills,outside_target_ae_zone,,polygon_outside_target_scope,False,"Point intersects ecological-zone polygon, but polygon attribute is outside target classes."
28.44923314,81.79295449,Hills,outside_target_ae_zone,,polygon_outside_target_scope,False,"Point intersects ecological-zone polygon, but polygon attribute is outside target classes."
28.49008154,81.74305611,Hills,outside_target_ae_zone,,polygon_outside_target_scope,False,"Point intersects ecological-zone polygon, but polygon attribute is outside target classes."
28.64072541,81.59202004,Hills,outside_target_ae_zone,,polygon_outside_target_scope,False,"Point intersects ecological-zone polygon, but polygon attribute is outside target classes."
28.63686951,81.58274943,Hills,outside_target_ae_zone,,polygon_outside_target_scope,False,"Point intersects ecological-zone polygon, but polygon attribute is outside target classes."
28.64120778,81.60431514,Hills,outside_target_ae_zone,,polygon_outside_target_scope,False,"Point intersects ecological-zone polygon, but polygon attribute is outside target classes."
28.64068164,81.59200141,Hills,outside_target_ae_zone,,polygon_outside_target_scope,False,"Point intersects ecological-zone polygon, but polygon attribute is outside target classes."
28.63687903,81.58275475,Hills,outside_target_ae_zone,,polygon_outside_target_scope,False,"Point intersects ecological-zone polygon, but polygon attribute is outside target classes."
28.64121919,81.60428305,Hills,outside_target_ae_zone,,polygon_outside_target_scope,False,"Point intersects ecological-zone polygon, but polygon attribute is outside target classes."
28.64066059,81.59203411,Hills,outside_target_ae_zone,,polygon_outside_target_scope,False,"Point intersects ecological-zone polygon, but polygon attribute is outside target classes."
28.63688923,81.58274865,Hills,outside_target_ae_zone,,polygon_outside_target_scope,False,"Point intersects ecological-zone polygon, but polygon attribute is outside target classes."
28.64119652,81.60429267,Hills,outside_target_ae_zone,,polygon_outside_target_scope,False,"Point intersects ecological-zone polygon, but polygon attribute is outside target classes."
28.6406611,81.59204699,Hills,outside_target_ae_zone,,polygon_outside_target_scope,False,"Point intersects ecological-zone polygon, but polygon attribute is outside target classes."
28.63689108,81.58273642,Hills,outside_target_ae_zone,,polygon_outside_target_scope,False,"Point intersects ecological-zone polygon, but polygon attribute is outside target classes."
28.64119867,81.60430799,Hills,outside_target_ae_zone,,polygon_outside_target_scope,False,"Point intersects ecological-zone polygon, but polygon attribute is outside target classes."
28.64063646,81.59205303,Hills,outside_target_ae_zone,,polygon_outside_target_scope,False,"Point intersects ecological-zone polygon, but polygon attribute is outside target classes."
28.63690424,81.58272432,Hills,outside_target_ae_zone,,polygon_outside_target_scope,False,"Point intersects ecological-zone polygon, but polygon attribute is outside target classes."
28.64120594,81.60431453,Hills,outside_target_ae_zone,,polygon_outside_target_scope,False,"Point intersects ecological-zone polygon, but polygon attribute is outside target classes."
28.64062579,81.59205531,Hills,outside_target_ae_zone,,polygon_outside_target_scope,False,"Point intersects ecological-zone polygon, but polygon attribute is outside target classes."
28.6369143,81.58271777,Hills,outside_target_ae_zone,,polygon_outside_target_scope,False,"Point intersects ecological-zone polygon, but polygon attribute is outside target classes."
28.64121078,81.60435158,Hills,outside_target_ae_zone,,polygon_outside_target_scope,False,"Point intersects ecological-zone polygon, but polygon attribute is outside target classes."
28.6406211,81.59206093,Hills,outside_target_ae_zone,,polygon_outside_target_scope,False,"Point intersects ecological-zone polygon, but polygon attribute is outside target classes."
28.63693221,81.58270946,Hills,outside_target_ae_zone,,polygon_outside_target_scope,False,"Point intersects ecological-zone polygon, but polygon attribute is outside target classes."
28.6412057,81.60433914,Hills,outside_target_ae_zone,,polygon_outside_target_scope,False,"Point intersects ecological-zone polygon, but polygon attribute is outside target classes."
28.6406062,81.5920645,Hills,outside_target_ae_zone,,polygon_outside_target_scope,False,"Point intersects ecological-zone polygon, but polygon attribute is outside target classes."
28.63693923,81.58270607,Hills,outside_target_ae_zone,,polygon_outside_target_scope,False,"Point intersects ecological-zone polygon, but polygon attribute is outside target classes."
28.64121304,81.60432963,Hills,outside_target_ae_zone,,polygon_outside_target_scope,False,"Point intersects ecological-zone polygon, but polygon attribute is outside target classes."
28.64059251,81.59206185,Hills,outside_target_ae_zone,,polygon_outside_target_scope,False,"Point intersects ecological-zone polygon, but polygon attribute is outside target classes."
28.63694382,81.58269912,Hills,outside_target_ae_zone,,polygon_outside_target_scope,False,"Point intersects ecological-zone polygon, but polygon attribute is outside target classes."
28.64122374,81.60433352,Hills,outside_target_ae_zone,,polygon_outside_target_scope,False,"Point intersects ecological-zone polygon, but polygon attribute is outside target classes."
28.44637916,81.81801401,Hills,outside_target_ae_zone,,polygon_outside_target_scope,False,"Point intersects ecological-zone polygon, but polygon attribute is outside target classes."
28.44639313,81.81801978,Hills,outside_target_ae_zone,,polygon_outside_target_scope,False,"Point intersects ecological-zone polygon, but polygon attribute is outside target classes."
28.44635759,81.81801785,Hills,outside_target_ae_zone,,polygon_outside_target_scope,False,"Point intersects ecological-zone polygon, but polygon attribute is outside target classes."
28.44632369,81.81796125,Hills,outside_target_ae_zone,,polygon_outside_target_scope,False,"Point intersects ecological-zone polygon, but polygon attribute is outside target classes."
28.44626985,81.81794102,Hills,outside_target_ae_zone,,polygon_outside_target_scope,False,"Point intersects ecological-zone polygon, but polygon attribute is outside target classes."
28.44630107,81.81800988,Hills,outside_target_ae_zone,,polygon_outside_target_scope,False,"Point intersects ecological-zone polygon, but polygon attribute is outside target classes."
28.44627709,81.81803668,Hills,outside_target_ae_zone,,polygon_outside_target_scope,False,"Point intersects ecological-zone polygon, but polygon attribute is outside target classes."
28.44624253,81.81802132,Hills,outside_target_ae_zone,,polygon_outside_target_scope,False,"Point intersects ecological-zone polygon, but polygon attribute is outside target classes."
28.4462335,81.81801484,Hills,outside_target_ae_zone,,polygon_outside_target_scope,False,"Point intersects ecological-zone polygon, but polygon attribute is outside target classes."
27.56067273,85.66487296,Hills,outside_target_ae_zone,,polygon_outside_target_scope,False,"Point intersects ecological-zone polygon, but polygon attribute is outside target classes."
27.6455971,85.55454796,Hills,outside_target_ae_zone,,polygon_outside_target_scope,False,"Point intersects ecological-zone polygon, but polygon attribute is outside target classes."
27.64692356,85.56242414,Hills,outside_target_ae_zone,,polygon_outside_target_scope,False,"Point intersects ecological-zone polygon, but polygon attribute is outside target classes."
27.65023801,85.57656571,Hills,outside_target_ae_zone,,polygon_outside_target_scope,False,"Point intersects ecological-zone polygon, but polygon attribute is outside target classes."
27.55477469,85.66746093,Hills,outside_target_ae_zone,,polygon_outside_target_scope,False,"Point intersects ecological-zone polygon, but polygon attribute is outside target classes."
27.55849285,85.66658275,Hills,outside_target_ae_zone,,polygon_outside_target_scope,False,"Point intersects ecological-zone polygon, but polygon attribute is outside target classes."
27.65007995,85.59363208,Hills,outside_target_ae_zone,,polygon_outside_target_scope,False,"Point intersects ecological-zone polygon, but polygon attribute is outside target classes."
27.66158589,85.59526126,Hills,outside_target_ae_zone,,polygon_outside_target_scope,False,"Point intersects ecological-zone polygon, but polygon attribute is outside target classes."
27.56050845,85.6648662,Hills,outside_target_ae_zone,,polygon_outside_target_scope,False,"Point intersects ecological-zone polygon, but polygon attribute is outside target classes."
27.64557204,85.55466278,Hills,outside_target_ae_zone,,polygon_outside_target_scope,False,"Point intersects ecological-zone polygon, but polygon attribute is outside target classes."
27.64693343,85.5624482,Hills,outside_target_ae_zone,,polygon_outside_target_scope,False,"Point intersects ecological-zone polygon, but polygon attribute is outside target classes."
27.65022523,85.57658286,Hills,outside_target_ae_zone,,polygon_outside_target_scope,False,"Point intersects ecological-zone polygon, but polygon attribute is outside target classes."
27.55472657,85.66744222,Hills,outside_target_ae_zone,,polygon_outside_target_scope,False,"Point intersects ecological-zone polygon, but polygon attribute is outside target classes."
27.55850759,85.66659705,Hills,outside_target_ae_zone,,polygon_outside_target_scope,False,"Point intersects ecological-zone polygon, but polygon attribute is outside target classes."
27.65007897,85.59361875,Hills,outside_target_ae_zone,,polygon_outside_target_scope,False,"Point intersects ecological-zone polygon, but polygon attribute is outside target classes."
27.6699683,85.58099852,Hills,outside_target_ae_zone,,polygon_outside_target_scope,False,"Point intersects ecological-zone polygon, but polygon attribute is outside target classes."
27.66169643,85.59531521,Hills,outside_target_ae_zone,,polygon_outside_target_scope,False,"Point intersects ecological-zone polygon, but polygon attribute is outside target classes."
27.56067362,85.66487197,Hills,outside_target_ae_zone,,polygon_outside_target_scope,False,"Point intersects ecological-zone polygon, but polygon attribute is outside target classes."
27.64556336,85.55466565,Hills,outside_target_ae_zone,,polygon_outside_target_scope,False,"Point intersects ecological-zone polygon, but polygon attribute is outside target classes."
27.64694629,85.56232825,Hills,outside_target_ae_zone,,polygon_outside_target_scope,False,"Point intersects ecological-zone polygon, but polygon attribute is outside target classes."
27.6502128,85.57660026,Hills,outside_target_ae_zone,,polygon_outside_target_scope,False,"Point intersects ecological-zone polygon, but polygon attribute is outside target classes."
27.55465296,85.66751449,Hills,outside_target_ae_zone,,polygon_outside_target_scope,False,"Point intersects ecological-zone polygon, but polygon attribute is outside target classes."
27.55856394,85.6666829,Hills,outside_target_ae_zone,,polygon_outside_target_scope,False,"Point intersects ecological-zone polygon, but polygon attribute is outside target classes."
27.65007923,85.59361339,Hills,outside_target_ae_zone,,polygon_outside_target_scope,False,"Point intersects ecological-zone polygon, but polygon attribute is outside target classes."
27.67011617,85.58106151,Hills,outside_target_ae_zone,,polygon_outside_target_scope,False,"Point intersects ecological-zone polygon, but polygon attribute is outside target classes."
27.66168304,85.59524301,Hills,outside_target_ae_zone,,polygon_outside_target_scope,False,"Point intersects ecological-zone polygon, but polygon attribute is outside target classes."
27.5605062,85.6648713,Hills,outside_target_ae_zone,,polygon_outside_target_scope,False,"Point intersects ecological-zone polygon, but polygon attribute is outside target classes."
27.64557517,85.55466834,Hills,outside_target_ae_zone,,polygon_outside_target_scope,False,"Point intersects ecological-zone polygon, but polygon attribute is outside target classes."
27.64696562,85.56233618,Hills,outside_target_ae_zone,,polygon_outside_target_scope,False,"Point intersects ecological-zone polygon, but polygon attribute is outside target classes."
27.65019554,85.57663125,Hills,outside_target_ae_zone,,polygon_outside_target_scope,False,"Point intersects ecological-zone polygon, but polygon attribute is outside target classes."
27.5544684,85.66762976,Hills,outside_target_ae_zone,,polygon_outside_target_scope,False,"Point intersects ecological-zone polygon, but polygon attribute is outside target classes."
27.55867905,85.66662332,Hills,outside_target_ae_zone,,polygon_outside_target_scope,False,"Point intersects ecological-zone polygon, but polygon attribute is outside target classes."
27.65008583,85.59361389,Hills,outside_target_ae_zone,,polygon_outside_target_scope,False,"Point intersects ecological-zone polygon, but polygon attribute is outside target classes."
27.67005164,85.5808474,Hills,outside_target_ae_zone,,polygon_outside_target_scope,False,"Point intersects ecological-zone polygon, but polygon attribute is outside target classes."
27.66163535,85.59492434,Hills,outside_target_ae_zone,,polygon_outside_target_scope,False,"Point intersects ecological-zone polygon, but polygon attribute is outside target classes."
27.5606008,85.66486519,Hills,outside_target_ae_zone,,polygon_outside_target_scope,False,"Point intersects ecological-zone polygon, but polygon attribute is outside target classes."
27.64565601,85.55463457,Hills,outside_target_ae_zone,,polygon_outside_target_scope,False,"Point intersects ecological-zone polygon, but polygon attribute is outside target classes."
27.64697419,85.56234037,Hills,outside_target_ae_zone,,polygon_outside_target_scope,False,"Point intersects ecological-zone polygon, but polygon attribute is outside target classes."
27.65020033,85.57666488,Hills,outside_target_ae_zone,,polygon_outside_target_scope,False,"Point intersects ecological-zone polygon, but polygon attribute is outside target classes."
27.55441664,85.66764621,Hills,outside_target_ae_zone,,polygon_outside_target_scope,False,"Point intersects ecological-zone polygon, but polygon attribute is outside target classes."
27.55879113,85.66651052,Hills,outside_target_ae_zone,,polygon_outside_target_scope,False,"Point intersects ecological-zone polygon, but polygon attribute is outside target classes."
27.65008951,85.59362833,Hills,outside_target_ae_zone,,polygon_outside_target_scope,False,"Point intersects ecological-zone polygon, but polygon attribute is outside target classes."
27.67006662,85.5810992,Hills,outside_target_ae_zone,,polygon_outside_target_scope,False,"Point intersects ecological-zone polygon, but polygon attribute is outside target classes."
27.66162521,85.59493641,Hills,outside_target_ae_zone,,polygon_outside_target_scope,False,"Point intersects ecological-zone polygon, but polygon attribute is outside target classes."
27.56058342,85.66486177,Hills,outside_target_ae_zone,,polygon_outside_target_scope,False,"Point intersects ecological-zone polygon, but polygon attribute is outside target classes."
27.64564698,85.55463757,Hills,outside_target_ae_zone,,polygon_outside_target_scope,False,"Point intersects ecological-zone polygon, but polygon attribute is outside target classes."
27.64697788,85.56235148,Hills,outside_target_ae_zone,,polygon_outside_target_scope,False,"Point intersects ecological-zone polygon, but polygon attribute is outside target classes."
27.65017272,85.57666896,Hills,outside_target_ae_zone,,polygon_outside_target_scope,False,"Point intersects ecological-zone polygon, but polygon attribute is outside target classes."
27.55470088,85.6674945,Hills,outside_target_ae_zone,,polygon_outside_target_scope,False,"Point intersects ecological-zone polygon, but polygon attribute is outside target classes."
27.55879117,85.6665101,Hills,outside_target_ae_zone,,polygon_outside_target_scope,False,"Point intersects ecological-zone polygon, but polygon attribute is outside target classes."
27.65009491,85.59363032,Hills,outside_target_ae_zone,,polygon_outside_target_scope,False,"Point intersects ecological-zone polygon, but polygon attribute is outside target classes."
27.67004168,85.58115009,Hills,outside_target_ae_zone,,polygon_outside_target_scope,False,"Point intersects ecological-zone polygon, but polygon attribute is outside target classes."
27.66161149,85.59493882,Hills,outside_target_ae_zone,,polygon_outside_target_scope,False,"Point intersects ecological-zone polygon, but polygon attribute is outside target classes."
27.56066755,85.66487803,Hills,outside_target_ae_zone,,polygon_outside_target_scope,False,"Point intersects ecological-zone polygon, but polygon attribute is outside target classes."
27.64561833,85.554632,Hills,outside_target_ae_zone,,polygon_outside_target_scope,False,"Point intersects ecological-zone polygon, but polygon attribute is outside target classes."
27.64699402,85.5623446,Hills,outside_target_ae_zone,,polygon_outside_target_scope,False,"Point intersects ecological-zone polygon, but polygon attribute is outside target classes."
27.65016183,85.57668644,Hills,outside_target_ae_zone,,polygon_outside_target_scope,False,"Point intersects ecological-zone polygon, but polygon attribute is outside target classes."
27.55468903,85.66737718,Hills,outside_target_ae_zone,,polygon_outside_target_scope,False,"Point intersects ecological-zone polygon, but polygon attribute is outside target classes."
27.55876872,85.66634087,Hills,outside_target_ae_zone,,polygon_outside_target_scope,False,"Point intersects ecological-zone polygon, but polygon attribute is outside target classes."
27.65010726,85.59363155,Hills,outside_target_ae_zone,,polygon_outside_target_scope,False,"Point intersects ecological-zone polygon, but polygon attribute is outside target classes."
27.67004188,85.58090516,Hills,outside_target_ae_zone,,polygon_outside_target_scope,False,"Point intersects ecological-zone polygon, but polygon attribute is outside target classes."
27.66162987,85.5949651,Hills,outside_target_ae_zone,,polygon_outside_target_scope,False,"Point intersects ecological-zone polygon, but polygon attribute is outside target classes."
27.56058799,85.66485975,Hills,outside_target_ae_zone,,polygon_outside_target_scope,False,"Point intersects ecological-zone polygon, but polygon attribute is outside target classes."
27.64560389,85.55464565,Hills,outside_target_ae_zone,,polygon_outside_target_scope,False,"Point intersects ecological-zone polygon, but polygon attribute is outside target classes."
27.64701915,85.56237879,Hills,outside_target_ae_zone,,polygon_outside_target_scope,False,"Point intersects ecological-zone polygon, but polygon attribute is outside target classes."
27.65015802,85.57668921,Hills,outside_target_ae_zone,,polygon_outside_target_scope,False,"Point intersects ecological-zone polygon, but polygon attribute is outside target classes."
27.55455024,85.66750406,Hills,outside_target_ae_zone,,polygon_outside_target_scope,False,"Point intersects ecological-zone polygon, but polygon attribute is outside target classes."
27.55877039,85.66634072,Hills,outside_target_ae_zone,,polygon_outside_target_scope,False,"Point intersects ecological-zone polygon, but polygon attribute is outside target classes."
27.65010811,85.59363108,Hills,outside_target_ae_zone,,polygon_outside_target_scope,False,"Point intersects ecological-zone polygon, but polygon attribute is outside target classes."
27.67011176,85.58107345,Hills,outside_target_ae_zone,,polygon_outside_target_scope,False,"Point intersects ecological-zone polygon, but polygon attribute is outside target classes."
27.66163640375,85.59506988375,Hills,outside_target_ae_zone,,polygon_outside_target_scope,False,"Point intersects ecological-zone polygon, but polygon attribute is outside target classes."
27.56058527,85.66485618,Hills,outside_target_ae_zone,,polygon_outside_target_scope,False,"Point intersects ecological-zone polygon, but polygon attribute is outside target classes."
27.64556738,85.55469123,Hills,outside_target_ae_zone,,polygon_outside_target_scope,False,"Point intersects ecological-zone polygon, but polygon attribute is outside target classes."
27.64703372,85.56239723,Hills,outside_target_ae_zone,,polygon_outside_target_scope,False,"Point intersects ecological-zone polygon, but polygon attribute is outside target classes."
27.65015014,85.57669031,Hills,outside_target_ae_zone,,polygon_outside_target_scope,False,"Point intersects ecological-zone polygon, but polygon attribute is outside target classes."
27.55471127,85.66734462,Hills,outside_target_ae_zone,,polygon_outside_target_scope,False,"Point intersects ecological-zone polygon, but polygon attribute is outside target classes."
27.55877099,85.66633977,Hills,outside_target_ae_zone,,polygon_outside_target_scope,False,"Point intersects ecological-zone polygon, but polygon attribute is outside target classes."
27.65009723,85.59362341,Hills,outside_target_ae_zone,,polygon_outside_target_scope,False,"Point intersects ecological-zone polygon, but polygon attribute is outside target classes."
27.67013182,85.58105466,Hills,outside_target_ae_zone,,polygon_outside_target_scope,False,"Point intersects ecological-zone polygon, but polygon attribute is outside target classes."
27.66162395,85.59497492,Hills,outside_target_ae_zone,,polygon_outside_target_scope,False,"Point intersects ecological-zone polygon, but polygon attribute is outside target classes."
29.08329117,80.59328898,Hills,outside_target_ae_zone,,polygon_outside_target_scope,False,"Point intersects ecological-zone polygon, but polygon attribute is outside target classes."
29.08353038,80.59551555,Hills,outside_target_ae_zone,,polygon_outside_target_scope,False,"Point intersects ecological-zone polygon, but polygon attribute is outside target classes."
29.07951778,80.59137803,Hills,outside_target_ae_zone,,polygon_outside_target_scope,False,"Point intersects ecological-zone polygon, but polygon attribute is outside target classes."
29.08327635,80.5932987,Hills,outside_target_ae_zone,,polygon_outside_target_scope,False,"Point intersects ecological-zone polygon, but polygon attribute is outside target classes."
29.08350202,80.59555287,Hills,outside_target_ae_zone,,polygon_outside_target_scope,False,"Point intersects ecological-zone polygon, but polygon attribute is outside target classes."
29.07951436,80.59140166,Hills,outside_target_ae_zone,,polygon_outside_target_scope,False,"Point intersects ecological-zone polygon, but polygon attribute is outside target classes."
29.08327673,80.59332831,Hills,outside_target_ae_zone,,polygon_outside_target_scope,False,"Point intersects ecological-zone polygon, but polygon attribute is outside target classes."
29.08351847,80.5955538,Hills,outside_target_ae_zone,,polygon_outside_target_scope,False,"Point intersects ecological-zone polygon, but polygon attribute is outside target classes."
29.079512,80.59141333,Hills,outside_target_ae_zone,,polygon_outside_target_scope,False,"Point intersects ecological-zone polygon, but polygon attribute is outside target classes."
29.0832901,80.5933326,Hills,outside_target_ae_zone,,polygon_outside_target_scope,False,"Point intersects ecological-zone polygon, but polygon attribute is outside target classes."
29.08354801,80.5955566,Hills,outside_target_ae_zone,,polygon_outside_target_scope,False,"Point intersects ecological-zone polygon, but polygon attribute is outside target classes."
29.07950258,80.59139689,Hills,outside_target_ae_zone,,polygon_outside_target_scope,False,"Point intersects ecological-zone polygon, but polygon attribute is outside target classes."
29.08328167,80.59332729,Hills,outside_target_ae_zone,,polygon_outside_target_scope,False,"Point intersects ecological-zone polygon, but polygon attribute is outside target classes."
29.08356039,80.59555709,Hills,outside_target_ae_zone,,polygon_outside_target_scope,False,"Point intersects ecological-zone polygon, but polygon attribute is outside target classes."
29.07950151,80.59141371,Hills,outside_target_ae_zone,,polygon_outside_target_scope,False,"Point intersects ecological-zone polygon, but polygon attribute is outside target classes."
29.0832885,80.5933351,Hills,outside_target_ae_zone,,polygon_outside_target_scope,False,"Point intersects ecological-zone polygon, but polygon attribute is outside target classes."
29.0835592,80.59555689,Hills,outside_target_ae_zone,,polygon_outside_target_scope,False,"Point intersects ecological-zone polygon, but polygon attribute is outside target classes."
29.07950266,80.59144786,Hills,outside_target_ae_zone,,polygon_outside_target_scope,False,"Point intersects ecological-zone polygon, but polygon attribute is outside target classes."
29.08328866,80.59333696,Hills,outside_target_ae_zone,,polygon_outside_target_scope,False,"Point intersects ecological-zone polygon, but polygon attribute is outside target classes."
29.08355296,80.59553985,Hills,outside_target_ae_zone,,polygon_outside_target_scope,False,"Point intersects ecological-zone polygon, but polygon attribute is outside target classes."
29.0795114,80.59146346,Hills,outside_target_ae_zone,,polygon_outside_target_scope,False,"Point intersects ecological-zone polygon, but polygon attribute is outside target classes."
29.08326987,80.59331328,Hills,outside_target_ae_zone,,polygon_outside_target_scope,False,"Point intersects ecological-zone polygon, but polygon attribute is outside target classes."
29.08356178,80.5955264,Hills,outside_target_ae_zone,,polygon_outside_target_scope,False,"Point intersects ecological-zone polygon, but polygon attribute is outside target classes."
29.07951102,80.59145253,Hills,outside_target_ae_zone,,polygon_outside_target_scope,False,"Point intersects ecological-zone polygon, but polygon attribute is outside target classes."
29.08326724,80.59330328,Hills,outside_target_ae_zone,,polygon_outside_target_scope,False,"Point intersects ecological-zone polygon, but polygon attribute is outside target classes."
29.08355348,80.59553606,Hills,outside_target_ae_zone,,polygon_outside_target_scope,False,"Point intersects ecological-zone polygon, but polygon attribute is outside target classes."
29.07951271,80.59146397,Hills,outside_target_ae_zone,,polygon_outside_target_scope,False,"Point intersects ecological-zone polygon, but polygon attribute is outside target classes."
29.14440826,80.6019709,Hills,outside_target_ae_zone,,polygon_outside_target_scope,False,"Point intersects ecological-zone polygon, but polygon attribute is outside target classes."
29.1440473,80.60301944,Hills,outside_target_ae_zone,,polygon_outside_target_scope,False,"Point intersects ecological-zone polygon, but polygon attribute is outside target classes."
29.14415823,80.60541769,Hills,outside_target_ae_zone,,polygon_outside_target_scope,False,"Point intersects ecological-zone polygon, but polygon attribute is outside target classes."
29.1444067,80.60198095,Hills,outside_target_ae_zone,,polygon_outside_target_scope,False,"Point intersects ecological-zone polygon, but polygon attribute is outside target classes."
29.14406642,80.60298455,Hills,outside_target_ae_zone,,polygon_outside_target_scope,False,"Point intersects ecological-zone polygon, but polygon attribute is outside target classes."
29.14420051,80.60545099,Hills,outside_target_ae_zone,,polygon_outside_target_scope,False,"Point intersects ecological-zone polygon, but polygon attribute is outside target classes."
29.14440539,80.6019589,Hills,outside_target_ae_zone,,polygon_outside_target_scope,False,"Point intersects ecological-zone polygon, but polygon attribute is outside target classes."
29.14402916,80.6029443,Hills,outside_target_ae_zone,,polygon_outside_target_scope,False,"Point intersects ecological-zone polygon, but polygon attribute is outside target classes."
29.14419953,80.60541185,Hills,outside_target_ae_zone,,polygon_outside_target_scope,False,"Point intersects ecological-zone polygon, but polygon attribute is outside target classes."
29.14441456,80.60193439,Hills,outside_target_ae_zone,,polygon_outside_target_scope,False,"Point intersects ecological-zone polygon, but polygon attribute is outside target classes."
29.14406162,80.60297787,Hills,outside_target_ae_zone,,polygon_outside_target_scope,False,"Point intersects ecological-zone polygon, but polygon attribute is outside target classes."
29.14421015,80.60541811,Hills,outside_target_ae_zone,,polygon_outside_target_scope,False,"Point intersects ecological-zone polygon, but polygon attribute is outside target classes."
29.14441108,80.60190207,Hills,outside_target_ae_zone,,polygon_outside_target_scope,False,"Point intersects ecological-zone polygon, but polygon attribute is outside target classes."
29.14406546,80.6029904,Hills,outside_target_ae_zone,,polygon_outside_target_scope,False,"Point intersects ecological-zone polygon, but polygon attribute is outside target classes."
29.1442015,80.60538843,Hills,outside_target_ae_zone,,polygon_outside_target_scope,False,"Point intersects ecological-zone polygon, but polygon attribute is outside target classes."
29.14445984,80.60178671,Hills,outside_target_ae_zone,,polygon_outside_target_scope,False,"Point intersects ecological-zone polygon, but polygon attribute is outside target classes."
29.14397863,80.60297518,Hills,outside_target_ae_zone,,polygon_outside_target_scope,False,"Point intersects ecological-zone polygon, but polygon attribute is outside target classes."
29.14429276,80.60538251,Hills,outside_target_ae_zone,,polygon_outside_target_scope,False,"Point intersects ecological-zone polygon, but polygon attribute is outside target classes."
29.14441114,80.60188293,Hills,outside_target_ae_zone,,polygon_outside_target_scope,False,"Point intersects ecological-zone polygon, but polygon attribute is outside target classes."
29.14405423,80.60298751,Hills,outside_target_ae_zone,,polygon_outside_target_scope,False,"Point intersects ecological-zone polygon, but polygon attribute is outside target classes."
29.14430126,80.60540403,Hills,outside_target_ae_zone,,polygon_outside_target_scope,False,"Point intersects ecological-zone polygon, but polygon attribute is outside target classes."
29.14446111,80.6017681,Hills,outside_target_ae_zone,,polygon_outside_target_scope,False,"Point intersects ecological-zone polygon, but polygon attribute is outside target classes."
29.14404606,80.60298644,Hills,outside_target_ae_zone,,polygon_outside_target_scope,False,"Point intersects ecological-zone polygon, but polygon attribute is outside target classes."
29.14428681,80.60539869,Hills,outside_target_ae_zone,,polygon_outside_target_scope,False,"Point intersects ecological-zone polygon, but polygon attribute is outside target classes."
29.14448158,80.60181535,Hills,outside_target_ae_zone,,polygon_outside_target_scope,False,"Point intersects ecological-zone polygon, but polygon attribute is outside target classes."
29.14404993,80.60295616,Hills,outside_target_ae_zone,,polygon_outside_target_scope,False,"Point intersects ecological-zone polygon, but polygon attribute is outside target classes."
29.14427949,80.60539334,Hills,outside_target_ae_zone,,polygon_outside_target_scope,False,"Point intersects ecological-zone polygon, but polygon attribute is outside target classes."
27.81034558242824,83.63254176394435,Hills,outside_target_ae_zone,,polygon_outside_target_scope,False,"Point intersects ecological-zone polygon, but polygon attribute is outside target classes."
27.81034558242824,83.63254176394435,Hills,outside_target_ae_zone,,polygon_outside_target_scope,False,"Point intersects ecological-zone polygon, but polygon attribute is outside target classes."
27.81034558242824,83.63254176394435,Hills,outside_target_ae_zone,,polygon_outside_target_scope,False,"Point intersects ecological-zone polygon, but polygon attribute is outside target classes."
27.81034558242824,83.63254176394435,Hills,outside_target_ae_zone,,polygon_outside_target_scope,False,"Point intersects ecological-zone polygon, but polygon attribute is outside target classes."
27.81034558242824,83.63254176394435,Hills,outside_target_ae_zone,,polygon_outside_target_scope,False,"Point intersects ecological-zone polygon, but polygon attribute is outside target classes."
27.81034558242824,83.63254176394435,Hills,outside_target_ae_zone,,polygon_outside_target_scope,False,"Point intersects ecological-zone polygon, but polygon attribute is outside target classes."
27.81034558242824,83.63254176394435,Hills,outside_target_ae_zone,,polygon_outside_target_scope,False,"Point intersects ecological-zone polygon, but polygon attribute is outside target classes."
27.81034558242824,83.63254176394435,Hills,outside_target_ae_zone,,polygon_outside_target_scope,False,"Point intersects ecological-zone polygon, but polygon attribute is outside target classes."
27.81034558242824,83.63254176394435,Hills,outside_target_ae_zone,,polygon_outside_target_scope,False,"Point intersects ecological-zone polygon, but polygon attribute is outside target classes."
27.81034558242824,83.63254176394435,Hills,outside_target_ae_zone,,polygon_outside_target_scope,False,"Point intersects ecological-zone polygon, but polygon attribute is outside target classes."
27.81034558242824,83.63254176394435,Hills,outside_target_ae_zone,,polygon_outside_target_scope,False,"Point intersects ecological-zone polygon, but polygon attribute is outside target classes."
27.81034558242824,83.63254176394435,Hills,outside_target_ae_zone,,polygon_outside_target_scope,False,"Point intersects ecological-zone polygon, but polygon attribute is outside target classes."
27.81034558242824,83.63254176394435,Hills,outside_target_ae_zone,,polygon_outside_target_scope,False,"Point intersects ecological-zone polygon, but polygon attribute is outside target classes."
27.81034558242824,83.63254176394435,Hills,outside_target_ae_zone,,polygon_outside_target_scope,False,"Point intersects ecological-zone polygon, but polygon attribute is outside target classes."
27.81034558242824,83.63254176394435,Hills,outside_target_ae_zone,,polygon_outside_target_scope,False,"Point intersects ecological-zone polygon, but polygon attribute is outside target classes."
27.81034558242824,83.63254176394435,Hills,outside_target_ae_zone,,polygon_outside_target_scope,False,"Point intersects ecological-zone polygon, but polygon attribute is outside target classes."
27.81034558242824,83.63254176394435,Hills,outside_target_ae_zone,,polygon_outside_target_scope,False,"Point intersects ecological-zone polygon, but polygon attribute is outside target classes."
27.81034558242824,83.63254176394435,Hills,outside_target_ae_zone,,polygon_outside_target_scope,False,"Point intersects ecological-zone polygon, but polygon attribute is outside target classes."
27.81034558242824,83.63254176394435,Hills,outside_target_ae_zone,,polygon_outside_target_scope,False,"Point intersects ecological-zone polygon, but polygon attribute is outside target classes."
27.81034558242824,83.63254176394435,Hills,outside_target_ae_zone,,polygon_outside_target_scope,False,"Point intersects ecological-zone polygon, but polygon attribute is outside target classes."
27.81034558242824,83.63254176394435,Hills,outside_target_ae_zone,,polygon_outside_target_scope,False,"Point intersects ecological-zone polygon, but polygon attribute is outside target classes."
27.81034558242824,83.63254176394435,Hills,outside_target_ae_zone,,polygon_outside_target_scope,False,"Point intersects ecological-zone polygon, but polygon attribute is outside target classes."
27.81034558242824,83.63254176394435,Hills,outside_target_ae_zone,,polygon_outside_target_scope,False,"Point intersects ecological-zone polygon, but polygon attribute is outside target classes."
27.81034558242824,83.63254176394435,Hills,outside_target_ae_zone,,polygon_outside_target_scope,False,"Point intersects ecological-zone polygon, but polygon attribute is outside target classes."
27.81034558242824,83.63254176394435,Hills,outside_target_ae_zone,,polygon_outside_target_scope,False,"Point intersects ecological-zone polygon, but polygon attribute is outside target classes."
27.81034558242824,83.63254176394435,Hills,outside_target_ae_zone,,polygon_outside_target_scope,False,"Point intersects ecological-zone polygon, but polygon attribute is outside target classes."
27.81034558242824,83.63254176394435,Hills,outside_target_ae_zone,,polygon_outside_target_scope,False,"Point intersects ecological-zone polygon, but polygon attribute is outside target classes."
27.81034558242824,83.63254176394435,Hills,outside_target_ae_zone,,polygon_outside_target_scope,False,"Point intersects ecological-zone polygon, but polygon attribute is outside target classes."
27.81034558242824,83.63254176394435,Hills,outside_target_ae_zone,,polygon_outside_target_scope,False,"Point intersects ecological-zone polygon, but polygon attribute is outside target classes."
27.81034558242824,83.63254176394435,Hills,outside_target_ae_zone,,polygon_outside_target_scope,False,"Point intersects ecological-zone polygon, but polygon attribute is outside target classes."
27.81034558242824,83.63254176394435,Hills,outside_target_ae_zone,,polygon_outside_target_scope,False,"Point intersects ecological-zone polygon, but polygon attribute is outside target classes."
27.81034558242824,83.63254176394435,Hills,outside_target_ae_zone,,polygon_outside_target_scope,False,"Point intersects ecological-zone polygon, but polygon attribute is outside target classes."
27.81034558242824,83.63254176394435,Hills,outside_target_ae_zone,,polygon_outside_target_scope,False,"Point intersects ecological-zone polygon, but polygon attribute is outside target classes."
27.81034558242824,83.63254176394435,Hills,outside_target_ae_zone,,polygon_outside_target_scope,False,"Point intersects ecological-zone polygon, but polygon attribute is outside target classes."
27.81034558242824,83.63254176394435,Hills,outside_target_ae_zone,,polygon_outside_target_scope,False,"Point intersects ecological-zone polygon, but polygon attribute is outside target classes."
27.81034558242824,83.63254176394435,Hills,outside_target_ae_zone,,polygon_outside_target_scope,False,"Point intersects ecological-zone polygon, but polygon attribute is outside target classes."
28.71718162,81.51109962,Hills,outside_target_ae_zone,,polygon_outside_target_scope,False,"Point intersects ecological-zone polygon, but polygon attribute is outside target classes."
28.7130474,81.50815083,Hills,outside_target_ae_zone,,polygon_outside_target_scope,False,"Point intersects ecological-zone polygon, but polygon attribute is outside target classes."
28.70857806,81.51209792,Hills,outside_target_ae_zone,,polygon_outside_target_scope,False,"Point intersects ecological-zone polygon, but polygon attribute is outside target classes."
28.71717851,81.5110712,Hills,outside_target_ae_zone,,polygon_outside_target_scope,False,"Point intersects ecological-zone polygon, but polygon attribute is outside target classes."
28.71298785,81.50813356,Hills,outside_target_ae_zone,,polygon_outside_target_scope,False,"Point intersects ecological-zone polygon, but polygon attribute is outside target classes."
28.70850714,81.51212286,Hills,outside_target_ae_zone,,polygon_outside_target_scope,False,"Point intersects ecological-zone polygon, but polygon attribute is outside target classes."
28.71723244,81.51116628,Hills,outside_target_ae_zone,,polygon_outside_target_scope,False,"Point intersects ecological-zone polygon, but polygon attribute is outside target classes."
28.71295903,81.50811123,Hills,outside_target_ae_zone,,polygon_outside_target_scope,False,"Point intersects ecological-zone polygon, but polygon attribute is outside target classes."
28.70855417,81.51219267,Hills,outside_target_ae_zone,,polygon_outside_target_scope,False,"Point intersects ecological-zone polygon, but polygon attribute is outside target classes."
28.71725158,81.51125748,Hills,outside_target_ae_zone,,polygon_outside_target_scope,False,"Point intersects ecological-zone polygon, but polygon attribute is outside target classes."
28.71294864,81.50801447,Hills,outside_target_ae_zone,,polygon_outside_target_scope,False,"Point intersects ecological-zone polygon, but polygon attribute is outside target classes."
28.70864101,81.51213927,Hills,outside_target_ae_zone,,polygon_outside_target_scope,False,"Point intersects ecological-zone polygon, but polygon attribute is outside target classes."
28.7172110375,81.51114864499999,Hills,outside_target_ae_zone,,polygon_outside_target_scope,False,"Point intersects ecological-zone polygon, but polygon attribute is outside target classes."
28.71298573,81.5081025225,Hills,outside_target_ae_zone,,polygon_outside_target_scope,False,"Point intersects ecological-zone polygon, but polygon attribute is outside target classes."
28.708570095,81.51213818000001,Hills,outside_target_ae_zone,,polygon_outside_target_scope,False,"Point intersects ecological-zone polygon, but polygon attribute is outside target classes."
28.80443861,81.39836287,Hills,outside_target_ae_zone,,polygon_outside_target_scope,False,"Point intersects ecological-zone polygon, but polygon attribute is outside target classes."
28.80562335,81.40006767,Hills,outside_target_ae_zone,,polygon_outside_target_scope,False,"Point intersects ecological-zone polygon, but polygon attribute is outside target classes."
28.80449108,81.39978295,Hills,outside_target_ae_zone,,polygon_outside_target_scope,False,"Point intersects ecological-zone polygon, but polygon attribute is outside target classes."
28.80447987,81.39837053,Hills,outside_target_ae_zone,,polygon_outside_target_scope,False,"Point intersects ecological-zone polygon, but polygon attribute is outside target classes."
28.80570239,81.40013454,Hills,outside_target_ae_zone,,polygon_outside_target_scope,False,"Point intersects ecological-zone polygon, but polygon attribute is outside target classes."
28.8044897,81.39978225,Hills,outside_target_ae_zone,,polygon_outside_target_scope,False,"Point intersects ecological-zone polygon, but polygon attribute is outside target classes."
28.80449387,81.39835856,Hills,outside_target_ae_zone,,polygon_outside_target_scope,False,"Point intersects ecological-zone polygon, but polygon attribute is outside target classes."
28.80574516,81.40013241,Hills,outside_target_ae_zone,,polygon_outside_target_scope,False,"Point intersects ecological-zone polygon, but polygon attribute is outside target classes."
28.80449061,81.39978848,Hills,outside_target_ae_zone,,polygon_outside_target_scope,False,"Point intersects ecological-zone polygon, but polygon attribute is outside target classes."
28.80449154,81.39836423,Hills,outside_target_ae_zone,,polygon_outside_target_scope,False,"Point intersects ecological-zone polygon, but polygon attribute is outside target classes."
28.80575807,81.40013587,Hills,outside_target_ae_zone,,polygon_outside_target_scope,False,"Point intersects ecological-zone polygon, but polygon attribute is outside target classes."
28.80448557,81.39979296,Hills,outside_target_ae_zone,,polygon_outside_target_scope,False,"Point intersects ecological-zone polygon, but polygon attribute is outside target classes."
28.8044759725,81.3983640475,Hills,outside_target_ae_zone,,polygon_outside_target_scope,False,"Point intersects ecological-zone polygon, but polygon attribute is outside target classes."
28.8057072425,81.4001176225,Hills,outside_target_ae_zone,,polygon_outside_target_scope,False,"Point intersects ecological-zone polygon, but polygon attribute is outside target classes."
28.80448924,81.39978666,Hills,outside_target_ae_zone,,polygon_outside_target_scope,False,"Point intersects ecological-zone polygon, but polygon attribute is outside target classes."
28.83357017,81.30635003,Hills,outside_target_ae_zone,,polygon_outside_target_scope,False,"Point intersects ecological-zone polygon, but polygon attribute is outside target classes."
28.83565509,81.30720544,Hills,outside_target_ae_zone,,polygon_outside_target_scope,False,"Point intersects ecological-zone polygon, but polygon attribute is outside target classes."
28.83358391,81.30636024,Hills,outside_target_ae_zone,,polygon_outside_target_scope,False,"Point intersects ecological-zone polygon, but polygon attribute is outside target classes."
28.835614,81.30718576,Hills,outside_target_ae_zone,,polygon_outside_target_scope,False,"Point intersects ecological-zone polygon, but polygon attribute is outside target classes."
28.8335638,81.30633062,Hills,outside_target_ae_zone,,polygon_outside_target_scope,False,"Point intersects ecological-zone polygon, but polygon attribute is outside target classes."
28.83558838,81.3071791,Hills,outside_target_ae_zone,,polygon_outside_target_scope,False,"Point intersects ecological-zone polygon, but polygon attribute is outside target classes."
28.83351545,81.30623543,Hills,outside_target_ae_zone,,polygon_outside_target_scope,False,"Point intersects ecological-zone polygon, but polygon attribute is outside target classes."
28.83555476,81.3071938,Hills,outside_target_ae_zone,,polygon_outside_target_scope,False,"Point intersects ecological-zone polygon, but polygon attribute is outside target classes."
28.8335583325,81.30631908000001,Hills,outside_target_ae_zone,,polygon_outside_target_scope,False,"Point intersects ecological-zone polygon, but polygon attribute is outside target classes."
28.8356030575,81.307191025,Hills,outside_target_ae_zone,,polygon_outside_target_scope,False,"Point intersects ecological-zone polygon, but polygon attribute is outside target classes."
28.4492006,81.79294799,Hills,outside_target_ae_zone,,polygon_outside_target_scope,False,"Point intersects ecological-zone polygon, but polygon attribute is outside target classes."
28.44917426,81.79296965,Hills,outside_target_ae_zone,,polygon_outside_target_scope,False,"Point intersects ecological-zone polygon, but polygon attribute is outside target classes."
28.44917225,81.79299476,Hills,outside_target_ae_zone,,polygon_outside_target_scope,False,"Point intersects ecological-zone polygon, but polygon attribute is outside target classes."
28.44915611,81.7930359,Hills,outside_target_ae_zone,,polygon_outside_target_scope,False,"Point intersects ecological-zone polygon, but polygon attribute is outside target classes."
28.449175805,81.792987075,Hills,outside_target_ae_zone,,polygon_outside_target_scope,False,"Point intersects ecological-zone polygon, but polygon attribute is outside target classes."
28.42898197,81.80372807,Hills,outside_target_ae_zone,,polygon_outside_target_scope,False,"Point intersects ecological-zone polygon, but polygon attribute is outside target classes."
28.45888873,81.78539592,Hills,outside_target_ae_zone,,polygon_outside_target_scope,False,"Point intersects ecological-zone polygon, but polygon attribute is outside target classes."
28.42895981,81.80375254,Hills,outside_target_ae_zone,,polygon_outside_target_scope,False,"Point intersects ecological-zone polygon, but polygon attribute is outside target classes."
28.45888729,81.78539747,Hills,outside_target_ae_zone,,polygon_outside_target_scope,False,"Point intersects ecological-zone polygon, but polygon attribute is outside target classes."
28.4289316,81.80384745,Hills,outside_target_ae_zone,,polygon_outside_target_scope,False,"Point intersects ecological-zone polygon, but polygon attribute is outside target classes."
28.45888395,81.78541313,Hills,outside_target_ae_zone,,polygon_outside_target_scope,False,"Point intersects ecological-zone polygon, but polygon attribute is outside target classes."
28.42892052,81.80387562,Hills,outside_target_ae_zone,,polygon_outside_target_scope,False,"Point intersects ecological-zone polygon, but polygon attribute is outside target classes."
28.45892447,81.78542715,Hills,outside_target_ae_zone,,polygon_outside_target_scope,False,"Point intersects ecological-zone polygon, but polygon attribute is outside target classes."
28.428948475,81.80380092,Hills,outside_target_ae_zone,,polygon_outside_target_scope,False,"Point intersects ecological-zone polygon, but polygon attribute is outside target classes."
28.45889611,81.78540841750001,Hills,outside_target_ae_zone,,polygon_outside_target_scope,False,"Point intersects ecological-zone polygon, but polygon attribute is outside target classes."
28.41936269,81.79074152,Hills,outside_target_ae_zone,,polygon_outside_target_scope,False,"Point intersects ecological-zone polygon, but polygon attribute is outside target classes."
28.43194869,81.80363918,Hills,outside_target_ae_zone,,polygon_outside_target_scope,False,"Point intersects ecological-zone polygon, but polygon attribute is outside target classes."
28.43692888,81.80006306,Hills,outside_target_ae_zone,,polygon_outside_target_scope,False,"Point intersects ecological-zone polygon, but polygon attribute is outside target classes."
28.46663734,81.80211746,Hills,outside_target_ae_zone,,polygon_outside_target_scope,False,"Point intersects ecological-zone polygon, but polygon attribute is outside target classes."
28.50209998,81.74797465,Hills,outside_target_ae_zone,,polygon_outside_target_scope,False,"Point intersects ecological-zone polygon, but polygon attribute is outside target classes."
28.50415762,81.735807,Hills,outside_target_ae_zone,,polygon_outside_target_scope,False,"Point intersects ecological-zone polygon, but polygon attribute is outside target classes."
28.48997839,81.74311047,Hills,outside_target_ae_zone,,polygon_outside_target_scope,False,"Point intersects ecological-zone polygon, but polygon attribute is outside target classes."
28.46928701,81.79766225,Hills,outside_target_ae_zone,,polygon_outside_target_scope,False,"Point intersects ecological-zone polygon, but polygon attribute is outside target classes."
28.48768645,81.7397833,Hills,outside_target_ae_zone,,polygon_outside_target_scope,False,"Point intersects ecological-zone polygon, but polygon attribute is outside target classes."
28.50845553,81.72643594,Hills,outside_target_ae_zone,,polygon_outside_target_scope,False,"Point intersects ecological-zone polygon, but polygon attribute is outside target classes."
28.4875529,81.74497244,Hills,outside_target_ae_zone,,polygon_outside_target_scope,False,"Point intersects ecological-zone polygon, but polygon attribute is outside target classes."
28.41937712,81.79078641,Hills,outside_target_ae_zone,,polygon_outside_target_scope,False,"Point intersects ecological-zone polygon, but polygon attribute is outside target classes."
28.43191612,81.80365686,Hills,outside_target_ae_zone,,polygon_outside_target_scope,False,"Point intersects ecological-zone polygon, but polygon attribute is outside target classes."
28.43693622,81.79997764,Hills,outside_target_ae_zone,,polygon_outside_target_scope,False,"Point intersects ecological-zone polygon, but polygon attribute is outside target classes."
28.46663367,81.80212855,Hills,outside_target_ae_zone,,polygon_outside_target_scope,False,"Point intersects ecological-zone polygon, but polygon attribute is outside target classes."
28.50209749,81.74797454,Hills,outside_target_ae_zone,,polygon_outside_target_scope,False,"Point intersects ecological-zone polygon, but polygon attribute is outside target classes."
28.50415059,81.73581804,Hills,outside_target_ae_zone,,polygon_outside_target_scope,False,"Point intersects ecological-zone polygon, but polygon attribute is outside target classes."
28.48999213,81.74311331,Hills,outside_target_ae_zone,,polygon_outside_target_scope,False,"Point intersects ecological-zone polygon, but polygon attribute is outside target classes."
28.46916634,81.79780608,Hills,outside_target_ae_zone,,polygon_outside_target_scope,False,"Point intersects ecological-zone polygon, but polygon attribute is outside target classes."
28.48767429,81.7397654,Hills,outside_target_ae_zone,,polygon_outside_target_scope,False,"Point intersects ecological-zone polygon, but polygon attribute is outside target classes."
28.5084404,81.7264523,Hills,outside_target_ae_zone,,polygon_outside_target_scope,False,"Point intersects ecological-zone polygon, but polygon attribute is outside target classes."
28.48749048,81.74498648,Hills,outside_target_ae_zone,,polygon_outside_target_scope,False,"Point intersects ecological-zone polygon, but polygon attribute is outside target classes."
28.41938009,81.79079632,Hills,outside_target_ae_zone,,polygon_outside_target_scope,False,"Point intersects ecological-zone polygon, but polygon attribute is outside target classes."
28.43189862,81.80364001,Hills,outside_target_ae_zone,,polygon_outside_target_scope,False,"Point intersects ecological-zone polygon, but polygon attribute is outside target classes."
28.43696387,81.80000302,Hills,outside_target_ae_zone,,polygon_outside_target_scope,False,"Point intersects ecological-zone polygon, but polygon attribute is outside target classes."
28.46663889,81.80212538,Hills,outside_target_ae_zone,,polygon_outside_target_scope,False,"Point intersects ecological-zone polygon, but polygon attribute is outside target classes."
28.50204711,81.747988,Hills,outside_target_ae_zone,,polygon_outside_target_scope,False,"Point intersects ecological-zone polygon, but polygon attribute is outside target classes."
28.50417676,81.73584946,Hills,outside_target_ae_zone,,polygon_outside_target_scope,False,"Point intersects ecological-zone polygon, but polygon attribute is outside target classes."
28.48999107,81.74313051,Hills,outside_target_ae_zone,,polygon_outside_target_scope,False,"Point intersects ecological-zone polygon, but polygon attribute is outside target classes."
28.46918072,81.79779772,Hills,outside_target_ae_zone,,polygon_outside_target_scope,False,"Point intersects ecological-zone polygon, but polygon attribute is outside target classes."
28.48768276,81.73973767,Hills,outside_target_ae_zone,,polygon_outside_target_scope,False,"Point intersects ecological-zone polygon, but polygon attribute is outside target classes."
28.50846748,81.72646067,Hills,outside_target_ae_zone,,polygon_outside_target_scope,False,"Point intersects ecological-zone polygon, but polygon attribute is outside target classes."
28.48756018,81.74497555,Hills,outside_target_ae_zone,,polygon_outside_target_scope,False,"Point intersects ecological-zone polygon, but polygon attribute is outside target classes."
28.4193932,81.79081703,Hills,outside_target_ae_zone,,polygon_outside_target_scope,False,"Point intersects ecological-zone polygon, but polygon attribute is outside target classes."
28.43178513,81.80365517,Hills,outside_target_ae_zone,,polygon_outside_target_scope,False,"Point intersects ecological-zone polygon, but polygon attribute is outside target classes."
28.43695877,81.79995899,Hills,outside_target_ae_zone,,polygon_outside_target_scope,False,"Point intersects ecological-zone polygon, but polygon attribute is outside target classes."
28.46664973,81.80206061,Hills,outside_target_ae_zone,,polygon_outside_target_scope,False,"Point intersects ecological-zone polygon, but polygon attribute is outside target classes."
28.50205066,81.7479888,Hills,outside_target_ae_zone,,polygon_outside_target_scope,False,"Point intersects ecological-zone polygon, but polygon attribute is outside target classes."
28.5041347,81.73587236,Hills,outside_target_ae_zone,,polygon_outside_target_scope,False,"Point intersects ecological-zone polygon, but polygon attribute is outside target classes."
28.49008788,81.74318083,Hills,outside_target_ae_zone,,polygon_outside_target_scope,False,"Point intersects ecological-zone polygon, but polygon attribute is outside target classes."
28.46918167,81.79781353,Hills,outside_target_ae_zone,,polygon_outside_target_scope,False,"Point intersects ecological-zone polygon, but polygon attribute is outside target classes."
28.48767756,81.7396723,Hills,outside_target_ae_zone,,polygon_outside_target_scope,False,"Point intersects ecological-zone polygon, but polygon attribute is outside target classes."
28.5085191,81.72650032,Hills,outside_target_ae_zone,,polygon_outside_target_scope,False,"Point intersects ecological-zone polygon, but polygon attribute is outside target classes."
28.48752285,81.74494731,Hills,outside_target_ae_zone,,polygon_outside_target_scope,False,"Point intersects ecological-zone polygon, but polygon attribute is outside target classes."
28.419378275,81.79078532,Hills,outside_target_ae_zone,,polygon_outside_target_scope,False,"Point intersects ecological-zone polygon, but polygon attribute is outside target classes."
28.43188714,81.803647805,Hills,outside_target_ae_zone,,polygon_outside_target_scope,False,"Point intersects ecological-zone polygon, but polygon attribute is outside target classes."
28.436946935,81.8000006775,Hills,outside_target_ae_zone,,polygon_outside_target_scope,False,"Point intersects ecological-zone polygon, but polygon attribute is outside target classes."
28.4666399075,81.802108,Hills,outside_target_ae_zone,,polygon_outside_target_scope,False,"Point intersects ecological-zone polygon, but polygon attribute is outside target classes."
28.50207381,81.7479814975,Hills,outside_target_ae_zone,,polygon_outside_target_scope,False,"Point intersects ecological-zone polygon, but polygon attribute is outside target classes."
28.5041549175,81.735836715,Hills,outside_target_ae_zone,,polygon_outside_target_scope,False,"Point intersects ecological-zone polygon, but polygon attribute is outside target classes."
28.4900123675,81.74313378,Hills,outside_target_ae_zone,,polygon_outside_target_scope,False,"Point intersects ecological-zone polygon, but polygon attribute is outside target classes."
28.469203935,81.797769895,Hills,outside_target_ae_zone,,polygon_outside_target_scope,False,"Point intersects ecological-zone polygon, but polygon attribute is outside target classes."
28.487680265,81.7397396675,Hills,outside_target_ae_zone,,polygon_outside_target_scope,False,"Point intersects ecological-zone polygon, but polygon attribute is outside target classes."
28.5084706275,81.7264623075,Hills,outside_target_ae_zone,,polygon_outside_target_scope,False,"Point intersects ecological-zone polygon, but polygon attribute is outside target classes."
28.4875316025,81.744970445,Hills,outside_target_ae_zone,,polygon_outside_target_scope,False,"Point intersects ecological-zone polygon, but polygon attribute is outside target classes."
28.6404577,81.59228534,Hills,outside_target_ae_zone,,polygon_outside_target_scope,False,"Point intersects ecological-zone polygon, but polygon attribute is outside target classes."
28.63716523,81.5826388,Hills,outside_target_ae_zone,,polygon_outside_target_scope,False,"Point intersects ecological-zone polygon, but polygon attribute is outside target classes."
28.64129399,81.6044017,Hills,outside_target_ae_zone,,polygon_outside_target_scope,False,"Point intersects ecological-zone polygon, but polygon attribute is outside target classes."
28.6404923,81.59223518,Hills,outside_target_ae_zone,,polygon_outside_target_scope,False,"Point intersects ecological-zone polygon, but polygon attribute is outside target classes."
28.6371269,81.58262583,Hills,outside_target_ae_zone,,polygon_outside_target_scope,False,"Point intersects ecological-zone polygon, but polygon attribute is outside target classes."
28.64129058,81.60432514,Hills,outside_target_ae_zone,,polygon_outside_target_scope,False,"Point intersects ecological-zone polygon, but polygon attribute is outside target classes."
28.64049494,81.59220478,Hills,outside_target_ae_zone,,polygon_outside_target_scope,False,"Point intersects ecological-zone polygon, but polygon attribute is outside target classes."
28.63707454,81.58261349,Hills,outside_target_ae_zone,,polygon_outside_target_scope,False,"Point intersects ecological-zone polygon, but polygon attribute is outside target classes."
28.64126618,81.60425924,Hills,outside_target_ae_zone,,polygon_outside_target_scope,False,"Point intersects ecological-zone polygon, but polygon attribute is outside target classes."
28.6405027,81.59214482,Hills,outside_target_ae_zone,,polygon_outside_target_scope,False,"Point intersects ecological-zone polygon, but polygon attribute is outside target classes."
28.6370571,81.58260703,Hills,outside_target_ae_zone,,polygon_outside_target_scope,False,"Point intersects ecological-zone polygon, but polygon attribute is outside target classes."
28.64122923,81.6042333,Hills,outside_target_ae_zone,,polygon_outside_target_scope,False,"Point intersects ecological-zone polygon, but polygon attribute is outside target classes."
28.64048691,81.59221753,Hills,outside_target_ae_zone,,polygon_outside_target_scope,False,"Point intersects ecological-zone polygon, but polygon attribute is outside target classes."
28.6371059425,81.5826212875,Hills,outside_target_ae_zone,,polygon_outside_target_scope,False,"Point intersects ecological-zone polygon, but polygon attribute is outside target classes."
28.641269995,81.604304845,Hills,outside_target_ae_zone,,polygon_outside_target_scope,False,"Point intersects ecological-zone polygon, but polygon attribute is outside target classes."
28.44616452,81.81787976,Hills,outside_target_ae_zone,,polygon_outside_target_scope,False,"Point intersects ecological-zone polygon, but polygon attribute is outside target classes."
28.44621806,81.81789621,Hills,outside_target_ae_zone,,polygon_outside_target_scope,False,"Point intersects ecological-zone polygon, but polygon attribute is outside target classes."
28.44633706,81.81790398,Hills,outside_target_ae_zone,,polygon_outside_target_scope,False,"Point intersects ecological-zone polygon, but polygon attribute is outside target classes."
28.44643536,81.81798476,Hills,outside_target_ae_zone,,polygon_outside_target_scope,False,"Point intersects ecological-zone polygon, but polygon attribute is outside target classes."
28.44628875,81.8179161775,Hills,outside_target_ae_zone,,polygon_outside_target_scope,False,"Point intersects ecological-zone polygon, but polygon attribute is outside target classes."
27.64569798,85.5546388,Hills,outside_target_ae_zone,,polygon_outside_target_scope,False,"Point intersects ecological-zone polygon, but polygon attribute is outside target classes."
27.64681549,85.5627203,Hills,outside_target_ae_zone,,polygon_outside_target_scope,False,"Point intersects ecological-zone polygon, but polygon attribute is outside target classes."
27.6501373,85.57665737,Hills,outside_target_ae_zone,,polygon_outside_target_scope,False,"Point intersects ecological-zone polygon, but polygon attribute is outside target classes."
27.55473936,85.66734139,Hills,outside_target_ae_zone,,polygon_outside_target_scope,False,"Point intersects ecological-zone polygon, but polygon attribute is outside target classes."
27.55876639,85.6662752,Hills,outside_target_ae_zone,,polygon_outside_target_scope,False,"Point intersects ecological-zone polygon, but polygon attribute is outside target classes."
27.56037891,85.66475156,Hills,outside_target_ae_zone,,polygon_outside_target_scope,False,"Point intersects ecological-zone polygon, but polygon attribute is outside target classes."
27.65008853,85.59361366,Hills,outside_target_ae_zone,,polygon_outside_target_scope,False,"Point intersects ecological-zone polygon, but polygon attribute is outside target classes."
27.66162234,85.59498679,Hills,outside_target_ae_zone,,polygon_outside_target_scope,False,"Point intersects ecological-zone polygon, but polygon attribute is outside target classes."
27.64563686,85.5547699,Hills,outside_target_ae_zone,,polygon_outside_target_scope,False,"Point intersects ecological-zone polygon, but polygon attribute is outside target classes."
27.64685517,85.5627276,Hills,outside_target_ae_zone,,polygon_outside_target_scope,False,"Point intersects ecological-zone polygon, but polygon attribute is outside target classes."
27.65014601,85.57668809,Hills,outside_target_ae_zone,,polygon_outside_target_scope,False,"Point intersects ecological-zone polygon, but polygon attribute is outside target classes."
27.55462839,85.66738392,Hills,outside_target_ae_zone,,polygon_outside_target_scope,False,"Point intersects ecological-zone polygon, but polygon attribute is outside target classes."
27.55867271,85.66636854,Hills,outside_target_ae_zone,,polygon_outside_target_scope,False,"Point intersects ecological-zone polygon, but polygon attribute is outside target classes."
27.56033613,85.66472761,Hills,outside_target_ae_zone,,polygon_outside_target_scope,False,"Point intersects ecological-zone polygon, but polygon attribute is outside target classes."
27.6500874,85.59361273,Hills,outside_target_ae_zone,,polygon_outside_target_scope,False,"Point intersects ecological-zone polygon, but polygon attribute is outside target classes."
27.66161689,85.59499187,Hills,outside_target_ae_zone,,polygon_outside_target_scope,False,"Point intersects ecological-zone polygon, but polygon attribute is outside target classes."
27.64564947,85.55481397,Hills,outside_target_ae_zone,,polygon_outside_target_scope,False,"Point intersects ecological-zone polygon, but polygon attribute is outside target classes."
27.64685924,85.5627263,Hills,outside_target_ae_zone,,polygon_outside_target_scope,False,"Point intersects ecological-zone polygon, but polygon attribute is outside target classes."
27.65014001,85.57667402,Hills,outside_target_ae_zone,,polygon_outside_target_scope,False,"Point intersects ecological-zone polygon, but polygon attribute is outside target classes."
27.55457636,85.66743172,Hills,outside_target_ae_zone,,polygon_outside_target_scope,False,"Point intersects ecological-zone polygon, but polygon attribute is outside target classes."
27.55867254,85.66636861,Hills,outside_target_ae_zone,,polygon_outside_target_scope,False,"Point intersects ecological-zone polygon, but polygon attribute is outside target classes."
27.56038444,85.66463905,Hills,outside_target_ae_zone,,polygon_outside_target_scope,False,"Point intersects ecological-zone polygon, but polygon attribute is outside target classes."
27.6500843,85.59361665,Hills,outside_target_ae_zone,,polygon_outside_target_scope,False,"Point intersects ecological-zone polygon, but polygon attribute is outside target classes."
27.66161851,85.59504141,Hills,outside_target_ae_zone,,polygon_outside_target_scope,False,"Point intersects ecological-zone polygon, but polygon attribute is outside target classes."
27.64568832,85.55478868,Hills,outside_target_ae_zone,,polygon_outside_target_scope,False,"Point intersects ecological-zone polygon, but polygon attribute is outside target classes."
27.64685074,85.56271195,Hills,outside_target_ae_zone,,polygon_outside_target_scope,False,"Point intersects ecological-zone polygon, but polygon attribute is outside target classes."
27.65013844,85.57666681,Hills,outside_target_ae_zone,,polygon_outside_target_scope,False,"Point intersects ecological-zone polygon, but polygon attribute is outside target classes."
27.5547177,85.66724284,Hills,outside_target_ae_zone,,polygon_outside_target_scope,False,"Point intersects ecological-zone polygon, but polygon attribute is outside target classes."
27.55861728,85.66640672,Hills,outside_target_ae_zone,,polygon_outside_target_scope,False,"Point intersects ecological-zone polygon, but polygon attribute is outside target classes."
27.56035454,85.66472819,Hills,outside_target_ae_zone,,polygon_outside_target_scope,False,"Point intersects ecological-zone polygon, but polygon attribute is outside target classes."
27.65008423,85.59361587,Hills,outside_target_ae_zone,,polygon_outside_target_scope,False,"Point intersects ecological-zone polygon, but polygon attribute is outside target classes."
27.66161856,85.59506494,Hills,outside_target_ae_zone,,polygon_outside_target_scope,False,"Point intersects ecological-zone polygon, but polygon attribute is outside target classes."
27.6456681575,85.5547528375,Hills,outside_target_ae_zone,,polygon_outside_target_scope,False,"Point intersects ecological-zone polygon, but polygon attribute is outside target classes."
27.64684516,85.5627215375,Hills,outside_target_ae_zone,,polygon_outside_target_scope,False,"Point intersects ecological-zone polygon, but polygon attribute is outside target classes."
27.65014044,85.5766715725,Hills,outside_target_ae_zone,,polygon_outside_target_scope,False,"Point intersects ecological-zone polygon, but polygon attribute is outside target classes."
27.5546654525,85.6673499675,Hills,outside_target_ae_zone,,polygon_outside_target_scope,False,"Point intersects ecological-zone polygon, but polygon attribute is outside target classes."
27.55868223,85.6663547675,Hills,outside_target_ae_zone,,polygon_outside_target_scope,False,"Point intersects ecological-zone polygon, but polygon attribute is outside target classes."
27.560363505,85.6647116025,Hills,outside_target_ae_zone,,polygon_outside_target_scope,False,"Point intersects ecological-zone polygon, but polygon attribute is outside target classes."
27.650086115,85.5936147275,Hills,outside_target_ae_zone,,polygon_outside_target_scope,False,"Point intersects ecological-zone polygon, but polygon attribute is outside target classes."
27.661619075,85.5950212525,Hills,outside_target_ae_zone,,polygon_outside_target_scope,False,"Point intersects ecological-zone polygon, but polygon attribute is outside target classes."
29.14423637,80.60491415,Hills,outside_target_ae_zone,,polygon_outside_target_scope,False,"Point intersects ecological-zone polygon, but polygon attribute is outside target classes."
29.14392183,80.60312426,Hills,outside_target_ae_zone,,polygon_outside_target_scope,False,"Point intersects ecological-zone polygon, but polygon attribute is outside target classes."
29.14441719,80.60178725,Hills,outside_target_ae_zone,,polygon_outside_target_scope,False,"Point intersects ecological-zone polygon, but polygon attribute is outside target classes."
29.07933545,80.59176446,Hills,outside_target_ae_zone,,polygon_outside_target_scope,False,"Point intersects ecological-zone polygon, but polygon attribute is outside target classes."
29.14423892,80.60497814,Hills,outside_target_ae_zone,,polygon_outside_target_scope,False,"Point intersects ecological-zone polygon, but polygon attribute is outside target classes."
29.14391145,80.60313709,Hills,outside_target_ae_zone,,polygon_outside_target_scope,False,"Point intersects ecological-zone polygon, but polygon attribute is outside target classes."
29.14440794,80.60179075,Hills,outside_target_ae_zone,,polygon_outside_target_scope,False,"Point intersects ecological-zone polygon, but polygon attribute is outside target classes."
29.07934888,80.5916642,Hills,outside_target_ae_zone,,polygon_outside_target_scope,False,"Point intersects ecological-zone polygon, but polygon attribute is outside target classes."
29.1442427,80.60497921,Hills,outside_target_ae_zone,,polygon_outside_target_scope,False,"Point intersects ecological-zone polygon, but polygon attribute is outside target classes."
29.1439064,80.60314569,Hills,outside_target_ae_zone,,polygon_outside_target_scope,False,"Point intersects ecological-zone polygon, but polygon attribute is outside target classes."
29.14440141,80.60177996,Hills,outside_target_ae_zone,,polygon_outside_target_scope,False,"Point intersects ecological-zone polygon, but polygon attribute is outside target classes."
29.07936041,80.59145671,Hills,outside_target_ae_zone,,polygon_outside_target_scope,False,"Point intersects ecological-zone polygon, but polygon attribute is outside target classes."
29.14424126,80.60501353,Hills,outside_target_ae_zone,,polygon_outside_target_scope,False,"Point intersects ecological-zone polygon, but polygon attribute is outside target classes."
29.14386537,80.60336446,Hills,outside_target_ae_zone,,polygon_outside_target_scope,False,"Point intersects ecological-zone polygon, but polygon attribute is outside target classes."
29.1443964,80.60175933,Hills,outside_target_ae_zone,,polygon_outside_target_scope,False,"Point intersects ecological-zone polygon, but polygon attribute is outside target classes."
29.07939123,80.59130555,Hills,outside_target_ae_zone,,polygon_outside_target_scope,False,"Point intersects ecological-zone polygon, but polygon attribute is outside target classes."
29.1442398125,80.6049712575,Hills,outside_target_ae_zone,,polygon_outside_target_scope,False,"Point intersects ecological-zone polygon, but polygon attribute is outside target classes."
29.1439012625,80.603192875,Hills,outside_target_ae_zone,,polygon_outside_target_scope,False,"Point intersects ecological-zone polygon, but polygon attribute is outside target classes."
29.144405735,80.6017793225,Hills,outside_target_ae_zone,,polygon_outside_target_scope,False,"Point intersects ecological-zone polygon, but polygon attribute is outside target classes."
29.0793589925,80.59154773,Hills,outside_target_ae_zone,,polygon_outside_target_scope,False,"Point intersects ecological-zone polygon, but polygon attribute is outside target classes."
29.08329359,80.59329551,Hills,outside_target_ae_zone,,polygon_outside_target_scope,False,"Point intersects ecological-zone polygon, but polygon attribute is outside target classes."
29.08356178,80.59554081,Hills,outside_target_ae_zone,,polygon_outside_target_scope,False,"Point intersects ecological-zone polygon, but polygon attribute is outside target classes."
29.08330316,80.59328449,Hills,outside_target_ae_zone,,polygon_outside_target_scope,False,"Point intersects ecological-zone polygon, but polygon attribute is outside target classes."
29.08361127,80.59559108,Hills,outside_target_ae_zone,,polygon_outside_target_scope,False,"Point intersects ecological-zone polygon, but polygon attribute is outside target classes."
29.08330684,80.59327668,Hills,outside_target_ae_zone,,polygon_outside_target_scope,False,"Point intersects ecological-zone polygon, but polygon attribute is outside target classes."
29.08387764,80.59563421,Hills,outside_target_ae_zone,,polygon_outside_target_scope,False,"Point intersects ecological-zone polygon, but polygon attribute is outside target classes."
29.08328098,80.59329257,Hills,outside_target_ae_zone,,polygon_outside_target_scope,False,"Point intersects ecological-zone polygon, but polygon attribute is outside target classes."
29.08387327,80.59568759,Hills,outside_target_ae_zone,,polygon_outside_target_scope,False,"Point intersects ecological-zone polygon, but polygon attribute is outside target classes."
29.0832961425,80.5932873125,Hills,outside_target_ae_zone,,polygon_outside_target_scope,False,"Point intersects ecological-zone polygon, but polygon attribute is outside target classes."
29.08373099,80.59561342250001,Hills,outside_target_ae_zone,,polygon_outside_target_scope,False,"Point intersects ecological-zone polygon, but polygon attribute is outside target classes."
27.81034558242824,83.63254176394435,Hills,outside_target_ae_zone,,polygon_outside_target_scope,False,"Point intersects ecological-zone polygon, but polygon attribute is outside target classes."
27.81034558242824,83.63254176394435,Hills,outside_target_ae_zone,,polygon_outside_target_scope,False,"Point intersects ecological-zone polygon, but polygon attribute is outside target classes."
27.81034558242824,83.63254176394435,Hills,outside_target_ae_zone,,polygon_outside_target_scope,False,"Point intersects ecological-zone polygon, but polygon attribute is outside target classes."
27.81034558242824,83.63254176394435,Hills,outside_target_ae_zone,,polygon_outside_target_scope,False,"Point intersects ecological-zone polygon, but polygon attribute is outside target classes."
27.81034558242824,83.63254176394435,Hills,outside_target_ae_zone,,polygon_outside_target_scope,False,"Point intersects ecological-zone polygon, but polygon attribute is outside target classes."
27.81034558242824,83.63254176394435,Hills,outside_target_ae_zone,,polygon_outside_target_scope,False,"Point intersects ecological-zone polygon, but polygon attribute is outside target classes."
27.81034558242824,83.63254176394435,Hills,outside_target_ae_zone,,polygon_outside_target_scope,False,"Point intersects ecological-zone polygon, but polygon attribute is outside target classes."
27.81034558242824,83.63254176394435,Hills,outside_target_ae_zone,,polygon_outside_target_scope,False,"Point intersects ecological-zone polygon, but polygon attribute is outside target classes."
27.81034558242824,83.63254176394435,Hills,outside_target_ae_zone,,polygon_outside_target_scope,False,"Point intersects ecological-zone polygon, but polygon attribute is outside target classes."
27.81034558242824,83.63254176394435,Hills,outside_target_ae_zone,,polygon_outside_target_scope,False,"Point intersects ecological-zone polygon, but polygon attribute is outside target classes."
27.81034558242824,83.63254176394435,Hills,outside_target_ae_zone,,polygon_outside_target_scope,False,"Point intersects ecological-zone polygon, but polygon attribute is outside target classes."
27.81034558242824,83.63254176394435,Hills,outside_target_ae_zone,,polygon_outside_target_scope,False,"Point intersects ecological-zone polygon, but polygon attribute is outside target classes."
27.81034558242824,83.63254176394435,Hills,outside_target_ae_zone,,polygon_outside_target_scope,False,"Point intersects ecological-zone polygon, but polygon attribute is outside target classes."
27.81034558242824,83.63254176394435,Hills,outside_target_ae_zone,,polygon_outside_target_scope,False,"Point intersects ecological-zone polygon, but polygon attribute is outside target classes."
27.81034558242824,83.63254176394435,Hills,outside_target_ae_zone,,polygon_outside_target_scope,False,"Point intersects ecological-zone polygon, but polygon attribute is outside target classes."
28.21758239530027,82.38460016436875,Hills,outside_target_ae_zone,,polygon_outside_target_scope,False,"Point intersects ecological-zone polygon, but polygon attribute is outside target classes."
28.21762681938708,82.38461106084287,Hills,outside_target_ae_zone,,polygon_outside_target_scope,False,"Point intersects ecological-zone polygon, but polygon attribute is outside target classes."
28.21763054933399,82.38454392179847,Hills,outside_target_ae_zone,,polygon_outside_target_scope,False,"Point intersects ecological-zone polygon, but polygon attribute is outside target classes."
28.21767036337405,82.38450846634805,Hills,outside_target_ae_zone,,polygon_outside_target_scope,False,"Point intersects ecological-zone polygon, but polygon attribute is outside target classes."
28.217680673114955,82.38449103198946,Hills,outside_target_ae_zone,,polygon_outside_target_scope,False,"Point intersects ecological-zone polygon, but polygon attribute is outside target classes."
28.21768620517105,82.38448969088495,Hills,outside_target_ae_zone,,polygon_outside_target_scope,False,"Point intersects ecological-zone polygon, but polygon attribute is outside target classes."
28.2176551502198,82.3844676464796,Hills,outside_target_ae_zone,,polygon_outside_target_scope,False,"Point intersects ecological-zone polygon, but polygon attribute is outside target classes."
28.217664705589414,82.38441048189998,Hills,outside_target_ae_zone,,polygon_outside_target_scope,False,"Point intersects ecological-zone polygon, but polygon attribute is outside target classes."
28.217687462456524,82.3843732662499,Hills,outside_target_ae_zone,,polygon_outside_target_scope,False,"Point intersects ecological-zone polygon, but polygon attribute is outside target classes."
28.217669944278896,82.38431928679347,Hills,outside_target_ae_zone,,polygon_outside_target_scope,False,"Point intersects ecological-zone polygon, but polygon attribute is outside target classes."
28.24857485946268,82.33078231103718,Hills,outside_target_ae_zone,,polygon_outside_target_scope,False,"Point intersects ecological-zone polygon, but polygon attribute is outside target classes."
28.24862238485366,82.33084609732032,Hills,outside_target_ae_zone,,polygon_outside_target_scope,False,"Point intersects ecological-zone polygon, but polygon attribute is outside target classes."
28.2486729696393,82.33093955554068,Hills,outside_target_ae_zone,,polygon_outside_target_scope,False,"Point intersects ecological-zone polygon, but polygon attribute is outside target classes."
28.24870737735182,82.330974759534,Hills,outside_target_ae_zone,,polygon_outside_target_scope,False,"Point intersects ecological-zone polygon, but polygon attribute is outside target classes."
28.24842926580459,82.33088021166623,Hills,outside_target_ae_zone,,polygon_outside_target_scope,False,"Point intersects ecological-zone polygon, but polygon attribute is outside target classes."
28.248560442589223,82.33078214339912,Hills,outside_target_ae_zone,,polygon_outside_target_scope,False,"Point intersects ecological-zone polygon, but polygon attribute is outside target classes."
28.248641160316765,82.33091575093567,Hills,outside_target_ae_zone,,polygon_outside_target_scope,False,"Point intersects ecological-zone polygon, but polygon attribute is outside target classes."
28.24866379145533,82.33086839318275,Hills,outside_target_ae_zone,,polygon_outside_target_scope,False,"Point intersects ecological-zone polygon, but polygon attribute is outside target classes."
28.248787466436625,82.33105790801346,Hills,outside_target_ae_zone,,polygon_outside_target_scope,False,"Point intersects ecological-zone polygon, but polygon attribute is outside target classes."
28.248768816702068,82.33099672012031,Hills,outside_target_ae_zone,,polygon_outside_target_scope,False,"Point intersects ecological-zone polygon, but polygon attribute is outside target classes."
28.25883745215833,82.33735204674304,Hills,outside_target_ae_zone,,polygon_outside_target_scope,False,"Point intersects ecological-zone polygon, but polygon attribute is outside target classes."
28.258865447714925,82.33737727627158,Hills,outside_target_ae_zone,,polygon_outside_target_scope,False,"Point intersects ecological-zone polygon, but polygon attribute is outside target classes."
28.258859748020768,82.33739177696407,Hills,outside_target_ae_zone,,polygon_outside_target_scope,False,"Point intersects ecological-zone polygon, but polygon attribute is outside target classes."
28.25888522900641,82.33749621547759,Hills,outside_target_ae_zone,,polygon_outside_target_scope,False,"Point intersects ecological-zone polygon, but polygon attribute is outside target classes."
28.258952074684203,82.33756083995104,Hills,outside_target_ae_zone,,polygon_outside_target_scope,False,"Point intersects ecological-zone polygon, but polygon attribute is outside target classes."
28.25859274249524,82.33751515857875,Hills,outside_target_ae_zone,,polygon_outside_target_scope,False,"Point intersects ecological-zone polygon, but polygon attribute is outside target classes."
28.25869315769524,82.33759361319244,Hills,outside_target_ae_zone,,polygon_outside_target_scope,False,"Point intersects ecological-zone polygon, but polygon attribute is outside target classes."
28.25873075053096,82.33766242861748,Hills,outside_target_ae_zone,,polygon_outside_target_scope,False,"Point intersects ecological-zone polygon, but polygon attribute is outside target classes."
28.2589607918635,82.33757332898676,Hills,outside_target_ae_zone,,polygon_outside_target_scope,False,"Point intersects ecological-zone polygon, but polygon attribute is outside target classes."
28.258966449648145,82.33764692209661,Hills,outside_target_ae_zone,,polygon_outside_target_scope,False,"Point intersects ecological-zone polygon, but polygon attribute is outside target classes."
29.08005500212312,80.59002564288676,Hills,outside_target_ae_zone,,polygon_outside_target_scope,False,"Point intersects ecological-zone polygon, but polygon attribute is outside target classes."
29.080102150328457,80.58986630290747,Hills,outside_target_ae_zone,,polygon_outside_target_scope,False,"Point intersects ecological-zone polygon, but polygon attribute is outside target classes."
29.08013136126101,80.58982397429645,Hills,outside_target_ae_zone,,polygon_outside_target_scope,False,"Point intersects ecological-zone polygon, but polygon attribute is outside target classes."
29.080242505297065,80.58977385051548,Hills,outside_target_ae_zone,,polygon_outside_target_scope,False,"Point intersects ecological-zone polygon, but polygon attribute is outside target classes."
29.080344010144472,80.58960730209947,Hills,outside_target_ae_zone,,polygon_outside_target_scope,False,"Point intersects ecological-zone polygon, but polygon attribute is outside target classes."
29.07993044704199,80.59021390043199,Hills,outside_target_ae_zone,,polygon_outside_target_scope,False,"Point intersects ecological-zone polygon, but polygon attribute is outside target classes."
29.079946749843657,80.59022915549576,Hills,outside_target_ae_zone,,polygon_outside_target_scope,False,"Point intersects ecological-zone polygon, but polygon attribute is outside target classes."
29.080043602734804,80.59025413356721,Hills,outside_target_ae_zone,,polygon_outside_target_scope,False,"Point intersects ecological-zone polygon, but polygon attribute is outside target classes."
29.08000743482262,80.59020115993917,Hills,outside_target_ae_zone,,polygon_outside_target_scope,False,"Point intersects ecological-zone polygon, but polygon attribute is outside target classes."
29.08010864630341,80.59022806584835,Hills,outside_target_ae_zone,,polygon_outside_target_scope,False,"Point intersects ecological-zone polygon, but polygon attribute is outside target classes."
29.255790319293737,80.9320121537894,Hills,outside_target_ae_zone,,polygon_outside_target_scope,False,"Point intersects ecological-zone polygon, but polygon attribute is outside target classes."
29.25574602093548,80.9319225512445,Hills,outside_target_ae_zone,,polygon_outside_target_scope,False,"Point intersects ecological-zone polygon, but polygon attribute is outside target classes."
29.255823763087392,80.93188734725118,Hills,outside_target_ae_zone,,polygon_outside_target_scope,False,"Point intersects ecological-zone polygon, but polygon attribute is outside target classes."
29.255790319293737,80.9320121537894,Hills,outside_target_ae_zone,,polygon_outside_target_scope,False,"Point intersects ecological-zone polygon, but polygon attribute is outside target classes."
29.25574602093548,80.9319225512445,Hills,outside_target_ae_zone,,polygon_outside_target_scope,False,"Point intersects ecological-zone polygon, but polygon attribute is outside target classes."
29.255880089476705,80.93197141773999,Hills,outside_target_ae_zone,,polygon_outside_target_scope,False,"Point intersects ecological-zone polygon, but polygon attribute is outside target classes."
29.255899409763515,80.9320605173707,Hills,outside_target_ae_zone,,polygon_outside_target_scope,False,"Point intersects ecological-zone polygon, but polygon attribute is outside target classes."
29.255880089476705,80.93197141773999,Hills,outside_target_ae_zone,,polygon_outside_target_scope,False,"Point intersects ecological-zone polygon, but polygon attribute is outside target classes."
29.255880089476705,80.93197141773999,Hills,outside_target_ae_zone,,polygon_outside_target_scope,False,"Point intersects ecological-zone polygon, but polygon attribute is outside target classes."
29.25589006394148,80.93186597339809,Hills,outside_target_ae_zone,,polygon_outside_target_scope,False,"Point intersects ecological-zone polygon, but polygon attribute is outside target classes."
29.12981002125889,80.57959344238043,Hills,outside_target_ae_zone,,polygon_outside_target_scope,False,"Point intersects ecological-zone polygon, but polygon attribute is outside target classes."
29.129989058710635,80.57948833331466,Hills,outside_target_ae_zone,,polygon_outside_target_scope,False,"Point intersects ecological-zone polygon, but polygon attribute is outside target classes."
29.12981580477208,80.57950903661549,Hills,outside_target_ae_zone,,polygon_outside_target_scope,False,"Point intersects ecological-zone polygon, but polygon attribute is outside target classes."
29.129920327104628,80.57955572381616,Hills,outside_target_ae_zone,,polygon_outside_target_scope,False,"Point intersects ecological-zone polygon, but polygon attribute is outside target classes."
29.130054521374404,80.57947584427893,Hills,outside_target_ae_zone,,polygon_outside_target_scope,False,"Point intersects ecological-zone polygon, but polygon attribute is outside target classes."
29.13013398181647,80.57939864695072,Hills,outside_target_ae_zone,,polygon_outside_target_scope,False,"Point intersects ecological-zone polygon, but polygon attribute is outside target classes."
29.12990804761648,80.57892037555575,Hills,outside_target_ae_zone,,polygon_outside_target_scope,False,"Point intersects ecological-zone polygon, but polygon attribute is outside target classes."
29.129865299910307,80.57913654483855,Hills,outside_target_ae_zone,,polygon_outside_target_scope,False,"Point intersects ecological-zone polygon, but polygon attribute is outside target classes."
29.129811278544366,80.57898122817278,Hills,outside_target_ae_zone,,polygon_outside_target_scope,False,"Point intersects ecological-zone polygon, but polygon attribute is outside target classes."
29.12999718915671,80.57903872802854,Hills,outside_target_ae_zone,,polygon_outside_target_scope,False,"Point intersects ecological-zone polygon, but polygon attribute is outside target classes."
29.12532427813857,80.57615367695689,Hills,outside_target_ae_zone,,polygon_outside_target_scope,False,"Point intersects ecological-zone polygon, but polygon attribute is outside target classes."
29.125242428854108,80.57594706304371,Hills,outside_target_ae_zone,,polygon_outside_target_scope,False,"Point intersects ecological-zone polygon, but polygon attribute is outside target classes."
29.12522331811488,80.5759166367352,Hills,outside_target_ae_zone,,polygon_outside_target_scope,False,"Point intersects ecological-zone polygon, but polygon attribute is outside target classes."
29.12542439997196,80.57614755816758,Hills,outside_target_ae_zone,,polygon_outside_target_scope,False,"Point intersects ecological-zone polygon, but polygon attribute is outside target classes."
29.12528731394559,80.57605879381299,Hills,outside_target_ae_zone,,polygon_outside_target_scope,False,"Point intersects ecological-zone polygon, but polygon attribute is outside target classes."
29.12533664144576,80.57594899088144,Hills,outside_target_ae_zone,,polygon_outside_target_scope,False,"Point intersects ecological-zone polygon, but polygon attribute is outside target classes."
29.12530231755227,80.57588947936893,Hills,outside_target_ae_zone,,polygon_outside_target_scope,False,"Point intersects ecological-zone polygon, but polygon attribute is outside target classes."
29.12524674553424,80.57577959261835,Hills,outside_target_ae_zone,,polygon_outside_target_scope,False,"Point intersects ecological-zone polygon, but polygon attribute is outside target classes."
29.12528752349317,80.57584497146308,Hills,outside_target_ae_zone,,polygon_outside_target_scope,False,"Point intersects ecological-zone polygon, but polygon attribute is outside target classes."
29.12536220625043,80.57589836418629,Hills,outside_target_ae_zone,,polygon_outside_target_scope,False,"Point intersects ecological-zone polygon, but polygon attribute is outside target classes."
29.126308523118496,80.57519964873791,Hills,outside_target_ae_zone,,polygon_outside_target_scope,False,"Point intersects ecological-zone polygon, but polygon attribute is outside target classes."
29.126279773190618,80.57517810724676,Hills,outside_target_ae_zone,,polygon_outside_target_scope,False,"Point intersects ecological-zone polygon, but polygon attribute is outside target classes."
29.12621175404638,80.5752432346344,Hills,outside_target_ae_zone,,polygon_outside_target_scope,False,"Point intersects ecological-zone polygon, but polygon attribute is outside target classes."
29.12617034744472,80.57527751661837,Hills,outside_target_ae_zone,,polygon_outside_target_scope,False,"Point intersects ecological-zone polygon, but polygon attribute is outside target classes."
29.12617034744472,80.57527751661837,Hills,outside_target_ae_zone,,polygon_outside_target_scope,False,"Point intersects ecological-zone polygon, but polygon attribute is outside target classes."
29.12563780322671,80.57583508081734,Hills,outside_target_ae_zone,,polygon_outside_target_scope,False,"Point intersects ecological-zone polygon, but polygon attribute is outside target classes."
29.125577956438065,80.57577339001,Hills,outside_target_ae_zone,,polygon_outside_target_scope,False,"Point intersects ecological-zone polygon, but polygon attribute is outside target classes."
29.125590613111854,80.57575084269047,Hills,outside_target_ae_zone,,polygon_outside_target_scope,False,"Point intersects ecological-zone polygon, but polygon attribute is outside target classes."
29.12559509743005,80.57570063509047,Hills,outside_target_ae_zone,,polygon_outside_target_scope,False,"Point intersects ecological-zone polygon, but polygon attribute is outside target classes."
29.125589397735894,80.57566761039197,Hills,outside_target_ae_zone,,polygon_outside_target_scope,False,"Point intersects ecological-zone polygon, but polygon attribute is outside target classes."
27.562420489266515,85.64945865422487,Hills,outside_target_ae_zone,,polygon_outside_target_scope,False,"Point intersects ecological-zone polygon, but polygon attribute is outside target classes."
27.56237514317036,85.64941506832838,Hills,outside_target_ae_zone,,polygon_outside_target_scope,False,"Point intersects ecological-zone polygon, but polygon attribute is outside target classes."
27.5622373027727,85.64963425509632,Hills,outside_target_ae_zone,,polygon_outside_target_scope,False,"Point intersects ecological-zone polygon, but polygon attribute is outside target classes."
27.561757271178067,85.64877117052674,Hills,outside_target_ae_zone,,polygon_outside_target_scope,False,"Point intersects ecological-zone polygon, but polygon attribute is outside target classes."
27.562298448756337,85.64976744353771,Hills,outside_target_ae_zone,,polygon_outside_target_scope,False,"Point intersects ecological-zone polygon, but polygon attribute is outside target classes."
27.56216873880476,85.6495797727257,Hills,outside_target_ae_zone,,polygon_outside_target_scope,False,"Point intersects ecological-zone polygon, but polygon attribute is outside target classes."
27.56221115123481,85.64973877742887,Hills,outside_target_ae_zone,,polygon_outside_target_scope,False,"Point intersects ecological-zone polygon, but polygon attribute is outside target classes."
27.562290611676872,85.64945261925459,Hills,outside_target_ae_zone,,polygon_outside_target_scope,False,"Point intersects ecological-zone polygon, but polygon attribute is outside target classes."
27.562319529242814,85.64940677024424,Hills,outside_target_ae_zone,,polygon_outside_target_scope,False,"Point intersects ecological-zone polygon, but polygon attribute is outside target classes."
27.56233595777303,85.6494539603591,Hills,outside_target_ae_zone,,polygon_outside_target_scope,False,"Point intersects ecological-zone polygon, but polygon attribute is outside target classes."
27.436786925570413,85.05578770256204,Hills,outside_target_ae_zone,,polygon_outside_target_scope,False,"Point intersects ecological-zone polygon, but polygon attribute is outside target classes."
27.436786925570413,85.05578770256204,Hills,outside_target_ae_zone,,polygon_outside_target_scope,False,"Point intersects ecological-zone polygon, but polygon attribute is outside target classes."
27.436786925570413,85.05578770256204,Hills,outside_target_ae_zone,,polygon_outside_target_scope,False,"Point intersects ecological-zone polygon, but polygon attribute is outside target classes."
27.436786925570413,85.05578770256204,Hills,outside_target_ae_zone,,polygon_outside_target_scope,False,"Point intersects ecological-zone polygon, but polygon attribute is outside target classes."
27.436786925570413,85.05578770256204,Hills,outside_target_ae_zone,,polygon_outside_target_scope,False,"Point intersects ecological-zone polygon, but polygon attribute is outside target classes."
27.436786925570413,85.05578770256204,Hills,outside_target_ae_zone,,polygon_outside_target_scope,False,"Point intersects ecological-zone polygon, but polygon attribute is outside target classes."
27.436786925570413,85.05578770256204,Hills,outside_target_ae_zone,,polygon_outside_target_scope,False,"Point intersects ecological-zone polygon, but polygon attribute is outside target classes."
27.436786925570413,85.05578770256204,Hills,outside_target_ae_zone,,polygon_outside_target_scope,False,"Point intersects ecological-zone polygon, but polygon attribute is outside target classes."
27.436786925570413,85.05578770256204,Hills,outside_target_ae_zone,,polygon_outside_target_scope,False,"Point intersects ecological-zone polygon, but polygon attribute is outside target classes."
27.436786925570413,85.05578770256204,Hills,outside_target_ae_zone,,polygon_outside_target_scope,False,"Point intersects ecological-zone polygon, but polygon attribute is outside target classes."
27.88431666791439,85.1506984513253,Hills,outside_target_ae_zone,,polygon_outside_target_scope,False,"Point intersects ecological-zone polygon, but polygon attribute is outside target classes."
27.8844232019037,85.1506929192692,Hills,outside_target_ae_zone,,polygon_outside_target_scope,False,"Point intersects ecological-zone polygon, but polygon attribute is outside target classes."
27.88446791935712,85.15069920569658,Hills,outside_target_ae_zone,,polygon_outside_target_scope,False,"Point intersects ecological-zone polygon, but polygon attribute is outside target classes."
27.88451594766229,85.15072116628289,Hills,outside_target_ae_zone,,polygon_outside_target_scope,False,"Point intersects ecological-zone polygon, but polygon attribute is outside target classes."
27.884649764746428,85.15072426758707,Hills,outside_target_ae_zone,,polygon_outside_target_scope,False,"Point intersects ecological-zone polygon, but polygon attribute is outside target classes."
27.88439583498985,85.15062938444316,Hills,outside_target_ae_zone,,polygon_outside_target_scope,False,"Point intersects ecological-zone polygon, but polygon attribute is outside target classes."
27.884557018987834,85.15062846243382,Hills,outside_target_ae_zone,,polygon_outside_target_scope,False,"Point intersects ecological-zone polygon, but polygon attribute is outside target classes."
27.88455161266029,85.15063944272697,Hills,outside_target_ae_zone,,polygon_outside_target_scope,False,"Point intersects ecological-zone polygon, but polygon attribute is outside target classes."
27.884603748098016,85.15064187347889,Hills,outside_target_ae_zone,,polygon_outside_target_scope,False,"Point intersects ecological-zone polygon, but polygon attribute is outside target classes."
27.884665816091,85.15059032477438,Hills,outside_target_ae_zone,,polygon_outside_target_scope,False,"Point intersects ecological-zone polygon, but polygon attribute is outside target classes."
27.80849640257657,83.69880789890885,Hills,outside_target_ae_zone,,polygon_outside_target_scope,False,"Point intersects ecological-zone polygon, but polygon attribute is outside target classes."
27.80842704232782,83.69870329275727,Hills,outside_target_ae_zone,,polygon_outside_target_scope,False,"Point intersects ecological-zone polygon, but polygon attribute is outside target classes."
27.80851689632982,83.69864705018699,Hills,outside_target_ae_zone,,polygon_outside_target_scope,False,"Point intersects ecological-zone polygon, but polygon attribute is outside target classes."
27.80753126833588,83.6996323429048,Hills,outside_target_ae_zone,,polygon_outside_target_scope,False,"Point intersects ecological-zone polygon, but polygon attribute is outside target classes."
27.807311075739563,83.70224179700017,Hills,outside_target_ae_zone,,polygon_outside_target_scope,False,"Point intersects ecological-zone polygon, but polygon attribute is outside target classes."
27.808596566319466,83.69854713790119,Hills,outside_target_ae_zone,,polygon_outside_target_scope,False,"Point intersects ecological-zone polygon, but polygon attribute is outside target classes."
27.80868507921696,83.6985617224127,Hills,outside_target_ae_zone,,polygon_outside_target_scope,False,"Point intersects ecological-zone polygon, but polygon attribute is outside target classes."
27.80876562930644,83.69851687923074,Hills,outside_target_ae_zone,,polygon_outside_target_scope,False,"Point intersects ecological-zone polygon, but polygon attribute is outside target classes."
27.80877392739057,83.69840229861438,Hills,outside_target_ae_zone,,polygon_outside_target_scope,False,"Point intersects ecological-zone polygon, but polygon attribute is outside target classes."
27.80887769535184,83.69836734607816,Hills,outside_target_ae_zone,,polygon_outside_target_scope,False,"Point intersects ecological-zone polygon, but polygon attribute is outside target classes."
28.461811440065503,81.78102308884263,Hills,outside_target_ae_zone,,polygon_outside_target_scope,False,"Point intersects ecological-zone polygon, but polygon attribute is outside target classes."
28.461795640178025,81.78097103722394,Hills,outside_target_ae_zone,,polygon_outside_target_scope,False,"Point intersects ecological-zone polygon, but polygon attribute is outside target classes."
28.46175318583846,81.78091496229172,Hills,outside_target_ae_zone,,polygon_outside_target_scope,False,"Point intersects ecological-zone polygon, but polygon attribute is outside target classes."
28.461702768690884,81.78089761175215,Hills,outside_target_ae_zone,,polygon_outside_target_scope,False,"Point intersects ecological-zone polygon, but polygon attribute is outside target classes."
28.461660398170352,81.78084053099155,Hills,outside_target_ae_zone,,polygon_outside_target_scope,False,"Point intersects ecological-zone polygon, but polygon attribute is outside target classes."
28.461620793677863,81.78076609969139,Hills,outside_target_ae_zone,,polygon_outside_target_scope,False,"Point intersects ecological-zone polygon, but polygon attribute is outside target classes."
28.461531149223447,81.78068831562996,Hills,outside_target_ae_zone,,polygon_outside_target_scope,False,"Point intersects ecological-zone polygon, but polygon attribute is outside target classes."
28.46148022916168,81.78062704391778,Hills,outside_target_ae_zone,,polygon_outside_target_scope,False,"Point intersects ecological-zone polygon, but polygon attribute is outside target classes."
28.461375539191067,81.78056032396853,Hills,outside_target_ae_zone,,polygon_outside_target_scope,False,"Point intersects ecological-zone polygon, but polygon attribute is outside target classes."
28.46124662552029,81.78046552464366,Hills,outside_target_ae_zone,,polygon_outside_target_scope,False,"Point intersects ecological-zone polygon, but polygon attribute is outside target classes."
28.805276309140027,81.40033137984574,Hills,outside_target_ae_zone,,polygon_outside_target_scope,False,"Point intersects ecological-zone polygon, but polygon attribute is outside target classes."
28.805250409059227,81.40033565461636,Hills,outside_target_ae_zone,,polygon_outside_target_scope,False,"Point intersects ecological-zone polygon, but polygon attribute is outside target classes."
28.80523880012333,81.40037840232253,Hills,outside_target_ae_zone,,polygon_outside_target_scope,False,"Point intersects ecological-zone polygon, but polygon attribute is outside target classes."
28.8052236288786,81.40040379948914,Hills,outside_target_ae_zone,,polygon_outside_target_scope,False,"Point intersects ecological-zone polygon, but polygon attribute is outside target classes."
28.80520946346224,81.40041201375425,Hills,outside_target_ae_zone,,polygon_outside_target_scope,False,"Point intersects ecological-zone polygon, but polygon attribute is outside target classes."
28.805264364928007,81.40046373009682,Hills,outside_target_ae_zone,,polygon_outside_target_scope,False,"Point intersects ecological-zone polygon, but polygon attribute is outside target classes."
28.80525317508728,81.40041846781969,Hills,outside_target_ae_zone,,polygon_outside_target_scope,False,"Point intersects ecological-zone polygon, but polygon attribute is outside target classes."
28.80524429026991,81.40048116445541,Hills,outside_target_ae_zone,,polygon_outside_target_scope,False,"Point intersects ecological-zone polygon, but polygon attribute is outside target classes."
28.805243535898622,81.40048041008413,Hills,outside_target_ae_zone,,polygon_outside_target_scope,False,"Point intersects ecological-zone polygon, but polygon attribute is outside target classes."
28.80527928471565,81.40049943700433,Hills,outside_target_ae_zone,,polygon_outside_target_scope,False,"Point intersects ecological-zone polygon, but polygon attribute is outside target classes."
28.50374635308981,81.73832852393389,Hills,outside_target_ae_zone,,polygon_outside_target_scope,False,"Point intersects ecological-zone polygon, but polygon attribute is outside target classes."
28.503612242639065,81.73836247064173,Hills,outside_target_ae_zone,,polygon_outside_target_scope,False,"Point intersects ecological-zone polygon, but polygon attribute is outside target classes."
28.503653020597994,81.73830891028047,Hills,outside_target_ae_zone,,polygon_outside_target_scope,False,"Point intersects ecological-zone polygon, but polygon attribute is outside target classes."
28.50356169976294,81.73828736878932,Hills,outside_target_ae_zone,,polygon_outside_target_scope,False,"Point intersects ecological-zone polygon, but polygon attribute is outside target classes."
28.50359702948481,81.73827169463038,Hills,outside_target_ae_zone,,polygon_outside_target_scope,False,"Point intersects ecological-zone polygon, but polygon attribute is outside target classes."
28.50356698036194,81.7383087426424,Hills,outside_target_ae_zone,,polygon_outside_target_scope,False,"Point intersects ecological-zone polygon, but polygon attribute is outside target classes."
28.503583283163607,81.73835291527212,Hills,outside_target_ae_zone,,polygon_outside_target_scope,False,"Point intersects ecological-zone polygon, but polygon attribute is outside target classes."
28.50361073389649,81.73840488307178,Hills,outside_target_ae_zone,,polygon_outside_target_scope,False,"Point intersects ecological-zone polygon, but polygon attribute is outside target classes."
28.50377024151385,81.73840471543372,Hills,outside_target_ae_zone,,polygon_outside_target_scope,False,"Point intersects ecological-zone polygon, but polygon attribute is outside target classes."
28.503744886256754,81.73845400102437,Hills,outside_target_ae_zone,,polygon_outside_target_scope,False,"Point intersects ecological-zone polygon, but polygon attribute is outside target classes."
28.71348860207945,81.50714138522744,Hills,outside_target_ae_zone,,polygon_outside_target_scope,False,"Point intersects ecological-zone polygon, but polygon attribute is outside target classes."
28.71349337976426,81.50713962502778,Hills,outside_target_ae_zone,,polygon_outside_target_scope,False,"Point intersects ecological-zone polygon, but polygon attribute is outside target classes."
28.71352271642536,81.50719553232193,Hills,outside_target_ae_zone,,polygon_outside_target_scope,False,"Point intersects ecological-zone polygon, but polygon attribute is outside target classes."
28.713520243763924,81.50713970884681,Hills,outside_target_ae_zone,,polygon_outside_target_scope,False,"Point intersects ecological-zone polygon, but polygon attribute is outside target classes."
28.713521542958915,81.50715328752995,Hills,outside_target_ae_zone,,polygon_outside_target_scope,False,"Point intersects ecological-zone polygon, but polygon attribute is outside target classes."
28.713545599021018,81.50714431889355,Hills,outside_target_ae_zone,,polygon_outside_target_scope,False,"Point intersects ecological-zone polygon, but polygon attribute is outside target classes."
28.713538139127195,81.50715437717736,Hills,outside_target_ae_zone,,polygon_outside_target_scope,False,"Point intersects ecological-zone polygon, but polygon attribute is outside target classes."
28.71349547524005,81.50716661475599,Hills,outside_target_ae_zone,,polygon_outside_target_scope,False,"Point intersects ecological-zone polygon, but polygon attribute is outside target classes."
28.71344681829214,81.50714750401676,Hills,outside_target_ae_zone,,polygon_outside_target_scope,False,"Point intersects ecological-zone polygon, but polygon attribute is outside target classes."
28.71343797538429,81.50709084235132,Hills,outside_target_ae_zone,,polygon_outside_target_scope,False,"Point intersects ecological-zone polygon, but polygon attribute is outside target classes."
28.44870310742408,81.79671191610396,Hills,outside_target_ae_zone,,polygon_outside_target_scope,False,"Point intersects ecological-zone polygon, but polygon attribute is outside target classes."
28.44869724009186,81.79670889861882,Hills,outside_target_ae_zone,,polygon_outside_target_scope,False,"Point intersects ecological-zone polygon, but polygon attribute is outside target classes."
28.44873093534261,81.79671887308359,Hills,outside_target_ae_zone,,polygon_outside_target_scope,False,"Point intersects ecological-zone polygon, but polygon attribute is outside target classes."
28.448755997233093,81.79672113619745,Hills,outside_target_ae_zone,,polygon_outside_target_scope,False,"Point intersects ecological-zone polygon, but polygon attribute is outside target classes."
28.44878830946982,81.7967389896512,Hills,outside_target_ae_zone,,polygon_outside_target_scope,False,"Point intersects ecological-zone polygon, but polygon attribute is outside target classes."
28.44886051956564,81.7967619560659,Hills,outside_target_ae_zone,,polygon_outside_target_scope,False,"Point intersects ecological-zone polygon, but polygon attribute is outside target classes."
28.44892128836364,81.79675525054336,Hills,outside_target_ae_zone,,polygon_outside_target_scope,False,"Point intersects ecological-zone polygon, but polygon attribute is outside target classes."
28.44895971938968,81.79673672653735,Hills,outside_target_ae_zone,,polygon_outside_target_scope,False,"Point intersects ecological-zone polygon, but polygon attribute is outside target classes."
28.44900351483375,81.79672641679645,Hills,outside_target_ae_zone,,polygon_outside_target_scope,False,"Point intersects ecological-zone polygon, but polygon attribute is outside target classes."
28.44906499609351,81.79674309678376,Hills,outside_target_ae_zone,,polygon_outside_target_scope,False,"Point intersects ecological-zone polygon, but polygon attribute is outside target classes."
28.48777807317674,81.7445654142648,Hills,outside_target_ae_zone,,polygon_outside_target_scope,False,"Point intersects ecological-zone polygon, but polygon attribute is outside target classes."
28.487758794799447,81.74448125995696,Hills,outside_target_ae_zone,,polygon_outside_target_scope,False,"Point intersects ecological-zone polygon, but polygon attribute is outside target classes."
28.487752215005457,81.74448067322373,Hills,outside_target_ae_zone,,polygon_outside_target_scope,False,"Point intersects ecological-zone polygon, but polygon attribute is outside target classes."
28.48774794023484,81.74442929215729,Hills,outside_target_ae_zone,,polygon_outside_target_scope,False,"Point intersects ecological-zone polygon, but polygon attribute is outside target classes."
28.48772032186389,81.7443925794214,Hills,outside_target_ae_zone,,polygon_outside_target_scope,False,"Point intersects ecological-zone polygon, but polygon attribute is outside target classes."
28.48770619835705,81.74441169016063,Hills,outside_target_ae_zone,,polygon_outside_target_scope,False,"Point intersects ecological-zone polygon, but polygon attribute is outside target classes."
28.48769823554904,81.74447522498667,Hills,outside_target_ae_zone,,polygon_outside_target_scope,False,"Point intersects ecological-zone polygon, but polygon attribute is outside target classes."
28.48773863632232,81.74448410980403,Hills,outside_target_ae_zone,,polygon_outside_target_scope,False,"Point intersects ecological-zone polygon, but polygon attribute is outside target classes."
28.48778159357608,81.74450950697064,Hills,outside_target_ae_zone,,polygon_outside_target_scope,False,"Point intersects ecological-zone polygon, but polygon attribute is outside target classes."
28.48780502099544,81.74454160965979,Hills,outside_target_ae_zone,,polygon_outside_target_scope,False,"Point intersects ecological-zone polygon, but polygon attribute is outside target classes."
28.489830633625388,81.74146293662488,Hills,outside_target_ae_zone,,polygon_outside_target_scope,False,"Point intersects ecological-zone polygon, but polygon attribute is outside target classes."
28.489910010248423,81.74147073179483,Hills,outside_target_ae_zone,,polygon_outside_target_scope,False,"Point intersects ecological-zone polygon, but polygon attribute is outside target classes."
28.489922499284148,81.74147316254675,Hills,outside_target_ae_zone,,polygon_outside_target_scope,False,"Point intersects ecological-zone polygon, but polygon attribute is outside target classes."
28.48997421562672,81.74141163937747,Hills,outside_target_ae_zone,,polygon_outside_target_scope,False,"Point intersects ecological-zone polygon, but polygon attribute is outside target classes."
28.489961475133896,81.7414621822536,Hills,outside_target_ae_zone,,polygon_outside_target_scope,False,"Point intersects ecological-zone polygon, but polygon attribute is outside target classes."
28.489845260046422,81.74151733517647,Hills,outside_target_ae_zone,,polygon_outside_target_scope,False,"Point intersects ecological-zone polygon, but polygon attribute is outside target classes."
28.489768020808697,81.74155253916979,Hills,outside_target_ae_zone,,polygon_outside_target_scope,False,"Point intersects ecological-zone polygon, but polygon attribute is outside target classes."
28.489770451560616,81.74159889109433,Hills,outside_target_ae_zone,,polygon_outside_target_scope,False,"Point intersects ecological-zone polygon, but polygon attribute is outside target classes."
28.489708215929568,81.7416070215404,Hills,outside_target_ae_zone,,polygon_outside_target_scope,False,"Point intersects ecological-zone polygon, but polygon attribute is outside target classes."
28.48961379379034,81.74167298711836,Hills,outside_target_ae_zone,,polygon_outside_target_scope,False,"Point intersects ecological-zone polygon, but polygon attribute is outside target classes."
28.49197795148939,81.74336923286319,Hills,outside_target_ae_zone,,polygon_outside_target_scope,False,"Point intersects ecological-zone polygon, but polygon attribute is outside target classes."
28.49198155570776,81.7433758545667,Hills,outside_target_ae_zone,,polygon_outside_target_scope,False,"Point intersects ecological-zone polygon, but polygon attribute is outside target classes."
28.49198717158288,81.74341131001711,Hills,outside_target_ae_zone,,polygon_outside_target_scope,False,"Point intersects ecological-zone polygon, but polygon attribute is outside target classes."
28.49204743746668,81.74342572689056,Hills,outside_target_ae_zone,,polygon_outside_target_scope,False,"Point intersects ecological-zone polygon, but polygon attribute is outside target classes."
28.49202849436552,81.74340141937137,Hills,outside_target_ae_zone,,polygon_outside_target_scope,False,"Point intersects ecological-zone polygon, but polygon attribute is outside target classes."
28.49211897701025,81.74333956092596,Hills,outside_target_ae_zone,,polygon_outside_target_scope,False,"Point intersects ecological-zone polygon, but polygon attribute is outside target classes."
28.49218909163028,81.74329991452396,Hills,outside_target_ae_zone,,polygon_outside_target_scope,False,"Point intersects ecological-zone polygon, but polygon attribute is outside target classes."
28.492225678637624,81.74327669665217,Hills,outside_target_ae_zone,,polygon_outside_target_scope,False,"Point intersects ecological-zone polygon, but polygon attribute is outside target classes."
28.49224738776684,81.74325590953231,Hills,outside_target_ae_zone,,polygon_outside_target_scope,False,"Point intersects ecological-zone polygon, but polygon attribute is outside target classes."
28.492277059704065,81.74323059618473,Hills,outside_target_ae_zone,,polygon_outside_target_scope,False,"Point intersects ecological-zone polygon, but polygon attribute is outside target classes."
28.487914907746017,81.7440648470074,Hills,outside_target_ae_zone,,polygon_outside_target_scope,False,"Point intersects ecological-zone polygon, but polygon attribute is outside target classes."
28.48792224191129,81.7441319860518,Hills,outside_target_ae_zone,,polygon_outside_target_scope,False,"Point intersects ecological-zone polygon, but polygon attribute is outside target classes."
28.48795593716204,81.74411128275096,Hills,outside_target_ae_zone,,polygon_outside_target_scope,False,"Point intersects ecological-zone polygon, but polygon attribute is outside target classes."
28.487999229691923,81.7440939322114,Hills,outside_target_ae_zone,,polygon_outside_target_scope,False,"Point intersects ecological-zone polygon, but polygon attribute is outside target classes."
28.48803527187556,81.74417213536799,Hills,outside_target_ae_zone,,polygon_outside_target_scope,False,"Point intersects ecological-zone polygon, but polygon attribute is outside target classes."
28.488039462827143,81.74415042623878,Hills,outside_target_ae_zone,,polygon_outside_target_scope,False,"Point intersects ecological-zone polygon, but polygon attribute is outside target classes."
28.48803736735136,81.74416551366448,Hills,outside_target_ae_zone,,polygon_outside_target_scope,False,"Point intersects ecological-zone polygon, but polygon attribute is outside target classes."
28.488109703175724,81.74418068490922,Hills,outside_target_ae_zone,,polygon_outside_target_scope,False,"Point intersects ecological-zone polygon, but polygon attribute is outside target classes."
28.488172525539994,81.7442731373012,Hills,outside_target_ae_zone,,polygon_outside_target_scope,False,"Point intersects ecological-zone polygon, but polygon attribute is outside target classes."
28.4881920972839,81.74433189444244,Hills,outside_target_ae_zone,,polygon_outside_target_scope,False,"Point intersects ecological-zone polygon, but polygon attribute is outside target classes."
28.4405635,81.8981512,Hills,outside_target_ae_zone,,polygon_outside_target_scope,False,"Point intersects ecological-zone polygon, but polygon attribute is outside target classes."
28.4379347,81.8958268,Hills,outside_target_ae_zone,,polygon_outside_target_scope,False,"Point intersects ecological-zone polygon, but polygon attribute is outside target classes."
28.4410053,81.8977736,Hills,outside_target_ae_zone,,polygon_outside_target_scope,False,"Point intersects ecological-zone polygon, but polygon attribute is outside target classes."
28.5487427,81.7925478,Hills,outside_target_ae_zone,,polygon_outside_target_scope,False,"Point intersects ecological-zone polygon, but polygon attribute is outside target classes."
28.5354533,81.7874771,Hills,outside_target_ae_zone,,polygon_outside_target_scope,False,"Point intersects ecological-zone polygon, but polygon attribute is outside target classes."
28.551528,81.7955645,Hills,outside_target_ae_zone,,polygon_outside_target_scope,False,"Point intersects ecological-zone polygon, but polygon attribute is outside target classes."
28.8089093,81.3939032,Hills,outside_target_ae_zone,,polygon_outside_target_scope,False,"Point intersects ecological-zone polygon, but polygon attribute is outside target classes."
28.8261124,81.4113902,Hills,outside_target_ae_zone,,polygon_outside_target_scope,False,"Point intersects ecological-zone polygon, but polygon attribute is outside target classes."
28.8211189,81.4135533,Hills,outside_target_ae_zone,,polygon_outside_target_scope,False,"Point intersects ecological-zone polygon, but polygon attribute is outside target classes."
28.8523163,81.2900299,Hills,outside_target_ae_zone,,polygon_outside_target_scope,False,"Point intersects ecological-zone polygon, but polygon attribute is outside target classes."
28.8444745,81.3145212,Hills,outside_target_ae_zone,,polygon_outside_target_scope,False,"Point intersects ecological-zone polygon, but polygon attribute is outside target classes."
28.835827,81.3070271,Hills,outside_target_ae_zone,,polygon_outside_target_scope,False,"Point intersects ecological-zone polygon, but polygon attribute is outside target classes."
28.501955,81.7372252,Hills,outside_target_ae_zone,,polygon_outside_target_scope,False,"Point intersects ecological-zone polygon, but polygon attribute is outside target classes."
28.5032937,81.7379282,Hills,outside_target_ae_zone,,polygon_outside_target_scope,False,"Point intersects ecological-zone polygon, but polygon attribute is outside target classes."
28.50387,81.7377617,Hills,outside_target_ae_zone,,polygon_outside_target_scope,False,"Point intersects ecological-zone polygon, but polygon attribute is outside target classes."
28.4695315,81.8087211,Hills,outside_target_ae_zone,,polygon_outside_target_scope,False,"Point intersects ecological-zone polygon, but polygon attribute is outside target classes."
28.4744492,81.8016026,Hills,outside_target_ae_zone,,polygon_outside_target_scope,False,"Point intersects ecological-zone polygon, but polygon attribute is outside target classes."
28.4776934,81.8152143,Hills,outside_target_ae_zone,,polygon_outside_target_scope,False,"Point intersects ecological-zone polygon, but polygon attribute is outside target classes."
28.4935541,81.7413389,Hills,outside_target_ae_zone,,polygon_outside_target_scope,False,"Point intersects ecological-zone polygon, but polygon attribute is outside target classes."
28.4886699,81.743666,Hills,outside_target_ae_zone,,polygon_outside_target_scope,False,"Point intersects ecological-zone polygon, but polygon attribute is outside target classes."
28.4862417,81.7437795,Hills,outside_target_ae_zone,,polygon_outside_target_scope,False,"Point intersects ecological-zone polygon, but polygon attribute is outside target classes."
28.6406075,81.6043589,Hills,outside_target_ae_zone,,polygon_outside_target_scope,False,"Point intersects ecological-zone polygon, but polygon attribute is outside target classes."
28.65149687,81.60133676,Hills,outside_target_ae_zone,,polygon_outside_target_scope,False,"Point intersects ecological-zone polygon, but polygon attribute is outside target classes."
28.43495229,81.81845067,Hills,outside_target_ae_zone,,polygon_outside_target_scope,False,"Point intersects ecological-zone polygon, but polygon attribute is outside target classes."
28.44891032,81.8051204,Hills,outside_target_ae_zone,,polygon_outside_target_scope,False,"Point intersects ecological-zone polygon, but polygon attribute is outside target classes."
28.45088882,81.7923508,Hills,outside_target_ae_zone,,polygon_outside_target_scope,False,"Point intersects ecological-zone polygon, but polygon attribute is outside target classes."
28.41730619,81.79746207,Hills,outside_target_ae_zone,,polygon_outside_target_scope,False,"Point intersects ecological-zone polygon, but polygon attribute is outside target classes."
28.41963055,81.80243561,Hills,outside_target_ae_zone,,polygon_outside_target_scope,False,"Point intersects ecological-zone polygon, but polygon attribute is outside target classes."
28.42081451,81.79860041,Hills,outside_target_ae_zone,,polygon_outside_target_scope,False,"Point intersects ecological-zone polygon, but polygon attribute is outside target classes."
28.4405722,81.8981969,Hills,outside_target_ae_zone,,polygon_outside_target_scope,False,"Point intersects ecological-zone polygon, but polygon attribute is outside target classes."
28.4379221,81.8958053,Hills,outside_target_ae_zone,,polygon_outside_target_scope,False,"Point intersects ecological-zone polygon, but polygon attribute is outside target classes."
28.4409173,81.897686,Hills,outside_target_ae_zone,,polygon_outside_target_scope,False,"Point intersects ecological-zone polygon, but polygon attribute is outside target classes."
28.5487565,81.7925416,Hills,outside_target_ae_zone,,polygon_outside_target_scope,False,"Point intersects ecological-zone polygon, but polygon attribute is outside target classes."
28.5353935,81.7874103,Hills,outside_target_ae_zone,,polygon_outside_target_scope,False,"Point intersects ecological-zone polygon, but polygon attribute is outside target classes."
28.5514481,81.7955809,Hills,outside_target_ae_zone,,polygon_outside_target_scope,False,"Point intersects ecological-zone polygon, but polygon attribute is outside target classes."
28.808953,81.3939117,Hills,outside_target_ae_zone,,polygon_outside_target_scope,False,"Point intersects ecological-zone polygon, but polygon attribute is outside target classes."
28.8261353,81.411489,Hills,outside_target_ae_zone,,polygon_outside_target_scope,False,"Point intersects ecological-zone polygon, but polygon attribute is outside target classes."
28.821063,81.4136448,Hills,outside_target_ae_zone,,polygon_outside_target_scope,False,"Point intersects ecological-zone polygon, but polygon attribute is outside target classes."
28.8524475,81.2902062,Hills,outside_target_ae_zone,,polygon_outside_target_scope,False,"Point intersects ecological-zone polygon, but polygon attribute is outside target classes."
28.8443931,81.3146944,Hills,outside_target_ae_zone,,polygon_outside_target_scope,False,"Point intersects ecological-zone polygon, but polygon attribute is outside target classes."
28.8354432,81.3072816,Hills,outside_target_ae_zone,,polygon_outside_target_scope,False,"Point intersects ecological-zone polygon, but polygon attribute is outside target classes."
28.5019342,81.7372312,Hills,outside_target_ae_zone,,polygon_outside_target_scope,False,"Point intersects ecological-zone polygon, but polygon attribute is outside target classes."
28.5033674,81.7378637,Hills,outside_target_ae_zone,,polygon_outside_target_scope,False,"Point intersects ecological-zone polygon, but polygon attribute is outside target classes."
28.5038956,81.7377721,Hills,outside_target_ae_zone,,polygon_outside_target_scope,False,"Point intersects ecological-zone polygon, but polygon attribute is outside target classes."
28.4694909,81.8086546,Hills,outside_target_ae_zone,,polygon_outside_target_scope,False,"Point intersects ecological-zone polygon, but polygon attribute is outside target classes."
28.4744321,81.8015549,Hills,outside_target_ae_zone,,polygon_outside_target_scope,False,"Point intersects ecological-zone polygon, but polygon attribute is outside target classes."
28.4776953,81.8151979,Hills,outside_target_ae_zone,,polygon_outside_target_scope,False,"Point intersects ecological-zone polygon, but polygon attribute is outside target classes."
28.493586,81.741342,Hills,outside_target_ae_zone,,polygon_outside_target_scope,False,"Point intersects ecological-zone polygon, but polygon attribute is outside target classes."
28.4886239,81.7436313,Hills,outside_target_ae_zone,,polygon_outside_target_scope,False,"Point intersects ecological-zone polygon, but polygon attribute is outside target classes."
28.4861753,81.7437425,Hills,outside_target_ae_zone,,polygon_outside_target_scope,False,"Point intersects ecological-zone polygon, but polygon attribute is outside target classes."
28.6406254,81.6044828,Hills,outside_target_ae_zone,,polygon_outside_target_scope,False,"Point intersects ecological-zone polygon, but polygon attribute is outside target classes."
28.65152265,81.60131366,Hills,outside_target_ae_zone,,polygon_outside_target_scope,False,"Point intersects ecological-zone polygon, but polygon attribute is outside target classes."
28.43491766,81.81846389,Hills,outside_target_ae_zone,,polygon_outside_target_scope,False,"Point intersects ecological-zone polygon, but polygon attribute is outside target classes."
28.44884474,81.80502557,Hills,outside_target_ae_zone,,polygon_outside_target_scope,False,"Point intersects ecological-zone polygon, but polygon attribute is outside target classes."
28.45088106,81.79242883,Hills,outside_target_ae_zone,,polygon_outside_target_scope,False,"Point intersects ecological-zone polygon, but polygon attribute is outside target classes."
28.41736697,81.79737491,Hills,outside_target_ae_zone,,polygon_outside_target_scope,False,"Point intersects ecological-zone polygon, but polygon attribute is outside target classes."
28.41894706,81.80246179,Hills,outside_target_ae_zone,,polygon_outside_target_scope,False,"Point intersects ecological-zone polygon, but polygon attribute is outside target classes."
28.42079983,81.7986053,Hills,outside_target_ae_zone,,polygon_outside_target_scope,False,"Point intersects ecological-zone polygon, but polygon attribute is outside target classes."
28.4404912,81.8982301,Hills,outside_target_ae_zone,,polygon_outside_target_scope,False,"Point intersects ecological-zone polygon, but polygon attribute is outside target classes."
28.4375076,81.8967143,Hills,outside_target_ae_zone,,polygon_outside_target_scope,False,"Point intersects ecological-zone polygon, but polygon attribute is outside target classes."
28.4408767,81.8975449,Hills,outside_target_ae_zone,,polygon_outside_target_scope,False,"Point intersects ecological-zone polygon, but polygon attribute is outside target classes."
28.5487496,81.79254470000001,Hills,outside_target_ae_zone,,polygon_outside_target_scope,False,"Point intersects ecological-zone polygon, but polygon attribute is outside target classes."
28.5354053,81.7874218,Hills,outside_target_ae_zone,,polygon_outside_target_scope,False,"Point intersects ecological-zone polygon, but polygon attribute is outside target classes."
28.5513119,81.79546689999998,Hills,outside_target_ae_zone,,polygon_outside_target_scope,False,"Point intersects ecological-zone polygon, but polygon attribute is outside target classes."
28.8090718,81.3939838,Hills,outside_target_ae_zone,,polygon_outside_target_scope,False,"Point intersects ecological-zone polygon, but polygon attribute is outside target classes."
28.8259678,81.4110524,Hills,outside_target_ae_zone,,polygon_outside_target_scope,False,"Point intersects ecological-zone polygon, but polygon attribute is outside target classes."
28.8210469,81.41362429999998,Hills,outside_target_ae_zone,,polygon_outside_target_scope,False,"Point intersects ecological-zone polygon, but polygon attribute is outside target classes."
28.8524292,81.2902009,Hills,outside_target_ae_zone,,polygon_outside_target_scope,False,"Point intersects ecological-zone polygon, but polygon attribute is outside target classes."
28.8444338,81.3146078,Hills,outside_target_ae_zone,,polygon_outside_target_scope,False,"Point intersects ecological-zone polygon, but polygon attribute is outside target classes."
28.835438,81.3072387,Hills,outside_target_ae_zone,,polygon_outside_target_scope,False,"Point intersects ecological-zone polygon, but polygon attribute is outside target classes."
28.501939,81.7372306,Hills,outside_target_ae_zone,,polygon_outside_target_scope,False,"Point intersects ecological-zone polygon, but polygon attribute is outside target classes."
28.5033989,81.7378649,Hills,outside_target_ae_zone,,polygon_outside_target_scope,False,"Point intersects ecological-zone polygon, but polygon attribute is outside target classes."
28.5039022,81.7377611,Hills,outside_target_ae_zone,,polygon_outside_target_scope,False,"Point intersects ecological-zone polygon, but polygon attribute is outside target classes."
28.4694702,81.8084331,Hills,outside_target_ae_zone,,polygon_outside_target_scope,False,"Point intersects ecological-zone polygon, but polygon attribute is outside target classes."
28.4744698,81.8016128,Hills,outside_target_ae_zone,,polygon_outside_target_scope,False,"Point intersects ecological-zone polygon, but polygon attribute is outside target classes."
28.477691,81.81517619999998,Hills,outside_target_ae_zone,,polygon_outside_target_scope,False,"Point intersects ecological-zone polygon, but polygon attribute is outside target classes."
28.493594,81.7413288,Hills,outside_target_ae_zone,,polygon_outside_target_scope,False,"Point intersects ecological-zone polygon, but polygon attribute is outside target classes."
28.4886424,81.7436575,Hills,outside_target_ae_zone,,polygon_outside_target_scope,False,"Point intersects ecological-zone polygon, but polygon attribute is outside target classes."
28.4860723,81.7437853,Hills,outside_target_ae_zone,,polygon_outside_target_scope,False,"Point intersects ecological-zone polygon, but polygon attribute is outside target classes."
28.6406886,81.6047911,Hills,outside_target_ae_zone,,polygon_outside_target_scope,False,"Point intersects ecological-zone polygon, but polygon attribute is outside target classes."
28.65150293,81.60131916999998,Hills,outside_target_ae_zone,,polygon_outside_target_scope,False,"Point intersects ecological-zone polygon, but polygon attribute is outside target classes."
28.43493242,81.81845336,Hills,outside_target_ae_zone,,polygon_outside_target_scope,False,"Point intersects ecological-zone polygon, but polygon attribute is outside target classes."
28.44887372,81.80503304,Hills,outside_target_ae_zone,,polygon_outside_target_scope,False,"Point intersects ecological-zone polygon, but polygon attribute is outside target classes."
28.45097776,81.79230332,Hills,outside_target_ae_zone,,polygon_outside_target_scope,False,"Point intersects ecological-zone polygon, but polygon attribute is outside target classes."
28.41737104,81.7973458,Hills,outside_target_ae_zone,,polygon_outside_target_scope,False,"Point intersects ecological-zone polygon, but polygon attribute is outside target classes."
28.41898447,81.80242371999998,Hills,outside_target_ae_zone,,polygon_outside_target_scope,False,"Point intersects ecological-zone polygon, but polygon attribute is outside target classes."
28.42078075,81.79857740999998,Hills,outside_target_ae_zone,,polygon_outside_target_scope,False,"Point intersects ecological-zone polygon, but polygon attribute is outside target classes."
28.4405057,81.89835739999998,Hills,outside_target_ae_zone,,polygon_outside_target_scope,False,"Point intersects ecological-zone polygon, but polygon attribute is outside target classes."
28.4376274,81.8966707,Hills,outside_target_ae_zone,,polygon_outside_target_scope,False,"Point intersects ecological-zone polygon, but polygon attribute is outside target classes."
28.4407468,81.897558,Hills,outside_target_ae_zone,,polygon_outside_target_scope,False,"Point intersects ecological-zone polygon, but polygon attribute is outside target classes."
28.5487496,81.79254470000001,Hills,outside_target_ae_zone,,polygon_outside_target_scope,False,"Point intersects ecological-zone polygon, but polygon attribute is outside target classes."
28.5354116,81.7874176,Hills,outside_target_ae_zone,,polygon_outside_target_scope,False,"Point intersects ecological-zone polygon, but polygon attribute is outside target classes."
28.5514169,81.7953232,Hills,outside_target_ae_zone,,polygon_outside_target_scope,False,"Point intersects ecological-zone polygon, but polygon attribute is outside target classes."
28.8089913,81.394001,Hills,outside_target_ae_zone,,polygon_outside_target_scope,False,"Point intersects ecological-zone polygon, but polygon attribute is outside target classes."
28.8259492,81.4109651,Hills,outside_target_ae_zone,,polygon_outside_target_scope,False,"Point intersects ecological-zone polygon, but polygon attribute is outside target classes."
28.8210223,81.4134452,Hills,outside_target_ae_zone,,polygon_outside_target_scope,False,"Point intersects ecological-zone polygon, but polygon attribute is outside target classes."
28.8523819,81.29025749999998,Hills,outside_target_ae_zone,,polygon_outside_target_scope,False,"Point intersects ecological-zone polygon, but polygon attribute is outside target classes."
28.8444338,81.3146078,Hills,outside_target_ae_zone,,polygon_outside_target_scope,False,"Point intersects ecological-zone polygon, but polygon attribute is outside target classes."
28.835444,81.3072757,Hills,outside_target_ae_zone,,polygon_outside_target_scope,False,"Point intersects ecological-zone polygon, but polygon attribute is outside target classes."
28.5019287,81.7372254,Hills,outside_target_ae_zone,,polygon_outside_target_scope,False,"Point intersects ecological-zone polygon, but polygon attribute is outside target classes."
28.5033926,81.7379221,Hills,outside_target_ae_zone,,polygon_outside_target_scope,False,"Point intersects ecological-zone polygon, but polygon attribute is outside target classes."
28.5039161,81.7377585,Hills,outside_target_ae_zone,,polygon_outside_target_scope,False,"Point intersects ecological-zone polygon, but polygon attribute is outside target classes."
28.4695013,81.80840759999998,Hills,outside_target_ae_zone,,polygon_outside_target_scope,False,"Point intersects ecological-zone polygon, but polygon attribute is outside target classes."
28.4744474,81.80156909999998,Hills,outside_target_ae_zone,,polygon_outside_target_scope,False,"Point intersects ecological-zone polygon, but polygon attribute is outside target classes."
28.4776901,81.815167,Hills,outside_target_ae_zone,,polygon_outside_target_scope,False,"Point intersects ecological-zone polygon, but polygon attribute is outside target classes."
28.4935922,81.7413386,Hills,outside_target_ae_zone,,polygon_outside_target_scope,False,"Point intersects ecological-zone polygon, but polygon attribute is outside target classes."
28.4886675,81.7436692,Hills,outside_target_ae_zone,,polygon_outside_target_scope,False,"Point intersects ecological-zone polygon, but polygon attribute is outside target classes."
28.4862754,81.7438478,Hills,outside_target_ae_zone,,polygon_outside_target_scope,False,"Point intersects ecological-zone polygon, but polygon attribute is outside target classes."
28.6407167,81.6047964,Hills,outside_target_ae_zone,,polygon_outside_target_scope,False,"Point intersects ecological-zone polygon, but polygon attribute is outside target classes."
28.65149896,81.60132152,Hills,outside_target_ae_zone,,polygon_outside_target_scope,False,"Point intersects ecological-zone polygon, but polygon attribute is outside target classes."
28.43502162,81.81844583999998,Hills,outside_target_ae_zone,,polygon_outside_target_scope,False,"Point intersects ecological-zone polygon, but polygon attribute is outside target classes."
28.44887856,81.80503285,Hills,outside_target_ae_zone,,polygon_outside_target_scope,False,"Point intersects ecological-zone polygon, but polygon attribute is outside target classes."
28.45090946,81.79238916,Hills,outside_target_ae_zone,,polygon_outside_target_scope,False,"Point intersects ecological-zone polygon, but polygon attribute is outside target classes."
28.41739503,81.79727302,Hills,outside_target_ae_zone,,polygon_outside_target_scope,False,"Point intersects ecological-zone polygon, but polygon attribute is outside target classes."
28.41901413,81.80245342,Hills,outside_target_ae_zone,,polygon_outside_target_scope,False,"Point intersects ecological-zone polygon, but polygon attribute is outside target classes."
28.42058929,81.7986016,Hills,outside_target_ae_zone,,polygon_outside_target_scope,False,"Point intersects ecological-zone polygon, but polygon attribute is outside target classes."
28.4405057,81.89835739999998,Hills,outside_target_ae_zone,,polygon_outside_target_scope,False,"Point intersects ecological-zone polygon, but polygon attribute is outside target classes."
28.4376274,81.8966707,Hills,outside_target_ae_zone,,polygon_outside_target_scope,False,"Point intersects ecological-zone polygon, but polygon attribute is outside target classes."
28.4407468,81.897558,Hills,outside_target_ae_zone,,polygon_outside_target_scope,False,"Point intersects ecological-zone polygon, but polygon attribute is outside target classes."
28.5487496,81.79254470000001,Hills,outside_target_ae_zone,,polygon_outside_target_scope,False,"Point intersects ecological-zone polygon, but polygon attribute is outside target classes."
28.5354116,81.7874176,Hills,outside_target_ae_zone,,polygon_outside_target_scope,False,"Point intersects ecological-zone polygon, but polygon attribute is outside target classes."
28.5514169,81.7953232,Hills,outside_target_ae_zone,,polygon_outside_target_scope,False,"Point intersects ecological-zone polygon, but polygon attribute is outside target classes."
28.8089913,81.394001,Hills,outside_target_ae_zone,,polygon_outside_target_scope,False,"Point intersects ecological-zone polygon, but polygon attribute is outside target classes."
28.8259492,81.4109651,Hills,outside_target_ae_zone,,polygon_outside_target_scope,False,"Point intersects ecological-zone polygon, but polygon attribute is outside target classes."
28.8210223,81.4134452,Hills,outside_target_ae_zone,,polygon_outside_target_scope,False,"Point intersects ecological-zone polygon, but polygon attribute is outside target classes."
28.8523819,81.29025749999998,Hills,outside_target_ae_zone,,polygon_outside_target_scope,False,"Point intersects ecological-zone polygon, but polygon attribute is outside target classes."
28.8444338,81.3146078,Hills,outside_target_ae_zone,,polygon_outside_target_scope,False,"Point intersects ecological-zone polygon, but polygon attribute is outside target classes."
28.835444,81.3072757,Hills,outside_target_ae_zone,,polygon_outside_target_scope,False,"Point intersects ecological-zone polygon, but polygon attribute is outside target classes."
28.5019287,81.7372254,Hills,outside_target_ae_zone,,polygon_outside_target_scope,False,"Point intersects ecological-zone polygon, but polygon attribute is outside target classes."
28.5033926,81.7379221,Hills,outside_target_ae_zone,,polygon_outside_target_scope,False,"Point intersects ecological-zone polygon, but polygon attribute is outside target classes."
28.5039161,81.7377585,Hills,outside_target_ae_zone,,polygon_outside_target_scope,False,"Point intersects ecological-zone polygon, but polygon attribute is outside target classes."
28.4695013,81.80840759999998,Hills,outside_target_ae_zone,,polygon_outside_target_scope,False,"Point intersects ecological-zone polygon, but polygon attribute is outside target classes."
28.4744474,81.80156909999998,Hills,outside_target_ae_zone,,polygon_outside_target_scope,False,"Point intersects ecological-zone polygon, but polygon attribute is outside target classes."
28.4776901,81.815167,Hills,outside_target_ae_zone,,polygon_outside_target_scope,False,"Point intersects ecological-zone polygon, but polygon attribute is outside target classes."
28.4935922,81.7413386,Hills,outside_target_ae_zone,,polygon_outside_target_scope,False,"Point intersects ecological-zone polygon, but polygon attribute is outside target classes."
28.4886675,81.7436692,Hills,outside_target_ae_zone,,polygon_outside_target_scope,False,"Point intersects ecological-zone polygon, but polygon attribute is outside target classes."
28.4862754,81.7438478,Hills,outside_target_ae_zone,,polygon_outside_target_scope,False,"Point intersects ecological-zone polygon, but polygon attribute is outside target classes."
28.6407167,81.6047964,Hills,outside_target_ae_zone,,polygon_outside_target_scope,False,"Point intersects ecological-zone polygon, but polygon attribute is outside target classes."
28.65149896,81.60132152,Hills,outside_target_ae_zone,,polygon_outside_target_scope,False,"Point intersects ecological-zone polygon, but polygon attribute is outside target classes."
28.43502162,81.81844583999998,Hills,outside_target_ae_zone,,polygon_outside_target_scope,False,"Point intersects ecological-zone polygon, but polygon attribute is outside target classes."
28.44887856,81.80503285,Hills,outside_target_ae_zone,,polygon_outside_target_scope,False,"Point intersects ecological-zone polygon, but polygon attribute is outside target classes."
28.45090946,81.79238916,Hills,outside_target_ae_zone,,polygon_outside_target_scope,False,"Point intersects ecological-zone polygon, but polygon attribute is outside target classes."
28.41739503,81.79727302,Hills,outside_target_ae_zone,,polygon_outside_target_scope,False,"Point intersects ecological-zone polygon, but polygon attribute is outside target classes."
28.41901413,81.80245342,Hills,outside_target_ae_zone,,polygon_outside_target_scope,False,"Point intersects ecological-zone polygon, but polygon attribute is outside target classes."
28.42058929,81.7986016,Hills,outside_target_ae_zone,,polygon_outside_target_scope,False,"Point intersects ecological-zone polygon, but polygon attribute is outside target classes."
28.5,81.783333,Hills,outside_target_ae_zone,,polygon_outside_target_scope,False,"Point intersects ecological-zone polygon, but polygon attribute is outside target classes."
28.5,81.783333,Hills,outside_target_ae_zone,,polygon_outside_target_scope,False,"Point intersects ecological-zone polygon, but polygon attribute is outside target classes."
28.5,81.783333,Hills,outside_target_ae_zone,,polygon_outside_target_scope,False,"Point intersects ecological-zone polygon, but polygon attribute is outside target classes."
28.5,81.783333,Hills,outside_target_ae_zone,,polygon_outside_target_scope,False,"Point intersects ecological-zone polygon, but polygon attribute is outside target classes."
28.5,81.783333,Hills,outside_target_ae_zone,,polygon_outside_target_scope,False,"Point intersects ecological-zone polygon, but polygon attribute is outside target classes."
28.5,81.783333,Hills,outside_target_ae_zone,,polygon_outside_target_scope,False,"Point intersects ecological-zone polygon, but polygon attribute is outside target classes."
28.15100101998486,83.69993939589448,Hills,outside_target_ae_zone,,polygon_outside_target_scope,False,"Point intersects ecological-zone polygon, but polygon attribute is outside target classes."
28.15100101998486,83.69993939589448,Hills,outside_target_ae_zone,,polygon_outside_target_scope,False,"Point intersects ecological-zone polygon, but polygon attribute is outside target classes."
28.15100101998486,83.69993939589448,Hills,outside_target_ae_zone,,polygon_outside_target_scope,False,"Point intersects ecological-zone polygon, but polygon attribute is outside target classes."
28.15100101998486,83.69993939589448,Hills,outside_target_ae_zone,,polygon_outside_target_scope,False,"Point intersects ecological-zone polygon, but polygon attribute is outside target classes."
28.15100101998486,83.69993939589448,Hills,outside_target_ae_zone,,polygon_outside_target_scope,False,"Point intersects ecological-zone polygon, but polygon attribute is outside target classes."
28.15100101998486,83.69993939589448,Hills,outside_target_ae_zone,,polygon_outside_target_scope,False,"Point intersects ecological-zone polygon, but polygon attribute is outside target classes."
28.15100101998486,83.69993939589448,Hills,outside_target_ae_zone,,polygon_outside_target_scope,False,"Point intersects ecological-zone polygon, but polygon attribute is outside target classes."
28.15100101998486,83.69993939589448,Hills,outside_target_ae_zone,,polygon_outside_target_scope,False,"Point intersects ecological-zone polygon, but polygon attribute is outside target classes."
27.283333,87.283333,Mountains,outside_target_ae_zone,,polygon_outside_target_scope,False,"Point intersects ecological-zone polygon, but polygon attribute is outside target classes."
27.283333,87.283333,Mountains,outside_target_ae_zone,,polygon_outside_target_scope,False,"Point intersects ecological-zone polygon, but polygon attribute is outside target classes."
27.283333,87.283333,Mountains,outside_target_ae_zone,,polygon_outside_target_scope,False,"Point intersects ecological-zone polygon, but polygon attribute is outside target classes."
27.283333,87.283333,Mountains,outside_target_ae_zone,,polygon_outside_target_scope,False,"Point intersects ecological-zone polygon, but polygon attribute is outside target classes."
27.283333,87.283333,Mountains,outside_target_ae_zone,,polygon_outside_target_scope,False,"Point intersects ecological-zone polygon, but polygon attribute is outside target classes."
27.283333,87.283333,Mountains,outside_target_ae_zone,,polygon_outside_target_scope,False,"Point intersects ecological-zone polygon, but polygon attribute is outside target classes."
27.283333,87.283333,Mountains,outside_target_ae_zone,,polygon_outside_target_scope,False,"Point intersects ecological-zone polygon, but polygon attribute is outside target classes."
27.283333,87.283333,Mountains,outside_target_ae_zone,,polygon_outside_target_scope,False,"Point intersects ecological-zone polygon, but polygon attribute is outside target classes."
27.283333,87.283333,Mountains,outside_target_ae_zone,,polygon_outside_target_scope,False,"Point intersects ecological-zone polygon, but polygon attribute is outside target classes."
27.283333,87.283333,Mountains,outside_target_ae_zone,,polygon_outside_target_scope,False,"Point intersects ecological-zone polygon, but polygon attribute is outside target classes."
27.283333,87.283333,Mountains,outside_target_ae_zone,,polygon_outside_target_scope,False,"Point intersects ecological-zone polygon, but polygon attribute is outside target classes."
27.283333,87.283333,Mountains,outside_target_ae_zone,,polygon_outside_target_scope,False,"Point intersects ecological-zone polygon, but polygon attribute is outside target classes."
27.283333,87.283333,Mountains,outside_target_ae_zone,,polygon_outside_target_scope,False,"Point intersects ecological-zone polygon, but polygon attribute is outside target classes."
27.283333,87.283333,Mountains,outside_target_ae_zone,,polygon_outside_target_scope,False,"Point intersects ecological-zone polygon, but polygon attribute is outside target classes."
27.283333,87.283333,Mountains,outside_target_ae_zone,,polygon_outside_target_scope,False,"Point intersects ecological-zone polygon, but polygon attribute is outside target classes."
28.166667,84.333333,Hills,outside_target_ae_zone,,polygon_outside_target_scope,False,"Point intersects ecological-zone polygon, but polygon attribute is outside target classes."
28.166667,84.333333,Hills,outside_target_ae_zone,,polygon_outside_target_scope,False,"Point intersects ecological-zone polygon, but polygon attribute is outside target classes."
28.166667,84.333333,Hills,outside_target_ae_zone,,polygon_outside_target_scope,False,"Point intersects ecological-zone polygon, but polygon attribute is outside target classes."
28.166667,84.333333,Hills,outside_target_ae_zone,,polygon_outside_target_scope,False,"Point intersects ecological-zone polygon, but polygon attribute is outside target classes."
28.166667,84.333333,Hills,outside_target_ae_zone,,polygon_outside_target_scope,False,"Point intersects ecological-zone polygon, but polygon attribute is outside target classes."
28.166667,84.333333,Hills,outside_target_ae_zone,,polygon_outside_target_scope,False,"Point intersects ecological-zone polygon, but polygon attribute is outside target classes."
28.166667,84.333333,Hills,outside_target_ae_zone,,polygon_outside_target_scope,False,"Point intersects ecological-zone polygon, but polygon attribute is outside target classes."
28.00042990997298,84.29076306375313,Hills,outside_target_ae_zone,,polygon_outside_target_scope,False,"Point intersects ecological-zone polygon, but polygon attribute is outside target classes."
28.00042990997298,84.29076306375313,Hills,outside_target_ae_zone,,polygon_outside_target_scope,False,"Point intersects ecological-zone polygon, but polygon attribute is outside target classes."
28.00042990997298,84.29076306375313,Hills,outside_target_ae_zone,,polygon_outside_target_scope,False,"Point intersects ecological-zone polygon, but polygon attribute is outside target classes."
28.00042990997298,84.29076306375313,Hills,outside_target_ae_zone,,polygon_outside_target_scope,False,"Point intersects ecological-zone polygon, but polygon attribute is outside target classes."
28.00042990997298,84.29076306375313,Hills,outside_target_ae_zone,,polygon_outside_target_scope,False,"Point intersects ecological-zone polygon, but polygon attribute is outside target classes."
28.00042990997298,84.29076306375313,Hills,outside_target_ae_zone,,polygon_outside_target_scope,False,"Point intersects ecological-zone polygon, but polygon attribute is outside target classes."
28.00042990997298,84.29076306375313,Hills,outside_target_ae_zone,,polygon_outside_target_scope,False,"Point intersects ecological-zone polygon, but polygon attribute is outside target classes."
28.00042990997298,84.29076306375313,Hills,outside_target_ae_zone,,polygon_outside_target_scope,False,"Point intersects ecological-zone polygon, but polygon attribute is outside target classes."
27.867031769485173,83.53126915536902,Hills,outside_target_ae_zone,,polygon_outside_target_scope,False,"Point intersects ecological-zone polygon, but polygon attribute is outside target classes."
27.867031769485173,83.53126915536902,Hills,outside_target_ae_zone,,polygon_outside_target_scope,False,"Point intersects ecological-zone polygon, but polygon attribute is outside target classes."
27.867031769485173,83.53126915536902,Hills,outside_target_ae_zone,,polygon_outside_target_scope,False,"Point intersects ecological-zone polygon, but polygon attribute is outside target classes."
27.867031769485173,83.53126915536902,Hills,outside_target_ae_zone,,polygon_outside_target_scope,False,"Point intersects ecological-zone polygon, but polygon attribute is outside target classes."
27.867031769485173,83.53126915536902,Hills,outside_target_ae_zone,,polygon_outside_target_scope,False,"Point intersects ecological-zone polygon, but polygon attribute is outside target classes."
27.867031769485173,83.53126915536902,Hills,outside_target_ae_zone,,polygon_outside_target_scope,False,"Point intersects ecological-zone polygon, but polygon attribute is outside target classes."
27.867031769485173,83.53126915536902,Hills,outside_target_ae_zone,,polygon_outside_target_scope,False,"Point intersects ecological-zone polygon, but polygon attribute is outside target classes."
27.867031769485173,83.53126915536902,Hills,outside_target_ae_zone,,polygon_outside_target_scope,False,"Point intersects ecological-zone polygon, but polygon attribute is outside target classes."
28.84627,81.72429,Hills,outside_target_ae_zone,,polygon_outside_target_scope,False,"Point intersects ecological-zone polygon, but polygon attribute is outside target classes."
28.84627,81.72429,Hills,outside_target_ae_zone,,polygon_outside_target_scope,False,"Point intersects ecological-zone polygon, but polygon attribute is outside target classes."
28.84627,81.72429,Hills,outside_target_ae_zone,,polygon_outside_target_scope,False,"Point intersects ecological-zone polygon, but polygon attribute is outside target classes."
28.84627,81.72429,Hills,outside_target_ae_zone,,polygon_outside_target_scope,False,"Point intersects ecological-zone polygon, but polygon attribute is outside target classes."
28.84627,81.72429,Hills,outside_target_ae_zone,,polygon_outside_target_scope,False,"Point intersects ecological-zone polygon, but polygon attribute is outside target classes."
28.84627,81.72429,Hills,outside_target_ae_zone,,polygon_outside_target_scope,False,"Point intersects ecological-zone polygon, but polygon attribute is outside target classes."
28.84627,81.72429,Hills,outside_target_ae_zone,,polygon_outside_target_scope,False,"Point intersects ecological-zone polygon, but polygon attribute is outside target classes."
28.84627,81.72429,Hills,outside_target_ae_zone,,polygon_outside_target_scope,False,"Point intersects ecological-zone polygon, but polygon attribute is outside target classes."
27.87,83.54,Hills,outside_target_ae_zone,,polygon_outside_target_scope,False,"Point intersects ecological-zone polygon, but polygon attribute is outside target classes."
27.87,83.54,Hills,outside_target_ae_zone,,polygon_outside_target_scope,False,"Point intersects ecological-zone polygon, but polygon attribute is outside target classes."
27.87,83.54,Hills,outside_target_ae_zone,,polygon_outside_target_scope,False,"Point intersects ecological-zone polygon, but polygon attribute is outside target classes."
27.87,83.54,Hills,outside_target_ae_zone,,polygon_outside_target_scope,False,"Point intersects ecological-zone polygon, but polygon attribute is outside target classes."
27.87,83.54,Hills,outside_target_ae_zone,,polygon_outside_target_scope,False,"Point intersects ecological-zone polygon, but polygon attribute is outside target classes."
27.87,83.54,Hills,outside_target_ae_zone,,polygon_outside_target_scope,False,"Point intersects ecological-zone polygon, but polygon attribute is outside target classes."
27.87,83.54,Hills,outside_target_ae_zone,,polygon_outside_target_scope,False,"Point intersects ecological-zone polygon, but polygon attribute is outside target classes."
27.87,83.54,Hills,outside_target_ae_zone,,polygon_outside_target_scope,False,"Point intersects ecological-zone polygon, but polygon attribute is outside target classes."
27.87,83.54,Hills,outside_target_ae_zone,,polygon_outside_target_scope,False,"Point intersects ecological-zone polygon, but polygon attribute is outside target classes."
27.87,83.54,Hills,outside_target_ae_zone,,polygon_outside_target_scope,False,"Point intersects ecological-zone polygon, but polygon attribute is outside target classes."
27.87,83.54,Hills,outside_target_ae_zone,,polygon_outside_target_scope,False,"Point intersects ecological-zone polygon, but polygon attribute is outside target classes."
27.87,83.54,Hills,outside_target_ae_zone,,polygon_outside_target_scope,False,"Point intersects ecological-zone polygon, but polygon attribute is outside target classes."
27.87,83.54,Hills,outside_target_ae_zone,,polygon_outside_target_scope,False,"Point intersects ecological-zone polygon, but polygon attribute is outside target classes."
27.87,83.54,Hills,outside_target_ae_zone,,polygon_outside_target_scope,False,"Point intersects ecological-zone polygon, but polygon attribute is outside target classes."
27.87,83.54,Hills,outside_target_ae_zone,,polygon_outside_target_scope,False,"Point intersects ecological-zone polygon, but polygon attribute is outside target classes."
27.87,83.54,Hills,outside_target_ae_zone,,polygon_outside_target_scope,False,"Point intersects ecological-zone polygon, but polygon attribute is outside target classes."
27.87,83.54,Hills,outside_target_ae_zone,,polygon_outside_target_scope,False,"Point intersects ecological-zone polygon, but polygon attribute is outside target classes."
27.87,83.54,Hills,outside_target_ae_zone,,polygon_outside_target_scope,False,"Point intersects ecological-zone polygon, but polygon attribute is outside target classes."
27.87,83.54,Hills,outside_target_ae_zone,,polygon_outside_target_scope,False,"Point intersects ecological-zone polygon, but polygon attribute is outside target classes."
27.87,83.54,Hills,outside_target_ae_zone,,polygon_outside_target_scope,False,"Point intersects ecological-zone polygon, but polygon attribute is outside target classes."
27.87,83.54,Hills,outside_target_ae_zone,,polygon_outside_target_scope,False,"Point intersects ecological-zone polygon, but polygon attribute is outside target classes."
27.87,83.54,Hills,outside_target_ae_zone,,polygon_outside_target_scope,False,"Point intersects ecological-zone polygon, but polygon attribute is outside target classes."
27.87,83.54,Hills,outside_target_ae_zone,,polygon_outside_target_scope,False,"Point intersects ecological-zone polygon, but polygon attribute is outside target classes."
27.87,83.54,Hills,outside_target_ae_zone,,polygon_outside_target_scope,False,"Point intersects ecological-zone polygon, but polygon attribute is outside target classes."
27.87,83.54,Hills,outside_target_ae_zone,,polygon_outside_target_scope,False,"Point intersects ecological-zone polygon, but polygon attribute is outside target classes."
27.87,83.54,Hills,outside_target_ae_zone,,polygon_outside_target_scope,False,"Point intersects ecological-zone polygon, but polygon attribute is outside target classes."
27.87,83.54,Hills,outside_target_ae_zone,,polygon_outside_target_scope,False,"Point intersects ecological-zone polygon, but polygon attribute is outside target classes."
27.87,83.54,Hills,outside_target_ae_zone,,polygon_outside_target_scope,False,"Point intersects ecological-zone polygon, but polygon attribute is outside target classes."
,,,,,missing_coordinates,False,Latitude or longitude missing/non-numeric; no spatial AEZ assignment.
,,,,,missing_coordinates,False,Latitude or longitude missing/non-numeric; no spatial AEZ assignment.
27.833333,83.5,Hills,outside_target_ae_zone,,polygon_outside_target_scope,False,"Point intersects ecological-zone polygon, but polygon attribute is outside target classes."
27.833333,83.5,Hills,outside_target_ae_zone,,polygon_outside_target_scope,False,"Point intersects ecological-zone polygon, but polygon attribute is outside target classes."
27.833333,83.5,Hills,outside_target_ae_zone,,polygon_outside_target_scope,False,"Point intersects ecological-zone polygon, but polygon attribute is outside target classes."
27.833333,83.5,Hills,outside_target_ae_zone,,polygon_outside_target_scope,False,"Point intersects ecological-zone polygon, but polygon attribute is outside target classes."
27.833333,83.5,Hills,outside_target_ae_zone,,polygon_outside_target_scope,False,"Point intersects ecological-zone polygon, but polygon attribute is outside target classes."
27.833333,83.5,Hills,outside_target_ae_zone,,polygon_outside_target_scope,False,"Point intersects ecological-zone polygon, but polygon attribute is outside target classes."
27.833333,83.5,Hills,outside_target_ae_zone,,polygon_outside_target_scope,False,"Point intersects ecological-zone polygon, but polygon attribute is outside target classes."
27.833333,83.5,Hills,outside_target_ae_zone,,polygon_outside_target_scope,False,"Point intersects ecological-zone polygon, but polygon attribute is outside target classes."
27.833333,83.5,Hills,outside_target_ae_zone,,polygon_outside_target_scope,False,"Point intersects ecological-zone polygon, but polygon attribute is outside target classes."
27.833333,83.5,Hills,outside_target_ae_zone,,polygon_outside_target_scope,False,"Point intersects ecological-zone polygon, but polygon attribute is outside target classes."
27.833333,83.5,Hills,outside_target_ae_zone,,polygon_outside_target_scope,False,"Point intersects ecological-zone polygon, but polygon attribute is outside target classes."
27.833333,83.5,Hills,outside_target_ae_zone,,polygon_outside_target_scope,False,"Point intersects ecological-zone polygon, but polygon attribute is outside target classes."
27.833333,83.5,Hills,outside_target_ae_zone,,polygon_outside_target_scope,False,"Point intersects ecological-zone polygon, but polygon attribute is outside target classes."
27.833333,83.5,Hills,outside_target_ae_zone,,polygon_outside_target_scope,False,"Point intersects ecological-zone polygon, but polygon attribute is outside target classes."
,,,,,missing_coordinates,False,Latitude or longitude missing/non-numeric; no spatial AEZ assignment.
27.65,85.33,Hills,outside_target_ae_zone,,polygon_outside_target_scope,False,"Point intersects ecological-zone polygon, but polygon attribute is outside target classes."
27.65,85.33,Hills,outside_target_ae_zone,,polygon_outside_target_scope,False,"Point intersects ecological-zone polygon, but polygon attribute is outside target classes."
27.65,85.33,Hills,outside_target_ae_zone,,polygon_outside_target_scope,False,"Point intersects ecological-zone polygon, but polygon attribute is outside target classes."
27.65,85.33,Hills,outside_target_ae_zone,,polygon_outside_target_scope,False,"Point intersects ecological-zone polygon, but polygon attribute is outside target classes."
27.65,85.33,Hills,outside_target_ae_zone,,polygon_outside_target_scope,False,"Point intersects ecological-zone polygon, but polygon attribute is outside target classes."
27.65,85.33,Hills,outside_target_ae_zone,,polygon_outside_target_scope,False,"Point intersects ecological-zone polygon, but polygon attribute is outside target classes."
27.65,85.33,Hills,outside_target_ae_zone,,polygon_outside_target_scope,False,"Point intersects ecological-zone polygon, but polygon attribute is outside target classes."
27.65,85.33,Hills,outside_target_ae_zone,,polygon_outside_target_scope,False,"Point intersects ecological-zone polygon, but polygon attribute is outside target classes."
27.65,85.33,Hills,outside_target_ae_zone,,polygon_outside_target_scope,False,"Point intersects ecological-zone polygon, but polygon attribute is outside target classes."
27.65,85.33,Hills,outside_target_ae_zone,,polygon_outside_target_scope,False,"Point intersects ecological-zone polygon, but polygon attribute is outside target classes."
27.65,85.33,Hills,outside_target_ae_zone,,polygon_outside_target_scope,False,"Point intersects ecological-zone polygon, but polygon attribute is outside target classes."
27.65,85.33,Hills,outside_target_ae_zone,,polygon_outside_target_scope,False,"Point intersects ecological-zone polygon, but polygon attribute is outside target classes."
27.65,85.33,Hills,outside_target_ae_zone,,polygon_outside_target_scope,False,"Point intersects ecological-zone polygon, but polygon attribute is outside target classes."
27.65,85.33,Hills,outside_target_ae_zone,,polygon_outside_target_scope,False,"Point intersects ecological-zone polygon, but polygon attribute is outside target classes."
27.65,85.33,Hills,outside_target_ae_zone,,polygon_outside_target_scope,False,"Point intersects ecological-zone polygon, but polygon attribute is outside target classes."
27.65,85.33,Hills,outside_target_ae_zone,,polygon_outside_target_scope,False,"Point intersects ecological-zone polygon, but polygon attribute is outside target classes."
27.65,85.33,Hills,outside_target_ae_zone,,polygon_outside_target_scope,False,"Point intersects ecological-zone polygon, but polygon attribute is outside target classes."
27.65,85.33,Hills,outside_target_ae_zone,,polygon_outside_target_scope,False,"Point intersects ecological-zone polygon, but polygon attribute is outside target classes."
27.65,85.33,Hills,outside_target_ae_zone,,polygon_outside_target_scope,False,"Point intersects ecological-zone polygon, but polygon attribute is outside target classes."
27.65,85.33,Hills,outside_target_ae_zone,,polygon_outside_target_scope,False,"Point intersects ecological-zone polygon, but polygon attribute is outside target classes."
27.65,85.33,Hills,outside_target_ae_zone,,polygon_outside_target_scope,False,"Point intersects ecological-zone polygon, but polygon attribute is outside target classes."
,,,,,missing_coordinates,False,Latitude or longitude missing/non-numeric; no spatial AEZ assignment.
27.65,85.33,Hills,outside_target_ae_zone,,polygon_outside_target_scope,False,"Point intersects ecological-zone polygon, but polygon attribute is outside target classes."
27.65,85.33,Hills,outside_target_ae_zone,,polygon_outside_target_scope,False,"Point intersects ecological-zone polygon, but polygon attribute is outside target classes."
27.65,85.33,Hills,outside_target_ae_zone,,polygon_outside_target_scope,False,"Point intersects ecological-zone polygon, but polygon attribute is outside target classes."
27.65,85.33,Hills,outside_target_ae_zone,,polygon_outside_target_scope,False,"Point intersects ecological-zone polygon, but polygon attribute is outside target classes."
27.65,85.33,Hills,outside_target_ae_zone,,polygon_outside_target_scope,False,"Point intersects ecological-zone polygon, but polygon attribute is outside target classes."
27.65,85.33,Hills,outside_target_ae_zone,,polygon_outside_target_scope,False,"Point intersects ecological-zone polygon, but polygon attribute is outside target classes."
27.65,85.33,Hills,outside_target_ae_zone,,polygon_outside_target_scope,False,"Point intersects ecological-zone polygon, but polygon attribute is outside target classes."
27.65,85.33,Hills,outside_target_ae_zone,,polygon_outside_target_scope,False,"Point intersects ecological-zone polygon, but polygon attribute is outside target classes."
27.65,85.33,Hills,outside_target_ae_zone,,polygon_outside_target_scope,False,"Point intersects ecological-zone polygon, but polygon attribute is outside target classes."
28.34530798891624,83.97315120726705,Hills,outside_target_ae_zone,,polygon_outside_target_scope,False,"Point intersects ecological-zone polygon, but polygon attribute is outside target classes."
28.34530798891624,83.97315120726705,Hills,outside_target_ae_zone,,polygon_outside_target_scope,False,"Point intersects ecological-zone polygon, but polygon attribute is outside target classes."
28.34530798891624,83.97315120726705,Hills,outside_target_ae_zone,,polygon_outside_target_scope,False,"Point intersects ecological-zone polygon, but polygon attribute is outside target classes."
28.34530798891624,83.97315120726705,Hills,outside_target_ae_zone,,polygon_outside_target_scope,False,"Point intersects ecological-zone polygon, but polygon attribute is outside target classes."
28.34530798891624,83.97315120726705,Hills,outside_target_ae_zone,,polygon_outside_target_scope,False,"Point intersects ecological-zone polygon, but polygon attribute is outside target classes."
28.34530798891624,83.97315120726705,Hills,outside_target_ae_zone,,polygon_outside_target_scope,False,"Point intersects ecological-zone polygon, but polygon attribute is outside target classes."
28.34530798891624,83.97315120726705,Hills,outside_target_ae_zone,,polygon_outside_target_scope,False,"Point intersects ecological-zone polygon, but polygon attribute is outside target classes."
27.65,85.33,Hills,outside_target_ae_zone,,polygon_outside_target_scope,False,"Point intersects ecological-zone polygon, but polygon attribute is outside target classes."
27.65,85.33,Hills,outside_target_ae_zone,,polygon_outside_target_scope,False,"Point intersects ecological-zone polygon, but polygon attribute is outside target classes."
27.65,85.33,Hills,outside_target_ae_zone,,polygon_outside_target_scope,False,"Point intersects ecological-zone polygon, but polygon attribute is outside target classes."
27.65,85.33,Hills,outside_target_ae_zone,,polygon_outside_target_scope,False,"Point intersects ecological-zone polygon, but polygon attribute is outside target classes."
27.65,85.33,Hills,outside_target_ae_zone,,polygon_outside_target_scope,False,"Point intersects ecological-zone polygon, but polygon attribute is outside target classes."
27.65,85.33,Hills,outside_target_ae_zone,,polygon_outside_target_scope,False,"Point intersects ecological-zone polygon, but polygon attribute is outside target classes."
27.65,85.33,Hills,outside_target_ae_zone,,polygon_outside_target_scope,False,"Point intersects ecological-zone polygon, but polygon attribute is outside target classes."
27.65,85.33,Hills,outside_target_ae_zone,,polygon_outside_target_scope,False,"Point intersects ecological-zone polygon, but polygon attribute is outside target classes."
27.65,85.33,Hills,outside_target_ae_zone,,polygon_outside_target_scope,False,"Point intersects ecological-zone polygon, but polygon attribute is outside target classes."
27.65,85.33,Hills,outside_target_ae_zone,,polygon_outside_target_scope,False,"Point intersects ecological-zone polygon, but polygon attribute is outside target classes."
27.65,85.33,Hills,outside_target_ae_zone,,polygon_outside_target_scope,False,"Point intersects ecological-zone polygon, but polygon attribute is outside target classes."
27.65,85.33,Hills,outside_target_ae_zone,,polygon_outside_target_scope,False,"Point intersects ecological-zone polygon, but polygon attribute is outside target classes."
27.65,85.33,Hills,outside_target_ae_zone,,polygon_outside_target_scope,False,"Point intersects ecological-zone polygon, but polygon attribute is outside target classes."
27.65,85.33,Hills,outside_target_ae_zone,,polygon_outside_target_scope,False,"Point intersects ecological-zone polygon, but polygon attribute is outside target classes."
27.65,85.33,Hills,outside_target_ae_zone,,polygon_outside_target_scope,False,"Point intersects ecological-zone polygon, but polygon attribute is outside target classes."
27.65,85.33,Hills,outside_target_ae_zone,,polygon_outside_target_scope,False,"Point intersects ecological-zone polygon, but polygon attribute is outside target classes."
27.65,85.33,Hills,outside_target_ae_zone,,polygon_outside_target_scope,False,"Point intersects ecological-zone polygon, but polygon attribute is outside target classes."
27.65,85.33,Hills,outside_target_ae_zone,,polygon_outside_target_scope,False,"Point intersects ecological-zone polygon, but polygon attribute is outside target classes."
27.866666666666667,83.45,Hills,outside_target_ae_zone,,polygon_outside_target_scope,False,"Point intersects ecological-zone polygon, but polygon attribute is outside target classes."
27.866666666666667,83.45,Hills,outside_target_ae_zone,,polygon_outside_target_scope,False,"Point intersects ecological-zone polygon, but polygon attribute is outside target classes."
27.866666666666667,83.45,Hills,outside_target_ae_zone,,polygon_outside_target_scope,False,"Point intersects ecological-zone polygon, but polygon attribute is outside target classes."
27.866666666666667,83.45,Hills,outside_target_ae_zone,,polygon_outside_target_scope,False,"Point intersects ecological-zone polygon, but polygon attribute is outside target classes."
27.866666666666667,83.45,Hills,outside_target_ae_zone,,polygon_outside_target_scope,False,"Point intersects ecological-zone polygon, but polygon attribute is outside target classes."
28.23379,82.823735,Hills,outside_target_ae_zone,,polygon_outside_target_scope,False,"Point intersects ecological-zone polygon, but polygon attribute is outside target classes."
28.23379,82.823735,Hills,outside_target_ae_zone,,polygon_outside_target_scope,False,"Point intersects ecological-zone polygon, but polygon attribute is outside target classes."
28.23379,82.823735,Hills,outside_target_ae_zone,,polygon_outside_target_scope,False,"Point intersects ecological-zone polygon, but polygon attribute is outside target classes."
28.23379,82.823735,Hills,outside_target_ae_zone,,polygon_outside_target_scope,False,"Point intersects ecological-zone polygon, but polygon attribute is outside target classes."
28.23379,82.823735,Hills,outside_target_ae_zone,,polygon_outside_target_scope,False,"Point intersects ecological-zone polygon, but polygon attribute is outside target classes."
28.23379,82.823735,Hills,outside_target_ae_zone,,polygon_outside_target_scope,False,"Point intersects ecological-zone polygon, but polygon attribute is outside target classes."
28.23379,82.823735,Hills,outside_target_ae_zone,,polygon_outside_target_scope,False,"Point intersects ecological-zone polygon, but polygon attribute is outside target classes."
28.23379,82.823735,Hills,outside_target_ae_zone,,polygon_outside_target_scope,False,"Point intersects ecological-zone polygon, but polygon attribute is outside target classes."
28.23379,82.823735,Hills,outside_target_ae_zone,,polygon_outside_target_scope,False,"Point intersects ecological-zone polygon, but polygon attribute is outside target classes."
28.23379,82.823735,Hills,outside_target_ae_zone,,polygon_outside_target_scope,False,"Point intersects ecological-zone polygon, but polygon attribute is outside target classes."
28.23379,82.823735,Hills,outside_target_ae_zone,,polygon_outside_target_scope,False,"Point intersects ecological-zone polygon, but polygon attribute is outside target classes."
28.23379,82.823735,Hills,outside_target_ae_zone,,polygon_outside_target_scope,False,"Point intersects ecological-zone polygon, but polygon attribute is outside target classes."
28.23379,82.823735,Hills,outside_target_ae_zone,,polygon_outside_target_scope,False,"Point intersects ecological-zone polygon, but polygon attribute is outside target classes."
28.23379,82.823735,Hills,outside_target_ae_zone,,polygon_outside_target_scope,False,"Point intersects ecological-zone polygon, but polygon attribute is outside target classes."
28.23379,82.823735,Hills,outside_target_ae_zone,,polygon_outside_target_scope,False,"Point intersects ecological-zone polygon, but polygon attribute is outside target classes."
28.23379,82.823735,Hills,outside_target_ae_zone,,polygon_outside_target_scope,False,"Point intersects ecological-zone polygon, but polygon attribute is outside target classes."
,,,,,missing_coordinates,False,Latitude or longitude missing/non-numeric; no spatial AEZ assignment.
,,,,,missing_coordinates,False,Latitude or longitude missing/non-numeric; no spatial AEZ assignment.
28.116667,84.416667,Hills,outside_target_ae_zone,,polygon_outside_target_scope,False,"Point intersects ecological-zone polygon, but polygon attribute is outside target classes."
28.116667,84.416667,Hills,outside_target_ae_zone,,polygon_outside_target_scope,False,"Point intersects ecological-zone polygon, but polygon attribute is outside target classes."
28.116667,84.416667,Hills,outside_target_ae_zone,,polygon_outside_target_scope,False,"Point intersects ecological-zone polygon, but polygon attribute is outside target classes."
28.116667,84.416667,Hills,outside_target_ae_zone,,polygon_outside_target_scope,False,"Point intersects ecological-zone polygon, but polygon attribute is outside target classes."
28.116667,84.416667,Hills,outside_target_ae_zone,,polygon_outside_target_scope,False,"Point intersects ecological-zone polygon, but polygon attribute is outside target classes."
28.116667,84.416667,Hills,outside_target_ae_zone,,polygon_outside_target_scope,False,"Point intersects ecological-zone polygon, but polygon attribute is outside target classes."
