year,study,district,site,latitude,longitude,strategy,efficiency_metric,N_rate_kg_ha,yield_0PK_kg_ha,yield_kg_ha,yield_GR_kg_ha,yield_gain_over_0PK_kg_ha,yield_difference_from_GR_kg_ha,yield_retention_fraction,AE_N_kg_grain_per_kg_N,AE_N_GR_kg_grain_per_kg_N,delta_AE_N_from_GR,AE_N_ratio_to_GR,PFP_N_kg_grain_per_kg_N,PFP_N_GR_kg_grain_per_kg_N,delta_PFP_N_from_GR,PFP_N_ratio_to_GR,tested_N_change_vs_GR_kg_ha,dsm_match_distance_km,ph,om_pct,n_total_pct,p_olsen_mg_kg,k_exch_mg_kg,sand_pct,clay_pct,silt_pct,spatial_training_eligible
2017,2017 core trial,Dang,Dhikpur,28.04838988977778,82.3932937791111,GR,AE,120.0,4394.333333333333,7993.555555555556,7993.555555555556,3599.2222222222226,0.0,1.0,29.99351851851852,29.99351851851852,0.0,1.0,66.61296296296297,66.61296296296297,0.0,1.0,0.0,1.1374839542104933,6.61,1.84,0.09,119.41,492.49,44.88,20.94,37.59,True
2017,2017 core trial,Dang,Dhikpur,28.04838988977778,82.3932937791111,N60,AE,60.0,4394.333333333333,6440.0,7993.555555555556,2045.666666666667,-1553.5555555555557,0.8056489950237692,34.09444444444445,29.99351851851852,4.100925925925928,1.136727070663415,107.33333333333333,66.61296296296297,40.72037037037036,1.6112979900475382,-60.0,1.1374839542104933,6.61,1.84,0.09,119.41,492.49,44.88,20.94,37.59,True
2017,2017 core trial,Dang,Dhikpur,28.04838988977778,82.3932937791111,N180,AE,180.0,4394.333333333333,7951.0,7993.555555555556,3556.666666666667,-42.55555555555566,0.9946762669928554,19.75925925925926,29.99351851851852,-10.234259259259261,0.6587843052511345,44.172222222222224,66.61296296296297,-22.440740740740743,0.6631175113285702,60.0,1.1374839542104933,6.61,1.84,0.09,119.41,492.49,44.88,20.94,37.59,True
2017,2017 core trial,Dang,Dhikpur,28.04838988977778,82.3932937791111,N210,AE,210.0,4394.333333333333,7083.666666666667,7993.555555555556,2689.333333333334,-909.8888888888887,0.8861721942676045,12.806349206349209,29.99351851851852,-17.18716931216931,0.42697055360285074,33.731746031746034,66.61296296296297,-32.88121693121693,0.5063841110100596,90.0,1.1374839542104933,6.61,1.84,0.09,119.41,492.49,44.88,20.94,37.59,True
2017,2017 core trial,Dang,Dhuruwa,28.027323332444446,82.32573762933335,GR,AE,120.0,5299.0,6384.333333333333,6384.333333333333,1085.333333333333,0.0,1.0,9.044444444444443,9.044444444444443,0.0,1.0,53.202777777777776,53.202777777777776,0.0,1.0,0.0,0.9863260366642327,6.92,2.13,0.11,146.82,423.2,47.82,20.56,31.61,True
2017,2017 core trial,Dang,Dhuruwa,28.027323332444446,82.32573762933335,N60,AE,60.0,5299.0,6823.666666666667,6384.333333333333,1524.666666666667,439.33333333333394,1.0688142849684124,25.411111111111115,9.044444444444443,16.366666666666674,2.8095823095823107,113.72777777777779,53.202777777777776,60.52500000000001,2.1376285699368247,-60.0,0.9863260366642327,6.92,2.13,0.11,146.82,423.2,47.82,20.56,31.61,True
2017,2017 core trial,Dang,Dhuruwa,28.027323332444446,82.32573762933335,N180,AE,180.0,5299.0,6746.666666666667,6384.333333333333,1447.666666666667,362.33333333333394,1.05675351119929,8.042592592592595,9.044444444444443,-1.001851851851848,0.8892301392301396,37.48148148148148,53.202777777777776,-15.721296296296295,0.7045023407995267,60.0,0.9863260366642327,6.92,2.13,0.11,146.82,423.2,47.82,20.56,31.61,True
2017,2017 core trial,Dang,Dhuruwa,28.027323332444446,82.32573762933335,N210,AE,210.0,5299.0,7045.333333333333,6384.333333333333,1746.333333333333,661.0,1.1035346943037645,8.315873015873015,9.044444444444443,-0.7285714285714278,0.9194454194454195,33.54920634920635,53.202777777777776,-19.653571428571425,0.6305912538878654,90.0,0.9863260366642327,6.92,2.13,0.11,146.82,423.2,47.82,20.56,31.61,True
2017,2017 core trial,Dang,Hapur,28.092530111333332,82.42747433366667,GR,AE,120.0,4099.0,5390.166666666667,5390.166666666667,1291.166666666667,0.0,1.0,10.759722222222225,10.759722222222225,0.0,1.0,44.91805555555556,44.91805555555556,0.0,1.0,0.0,1.1048238941338744,6.5,1.82,0.09,186.75,652.48,47.72,16.6,37.47,True
2017,2017 core trial,Dang,Hapur,28.092530111333332,82.42747433366667,N60,AE,60.0,4099.0,4991.0,5390.166666666667,892.0,-399.16666666666697,0.9259453943910206,14.866666666666667,10.759722222222225,4.1069444444444425,1.381696140441461,83.18333333333334,44.91805555555556,38.265277777777776,1.8518907887820413,-60.0,1.1048238941338744,6.5,1.82,0.09,186.75,652.48,47.72,16.6,37.47,True
2017,2017 core trial,Dang,Hapur,28.092530111333332,82.42747433366667,N180,AE,180.0,4099.0,4880.5,5390.166666666667,781.5,-509.66666666666697,0.9054451006462385,4.341666666666667,10.759722222222225,-6.418055555555558,0.4035110365302697,27.113888888888887,44.91805555555556,-17.804166666666674,0.6036300670974922,60.0,1.1048238941338744,6.5,1.82,0.09,186.75,652.48,47.72,16.6,37.47,True
2017,2017 core trial,Dang,Hapur,28.092530111333332,82.42747433366667,N210,AE,210.0,4099.0,5643.0,5390.166666666667,1544.0,252.83333333333303,1.0469064036362512,7.352380952380952,10.759722222222225,-3.4073412698412726,0.6833244205130095,26.87142857142857,44.91805555555556,-18.04662698412699,0.5982322306492863,90.0,1.1048238941338744,6.5,1.82,0.09,186.75,652.48,47.72,16.6,37.47,True
2017,2017 core trial,Dang,Laxmipur,27.979843074444442,82.49199263,GR,AE,120.0,5839.0,6876.0,6876.0,1037.0,0.0,1.0,8.641666666666667,8.641666666666667,0.0,1.0,57.3,57.3,0.0,1.0,0.0,0.7865835174413092,6.8,2.25,0.11,147.0,447.18,44.78,21.69,32.35,True
2017,2017 core trial,Dang,Laxmipur,27.979843074444442,82.49199263,N60,AE,60.0,5839.0,6507.333333333333,6876.0,668.333333333333,-368.66666666666697,0.9463835563312003,11.138888888888884,8.641666666666667,2.4972222222222165,1.2889746062359364,108.45555555555555,57.3,51.15555555555555,1.8927671126624006,-60.0,0.7865835174413092,6.8,2.25,0.11,147.0,447.18,44.78,21.69,32.35,True
2017,2017 core trial,Dang,Laxmipur,27.979843074444442,82.49199263,N180,AE,180.0,5839.0,6430.333333333333,6876.0,591.333333333333,-445.66666666666697,0.9351851851851851,3.2851851851851834,8.641666666666667,-5.3564814814814845,0.38015643415836253,35.724074074074075,57.3,-21.575925925925922,0.6234567901234568,60.0,0.7865835174413092,6.8,2.25,0.11,147.0,447.18,44.78,21.69,32.35,True
2017,2017 core trial,Dang,Laxmipur,27.979843074444442,82.49199263,N210,AE,210.0,5839.0,8038.333333333333,6876.0,2199.333333333333,1162.333333333333,1.1690420787279425,10.473015873015871,8.641666666666667,1.8313492063492038,1.211920833907333,38.27777777777778,57.3,-19.02222222222222,0.6680240449873959,90.0,0.7865835174413092,6.8,2.25,0.11,147.0,447.18,44.78,21.69,32.35,True
2017,2017 core trial,Dang,Panchakule,28.13381361066667,82.113351944,GR,AE,120.0,8108.0,8514.333333333334,8514.333333333334,406.33333333333394,0.0,1.0,3.386111111111116,3.386111111111116,0.0,1.0,70.95277777777778,70.95277777777778,0.0,1.0,0.0,0.9454708016365493,6.89,2.62,0.14,179.24,493.14,44.23,20.15,34.78,True
2017,2017 core trial,Dang,Panchakule,28.13381361066667,82.113351944,N60,AE,60.0,8108.0,8235.5,8514.333333333334,127.5,-278.83333333333394,0.9672513017265003,2.125,3.386111111111116,-1.261111111111116,0.6275635767022141,137.25833333333333,70.95277777777778,66.30555555555554,1.9345026034530006,-60.0,0.9454708016365493,6.89,2.62,0.14,179.24,493.14,44.23,20.15,34.78,True
2017,2017 core trial,Dang,Panchakule,28.13381361066667,82.113351944,N180,AE,180.0,8108.0,7531.0,8514.333333333334,-577.0,-983.3333333333339,0.8845084759033786,-3.2055555555555557,3.386111111111116,-6.591666666666672,-0.9466776045939281,41.83888888888889,70.95277777777778,-29.113888888888894,0.589672317268919,60.0,0.9454708016365493,6.89,2.62,0.14,179.24,493.14,44.23,20.15,34.78,True
2017,2017 core trial,Dang,Panchakule,28.13381361066667,82.113351944,N210,AE,210.0,8108.0,5706.5,8514.333333333334,-2401.5,-2807.833333333334,0.6702227616176643,-11.435714285714285,3.386111111111116,-14.821825396825401,-3.377241298488217,27.173809523809524,70.95277777777778,-43.77896825396826,0.3829844352100939,90.0,0.9454708016365493,6.89,2.62,0.14,179.24,493.14,44.23,20.15,34.78,True
2017,2017 core trial,Dang,Pawannagar,28.163722926000002,82.25668107488889,GR,AE,120.0,5612.0,6223.555555555556,6223.555555555556,611.5555555555557,0.0,1.0,5.096296296296297,5.096296296296297,0.0,1.0,51.86296296296296,51.86296296296296,0.0,1.0,0.0,0.524976306732825,6.69,2.84,0.13,233.29,509.27,46.64,17.14,36.33,True
2017,2017 core trial,Dang,Pawannagar,28.163722926000002,82.25668107488889,N60,AE,60.0,5612.0,6437.666666666667,6223.555555555556,825.666666666667,214.1111111111113,1.0344033421409697,13.761111111111116,5.096296296296297,8.664814814814818,2.700218023255814,107.29444444444445,51.86296296296296,55.43148148148149,2.06880668428194,-60.0,0.524976306732825,6.69,2.84,0.13,233.29,509.27,46.64,17.14,36.33,True
2017,2017 core trial,Dang,Pawannagar,28.163722926000002,82.25668107488889,N180,AE,180.0,5612.0,8023.333333333333,6223.555555555556,2411.333333333333,1799.7777777777774,1.289188031136185,13.396296296296295,5.096296296296297,8.299999999999997,2.6286337209302317,44.57407407407407,51.86296296296296,-7.288888888888891,0.8594586874241233,60.0,0.524976306732825,6.69,2.84,0.13,233.29,509.27,46.64,17.14,36.33,True
2017,2017 core trial,Dang,Pawannagar,28.163722926000002,82.25668107488889,N210,AE,210.0,5612.0,7171.333333333333,6223.555555555556,1559.333333333333,947.7777777777774,1.1522887952581589,7.425396825396824,5.096296296296297,2.3291005291005265,1.4570182724252485,34.149206349206345,51.86296296296296,-17.713756613756615,0.6584507401475194,90.0,0.524976306732825,6.69,2.84,0.13,233.29,509.27,46.64,17.14,36.33,True
2017,2017 core trial,Dang,Purandhara,28.192575259555554,82.09887590777778,GR,AE,120.0,6920.5,7508.555555555556,7508.555555555556,588.0555555555557,0.0,1.0,4.900462962962964,4.900462962962964,0.0,1.0,62.571296296296296,62.571296296296296,0.0,1.0,0.0,0.8281221047391699,6.77,2.87,0.15,172.64,458.32,48.17,19.49,35.12,True
2017,2017 core trial,Dang,Purandhara,28.192575259555554,82.09887590777778,N60,AE,60.0,6920.5,7284.0,7508.555555555556,363.5,-224.55555555555566,0.9700933749648549,6.058333333333334,4.900462962962964,1.1578703703703699,1.2362777515351913,121.4,62.571296296296296,58.82870370370371,1.9401867499297099,-60.0,0.8281221047391699,6.77,2.87,0.15,172.64,458.32,48.17,19.49,35.12,True
2017,2017 core trial,Dang,Purandhara,28.192575259555554,82.09887590777778,N180,AE,180.0,6920.5,7628.666666666667,7508.555555555556,708.166666666667,120.11111111111131,1.0159965668792637,3.934259259259261,4.900462962962964,-0.9662037037037026,0.802834199338687,42.38148148148149,62.571296296296296,-20.18981481481481,0.6773310445861759,60.0,0.8281221047391699,6.77,2.87,0.15,172.64,458.32,48.17,19.49,35.12,True
2017,2017 core trial,Dang,Purandhara,28.192575259555554,82.09887590777778,N210,AE,210.0,6920.5,7465.0,7508.555555555556,544.5,-43.55555555555566,0.9941992097903133,2.592857142857143,4.900462962962964,-2.3076058201058207,0.5291045279708482,35.54761904761905,62.571296296296296,-27.023677248677245,0.5681138341658933,90.0,0.8281221047391699,6.77,2.87,0.15,172.64,458.32,48.17,19.49,35.12,True
2017,2017 core trial,Dang,Shantinagar,28.164224335250005,82.2305574175,GR,AE,120.0,5816.0,8992.5,8992.5,3176.5,0.0,1.0,26.470833333333335,26.470833333333335,0.0,1.0,74.9375,74.9375,0.0,1.0,0.0,2.0287924005297495,6.66,3.19,0.13,301.32,548.99,47.48,17.03,35.4,True
2017,2017 core trial,Dang,Shantinagar,28.164224335250005,82.2305574175,N60,AE,60.0,5816.0,8702.5,8992.5,2886.5,-290.0,0.96775090353072,48.108333333333334,26.470833333333335,21.6375,1.8174090980639068,145.04166666666666,74.9375,70.10416666666666,1.93550180706144,-60.0,2.0287924005297495,6.66,3.19,0.13,301.32,548.99,47.48,17.03,35.4,True
2017,2017 core trial,Dang,Shantinagar,28.164224335250005,82.2305574175,N180,AE,180.0,5816.0,8879.5,8992.5,3063.5,-113.0,0.9874339727550737,17.019444444444446,26.470833333333335,-9.45138888888889,0.6429508368749672,49.330555555555556,74.9375,-25.606944444444444,0.6582893151700491,60.0,2.0287924005297495,6.66,3.19,0.13,301.32,548.99,47.48,17.03,35.4,True
2017,2017 core trial,Dang,Shantinagar,28.164224335250005,82.2305574175,N210,AE,210.0,5816.0,8536.5,8992.5,2720.5,-456.0,0.9492910758965805,12.954761904761904,26.470833333333335,-13.516071428571431,0.4893975849429965,40.65,74.9375,-34.2875,0.5424520433694745,90.0,2.0287924005297495,6.66,3.19,0.13,301.32,548.99,47.48,17.03,35.4,True
2017,2017 core trial,Dang,Shreegau,28.106396258444448,82.179098,GR,AE,120.0,5164.666666666667,6279.555555555556,6279.555555555556,1114.8888888888887,0.0,1.0,9.29074074074074,9.29074074074074,0.0,1.0,52.32962962962963,52.32962962962963,0.0,1.0,0.0,0.7125700756868611,6.92,2.47,0.13,175.85,494.39,41.98,22.36,36.36,True
2017,2017 core trial,Dang,Shreegau,28.106396258444448,82.179098,N60,AE,60.0,5164.666666666667,6274.333333333333,6279.555555555556,1109.666666666666,-5.222222222222626,0.9991683770967513,18.494444444444433,9.29074074074074,9.203703703703694,1.9906318517042048,104.57222222222222,52.32962962962963,52.242592592592594,1.9983367541935027,-60.0,0.7125700756868611,6.92,2.47,0.13,175.85,494.39,41.98,22.36,36.36,True
2017,2017 core trial,Dang,Shreegau,28.106396258444448,82.179098,N180,AE,180.0,5164.666666666667,6728.0,6279.555555555556,1563.333333333333,448.44444444444434,1.071413405053436,8.685185185185183,9.29074074074074,-0.6055555555555561,0.9348216065377715,37.37777777777778,52.32962962962963,-14.951851851851849,0.7142756033689576,60.0,0.7125700756868611,6.92,2.47,0.13,175.85,494.39,41.98,22.36,36.36,True
2017,2017 core trial,Dang,Shreegau,28.106396258444448,82.179098,N210,AE,210.0,5164.666666666667,6435.666666666667,6279.555555555556,1271.0,156.1111111111113,1.024860216575837,6.052380952380952,9.29074074074074,-3.238359788359787,0.6514422392437142,30.64603174603175,52.32962962962963,-21.68359788359788,0.5856344094719069,90.0,0.7125700756868611,6.92,2.47,0.13,175.85,494.39,41.98,22.36,36.36,True
2017,2017 core trial,Surkhet,Babiyachaur,28.817782440000002,81.40559630333333,GR,AE,120.0,8686.65,11482.475,11482.475,2795.8250000000007,0.0,1.0,23.298541666666672,23.298541666666672,0.0,1.0,95.68729166666667,95.68729166666667,0.0,1.0,0.0,29.545012759363797,6.84,2.82,0.14,243.85,467.15,41.79,8.84,49.56,False
2017,2017 core trial,Surkhet,Babiyachaur,28.817782440000002,81.40559630333333,N60,AE,60.0,8686.65,10565.433333333332,11482.475,1878.7833333333328,-917.0416666666679,0.9201355398843308,31.313055555555547,23.298541666666672,8.014513888888875,1.343992083433929,176.09055555555554,95.68729166666667,80.40326388888887,1.8402710797686619,-60.0,29.545012759363797,6.84,2.82,0.14,243.85,467.15,41.79,8.84,49.56,False
2017,2017 core trial,Surkhet,Babiyachaur,28.817782440000002,81.40559630333333,N180,AE,180.0,8686.65,11641.066666666666,11482.475,2954.416666666666,158.59166666666533,1.013811627429336,16.41342592592592,23.298541666666672,-6.885115740740751,0.7044829741171604,64.6725925925926,95.68729166666667,-31.014699074074073,0.6758744182862241,60.0,29.545012759363797,6.84,2.82,0.14,243.85,467.15,41.79,8.84,49.56,False
2017,2017 core trial,Surkhet,Babiyachaur,28.817782440000002,81.40559630333333,N210,AE,210.0,8686.65,10792.199999999999,11482.475,2105.5499999999993,-690.2750000000015,0.9398844761255738,10.026428571428568,23.298541666666672,-13.272113095238105,0.4303457578966594,51.39142857142857,95.68729166666667,-44.2958630952381,0.5370768435003279,90.0,29.545012759363797,6.84,2.82,0.14,243.85,467.15,41.79,8.84,49.56,False
2017,2017 core trial,Surkhet,Gadhi,28.646184440666666,81.60292233533333,GR,AE,120.0,7116.65,11261.666666666666,11261.666666666666,4145.016666666666,0.0,1.0,34.541805555555555,34.541805555555555,0.0,1.0,93.84722222222221,93.84722222222221,0.0,1.0,0.0,5.373663745790553,6.85,3.07,0.15,366.79,608.34,43.74,12.96,43.52,False
2017,2017 core trial,Surkhet,Gadhi,28.646184440666666,81.60292233533333,N60,AE,60.0,7116.65,10416.7,11261.666666666666,3300.050000000001,-844.9666666666653,0.9249696610922008,55.000833333333354,34.541805555555555,20.4590277777778,1.592297578216413,173.61166666666668,93.84722222222221,79.76444444444446,1.8499393221844016,-60.0,5.373663745790553,6.85,3.07,0.15,366.79,608.34,43.74,12.96,43.52,False
2017,2017 core trial,Surkhet,Gadhi,28.646184440666666,81.60292233533333,N180,AE,180.0,7116.65,11375.0,11261.666666666666,4258.35,113.33333333333394,1.0100636377090426,23.657500000000002,34.541805555555555,-10.884305555555553,0.6848947129283759,63.19444444444444,93.84722222222221,-30.65277777777777,0.673375758472695,60.0,5.373663745790553,6.85,3.07,0.15,366.79,608.34,43.74,12.96,43.52,False
2017,2017 core trial,Surkhet,Gadhi,28.646184440666666,81.60292233533333,N210,AE,210.0,7116.65,11833.35,11261.666666666666,4716.700000000001,571.6833333333343,1.0507636525085098,22.460476190476193,34.541805555555555,-12.081329365079363,0.650240363212969,56.34928571428571,93.84722222222221,-37.4979365079365,0.6004363728620056,90.0,5.373663745790553,6.85,3.07,0.15,366.79,608.34,43.74,12.96,43.52,False
2017,2017 core trial,Surkhet,Ghumkhare,28.439336921111114,81.8975073211111,GR,AE,120.0,5920.0,10444.433333333332,10444.433333333332,4524.4333333333325,0.0,1.0,37.7036111111111,37.7036111111111,0.0,1.0,87.03694444444444,87.03694444444444,0.0,1.0,0.0,0.2555398616480921,7.06,3.18,0.15,90.07,397.13,44.67,13.79,42.29,True
2017,2017 core trial,Surkhet,Ghumkhare,28.439336921111114,81.8975073211111,N60,AE,60.0,5920.0,10377.766666666666,10444.433333333332,4457.766666666666,-66.66666666666606,0.9936170144861857,74.2961111111111,37.7036111111111,36.5925,1.9705303794950384,172.96277777777777,87.03694444444444,85.92583333333333,1.9872340289723711,-60.0,0.2555398616480921,7.06,3.18,0.15,90.07,397.13,44.67,13.79,42.29,True
2017,2017 core trial,Surkhet,Ghumkhare,28.439336921111114,81.8975073211111,N180,AE,180.0,5920.0,10018.533333333333,10444.433333333332,4098.533333333333,-425.89999999999964,0.9592222970449968,22.769629629629627,37.7036111111111,-14.933981481481474,0.6039111098013503,55.65851851851851,87.03694444444444,-31.37842592592593,0.6394815313633312,60.0,0.2555398616480921,7.06,3.18,0.15,90.07,397.13,44.67,13.79,42.29,True
2017,2017 core trial,Surkhet,Ghumkhare,28.439336921111114,81.8975073211111,N210,AE,210.0,5920.0,10162.199999999999,10444.433333333332,4242.199999999999,-282.2333333333336,0.9729776308272668,20.200952380952376,37.7036111111111,-17.502658730158725,0.5357829604549268,48.39142857142857,87.03694444444444,-38.645515873015874,0.555987217615581,90.0,0.2555398616480921,7.06,3.18,0.15,90.07,397.13,44.67,13.79,42.29,True
2017,2017 core trial,Surkhet,Guthu,28.84471290777778,81.30374052555555,GR,AE,120.0,6866.7,10862.955555555556,10862.955555555556,3996.2555555555564,0.0,1.0,33.30212962962964,33.30212962962964,0.0,1.0,90.52462962962963,90.52462962962963,0.0,1.0,0.0,32.08867504314401,7.46,2.24,0.12,114.35,236.46,35.6,20.43,43.83,False
2017,2017 core trial,Surkhet,Guthu,28.84471290777778,81.30374052555555,N60,AE,60.0,6866.7,9200.633333333333,10862.955555555556,2333.9333333333334,-1662.322222222223,0.8469733017206285,38.89888888888889,33.30212962962964,5.596759259259251,1.1680601007053821,153.3438888888889,90.52462962962963,62.81925925925927,1.6939466034412571,-60.0,32.08867504314401,7.46,2.24,0.12,114.35,236.46,35.6,20.43,43.83,False
2017,2017 core trial,Surkhet,Guthu,28.84471290777778,81.30374052555555,N180,AE,180.0,6866.7,11888.9,10862.955555555556,5022.2,1025.9444444444434,1.094444319430153,27.90111111111111,33.30212962962964,-5.40101851851853,0.837817623719982,66.04944444444445,90.52462962962963,-24.475185185185182,0.7296295462867687,60.0,32.08867504314401,7.46,2.24,0.12,114.35,236.46,35.6,20.43,43.83,False
2017,2017 core trial,Surkhet,Guthu,28.84471290777778,81.30374052555555,N210,AE,210.0,6866.7,10444.466666666667,10862.955555555556,3577.7666666666673,-418.48888888888905,0.9614755959601745,17.03698412698413,33.30212962962964,-16.26514550264551,0.5115884274207482,49.73555555555556,90.52462962962963,-40.78907407407407,0.5494146262629569,90.0,32.08867504314401,7.46,2.24,0.12,114.35,236.46,35.6,20.43,43.83,False
2017,2017 core trial,Surkhet,Kalyan,28.50295762222222,81.73764659111112,GR,AE,120.0,7649.900000000001,9752.58888888889,9752.58888888889,2102.688888888889,0.0,1.0,17.522407407407407,17.522407407407407,0.0,1.0,81.27157407407408,81.27157407407408,0.0,1.0,0.0,0.40038178246278117,7.28,3.07,0.16,98.87,515.11,44.01,10.25,44.32,True
2017,2017 core trial,Surkhet,Kalyan,28.50295762222222,81.73764659111112,N60,AE,60.0,7649.900000000001,9432.233333333334,9752.58888888889,1782.333333333333,-320.35555555555584,0.9671517420445624,29.705555555555552,17.522407407407407,12.183148148148145,1.695289629152091,157.20388888888888,81.27157407407408,75.9323148148148,1.934303484089125,-60.0,0.40038178246278117,7.28,3.07,0.16,98.87,515.11,44.01,10.25,44.32,True
2017,2017 core trial,Surkhet,Kalyan,28.50295762222222,81.73764659111112,N180,AE,180.0,7649.900000000001,10281.133333333333,9752.58888888889,2631.2333333333327,528.5444444444438,1.0541952962916967,14.61796296296296,17.522407407407407,-2.9044444444444473,0.8342439838936386,57.117407407407406,81.27157407407408,-24.154166666666676,0.7027968641944645,60.0,0.40038178246278117,7.28,3.07,0.16,98.87,515.11,44.01,10.25,44.32,True
2017,2017 core trial,Surkhet,Kalyan,28.50295762222222,81.73764659111112,N210,AE,210.0,7649.900000000001,9863.333333333334,9752.58888888889,2213.4333333333334,110.74444444444453,1.0113553893951805,10.54015873015873,17.522407407407407,-6.982248677248677,0.6015245785064325,46.96825396825397,81.27157407407408,-34.30332010582011,0.5779173653686746,90.0,0.40038178246278117,7.28,3.07,0.16,98.87,515.11,44.01,10.25,44.32,True
2017,2017 core trial,Surkhet,Lekhpharsa,28.473868435555556,81.80855961555555,GR,AE,120.0,7815.533333333333,10078.133333333333,10078.133333333333,2262.6000000000004,0.0,1.0,18.855000000000004,18.855000000000004,0.0,1.0,83.98444444444445,83.98444444444445,0.0,1.0,0.0,1.0798354047712855,7.52,3.23,0.17,108.35,548.23,43.89,8.83,46.08,True
2017,2017 core trial,Surkhet,Lekhpharsa,28.473868435555556,81.80855961555555,N60,AE,60.0,7815.533333333333,9441.1,10078.133333333333,1625.5666666666675,-637.0333333333328,0.9367905432222899,27.09277777777779,18.855000000000004,8.237777777777787,1.436901499749551,157.35166666666666,83.98444444444445,73.36722222222221,1.8735810864445794,-60.0,1.0798354047712855,7.52,3.23,0.17,108.35,548.23,43.89,8.83,46.08,True
2017,2017 core trial,Surkhet,Lekhpharsa,28.473868435555556,81.80855961555555,N180,AE,180.0,7815.533333333333,11156.666666666666,10078.133333333333,3341.133333333333,1078.5333333333328,1.1070171724922604,18.561851851851852,18.855000000000004,-0.29314814814815193,0.9844524981093529,61.98148148148148,83.98444444444445,-22.002962962962968,0.7380114483281736,60.0,1.0798354047712855,7.52,3.23,0.17,108.35,548.23,43.89,8.83,46.08,True
2017,2017 core trial,Surkhet,Lekhpharsa,28.473868435555556,81.80855961555555,N210,AE,210.0,7815.533333333333,10474.433333333332,10078.133333333333,2658.8999999999996,396.2999999999993,1.0393227581827322,12.66142857142857,18.855000000000004,-6.193571428571435,0.6715157025419553,49.878253968253965,83.98444444444445,-34.106190476190484,0.5938987189615612,90.0,1.0798354047712855,7.52,3.23,0.17,108.35,548.23,43.89,8.83,46.08,True
2017,2017 core trial,Surkhet,Maintada-3,28.444801526444444,81.80528137133334,GR,AE,120.0,6782.233333333334,7976.655555555555,7976.655555555555,1194.4222222222215,0.0,1.0,9.953518518518512,9.953518518518512,0.0,1.0,66.47212962962962,66.47212962962962,0.0,1.0,0.0,0.7421129159495468,6.9,2.57,0.15,75.48,297.21,45.96,11.53,42.41,True
2017,2017 core trial,Surkhet,Maintada-3,28.444801526444444,81.80528137133334,N60,AE,60.0,6782.233333333334,7437.766666666666,7976.655555555555,655.5333333333328,-538.8888888888887,0.9324417501626273,10.925555555555547,9.953518518518512,0.972037037037035,1.0976576308396433,123.96277777777777,66.47212962962962,57.49064814814815,1.8648835003252549,-60.0,0.7421129159495468,6.9,2.57,0.15,75.48,297.21,45.96,11.53,42.41,True
2017,2017 core trial,Surkhet,Maintada-3,28.444801526444444,81.80528137133334,N180,AE,180.0,6782.233333333334,8094.433333333333,7976.655555555555,1312.1999999999998,117.77777777777828,1.0147653082118795,7.289999999999999,9.953518518518512,-2.6635185185185133,0.7324043238013734,44.96907407407407,66.47212962962962,-21.503055555555548,0.6765102054745863,60.0,0.7421129159495468,6.9,2.57,0.15,75.48,297.21,45.96,11.53,42.41,True
2017,2017 core trial,Surkhet,Maintada-3,28.444801526444444,81.80528137133334,N210,AE,210.0,6782.233333333334,7997.766666666666,7976.655555555555,1215.5333333333328,21.111111111111313,1.0026466118492992,5.788253968253966,9.953518518518512,-4.1652645502645465,0.5815284271069496,38.084603174603174,66.47212962962962,-28.387526455026446,0.5729409210567424,90.0,0.7421129159495468,6.9,2.57,0.15,75.48,297.21,45.96,11.53,42.41,True
2017,2017 core trial,Surkhet,Maintada-4,28.41974403622222,81.79511418255557,GR,AE,120.0,6811.133333333334,8274.066666666668,8274.066666666668,1462.9333333333334,0.0,1.0,12.19111111111111,12.19111111111111,0.0,1.0,68.95055555555557,68.95055555555557,0.0,1.0,0.0,0.4806625559106381,7.04,2.28,0.14,89.75,255.39,46.6,12.63,42.7,True
2017,2017 core trial,Surkhet,Maintada-4,28.41974403622222,81.79511418255557,N60,AE,60.0,6811.133333333334,7933.35,8274.066666666668,1122.2166666666662,-340.71666666666715,0.9588211359186534,18.703611111111105,12.19111111111111,6.512499999999994,1.5342006926722562,132.2225,68.95055555555557,63.27194444444443,1.9176422718373065,-60.0,0.4806625559106381,7.04,2.28,0.14,89.75,255.39,46.6,12.63,42.7,True
2017,2017 core trial,Surkhet,Maintada-4,28.41974403622222,81.79511418255557,N180,AE,180.0,6811.133333333334,9155.566666666668,8274.066666666668,2344.4333333333334,881.5,1.106537696094625,13.02462962962963,12.19111111111111,0.8335185185185185,1.0683710049823794,50.86425925925926,68.95055555555557,-18.086296296296304,0.7376917973964165,60.0,0.4806625559106381,7.04,2.28,0.14,89.75,255.39,46.6,12.63,42.7,True
2017,2017 core trial,Surkhet,Maintada-4,28.41974403622222,81.79511418255557,N210,AE,210.0,6811.133333333334,10044.433333333332,8274.066666666668,3233.2999999999984,1770.366666666665,1.2139657242307287,15.39666666666666,12.19111111111111,3.2055555555555486,1.2629420342690478,47.830634920634914,68.95055555555557,-21.119920634920653,0.6936946995604163,90.0,0.4806625559106381,7.04,2.28,0.14,89.75,255.39,46.6,12.63,42.7,True
2017,2017 core trial,Surkhet,Neta,28.54547425333333,81.79174243888889,GR,AE,120.0,9890.0,12350.366666666667,12350.366666666667,2460.366666666667,0.0,1.0,20.503055555555555,20.503055555555555,0.0,1.0,102.91972222222222,102.91972222222222,0.0,1.0,0.0,1.7988487238268809,6.86,3.21,0.16,137.24,424.54,45.27,10.67,44.74,True
2017,2017 core trial,Surkhet,Neta,28.54547425333333,81.79174243888889,N60,AE,60.0,9890.0,11053.35,12350.366666666667,1163.3500000000004,-1297.0166666666664,0.8949815255147621,19.38916666666667,20.503055555555555,-1.1138888888888836,0.9456720543008498,184.2225,102.91972222222222,81.30277777777778,1.7899630510295241,-60.0,1.7988487238268809,6.86,3.21,0.16,137.24,424.54,45.27,10.67,44.74,True
2017,2017 core trial,Surkhet,Neta,28.54547425333333,81.79174243888889,N180,AE,180.0,9890.0,13158.9,12350.366666666667,3268.8999999999996,808.5333333333328,1.0654663424297794,18.160555555555554,20.503055555555555,-2.342500000000001,0.8857487366381704,73.105,102.91972222222222,-29.814722222222215,0.7103108949531863,60.0,1.7988487238268809,6.86,3.21,0.16,137.24,424.54,45.27,10.67,44.74,True
2017,2017 core trial,Surkhet,Neta,28.54547425333333,81.79174243888889,N210,AE,210.0,9890.0,10812.199999999999,12350.366666666667,922.1999999999989,-1538.1666666666679,0.8754557894367507,4.391428571428566,20.503055555555555,-16.11162698412699,0.21418410341470565,51.486666666666665,102.91972222222222,-51.433055555555555,0.5002604511067148,90.0,1.7988487238268809,6.86,3.21,0.16,137.24,424.54,45.27,10.67,44.74,True
2017,2017 core trial,Surkhet,Ramghat,28.48992295,81.74261407750001,GR,AE,120.0,7975.0,12356.2125,12356.2125,4381.2125,0.0,1.0,36.510104166666665,36.510104166666665,0.0,1.0,102.9684375,102.9684375,0.0,1.0,0.0,1.1431180727834296,7.28,3.07,0.16,98.87,515.11,44.01,10.25,44.32,True
2017,2017 core trial,Surkhet,Ramghat,28.48992295,81.74261407750001,N60,AE,60.0,7975.0,9965.0,12356.2125,1990.0,-2391.2124999999996,0.8064769038246955,33.166666666666664,36.510104166666665,-3.3434375000000003,0.9084243231753767,166.08333333333334,102.9684375,63.11489583333335,1.6129538076493912,-60.0,1.1431180727834296,7.28,3.07,0.16,98.87,515.11,44.01,10.25,44.32,True
2017,2017 core trial,Surkhet,Ramghat,28.48992295,81.74261407750001,N180,AE,180.0,7975.0,9865.0,12356.2125,1890.0,-2491.2124999999996,0.7983838089544025,10.5,36.510104166666665,-26.010104166666665,0.28759161989974236,54.80555555555556,102.9684375,-48.162881944444436,0.5322558726362684,60.0,1.1431180727834296,7.28,3.07,0.16,98.87,515.11,44.01,10.25,44.32,True
2017,2017 core trial,Surkhet,Ramghat,28.48992295,81.74261407750001,N210,AE,210.0,7975.0,9745.0,12356.2125,1770.0,-2611.2124999999996,0.788672095110051,8.428571428571429,36.510104166666665,-28.081532738095234,0.2308558581508136,46.404761904761905,102.9684375,-56.56367559523809,0.45066976863431485,90.0,1.1431180727834296,7.28,3.07,0.16,98.87,515.11,44.01,10.25,44.32,True
2018,"2018 N source, timing and FYM trial",Dang,Dhikpur,28.03387028809524,82.37336660523809,GR,AE,120.0,8245.170542635658,8309.213178294573,8309.213178294573,64.04263565891415,0.0,1.0,0.5336886304909513,0.5336886304909513,0.0,1.0,69.24344315245477,69.24344315245477,0.0,1.0,0.0,0.9399507851758911,6.59,1.89,0.1,141.98,485.06,41.38,23.68,37.57,True
2018,"2018 N source, timing and FYM trial",Dang,Dhikpur,28.03387028809524,82.37336660523809,TIMING_V6_V10,AE,120.0,8245.170542635658,8671.798449612403,8309.213178294573,426.62790697674427,362.5852713178301,1.043636534956761,3.5552325581395356,0.5336886304909513,3.0215439276485845,6.661623191914362,72.26498708010335,69.24344315245477,3.0215439276485796,1.043636534956761,0.0,0.9399507851758911,6.59,1.89,0.1,141.98,485.06,41.38,23.68,37.57,True
2018,"2018 N source, timing and FYM trial",Dang,Dhikpur,28.03387028809524,82.37336660523809,FYM_N60,PFP,60.0,8245.170542635658,5707.104651162791,8309.213178294573,-2538.0658914728674,-2602.1085271317816,0.6868405622413153,-42.30109819121446,0.5336886304909513,-42.83478682170541,-79.26175633964846,95.11841085271318,69.24344315245477,25.87496770025841,1.3736811244826306,-60.0,0.9399507851758911,6.59,1.89,0.1,141.98,485.06,41.38,23.68,37.57,True
2018,"2018 N source, timing and FYM trial",Dang,Dhikpur,28.03387028809524,82.37336660523809,PCU_N120,PFP,120.0,8245.170542635658,8403.926356589147,8309.213178294573,158.75581395348854,94.71317829457439,1.011398573638956,1.3229651162790712,0.5336886304909513,0.7892764857881199,2.478908188585633,70.0327196382429,69.24344315245477,0.7892764857881218,1.0113985736389561,0.0,0.9399507851758911,6.59,1.89,0.1,141.98,485.06,41.38,23.68,37.57,True
2018,"2018 N source, timing and FYM trial",Dang,Dhikpur,28.03387028809524,82.37336660523809,PCU_N60,PFP,60.0,8245.170542635658,9054.186046511628,8309.213178294573,809.0155038759694,744.9728682170553,1.089656246895083,13.483591731266158,0.5336886304909513,12.949903100775206,25.264903467893483,150.9031007751938,69.24344315245477,81.65965762273902,2.179312493790166,-60.0,0.9399507851758911,6.59,1.89,0.1,141.98,485.06,41.38,23.68,37.57,True
2018,"2018 N source, timing and FYM trial",Dang,Dhikpur,28.03387028809524,82.37336660523809,UDP_N78,PFP,78.0,8245.170542635658,8087.399224806201,8309.213178294573,-157.77131782945708,-221.81395348837123,0.9733050592482335,-2.0227092029417575,0.5336886304909513,-2.5563978334327087,-3.790054888523717,103.68460544623335,69.24344315245477,34.441162293778575,1.4973923988434361,-42.0,0.9399507851758911,6.59,1.89,0.1,141.98,485.06,41.38,23.68,37.57,True
2018,"2018 N source, timing and FYM trial",Dang,Dhuruwa,28.02149250857143,82.32464290714286,GR,AE,120.0,3566.0465116279074,6752.627906976744,6752.627906976744,3186.581395348837,0.0,1.0,26.554844961240306,26.554844961240306,0.0,1.0,56.271899224806205,56.271899224806205,0.0,1.0,0.0,0.48490264910992825,6.92,2.13,0.11,146.82,423.2,47.82,20.56,31.61,True
2018,"2018 N source, timing and FYM trial",Dang,Dhuruwa,28.02149250857143,82.32464290714286,TIMING_V6_V10,AE,120.0,3566.0465116279074,4536.941860465116,6752.627906976744,970.895348837209,-2215.686046511628,0.6718779596573944,8.090794573643409,26.554844961240306,-18.4640503875969,0.3046824255781876,37.807848837209306,56.271899224806205,-18.4640503875969,0.6718779596573944,0.0,0.48490264910992825,6.92,2.13,0.11,146.82,423.2,47.82,20.56,31.61,True
2018,"2018 N source, timing and FYM trial",Dang,Dhuruwa,28.02149250857143,82.32464290714286,FYM_N60,PFP,60.0,3566.0465116279074,3013.372093023256,6752.627906976744,-552.6744186046512,-3739.255813953488,0.44625176072708994,-9.211240310077521,26.554844961240306,-35.76608527131783,-0.34687607190033803,50.22286821705427,56.271899224806205,-6.049031007751935,0.8925035214541798,-60.0,0.48490264910992825,6.92,2.13,0.11,146.82,423.2,47.82,20.56,31.61,True
2018,"2018 N source, timing and FYM trial",Dang,Dhuruwa,28.02149250857143,82.32464290714286,PCU_N120,PFP,120.0,3566.0465116279074,6988.145348837209,6752.627906976744,3422.0988372093016,235.51744186046471,1.03487789422206,28.517490310077513,26.554844961240306,1.9626453488372064,1.0739091247454806,58.23454457364341,56.271899224806205,1.9626453488372064,1.03487789422206,0.0,0.48490264910992825,6.92,2.13,0.11,146.82,423.2,47.82,20.56,31.61,True
2018,"2018 N source, timing and FYM trial",Dang,Dhuruwa,28.02149250857143,82.32464290714286,PCU_N60,PFP,60.0,3566.0465116279074,6054.651162790698,6752.627906976744,2488.604651162791,-697.9767441860458,0.8966362794157658,41.47674418604652,26.554844961240306,14.92189922480621,1.5619275596067819,100.9108527131783,56.271899224806205,44.638953488372096,1.7932725588315315,-60.0,0.48490264910992825,6.92,2.13,0.11,146.82,423.2,47.82,20.56,31.61,True
2018,"2018 N source, timing and FYM trial",Dang,Dhuruwa,28.02149250857143,82.32464290714286,UDP_N78,PFP,78.0,3566.0465116279074,7119.220930232558,6752.627906976744,3553.174418604651,366.59302325581393,1.0542889417728842,45.55351818723911,26.554844961240306,18.998673225998807,1.7154503539271062,91.27206320810971,56.271899224806205,35.00016398330351,1.6219829873428986,-42.0,0.48490264910992825,6.92,2.13,0.11,146.82,423.2,47.82,20.56,31.61,True
2018,"2018 N source, timing and FYM trial",Dang,Hapur,28.090469583333334,82.4211062752381,GR,AE,120.0,5334.282945736434,5666.720930232557,5666.720930232557,332.43798449612314,0.0,1.0,2.770316537467693,2.770316537467693,0.0,1.0,47.22267441860465,47.22267441860465,0.0,1.0,0.0,1.059079706365038,6.5,1.82,0.09,186.75,652.48,47.72,16.6,37.47,True
2018,"2018 N source, timing and FYM trial",Dang,Hapur,28.090469583333334,82.4211062752381,TIMING_V6_V10,AE,120.0,5334.282945736434,5895.39534883721,5666.720930232557,561.1124031007757,228.6744186046526,1.0403539227394543,4.675936692506465,2.770316537467693,1.905620155038772,1.6878709090697168,49.128294573643416,47.22267441860465,1.9056201550387684,1.040353922739454,0.0,1.059079706365038,6.5,1.82,0.09,186.75,652.48,47.72,16.6,37.47,True
2018,"2018 N source, timing and FYM trial",Dang,Hapur,28.090469583333334,82.4211062752381,FYM_N60,PFP,60.0,5334.282945736434,5223.808139534884,5666.720930232557,-110.47480620155056,-442.9127906976737,0.9218396677459998,-1.8412467700258428,2.770316537467693,-4.611563307493536,-0.6646340752486358,87.06346899224806,47.22267441860465,39.840794573643414,1.8436793354919996,-60.0,1.059079706365038,6.5,1.82,0.09,186.75,652.48,47.72,16.6,37.47,True
2018,"2018 N source, timing and FYM trial",Dang,Hapur,28.090469583333334,82.4211062752381,PCU_N120,PFP,120.0,5334.282945736434,5208.968992248062,5666.720930232557,-125.31395348837214,-457.75193798449527,0.9192210197713566,-1.0442829457364344,2.770316537467693,-3.8145994832041272,-0.37695437745572524,43.40807493540051,47.22267441860465,-3.814599483204134,0.9192210197713565,0.0,1.059079706365038,6.5,1.82,0.09,186.75,652.48,47.72,16.6,37.47,True
2018,"2018 N source, timing and FYM trial",Dang,Hapur,28.090469583333334,82.4211062752381,PCU_N60,PFP,60.0,5334.282945736434,5747.5503875969,5666.720930232557,413.2674418604656,80.82945736434249,1.0142638852979522,6.887790697674427,2.770316537467693,4.117474160206735,2.4862829227343313,95.79250645994833,47.22267441860465,48.56983204134368,2.0285277705959044,-60.0,1.059079706365038,6.5,1.82,0.09,186.75,652.48,47.72,16.6,37.47,True
2018,"2018 N source, timing and FYM trial",Dang,Hapur,28.090469583333334,82.4211062752381,UDP_N78,PFP,78.0,5334.282945736434,8101.054263565892,5666.720930232557,2766.771317829458,2434.333333333335,1.4295841216294787,35.47142715165972,2.770316537467693,32.701110614192025,12.804106199388915,103.85967004571657,47.22267441860465,56.63699562711192,2.1993601871222745,-42.0,1.059079706365038,6.5,1.82,0.09,186.75,652.48,47.72,16.6,37.47,True
2018,"2018 N source, timing and FYM trial",Dang,Laxmipur,27.97779520190476,82.46363877,GR,AE,120.0,6363.593023255814,7132.759689922481,7132.759689922481,769.166666666667,0.0,1.0,6.409722222222225,6.409722222222225,0.0,1.0,59.439664082687344,59.439664082687344,0.0,1.0,0.0,0.43255477158120853,6.76,1.98,0.1,133.29,310.75,45.4,23.83,32.89,True
2018,"2018 N source, timing and FYM trial",Dang,Laxmipur,27.97779520190476,82.46363877,TIMING_V6_V10,AE,120.0,6363.593023255814,7854.178294573644,7132.759689922481,1490.5852713178301,721.4186046511632,1.1011415827832276,12.421543927648584,6.409722222222225,6.0118217054263585,1.9379223462420316,65.4514857881137,59.439664082687344,6.011821705426357,1.1011415827832276,0.0,0.43255477158120853,6.76,1.98,0.1,133.29,310.75,45.4,23.83,32.89,True
2018,"2018 N source, timing and FYM trial",Dang,Laxmipur,27.97779520190476,82.46363877,FYM_N60,PFP,60.0,6363.593023255814,7605.100775193799,7132.759689922481,1241.5077519379847,472.34108527131775,1.0662213653347477,20.69179586563308,6.409722222222225,14.282073643410854,3.2281891708029926,126.75167958656331,59.439664082687344,67.31201550387597,2.1324427306694953,-60.0,0.43255477158120853,6.76,1.98,0.1,133.29,310.75,45.4,23.83,32.89,True
2018,"2018 N source, timing and FYM trial",Dang,Laxmipur,27.97779520190476,82.46363877,PCU_N120,PFP,120.0,6363.593023255814,6906.046511627907,7132.759689922481,542.4534883720935,-226.71317829457348,0.968215222697761,4.520445736434112,6.409722222222225,-1.8892764857881126,0.7052483055758526,57.55038759689923,59.439664082687344,-1.8892764857881161,0.968215222697761,0.0,0.43255477158120853,6.76,1.98,0.1,133.29,310.75,45.4,23.83,32.89,True
2018,"2018 N source, timing and FYM trial",Dang,Laxmipur,27.97779520190476,82.46363877,PCU_N60,PFP,60.0,6363.593023255814,8182.368217054263,7132.759689922481,1818.7751937984494,1049.6085271317825,1.147153215972595,30.312919896640825,6.409722222222225,23.9031976744186,4.729209604676356,136.37280361757107,59.439664082687344,76.93313953488372,2.29430643194519,-60.0,0.43255477158120853,6.76,1.98,0.1,133.29,310.75,45.4,23.83,32.89,True
2018,"2018 N source, timing and FYM trial",Dang,Laxmipur,27.97779520190476,82.46363877,UDP_N78,PFP,78.0,6363.593023255814,7588.627906976744,7132.759689922481,1225.0348837209303,455.86821705426337,1.0639118990225251,15.70557543231962,6.409722222222225,9.295853210097395,2.450273956938271,97.29010137149672,59.439664082687344,37.850437288809374,1.636787536957731,-42.0,0.43255477158120853,6.76,1.98,0.1,133.29,310.75,45.4,23.83,32.89,True
2018,"2018 N source, timing and FYM trial",Dang,Panchakaule,28.116155273214286,82.16632037607143,GR,AE,120.0,7585.732558139535,8273.94476744186,8273.94476744186,688.2122093023254,0.0,1.0,5.735101744186045,5.735101744186045,0.0,1.0,68.94953972868217,68.94953972868217,0.0,1.0,0.0,0.7522690888199869,6.85,2.65,0.14,213.83,533.87,40.39,21.74,37.86,True
2018,"2018 N source, timing and FYM trial",Dang,Panchakaule,28.116155273214286,82.16632037607143,TIMING_V6_V10,AE,120.0,7585.732558139535,8061.438953488372,8273.94476744186,475.70639534883685,-212.50581395348854,0.9743162638951007,3.9642199612403073,5.735101744186045,-1.7708817829457373,0.6912205115208344,67.17865794573643,68.94953972868217,-1.770881782945736,0.9743162638951008,0.0,0.7522690888199869,6.85,2.65,0.14,213.83,533.87,40.39,21.74,37.86,True
2018,"2018 N source, timing and FYM trial",Dang,Panchakaule,28.116155273214286,82.16632037607143,FYM_N60,PFP,60.0,7585.732558139535,8119.875,8273.94476744186,534.1424418604647,-154.06976744186068,0.9813789224158073,8.902374031007746,5.735101744186045,3.167272286821701,1.5522608714017185,135.33125,68.94953972868217,66.38171027131784,1.9627578448316148,-60.0,0.7522690888199869,6.85,2.65,0.14,213.83,533.87,40.39,21.74,37.86,True
2018,"2018 N source, timing and FYM trial",Dang,Panchakaule,28.116155273214286,82.16632037607143,PCU_N120,PFP,120.0,7585.732558139535,8053.938953488372,8273.94476744186,468.20639534883685,-220.00581395348854,0.9734098038919458,3.9017199612403073,5.735101744186045,-1.8333817829457373,0.680322710088914,67.11615794573643,68.94953972868217,-1.833381782945736,0.9734098038919458,0.0,0.7522690888199869,6.85,2.65,0.14,213.83,533.87,40.39,21.74,37.86,True
2018,"2018 N source, timing and FYM trial",Dang,Panchakaule,28.116155273214286,82.16632037607143,PCU_N60,PFP,60.0,7585.732558139535,7898.3488372093025,8273.94476744186,312.6162790697672,-375.5959302325582,0.9546049749195166,5.210271317829453,5.735101744186045,-0.5248304263565915,0.9084880356501717,131.6391472868217,68.94953972868217,62.68960755813953,1.909209949839033,-60.0,0.7522690888199869,6.85,2.65,0.14,213.83,533.87,40.39,21.74,37.86,True
2018,"2018 N source, timing and FYM trial",Dang,Panchakaule,28.116155273214286,82.16632037607143,UDP_N78,PFP,78.0,7585.732558139535,8189.779069767443,8273.94476744186,604.0465116279074,-84.16569767441797,0.9898276215227334,7.744186046511634,5.735101744186045,2.009084302325589,1.3503136285877224,104.99716756112106,68.94953972868217,36.04762783243889,1.5228117254195899,-42.0,0.7522690888199869,6.85,2.65,0.14,213.83,533.87,40.39,21.74,37.86,True
2018,"2018 N source, timing and FYM trial",Dang,Pawannagar,28.170475610952384,82.2602905652381,GR,AE,120.0,4261.496124031008,5785.248062015504,5785.248062015504,1523.7519379844962,0.0,1.0,12.697932816537469,12.697932816537469,0.0,1.0,48.210400516795865,48.210400516795865,0.0,1.0,0.0,1.158325587994874,6.69,2.84,0.13,233.29,509.27,46.64,17.14,36.33,True
2018,"2018 N source, timing and FYM trial",Dang,Pawannagar,28.170475610952384,82.2602905652381,TIMING_V6_V10,AE,120.0,4261.496124031008,7984.372093023257,5785.248062015504,3722.875968992249,2199.124031007753,1.3801261428090963,31.02396640826874,12.697932816537469,18.326033591731274,2.443229686005576,66.53643410852713,48.210400516795865,18.326033591731267,1.380126142809096,0.0,1.158325587994874,6.69,2.84,0.13,233.29,509.27,46.64,17.14,36.33,True
2018,"2018 N source, timing and FYM trial",Dang,Pawannagar,28.170475610952384,82.2602905652381,FYM_N60,PFP,60.0,4261.496124031008,6887.84496124031,5785.248062015504,2626.3488372093025,1102.5968992248063,1.190587661480617,43.772480620155044,12.697932816537469,31.074547803617577,3.4472131214261004,114.79741602067183,48.210400516795865,66.58701550387596,2.381175322961234,-60.0,1.158325587994874,6.69,2.84,0.13,233.29,509.27,46.64,17.14,36.33,True
2018,"2018 N source, timing and FYM trial",Dang,Pawannagar,28.170475610952384,82.2602905652381,PCU_N120,PFP,120.0,4261.496124031008,5871.961240310077,5785.248062015504,1610.4651162790697,86.71317829457348,1.0149886707302855,13.420542635658913,12.697932816537469,0.7226098191214447,1.056907673836511,48.93301033591731,48.210400516795865,0.7226098191214447,1.0149886707302855,0.0,1.158325587994874,6.69,2.84,0.13,233.29,509.27,46.64,17.14,36.33,True
2018,"2018 N source, timing and FYM trial",Dang,Pawannagar,28.170475610952384,82.2602905652381,PCU_N60,PFP,60.0,4261.496124031008,7339.43023255814,5785.248062015504,3077.9341085271326,1554.1821705426364,1.2686457268352949,51.298901808785544,12.697932816537469,38.60096899224808,4.0399411896379815,122.32383720930234,48.210400516795865,74.11343669250647,2.5372914536705897,-60.0,1.158325587994874,6.69,2.84,0.13,233.29,509.27,46.64,17.14,36.33,True
2018,"2018 N source, timing and FYM trial",Dang,Pawannagar,28.170475610952384,82.2602905652381,UDP_N78,PFP,78.0,4261.496124031008,6371.147286821705,5785.248062015504,2109.6511627906975,585.8992248062013,1.1012746935871376,27.046809779367916,12.697932816537469,14.348876962830447,2.1300167649448287,81.68137547207314,48.210400516795865,33.47097495527728,1.694268759364827,-42.0,1.158325587994874,6.69,2.84,0.13,233.29,509.27,46.64,17.14,36.33,True
2018,"2018 N source, timing and FYM trial",Dang,Purandhara,28.187583846190478,82.09807851476191,GR,AE,120.0,8077.829457364341,7423.996124031008,7423.996124031008,-653.833333333333,0.0,1.0,-5.448611111111108,-5.448611111111108,0.0,,61.86663436692506,61.86663436692506,0.0,1.0,0.0,0.8592949035261488,6.8,2.54,0.14,209.8,486.26,47.86,18.47,34.82,True
2018,"2018 N source, timing and FYM trial",Dang,Purandhara,28.187583846190478,82.09807851476191,TIMING_V6_V10,AE,120.0,8077.829457364341,8285.817829457364,7423.996124031008,207.98837209302383,861.8217054263569,1.1160859584283314,1.7332364341085318,-5.448611111111108,7.18184754521964,,69.04848191214471,61.86663436692506,7.181847545219647,1.1160859584283316,0.0,0.8592949035261488,6.8,2.54,0.14,209.8,486.26,47.86,18.47,34.82,True
2018,"2018 N source, timing and FYM trial",Dang,Purandhara,28.187583846190478,82.09807851476191,FYM_N60,PFP,60.0,8077.829457364341,7461.34496124031,7423.996124031008,-616.4844961240306,37.348837209302474,1.005030826604072,-10.274741602067175,-5.448611111111108,-4.826130490956067,,124.35574935400517,61.86663436692506,62.48911498708011,2.010061653208144,-60.0,0.8592949035261488,6.8,2.54,0.14,209.8,486.26,47.86,18.47,34.82,True
2018,"2018 N source, timing and FYM trial",Dang,Purandhara,28.187583846190478,82.09807851476191,PCU_N120,PFP,120.0,8077.829457364341,7813.441860465117,7423.996124031008,-264.38759689922335,389.4457364341097,1.0524576966269552,-2.2032299741601946,-5.448611111111108,3.245381136950914,,65.11201550387598,61.86663436692506,3.2453811369509182,1.0524576966269552,0.0,0.8592949035261488,6.8,2.54,0.14,209.8,486.26,47.86,18.47,34.82,True
2018,"2018 N source, timing and FYM trial",Dang,Purandhara,28.187583846190478,82.09807851476191,PCU_N60,PFP,60.0,8077.829457364341,7705.759689922481,7423.996124031008,-372.06976744185977,281.76356589147326,1.037953086341118,-6.201162790697663,-5.448611111111108,-0.7525516795865546,,128.42932816537467,61.86663436692506,66.5626937984496,2.0759061726822354,-60.0,0.8592949035261488,6.8,2.54,0.14,209.8,486.26,47.86,18.47,34.82,True
2018,"2018 N source, timing and FYM trial",Dang,Purandhara,28.187583846190478,82.09807851476191,UDP_N78,PFP,78.0,8077.829457364341,6922.352713178295,7423.996124031008,-1155.4767441860458,-501.6434108527128,0.9324294621829172,-14.813804412641613,-5.448611111111108,-9.365193301530503,,88.74811170741404,61.86663436692506,26.881477340488978,1.4345068648967958,-42.0,0.8592949035261488,6.8,2.54,0.14,209.8,486.26,47.86,18.47,34.82,True
2018,"2018 N source, timing and FYM trial",Dang,Shantinagar,28.165579012380952,82.22552003190476,GR,AE,120.0,6575.282945736434,7427.116279069767,7427.116279069767,851.833333333333,0.0,1.0,7.098611111111109,7.098611111111109,0.0,1.0,61.89263565891473,61.89263565891473,0.0,1.0,0.0,1.6837547122187795,6.66,3.19,0.13,301.32,548.99,47.48,17.03,35.4,True
2018,"2018 N source, timing and FYM trial",Dang,Shantinagar,28.165579012380952,82.22552003190476,TIMING_V6_V10,AE,120.0,6575.282945736434,7551.662790697675,7427.116279069767,976.3798449612405,124.54651162790742,1.016769161401026,8.136498708010338,7.098611111111109,1.0378875968992292,1.1462099529969567,62.93052325581395,61.89263565891473,1.0378875968992247,1.0167691614010257,0.0,1.6837547122187795,6.66,3.19,0.13,301.32,548.99,47.48,17.03,35.4,True
2018,"2018 N source, timing and FYM trial",Dang,Shantinagar,28.165579012380952,82.22552003190476,FYM_N60,PFP,60.0,6575.282945736434,6794.961240310077,7427.116279069767,219.67829457364314,-632.1550387596899,0.9148855336301714,3.661304909560719,7.098611111111109,-3.4373062015503897,0.5157776432955818,113.24935400516796,61.89263565891473,51.35671834625323,1.8297710672603429,-60.0,1.6837547122187795,6.66,3.19,0.13,301.32,548.99,47.48,17.03,35.4,True
2018,"2018 N source, timing and FYM trial",Dang,Shantinagar,28.165579012380952,82.22552003190476,PCU_N120,PFP,120.0,6575.282945736434,7103.038759689923,7427.116279069767,527.7558139534885,-324.0775193798445,0.9563656327432059,4.397965116279071,7.098611111111109,-2.700645994832038,0.6195529023128413,59.19198966408269,61.89263565891473,-2.700645994832037,0.9563656327432059,0.0,1.6837547122187795,6.66,3.19,0.13,301.32,548.99,47.48,17.03,35.4,True
2018,"2018 N source, timing and FYM trial",Dang,Shantinagar,28.165579012380952,82.22552003190476,PCU_N60,PFP,60.0,6575.282945736434,7151.825581395348,7427.116279069767,576.5426356589142,-275.2906976744189,0.9629343762329114,9.60904392764857,7.098611111111109,2.5104328165374605,1.3536512674441346,119.1970930232558,61.89263565891473,57.304457364341076,1.9258687524658227,-60.0,1.6837547122187795,6.66,3.19,0.13,301.32,548.99,47.48,17.03,35.4,True
2018,"2018 N source, timing and FYM trial",Dang,Shantinagar,28.165579012380952,82.22552003190476,UDP_N78,PFP,78.0,6575.282945736434,7599.906976744186,7427.116279069767,1024.624031007752,172.79069767441888,1.0232648434711271,13.13620552574041,7.098611111111109,6.037594414629301,1.8505317899693012,97.43470483005366,61.89263565891473,35.542069171138934,1.5742536053401956,-42.0,1.6837547122187795,6.66,3.19,0.13,301.32,548.99,47.48,17.03,35.4,True
2018,"2018 N source, timing and FYM trial",Doti,Chattiwan,29.08210999857143,80.59342661857144,GR,AE,120.0,5561.5581395348845,6628.709302325581,6628.709302325581,1067.1511627906966,0.0,1.0,8.892926356589138,8.892926356589138,0.0,1.0,55.23924418604651,55.23924418604651,0.0,1.0,0.0,84.49647307062473,7.41,2.05,0.11,91.89,198.13,39.31,17.09,42.23,False
2018,"2018 N source, timing and FYM trial",Doti,Chattiwan,29.08210999857143,80.59342661857144,TIMING_V6_V10,AE,120.0,5561.5581395348845,7519.953488372093,6628.709302325581,1958.395348837208,891.2441860465115,1.1344521452666256,16.319961240310068,8.892926356589138,7.42703488372093,1.835162081176792,62.66627906976744,55.23924418604651,7.427034883720928,1.1344521452666256,0.0,84.49647307062473,7.41,2.05,0.11,91.89,198.13,39.31,17.09,42.23,False
2018,"2018 N source, timing and FYM trial",Doti,Chattiwan,29.08210999857143,80.59342661857144,FYM_N60,PFP,60.0,5561.5581395348845,6888.972868217054,6628.709302325581,1327.4147286821699,260.26356589147326,1.0392630833577456,22.123578811369498,8.892926356589138,13.23065245478036,2.4877726323435954,114.81621447028424,55.23924418604651,59.576970284237724,2.0785261667154913,-60.0,84.49647307062473,7.41,2.05,0.11,91.89,198.13,39.31,17.09,42.23,False
2018,"2018 N source, timing and FYM trial",Doti,Chattiwan,29.08210999857143,80.59342661857144,PCU_N120,PFP,120.0,5561.5581395348845,6374.038759689923,6628.709302325581,812.4806201550382,-254.67054263565842,0.9615806741523103,6.770671834625318,8.892926356589138,-2.1222545219638196,0.7613547625533463,53.11698966408269,55.23924418604651,-2.122254521963825,0.9615806741523102,0.0,84.49647307062473,7.41,2.05,0.11,91.89,198.13,39.31,17.09,42.23,False
2018,"2018 N source, timing and FYM trial",Doti,Chattiwan,29.08210999857143,80.59342661857144,PCU_N60,PFP,60.0,5561.5581395348845,6526.182170542636,6628.709302325581,964.6240310077519,-102.5271317829447,0.9845328664892614,16.077067183462532,8.892926356589138,7.184140826873394,1.8078489058385563,108.76970284237727,55.23924418604651,53.53045865633076,1.9690657329785226,-60.0,84.49647307062473,7.41,2.05,0.11,91.89,198.13,39.31,17.09,42.23,False
2018,"2018 N source, timing and FYM trial",Doti,Chattiwan,29.08210999857143,80.59342661857144,UDP_N78,PFP,78.0,5561.5581395348845,6635.259689922481,6628.709302325581,1073.7015503875964,6.550387596899782,1.0009881844712365,13.765404492148672,8.892926356589138,4.872478135559534,1.5479049235518871,85.06743192208309,55.23924418604651,29.828187736036575,1.539981822263441,-42.0,84.49647307062473,7.41,2.05,0.11,91.89,198.13,39.31,17.09,42.23,False
2018,"2018 N source, timing and FYM trial",Doti,Ghantesori,29.144231595238097,80.60343762666666,GR,AE,120.0,7978.914728682171,8323.627906976742,8323.627906976742,344.71317829457166,0.0,1.0,2.8726098191214304,2.8726098191214304,0.0,1.0,69.36356589147286,69.36356589147286,0.0,1.0,0.0,88.84614600182351,7.41,2.05,0.11,91.89,198.13,39.31,17.09,42.23,False
2018,"2018 N source, timing and FYM trial",Doti,Ghantesori,29.144231595238097,80.60343762666666,TIMING_V6_V10,AE,120.0,7978.914728682171,8714.038759689922,8323.627906976742,735.124031007751,390.41085271317934,1.0469039290410787,6.126033591731258,2.8726098191214304,3.253423772609828,2.132567239363147,72.61698966408268,69.36356589147286,3.253423772609821,1.0469039290410787,0.0,88.84614600182351,7.41,2.05,0.11,91.89,198.13,39.31,17.09,42.23,False
2018,"2018 N source, timing and FYM trial",Doti,Ghantesori,29.144231595238097,80.60343762666666,FYM_N60,PFP,60.0,7978.914728682171,8789.104651162792,8323.627906976742,810.1899224806211,465.4767441860495,1.0559223393198407,13.50316537467702,2.8726098191214304,10.630555555555588,4.70066114959075,146.48507751937987,69.36356589147286,77.12151162790701,2.1118446786396814,-60.0,88.84614600182351,7.41,2.05,0.11,91.89,198.13,39.31,17.09,42.23,False
2018,"2018 N source, timing and FYM trial",Doti,Ghantesori,29.144231595238097,80.60343762666666,PCU_N120,PFP,120.0,7978.914728682171,7386.802325581394,8323.627906976742,-592.1124031007766,-936.8255813953483,0.8874498485678204,-4.934270025839806,2.8726098191214304,-7.8068798449612355,-1.7176958711882844,61.556686046511615,69.36356589147286,-7.806879844961244,0.8874498485678203,0.0,88.84614600182351,7.41,2.05,0.11,91.89,198.13,39.31,17.09,42.23,False
2018,"2018 N source, timing and FYM trial",Doti,Ghantesori,29.144231595238097,80.60343762666666,PCU_N60,PFP,60.0,7978.914728682171,7037.236434108527,8323.627906976742,-941.678294573644,-1286.3914728682157,0.8454530299474365,-15.694638242894067,2.8726098191214304,-18.567248062015498,-5.4635468201853365,117.28727390180877,69.36356589147286,47.923708010335915,1.6909060598948729,-60.0,88.84614600182351,7.41,2.05,0.11,91.89,198.13,39.31,17.09,42.23,False
2018,"2018 N source, timing and FYM trial",Doti,Ghantesori,29.144231595238097,80.60343762666666,UDP_N78,PFP,78.0,7978.914728682171,8382.01550387597,8323.627906976742,403.10077519379865,58.38759689922699,1.007014681284622,5.167958656330752,2.8726098191214304,2.2953488372093216,1.7990465053521747,107.46173722917909,69.36356589147286,38.09817133770623,1.5492533558224952,-42.0,88.84614600182351,7.41,2.05,0.11,91.89,198.13,39.31,17.09,42.23,False
2018,"2018 N source, timing and FYM trial",Kavre,Anekot,27.660606474761902,85.58988715761905,GR,AE,120.0,5003.658914728682,6620.209302325583,6620.209302325583,1616.5503875969007,0.0,1.0,13.471253229974172,13.471253229974172,0.0,1.0,55.168410852713194,55.168410852713194,0.0,1.0,0.0,155.74385927618448,5.92,2.25,0.14,47.24,204.5,40.57,15.74,45.57,False
2018,"2018 N source, timing and FYM trial",Kavre,Anekot,27.660606474761902,85.58988715761905,TIMING_V6_V10,AE,120.0,5003.658914728682,6564.829457364341,6620.209302325583,1561.1705426356584,-55.37984496124227,0.9916347289893406,13.00975452196382,13.471253229974172,-0.4614987080103514,0.9657419617809949,54.70691214470284,55.168410852713194,-0.4614987080103532,0.9916347289893406,0.0,155.74385927618448,5.92,2.25,0.14,47.24,204.5,40.57,15.74,45.57,False
2018,"2018 N source, timing and FYM trial",Kavre,Anekot,27.660606474761902,85.58988715761905,FYM_N60,PFP,60.0,5003.658914728682,5892.790697674419,6620.209302325583,889.1317829457366,-727.4186046511641,0.8901215095426617,14.81886304909561,13.471253229974172,1.3476098191214376,1.1000359651856995,98.21317829457365,55.168410852713194,43.04476744186046,1.7802430190853233,-60.0,155.74385927618448,5.92,2.25,0.14,47.24,204.5,40.57,15.74,45.57,False
2018,"2018 N source, timing and FYM trial",Kavre,Anekot,27.660606474761902,85.58988715761905,PCU_N120,PFP,120.0,5003.658914728682,6288.616279069767,6620.209302325583,1284.957364341085,-331.59302325581575,0.9499120030632064,10.707978036175708,13.471253229974172,-2.7632751937984636,0.7948761598772379,52.40513565891472,55.168410852713194,-2.7632751937984708,0.9499120030632063,0.0,155.74385927618448,5.92,2.25,0.14,47.24,204.5,40.57,15.74,45.57,False
2018,"2018 N source, timing and FYM trial",Kavre,Anekot,27.660606474761902,85.58988715761905,PCU_N60,PFP,60.0,5003.658914728682,5530.3488372093025,6620.209302325583,526.6899224806202,-1089.8604651162805,0.8353737147353592,8.778165374677004,13.471253229974172,-4.693087855297168,0.6516220298750804,92.17248062015504,55.168410852713194,37.00406976744185,1.6707474294707183,-60.0,155.74385927618448,5.92,2.25,0.14,47.24,204.5,40.57,15.74,45.57,False
2018,"2018 N source, timing and FYM trial",Kavre,Anekot,27.660606474761902,85.58988715761905,UDP_N78,PFP,78.0,5003.658914728682,6124.457364341085,6620.209302325583,1120.7984496124027,-495.751937984498,0.9251153679068201,14.3692108924667,13.471253229974172,0.8979576624925283,1.0666573218662783,78.51868415821903,55.168410852713194,23.350273305505837,1.4232544121643385,-42.0,155.74385927618448,5.92,2.25,0.14,47.24,204.5,40.57,15.74,45.57,False
2018,"2018 N source, timing and FYM trial",Kavre,Bhakundebesi,27.55796325952381,85.66629402,GR,AE,120.0,7969.186046511629,8142.248062015504,8142.248062015504,173.06201550387505,0.0,1.0,1.442183462532292,1.442183462532292,0.0,1.0,67.85206718346254,67.85206718346254,0.0,1.0,0.0,165.0914089830561,5.92,2.25,0.14,47.24,204.5,40.57,15.74,45.57,False
2018,"2018 N source, timing and FYM trial",Kavre,Bhakundebesi,27.55796325952381,85.66629402,TIMING_V6_V10,AE,120.0,7969.186046511629,8356.589147286822,8142.248062015504,387.4031007751937,214.34108527131866,1.0263245584805065,3.228359173126614,1.442183462532292,1.7861757105943221,2.2385218365061705,69.63824289405686,67.85206718346254,1.7861757105943212,1.0263245584805065,0.0,165.0914089830561,5.92,2.25,0.14,47.24,204.5,40.57,15.74,45.57,False
2018,"2018 N source, timing and FYM trial",Kavre,Bhakundebesi,27.55796325952381,85.66629402,FYM_N60,PFP,60.0,7969.186046511629,7937.209302325581,8142.248062015504,-31.976744186047654,-205.0387596899227,0.9748179178369115,-0.5329457364341276,1.442183462532292,-1.9751291989664197,-0.36954087346026154,132.28682170542635,67.85206718346254,64.43475452196381,1.9496358356738228,-60.0,165.0914089830561,5.92,2.25,0.14,47.24,204.5,40.57,15.74,45.57,False
2018,"2018 N source, timing and FYM trial",Kavre,Bhakundebesi,27.55796325952381,85.66629402,PCU_N120,PFP,120.0,7969.186046511629,7744.767441860466,8142.248062015504,-224.41860465116315,-397.4806201550382,0.9511829390203266,-1.870155038759693,1.442183462532292,-3.3123385012919853,-1.2967525195968737,64.53972868217055,67.85206718346254,-3.3123385012919897,0.9511829390203266,0.0,165.0914089830561,5.92,2.25,0.14,47.24,204.5,40.57,15.74,45.57,False
2018,"2018 N source, timing and FYM trial",Kavre,Bhakundebesi,27.55796325952381,85.66629402,PCU_N60,PFP,60.0,7969.186046511629,7305.813953488371,8142.248062015504,-663.3720930232575,-836.4341085271326,0.8972723377921644,-11.056201550387625,1.442183462532292,-12.498385012919917,-7.666293393057171,121.76356589147285,67.85206718346254,53.91149870801031,1.7945446755843286,-60.0,165.0914089830561,5.92,2.25,0.14,47.24,204.5,40.57,15.74,45.57,False
2018,"2018 N source, timing and FYM trial",Kavre,Bhakundebesi,27.55796325952381,85.66629402,UDP_N78,PFP,78.0,7969.186046511629,7486.821705426356,8142.248062015504,-482.3643410852728,-655.4263565891479,0.9195030228019231,-6.18415821904196,1.442183462532292,-7.626341681574251,-4.288052373158793,95.98489365931225,67.85206718346254,28.13282647584971,1.4146200350798814,-42.0,165.0914089830561,5.92,2.25,0.14,47.24,204.5,40.57,15.74,45.57,False
2018,"2018 N source, timing and FYM trial",Kavre,Rabiopi,27.64758590952381,85.56454967666666,GR,AE,120.0,8982.558139534884,9312.01550387597,9312.01550387597,329.45736434108585,0.0,1.0,2.7454780361757156,2.7454780361757156,0.0,1.0,77.60012919896641,77.60012919896641,0.0,1.0,0.0,153.49452209829772,5.92,2.25,0.14,47.24,204.5,40.57,15.74,45.57,False
2018,"2018 N source, timing and FYM trial",Kavre,Rabiopi,27.64758590952381,85.56454967666666,TIMING_V6_V10,AE,120.0,8982.558139534884,9918.41085271318,9312.01550387597,935.8527131782957,606.3953488372099,1.0651196670135277,7.798772609819131,2.7454780361757156,5.053294573643415,2.8405882352941156,82.65342377260983,77.60012919896641,5.053294573643413,1.0651196670135277,0.0,153.49452209829772,5.92,2.25,0.14,47.24,204.5,40.57,15.74,45.57,False
2018,"2018 N source, timing and FYM trial",Kavre,Rabiopi,27.64758590952381,85.56454967666666,FYM_N60,PFP,60.0,8982.558139534884,8953.488372093023,9312.01550387597,-29.069767441860677,-358.5271317829465,0.9614984391259104,-0.4844961240310113,2.7454780361757156,-3.229974160206727,-0.17647058823529507,149.2248062015504,77.60012919896641,71.62467700258398,1.922996878251821,-60.0,153.49452209829772,5.92,2.25,0.14,47.24,204.5,40.57,15.74,45.57,False
2018,"2018 N source, timing and FYM trial",Kavre,Rabiopi,27.64758590952381,85.56454967666666,PCU_N120,PFP,120.0,8982.558139534884,10058.139534883721,9312.01550387597,1075.5813953488378,746.1240310077519,1.0801248699271593,8.963178294573648,2.7454780361757156,6.217700258397933,3.264705882352937,83.81782945736434,77.60012919896641,6.217700258397926,1.080124869927159,0.0,153.49452209829772,5.92,2.25,0.14,47.24,204.5,40.57,15.74,45.57,False
2018,"2018 N source, timing and FYM trial",Kavre,Rabiopi,27.64758590952381,85.56454967666666,PCU_N60,PFP,60.0,8982.558139534884,10069.767441860467,9312.01550387597,1087.2093023255838,757.751937984498,1.0813735691987516,18.12015503875973,2.7454780361757156,15.374677002584015,6.600000000000002,167.82945736434112,77.60012919896641,90.22932816537471,2.1627471383975028,-60.0,153.49452209829772,5.92,2.25,0.14,47.24,204.5,40.57,15.74,45.57,False
2018,"2018 N source, timing and FYM trial",Kavre,Rabiopi,27.64758590952381,85.56454967666666,UDP_N78,PFP,78.0,8982.558139534884,9101.744186046511,9312.01550387597,119.18604651162786,-210.27131782945798,0.9774193548387096,1.5280262373285625,2.7454780361757156,-1.2174517988471532,0.5565610859728495,116.68902802623732,77.60012919896641,39.08889882727091,1.5037220843672454,-42.0,153.49452209829772,5.92,2.25,0.14,47.24,204.5,40.57,15.74,45.57,False
2018,"2018 N source, timing and FYM trial",Surkhet,Babiyachaur,28.804899674761906,81.39948699904762,GR,AE,120.0,8997.201550387597,9468.372093023258,9468.372093023258,471.17054263566024,0.0,1.0,3.926421188630502,3.926421188630502,0.0,1.0,78.9031007751938,78.9031007751938,0.0,1.0,0.0,28.76254518971422,6.84,2.82,0.14,243.85,467.15,41.79,8.84,49.56,False
2018,"2018 N source, timing and FYM trial",Surkhet,Babiyachaur,28.804899674761906,81.39948699904762,TIMING_V6_V10,AE,120.0,8997.201550387597,9517.5503875969,9468.372093023258,520.3488372093034,49.17829457364314,1.005193954577459,4.336240310077528,3.926421188630502,0.40981912144702637,1.1043747223638958,79.31291989664084,78.9031007751938,0.40981912144702903,1.005193954577459,0.0,28.76254518971422,6.84,2.82,0.14,243.85,467.15,41.79,8.84,49.56,False
2018,"2018 N source, timing and FYM trial",Surkhet,Babiyachaur,28.804899674761906,81.39948699904762,FYM_N60,PFP,60.0,8997.201550387597,8602.112403100777,9468.372093023258,-395.08914728682066,-866.2596899224809,0.9085101766796024,-6.584819121447011,3.926421188630502,-10.511240310077513,-1.6770536845395674,143.36854005167962,78.9031007751938,64.46543927648581,1.817020353359205,-60.0,28.76254518971422,6.84,2.82,0.14,243.85,467.15,41.79,8.84,49.56,False
2018,"2018 N source, timing and FYM trial",Surkhet,Babiyachaur,28.804899674761906,81.39948699904762,PCU_N120,PFP,120.0,8997.201550387597,9382.127906976744,9468.372093023258,384.92635658914696,-86.24418604651328,0.9908913395883479,3.2077196382428914,3.926421188630502,-0.7187015503876104,0.8169576018821642,78.1843992248062,78.9031007751938,-0.7187015503876069,0.9908913395883479,0.0,28.76254518971422,6.84,2.82,0.14,243.85,467.15,41.79,8.84,49.56,False
2018,"2018 N source, timing and FYM trial",Surkhet,Babiyachaur,28.804899674761906,81.39948699904762,PCU_N60,PFP,60.0,8997.201550387597,9347.953488372093,9468.372093023258,350.7519379844962,-120.41860465116406,0.9872820160141473,5.845865633074936,3.926421188630502,1.9194444444444345,1.4888534245899172,155.79922480620155,78.9031007751938,76.89612403100774,1.9745640320282947,-60.0,28.76254518971422,6.84,2.82,0.14,243.85,467.15,41.79,8.84,49.56,False
2018,"2018 N source, timing and FYM trial",Surkhet,Babiyachaur,28.804899674761906,81.39948699904762,UDP_N78,PFP,78.0,8997.201550387597,9343.151162790697,9468.372093023258,345.9496124030993,-125.22093023256093,0.9867748194724171,4.435251441065375,3.926421188630502,0.5088302524348736,1.1295913576231358,119.7839892665474,78.9031007751938,40.88088849135359,1.5181151068806418,-42.0,28.76254518971422,6.84,2.82,0.14,243.85,467.15,41.79,8.84,49.56,False
2018,"2018 N source, timing and FYM trial",Surkhet,Gadhi,28.639587879523813,81.59302793095239,GR,AE,120.0,7235.325581395348,8934.263565891473,8934.263565891473,1698.937984496125,0.0,1.0,14.157816537467708,14.157816537467708,0.0,1.0,74.45219638242894,74.45219638242894,0.0,1.0,0.0,4.559250600561735,6.84,2.82,0.14,243.85,467.15,41.79,8.84,49.56,True
2018,"2018 N source, timing and FYM trial",Surkhet,Gadhi,28.639587879523813,81.59302793095239,TIMING_V6_V10,AE,120.0,7235.325581395348,8688.166666666666,8934.263565891473,1452.8410852713178,-246.0968992248072,0.9724547079443305,12.107009043927649,14.157816537467708,-2.0508074935400593,0.855146626027203,72.40138888888889,74.45219638242894,-2.0508074935400487,0.9724547079443308,0.0,4.559250600561735,6.84,2.82,0.14,243.85,467.15,41.79,8.84,49.56,True
2018,"2018 N source, timing and FYM trial",Surkhet,Gadhi,28.639587879523813,81.59302793095239,FYM_N60,PFP,60.0,7235.325581395348,7554.147286821705,8934.263565891473,318.82170542635686,-1380.116279069768,0.8455254572588762,5.313695090439281,14.157816537467708,-8.844121447028428,0.37531882662675736,125.90245478036175,74.45219638242894,51.450258397932814,1.6910509145177524,-60.0,4.559250600561735,6.84,2.82,0.14,243.85,467.15,41.79,8.84,49.56,True
2018,"2018 N source, timing and FYM trial",Surkhet,Gadhi,28.639587879523813,81.59302793095239,PCU_N120,PFP,120.0,7235.325581395348,9014.201550387597,8934.263565891473,1778.875968992249,79.93798449612405,1.0089473501544441,14.823966408268742,14.157816537467708,0.6661498708010338,1.0470517377477038,75.11834625322997,74.45219638242894,0.6661498708010356,1.0089473501544441,0.0,4.559250600561735,6.84,2.82,0.14,243.85,467.15,41.79,8.84,49.56,True
2018,"2018 N source, timing and FYM trial",Surkhet,Gadhi,28.639587879523813,81.59302793095239,PCU_N60,PFP,60.0,7235.325581395348,8998.267441860466,8934.263565891473,1762.9418604651173,64.00387596899236,1.0071638670044771,29.38236434108529,14.157816537467708,15.22454780361758,2.0753457472292314,149.97112403100775,74.45219638242894,75.51892764857881,2.0143277340089543,-60.0,4.559250600561735,6.84,2.82,0.14,243.85,467.15,41.79,8.84,49.56,True
2018,"2018 N source, timing and FYM trial",Surkhet,Gadhi,28.639587879523813,81.59302793095239,UDP_N78,PFP,78.0,7235.325581395348,8615.612403100775,8934.263565891473,1380.2868217054265,-318.65116279069844,0.9643338076562662,17.695984893659315,14.157816537467708,3.5381683561916066,1.2499091824525401,110.45656927052275,74.45219638242894,36.00437288809381,1.4835904733173326,-42.0,4.559250600561735,6.84,2.82,0.14,243.85,467.15,41.79,8.84,49.56,True
2018,"2018 N source, timing and FYM trial",Surkhet,Guthu,28.83352378142857,81.30620851142858,GR,AE,120.0,7330.5,7927.639534883721,7927.639534883721,597.1395348837214,0.0,1.0,4.9761627906976775,4.9761627906976775,0.0,1.0,66.06366279069768,66.06366279069768,0.0,1.0,0.0,30.92658492916015,7.46,2.24,0.12,114.35,236.46,35.6,20.43,43.83,False
2018,"2018 N source, timing and FYM trial",Surkhet,Guthu,28.83352378142857,81.30620851142858,TIMING_V6_V10,AE,120.0,7330.5,9522.802325581397,7927.639534883721,2192.302325581397,1595.1627906976755,1.201215353407346,18.269186046511642,4.9761627906976775,13.293023255813964,3.671340109825915,79.35668604651164,66.06366279069768,13.293023255813964,1.201215353407346,0.0,30.92658492916015,7.46,2.24,0.12,114.35,236.46,35.6,20.43,43.83,False
2018,"2018 N source, timing and FYM trial",Surkhet,Guthu,28.83352378142857,81.30620851142858,FYM_N60,PFP,60.0,7330.5,7701.325581395349,7927.639534883721,370.8255813953492,-226.31395348837214,0.9714525424002276,6.1804263565891535,4.9761627906976775,1.204263565891476,1.242006464929704,128.35542635658916,66.06366279069768,62.291763565891486,1.9429050848004554,-60.0,30.92658492916015,7.46,2.24,0.12,114.35,236.46,35.6,20.43,43.83,False
2018,"2018 N source, timing and FYM trial",Surkhet,Guthu,28.83352378142857,81.30620851142858,PCU_N120,PFP,120.0,7330.5,9167.127906976744,7927.639534883721,1836.6279069767443,1239.488372093023,1.1563502435547106,15.305232558139535,4.9761627906976775,10.329069767441858,3.075709779179809,76.39273255813954,66.06366279069768,10.329069767441865,1.1563502435547108,0.0,30.92658492916015,7.46,2.24,0.12,114.35,236.46,35.6,20.43,43.83,False
2018,"2018 N source, timing and FYM trial",Surkhet,Guthu,28.83352378142857,81.30620851142858,PCU_N60,PFP,60.0,7330.5,7746.046511627907,7927.639534883721,415.5465116279074,-181.59302325581393,0.9770936831251275,6.925775193798457,4.9761627906976775,1.9496124031007795,1.3917903181835891,129.10077519379846,66.06366279069768,63.03711240310078,1.954187366250255,-60.0,30.92658492916015,7.46,2.24,0.12,114.35,236.46,35.6,20.43,43.83,False
2018,"2018 N source, timing and FYM trial",Surkhet,Guthu,28.83352378142857,81.30620851142858,UDP_N78,PFP,78.0,7330.5,9458.60465116279,7927.639534883721,2128.10465116279,1530.9651162790688,1.1931173976241496,27.283392963625513,4.9761627906976775,22.307230172927834,5.482817606897518,121.26416219439474,66.06366279069768,55.200499403697066,1.8355652271140765,-42.0,30.92658492916015,7.46,2.24,0.12,114.35,236.46,35.6,20.43,43.83,False
2018,"2018 N source, timing and FYM trial",Surkhet,Kalyan,28.50487401809524,81.73682561095238,GR,AE,120.0,7732.856589147287,8879.523255813954,8879.523255813954,1146.666666666667,0.0,1.0,9.555555555555559,9.555555555555559,0.0,1.0,73.99602713178295,73.99602713178295,0.0,1.0,0.0,0.6224683017488566,7.28,3.07,0.16,98.87,515.11,44.01,10.25,44.32,True
2018,"2018 N source, timing and FYM trial",Surkhet,Kalyan,28.50487401809524,81.73682561095238,TIMING_V6_V10,AE,120.0,7732.856589147287,8671.829457364342,8879.523255813954,938.9728682170544,-207.6937984496126,0.9766098029740928,7.824773901808786,9.555555555555559,-1.7307816537467726,0.8188716873985936,72.26524547803618,73.99602713178295,-1.7307816537467744,0.9766098029740928,0.0,0.6224683017488566,7.28,3.07,0.16,98.87,515.11,44.01,10.25,44.32,True
2018,"2018 N source, timing and FYM trial",Surkhet,Kalyan,28.50487401809524,81.73682561095238,FYM_N60,PFP,60.0,7732.856589147287,8388.116279069767,8879.523255813954,655.25968992248,-491.406976744187,0.9446584053459814,10.920994832041334,9.555555555555559,1.365439276485775,1.1428948080043253,139.8019379844961,73.99602713178295,65.80591085271315,1.8893168106919627,-60.0,0.6224683017488566,7.28,3.07,0.16,98.87,515.11,44.01,10.25,44.32,True
2018,"2018 N source, timing and FYM trial",Surkhet,Kalyan,28.50487401809524,81.73682561095238,PCU_N120,PFP,120.0,7732.856589147287,8969.372093023258,8879.523255813954,1236.5155038759704,89.84883720930338,1.0101186555427368,10.304295865633087,9.555555555555559,0.7487403100775278,1.0783565440778808,74.74476744186047,73.99602713178295,0.7487403100775225,1.0101186555427368,0.0,0.6224683017488566,7.28,3.07,0.16,98.87,515.11,44.01,10.25,44.32,True
2018,"2018 N source, timing and FYM trial",Surkhet,Kalyan,28.50487401809524,81.73682561095238,PCU_N60,PFP,60.0,7732.856589147287,8799.13565891473,8879.523255813954,1066.2790697674436,-80.38759689922335,0.9909468566517252,17.771317829457395,9.555555555555559,8.215762273901836,1.8597890751757733,146.65226098191218,73.99602713178295,72.65623385012923,1.9818937133034504,-60.0,0.6224683017488566,7.28,3.07,0.16,98.87,515.11,44.01,10.25,44.32,True
2018,"2018 N source, timing and FYM trial",Surkhet,Kalyan,28.50487401809524,81.73682561095238,UDP_N78,PFP,78.0,7732.856589147287,8822.426356589147,8879.523255813954,1089.5697674418598,-57.0968992248072,0.9935698237867193,13.968843172331535,9.555555555555559,4.4132876167759765,1.4618556808253926,113.10803021268137,73.99602713178295,39.11200308089842,1.528568959671876,-42.0,0.6224683017488566,7.28,3.07,0.16,98.87,515.11,44.01,10.25,44.32,True
2018,"2018 N source, timing and FYM trial",Surkhet,Kunathari,28.712966564761906,81.51049830285714,GR,AE,120.0,8095.593023255814,8978.236434108529,8978.236434108529,882.6434108527146,0.0,1.0,7.355361757105955,7.355361757105955,0.0,1.0,74.8186369509044,74.8186369509044,0.0,1.0,0.0,14.231054496640803,6.84,2.82,0.14,243.85,467.15,41.79,8.84,49.56,False
2018,"2018 N source, timing and FYM trial",Surkhet,Kunathari,28.712966564761906,81.51049830285714,TIMING_V6_V10,AE,120.0,8095.593023255814,8985.70542635659,8978.236434108529,890.1124031007757,7.468992248061113,1.0008318997057915,7.417603359173131,7.355361757105955,0.06224160206717588,1.008462072175722,74.88087855297158,74.8186369509044,0.062241602067174995,1.0008318997057915,0.0,14.231054496640803,6.84,2.82,0.14,243.85,467.15,41.79,8.84,49.56,False
2018,"2018 N source, timing and FYM trial",Surkhet,Kunathari,28.712966564761906,81.51049830285714,FYM_N60,PFP,60.0,8095.593023255814,8541.5503875969,8978.236434108529,445.95736434108676,-436.68604651162786,0.9513617123232969,7.432622739018113,7.355361757105955,0.07726098191215769,1.0105040356223833,142.35917312661502,74.8186369509044,67.54053617571061,1.9027234246465938,-60.0,14.231054496640803,6.84,2.82,0.14,243.85,467.15,41.79,8.84,49.56,False
2018,"2018 N source, timing and FYM trial",Surkhet,Kunathari,28.712966564761906,81.51049830285714,PCU_N120,PFP,120.0,8095.593023255814,8978.236434108529,8978.236434108529,882.6434108527146,0.0,1.0,7.355361757105955,7.355361757105955,0.0,1.0,74.8186369509044,74.8186369509044,0.0,1.0,0.0,14.231054496640803,6.84,2.82,0.14,243.85,467.15,41.79,8.84,49.56,False
2018,"2018 N source, timing and FYM trial",Surkhet,Kunathari,28.712966564761906,81.51049830285714,PCU_N60,PFP,60.0,8095.593023255814,8921.5503875969,8978.236434108529,825.9573643410868,-56.686046511627865,0.9936862827207049,13.765956072351447,7.355361757105955,6.410594315245492,1.8715539122263114,148.69250645994833,74.8186369509044,73.87386950904393,1.9873725654414096,-60.0,14.231054496640803,6.84,2.82,0.14,243.85,467.15,41.79,8.84,49.56,False
2018,"2018 N source, timing and FYM trial",Surkhet,Kunathari,28.712966564761906,81.51049830285714,UDP_N78,PFP,78.0,8095.593023255814,8436.802325581395,8978.236434108529,341.2093023255811,-541.4341085271335,0.9396948262054882,4.374478234943347,7.355361757105955,-2.9808835221626078,0.5947332543796638,108.16413237924866,74.8186369509044,33.34549542834425,1.4456843480084431,-42.0,14.231054496640803,6.84,2.82,0.14,243.85,467.15,41.79,8.84,49.56,False
2018,"2018 N source, timing and FYM trial",Surkhet,Lekhpharsa,28.464994382857146,81.79507384095237,GR,AE,120.0,8376.213178294574,8474.728682170544,8474.728682170544,98.51550387596944,0.0,1.0,0.8209625322997454,0.8209625322997454,0.0,1.0,70.62273901808787,70.62273901808787,0.0,1.0,0.0,1.7278335489451597,7.52,3.23,0.17,108.35,548.23,43.89,8.83,46.08,True
2018,"2018 N source, timing and FYM trial",Surkhet,Lekhpharsa,28.464994382857146,81.79507384095237,TIMING_V6_V10,AE,120.0,8376.213178294574,9093.86046511628,8474.728682170544,717.6472868217061,619.1317829457366,1.0730562365079945,5.98039405684755,0.8209625322997454,5.159431524547805,7.284612660817536,75.78217054263567,70.62273901808787,5.159431524547799,1.0730562365079945,0.0,1.7278335489451597,7.52,3.23,0.17,108.35,548.23,43.89,8.83,46.08,True
2018,"2018 N source, timing and FYM trial",Surkhet,Lekhpharsa,28.464994382857146,81.79507384095237,FYM_N60,PFP,60.0,8376.213178294574,8987.98449612403,8474.728682170544,611.7713178294562,513.2558139534867,1.0605630968497308,10.196188630490935,0.8209625322997454,9.37522609819119,12.419797773143877,149.79974160206717,70.62273901808787,79.1770025839793,2.1211261936994616,-60.0,1.7278335489451597,7.52,3.23,0.17,108.35,548.23,43.89,8.83,46.08,True
2018,"2018 N source, timing and FYM trial",Surkhet,Lekhpharsa,28.464994382857146,81.79507384095237,PCU_N120,PFP,120.0,8376.213178294574,8664.496124031008,8474.728682170544,288.28294573643325,189.7674418604638,1.0223921554279023,2.4023578811369437,0.8209625322997454,1.5813953488371983,2.926269819412182,72.20413436692506,70.62273901808787,1.5813953488371908,1.022392155427902,0.0,1.7278335489451597,7.52,3.23,0.17,108.35,548.23,43.89,8.83,46.08,True
2018,"2018 N source, timing and FYM trial",Surkhet,Lekhpharsa,28.464994382857146,81.79507384095237,PCU_N60,PFP,60.0,8376.213178294574,8981.872093023258,8474.728682170544,605.6589147286832,507.1434108527137,1.0598418462551682,10.094315245478052,0.8209625322997454,9.273352713178307,12.295707597277376,149.6978682170543,70.62273901808787,79.07512919896642,2.1196836925103364,-60.0,1.7278335489451597,7.52,3.23,0.17,108.35,548.23,43.89,8.83,46.08,True
2018,"2018 N source, timing and FYM trial",Surkhet,Lekhpharsa,28.464994382857146,81.79507384095237,UDP_N78,PFP,78.0,8376.213178294574,8495.678294573643,8474.728682170544,119.46511627906875,20.94961240309931,1.002472009805715,1.5316040548598557,0.8209625322997454,0.7106415225601104,1.865619921251954,108.91895249453388,70.62273901808787,38.29621347644601,1.5422646304703305,-42.0,1.7278335489451597,7.52,3.23,0.17,108.35,548.23,43.89,8.83,46.08,True
2018,"2018 N source, timing and FYM trial",Surkhet,Maintada-1,28.443258830714285,81.79744876071427,GR,AE,120.0,7342.633720930233,8949.492248062015,8949.492248062015,1606.8585271317825,0.0,1.0,13.390487726098188,13.390487726098188,0.0,1.0,74.57910206718346,74.57910206718346,0.0,1.0,0.0,0.43879784098052227,6.9,2.57,0.15,75.48,297.21,45.96,11.53,42.41,True
2018,"2018 N source, timing and FYM trial",Surkhet,Maintada-1,28.443258830714285,81.79744876071427,TIMING_V6_V10,AE,120.0,7342.633720930233,7998.401162790698,8949.492248062015,655.7674418604656,-951.0910852713168,0.893726810537517,5.464728682170547,13.390487726098188,-7.925759043927641,0.40810527547250863,66.65334302325581,74.57910206718346,-7.925759043927641,0.893726810537517,0.0,0.43879784098052227,6.9,2.57,0.15,75.48,297.21,45.96,11.53,42.41,True
2018,"2018 N source, timing and FYM trial",Surkhet,Maintada-1,28.443258830714285,81.79744876071427,FYM_N60,PFP,60.0,7342.633720930233,7409.697674418605,8949.492248062015,67.06395348837214,-1539.7945736434103,0.8279461525901821,1.1177325581395356,13.390487726098188,-12.272755167958653,0.08347213193445256,123.49496124031008,74.57910206718346,48.91585917312662,1.6558923051803642,-60.0,0.43879784098052227,6.9,2.57,0.15,75.48,297.21,45.96,11.53,42.41,True
2018,"2018 N source, timing and FYM trial",Surkhet,Maintada-1,28.443258830714285,81.79744876071427,PCU_N120,PFP,120.0,7342.633720930233,8164.60465116279,8949.492248062015,821.9709302325573,-784.8875968992252,0.9122980862887288,6.849757751937977,13.390487726098188,-6.540729974160211,0.5115390784898547,68.03837209302326,74.57910206718346,-6.5407299741602,0.912298086288729,0.0,0.43879784098052227,6.9,2.57,0.15,75.48,297.21,45.96,11.53,42.41,True
2018,"2018 N source, timing and FYM trial",Surkhet,Maintada-1,28.443258830714285,81.79744876071427,PCU_N60,PFP,60.0,7342.633720930233,8371.162790697676,8949.492248062015,1028.5290697674427,-578.3294573643398,0.9353785174248768,17.14215116279071,13.390487726098188,3.751663436692523,1.2801737706222975,139.51937984496126,74.57910206718346,64.94027777777781,1.8707570348497538,-60.0,0.43879784098052227,6.9,2.57,0.15,75.48,297.21,45.96,11.53,42.41,True
2018,"2018 N source, timing and FYM trial",Surkhet,Maintada-1,28.443258830714285,81.79744876071427,UDP_N78,PFP,78.0,7342.633720930233,8532.558139534884,8949.492248062015,1189.9244186046508,-416.9341085271317,0.9534125404022314,15.25544126416219,13.390487726098188,1.864953538064002,1.1392745041264771,109.39177101967799,74.57910206718346,34.81266895249453,1.4667885236957408,-42.0,0.43879784098052227,6.9,2.57,0.15,75.48,297.21,45.96,11.53,42.41,True
2018,"2018 N source, timing and FYM trial",Surkhet,Maintada-2,28.425360641666664,81.79822317833334,GR,AE,120.0,6901.9534883720935,8762.003875968992,8762.003875968992,1860.0503875968989,0.0,1.0,15.500419896640825,15.500419896640825,0.0,1.0,73.01669896640827,73.01669896640827,0.0,1.0,0.0,0.6177245347330431,7.04,2.28,0.14,89.75,255.39,46.6,12.63,42.7,True
2018,"2018 N source, timing and FYM trial",Surkhet,Maintada-2,28.425360641666664,81.79822317833334,TIMING_V6_V10,AE,120.0,6901.9534883720935,8880.93604651163,8762.003875968992,1978.9825581395362,118.93217054263732,1.0135736267897375,16.49152131782947,15.500419896640825,0.9911014211886453,1.0639402950241001,74.00780038759692,73.01669896640827,0.9911014211886453,1.0135736267897375,0.0,0.6177245347330431,7.04,2.28,0.14,89.75,255.39,46.6,12.63,42.7,True
2018,"2018 N source, timing and FYM trial",Surkhet,Maintada-2,28.425360641666664,81.79822317833334,FYM_N60,PFP,60.0,6901.9534883720935,8398.43604651163,8762.003875968992,1496.4825581395362,-363.5678294573627,0.9585063149247744,24.94137596899227,15.500419896640825,9.440956072351444,1.6090774401793748,139.97393410852717,73.01669896640827,66.9572351421189,1.9170126298495491,-60.0,0.6177245347330431,7.04,2.28,0.14,89.75,255.39,46.6,12.63,42.7,True
2018,"2018 N source, timing and FYM trial",Surkhet,Maintada-2,28.425360641666664,81.79822317833334,PCU_N120,PFP,120.0,6901.9534883720935,9072.72480620155,8762.003875968992,2170.771317829456,310.7209302325573,1.035462313716244,18.089760981912136,15.500419896640825,2.589341085271311,1.1670497381708003,75.60604005167959,73.01669896640827,2.5893410852713146,1.035462313716244,0.0,0.6177245347330431,7.04,2.28,0.14,89.75,255.39,46.6,12.63,42.7,True
2018,"2018 N source, timing and FYM trial",Surkhet,Maintada-2,28.425360641666664,81.79822317833334,PCU_N60,PFP,60.0,6901.9534883720935,8519.691860465116,8762.003875968992,1617.738372093023,-242.31201550387595,0.9723451371473996,26.962306201550383,15.500419896640825,11.461886304909559,1.7394565038456489,141.99486434108528,73.01669896640827,68.978165374677,1.9446902742947991,-60.0,0.6177245347330431,7.04,2.28,0.14,89.75,255.39,46.6,12.63,42.7,True
2018,"2018 N source, timing and FYM trial",Surkhet,Maintada-2,28.425360641666664,81.79822317833334,UDP_N78,PFP,78.0,6901.9534883720935,8913.023255813954,8762.003875968992,2011.0697674418607,151.0193798449618,1.0172357125131106,25.78294573643411,15.500419896640825,10.282525839793287,1.663370793072623,114.26952892069173,73.01669896640827,41.252829954283456,1.5649780192509393,-42.0,0.6177245347330431,7.04,2.28,0.14,89.75,255.39,46.6,12.63,42.7,True
2018,"2018 N source, timing and FYM trial",Surkhet,Ramghat,28.488462833809525,81.74247258666666,GR,AE,120.0,8122.302325581396,8903.693798449613,8903.693798449613,781.3914728682166,0.0,1.0,6.511595607235138,6.511595607235138,0.0,1.0,74.19744832041344,74.19744832041344,0.0,1.0,0.0,1.2982306790802263,7.28,3.07,0.16,98.87,515.11,44.01,10.25,44.32,True
2018,"2018 N source, timing and FYM trial",Surkhet,Ramghat,28.488462833809525,81.74247258666666,TIMING_V6_V10,AE,120.0,8122.302325581396,8893.6007751938,8903.693798449613,771.2984496124036,-10.093023255813023,0.9988664229156701,6.427487080103363,6.511595607235138,-0.08410852713177519,0.9870832692622495,74.11333979328167,74.19744832041344,-0.08410852713177519,0.9988664229156701,0.0,1.2982306790802263,7.28,3.07,0.16,98.87,515.11,44.01,10.25,44.32,True
2018,"2018 N source, timing and FYM trial",Surkhet,Ramghat,28.488462833809525,81.74247258666666,FYM_N60,PFP,60.0,8122.302325581396,8828.368217054265,8903.693798449613,706.0658914728692,-75.3255813953474,0.9915399627277767,11.767764857881154,6.511595607235138,5.256169250646016,1.8072014246102448,147.13947028423775,74.19744832041344,72.9420219638243,1.9830799254555531,-60.0,1.2982306790802263,7.28,3.07,0.16,98.87,515.11,44.01,10.25,44.32,True
2018,"2018 N source, timing and FYM trial",Surkhet,Ramghat,28.488462833809525,81.74247258666666,PCU_N120,PFP,120.0,8122.302325581396,8898.620155038761,8903.693798449613,776.3178294573654,-5.0736434108512185,0.9994301642076084,6.469315245478045,6.511595607235138,-0.04228036175709349,0.9935069122366698,74.15516795865635,74.19744832041344,-0.04228036175709349,0.9994301642076084,0.0,1.2982306790802263,7.28,3.07,0.16,98.87,515.11,44.01,10.25,44.32,True
2018,"2018 N source, timing and FYM trial",Surkhet,Ramghat,28.488462833809525,81.74247258666666,PCU_N60,PFP,60.0,8122.302325581396,8932.697674418605,8903.693798449613,810.395348837209,29.00387596899236,1.0032575104923356,13.506589147286816,6.511595607235138,6.994993540051677,2.0742364793476162,148.87829457364342,74.19744832041344,74.68084625322997,2.0065150209846707,-60.0,1.2982306790802263,7.28,3.07,0.16,98.87,515.11,44.01,10.25,44.32,True
2018,"2018 N source, timing and FYM trial",Surkhet,Ramghat,28.488462833809525,81.74247258666666,UDP_N78,PFP,78.0,8122.302325581396,9231.445736434109,8903.693798449613,1109.1434108527128,327.7519379844962,1.0368107827384594,14.219787318624522,6.511595607235138,7.708191711389384,2.1837638846651792,118.35186841582191,74.19744832041344,44.15442009540847,1.595093511905322,-42.0,1.2982306790802263,7.28,3.07,0.16,98.87,515.11,44.01,10.25,44.32,True
2019,2019 Hybrid strategy block,Dang,Dhikpur,28.02853486733511,82.37393154297024,PCU_N60,PFP,60.0,,9909.111046511629,9170.649418604651,,738.4616279069778,1.0805244638846239,,,,,165.15185077519382,76.4220784883721,88.72977228682173,2.1610489277692477,-60.0,1.1159177802081364,6.66,1.95,0.1,157.67,536.2,47.99,21.62,32.52,True
2019,2019 Hybrid strategy block,Dang,Dhikpur,28.02853486733511,82.37393154297024,UDP_N78,PFP,78.0,,8334.336627906976,9170.649418604651,,-836.3127906976752,0.9088054997499923,,,,,106.85046958855098,76.4220784883721,30.428391100178885,1.3981623073076805,-42.0,1.1159177802081364,6.66,1.95,0.1,157.67,536.2,47.99,21.62,32.52,True
2019,2019 Hybrid strategy block,Dang,Laxmipur,27.983452412299812,82.49110985081643,PCU_N60,PFP,60.0,,9821.860465116279,12134.56550387597,,-2312.705038759692,0.8094117965722812,,,,,163.69767441860463,101.12137919896642,62.57629521963821,1.6188235931445625,-60.0,0.9528510125321898,6.8,2.25,0.11,147.0,447.18,44.78,21.69,32.35,True
2019,2019 Hybrid strategy block,Dang,Laxmipur,27.983452412299812,82.49110985081643,UDP_N78,PFP,78.0,,9545.386627906977,12134.56550387597,,-2589.1788759689935,0.7866278050794675,,,,,122.37675163983305,101.12137919896642,21.255372440866623,1.2101966231991808,-42.0,0.9528510125321898,6.8,2.25,0.11,147.0,447.18,44.78,21.69,32.35,True
2019,2019 Hybrid strategy block,Dang,Panchakule,28.134432388469577,82.1181617025286,PCU_N60,PFP,60.0,,10485.732558139534,7129.793410852714,,3355.93914728682,1.4706923404230101,,,,,174.76220930232557,59.41494509043928,115.34726421188628,2.9413846808460202,-60.0,0.6413770225239129,6.89,2.62,0.14,179.24,493.14,44.23,20.15,34.78,True
2019,2019 Hybrid strategy block,Dang,Panchakule,28.134432388469577,82.1181617025286,UDP_N78,PFP,78.0,,6540.376744186046,7129.793410852714,,-589.4166666666679,0.9173304705057121,,,,,83.8509838998211,59.41494509043928,24.43603880938182,1.4112776469318649,-42.0,0.6413770225239129,6.89,2.62,0.14,179.24,493.14,44.23,20.15,34.78,True
2019,2019 Hybrid strategy block,Dang,Purandhara,28.100256307516247,82.28381064720452,PCU_N60,PFP,60.0,,7949.930232558138,7815.152713178294,,134.7775193798443,1.017245666761262,,,,,132.4988372093023,65.12627260981911,67.3725645994832,2.034491333522524,-60.0,0.3753090822257627,6.48,2.0,0.11,203.36,691.24,46.88,19.26,35.51,True
2019,2019 Hybrid strategy block,Dang,Purandhara,28.100256307516247,82.28381064720452,UDP_N78,PFP,78.0,,6789.05058139535,7815.152713178294,,-1026.1021317829445,0.8687035084992414,,,,,87.0391100178891,65.12627260981911,21.91283740806999,1.3364669361526793,-42.0,0.3753090822257627,6.48,2.0,0.11,203.36,691.24,46.88,19.26,35.51,True
2019,2019 Hybrid strategy block,Dang,Shantinagar,28.165991096757352,82.22746619489044,PCU_N60,PFP,60.0,,7459.310465116279,8047.343023255814,,-588.0325581395346,0.9269283592807969,,,,,124.32184108527132,67.06119186046512,57.2606492248062,1.8538567185615937,-60.0,1.713369803232701,6.66,3.19,0.13,301.32,548.99,47.48,17.03,35.4,True
2019,2019 Hybrid strategy block,Dang,Shantinagar,28.165991096757352,82.22746619489044,UDP_N78,PFP,78.0,,8241.936627906976,8047.343023255814,,194.59360465116242,1.02418109978521,,,,,105.6658542039356,67.06119186046512,38.60466234347048,1.5756632304387848,-42.0,1.713369803232701,6.66,3.19,0.13,301.32,548.99,47.48,17.03,35.4,True
2019,2019 Hybrid strategy block,Dang,Shreegau,28.109927154146135,82.1861131163314,PCU_N60,PFP,60.0,,7998.289534883721,8978.814341085272,,-980.5248062015507,0.89079573661359,,,,,133.30482558139536,74.82345284237726,58.4813727390181,1.7815914732271803,-60.0,1.2508414366111795,6.92,2.47,0.13,175.85,494.39,41.98,22.36,36.36,True
2019,2019 Hybrid strategy block,Dang,Shreegau,28.109927154146135,82.1861131163314,UDP_N78,PFP,78.0,,7630.6651162790695,8978.814341085272,,-1348.1492248062023,0.8498521994560753,,,,,97.82903995229576,74.82345284237726,23.005587109918494,1.3074649222401158,-42.0,1.2508414366111795,6.92,2.47,0.13,175.85,494.39,41.98,22.36,36.36,True
2019,2019 Hybrid strategy block,Doti,Chhatiwan,29.080227562226355,80.58976215310395,PCU_N60,PFP,60.0,,6787.930232558139,7025.88992248062,,-237.95968992248072,0.966131025030568,,,,,113.13217054263565,58.5490826873385,54.58308785529715,1.932262050061136,-60.0,84.60357401947981,7.41,2.05,0.11,91.89,198.13,39.31,17.09,42.23,False
2019,2019 Hybrid strategy block,Doti,Chhatiwan,29.080227562226355,80.58976215310395,UDP_N78,PFP,78.0,,7110.931395348837,7025.88992248062,,85.04147286821717,1.0121040144104894,,,,,91.16578711985689,58.5490826873385,32.61670443251839,1.5570830990930606,-42.0,84.60357401947981,7.41,2.05,0.11,91.89,198.13,39.31,17.09,42.23,False
2019,2019 Hybrid strategy block,Doti,Dipayal,29.255774347111583,80.93195846304297,PCU_N60,PFP,60.0,,6677.283720930232,8367.103100775194,,-1689.819379844961,0.7980400911172706,,,,,111.28806201550387,69.72585917312661,41.56220284237726,1.5960801822345412,-60.0,82.64676917783616,7.46,2.24,0.12,114.35,236.46,35.6,20.43,43.83,False
2019,2019 Hybrid strategy block,Doti,Dipayal,29.255774347111583,80.93195846304297,UDP_N78,PFP,78.0,,7899.3,8367.103100775194,,-467.80310077519334,0.9440901952395145,,,,,101.27307692307693,69.72585917312661,31.54721774995032,1.452446454214638,-42.0,82.64676917783616,7.46,2.24,0.12,114.35,236.46,35.6,20.43,43.83,False
2019,2019 Hybrid strategy block,Doti,Ghanteshwor,29.127158767854173,80.57694844591121,PCU_N60,PFP,60.0,,8025.492286821706,7841.170555555556,,184.32173126614998,1.0235069151933642,,,,,133.75820478036178,65.34308796296297,68.41511681739881,2.047013830386729,-60.0,89.2002844199273,7.41,2.05,0.11,91.89,198.13,39.31,17.09,42.23,False
2019,2019 Hybrid strategy block,Doti,Ghanteshwor,29.127158767854173,80.57694844591121,UDP_N78,PFP,78.0,,8238.463829457365,7841.170555555556,,397.2932739018088,1.0506675975336772,,,,,105.62133114688929,65.34308796296297,40.27824318392632,1.6164116885133495,-42.0,89.2002844199273,7.41,2.05,0.11,91.89,198.13,39.31,17.09,42.23,False
2019,2019 Hybrid strategy block,Kavre,Bhakundebesi,27.56213334389031,85.64934709109366,PCU_N60,PFP,60.0,,6507.55496511628,5356.45084496124,,1151.1041201550397,1.2149005290019363,,,,,108.45924941860467,44.637090374677,63.82215904392767,2.429801058003873,-60.0,163.36828368006314,5.92,2.25,0.14,47.24,204.5,40.57,15.74,45.57,False
2019,2019 Hybrid strategy block,Kavre,Bhakundebesi,27.56213334389031,85.64934709109366,UDP_N78,PFP,78.0,,7176.598837209303,5356.45084496124,,1820.147992248063,1.3398048530512061,,,,,92.00767740011928,44.637090374677,47.370587025442276,2.061238235463394,-42.0,163.36828368006314,5.92,2.25,0.14,47.24,204.5,40.57,15.74,45.57,False
2019,2019 Hybrid strategy block,Nuwakot,Ramchandra Acharya,27.884522769600153,85.15071409754455,PCU_N60,PFP,60.0,,7911.506186046512,7683.240821705426,,228.26536434108584,1.0297095157679073,,,,,131.85843643410854,64.02700684754522,67.83142958656332,2.0594190315358145,-60.0,111.07887672862434,5.92,2.25,0.14,47.24,204.5,40.57,15.74,45.57,False
2019,2019 Hybrid strategy block,Nuwakot,Ramchandra Acharya,27.884522769600153,85.15071409754455,UDP_N78,PFP,78.0,,8268.683880232558,7683.240821705426,,585.443058527132,1.0761974109770496,,,,,106.00876769528921,64.02700684754522,41.981760847743985,1.655688324580076,-42.0,111.07887672862434,5.92,2.25,0.14,47.24,204.5,40.57,15.74,45.57,False
2019,2019 Hybrid strategy block,Palpa,Devinagar,27.807774152606726,83.70019785128534,PCU_N60,PFP,60.0,,8172.817829150001,10702.656333751938,,-2529.8385046019375,0.7636251762449077,,,,,136.21363048583333,89.18880278126615,47.02482770456719,1.527250352489815,-60.0,0.8595744726511265,6.43,3.33,0.14,101.33,255.44,38.68,17.0,44.38,True
2019,2019 Hybrid strategy block,Palpa,Devinagar,27.807774152606726,83.70019785128534,UDP_N78,PFP,78.0,,10133.798452720932,10702.656333751938,,-568.8578810310064,0.9468489071038323,,,,,129.9204929836017,89.18880278126615,40.73169020233554,1.4566906263135884,-42.0,0.8595744726511265,6.43,3.33,0.14,101.33,255.44,38.68,17.0,44.38,True
2019,2019 Hybrid strategy block,Salyan,Ajaya Gharti,28.21765476372093,82.38452818244696,PCU_N60,PFP,60.0,,10280.890697674418,10994.44069767442,,-713.5500000000011,0.9350990178017029,,,,,171.34817829457364,91.62033914728683,79.72783914728682,1.8701980356034058,-60.0,2.0015845324118517,6.76,2.78,0.13,174.62,516.86,48.04,15.2,37.52,True
2019,2019 Hybrid strategy block,Salyan,Ajaya Gharti,28.21765476372093,82.38452818244696,UDP_N78,PFP,78.0,,11110.46511627907,10994.44069767442,,116.02441860465115,1.010553007815049,,,,,142.4418604651163,91.62033914728683,50.821521317829465,1.5546969351000755,-42.0,2.0015845324118517,6.76,2.78,0.13,174.62,516.86,48.04,15.2,37.52,True
2019,2019 Hybrid strategy block,Salyan,Prem buda,28.248586682602763,82.33090365305543,PCU_N60,PFP,60.0,,6766.011627906977,10229.193798449613,,-3463.1821705426355,0.661441337530673,,,,,112.76686046511628,85.24328165374678,27.523578811369504,1.3228826750613458,-60.0,3.2867839918986808,6.37,3.25,0.14,174.84,476.72,47.76,17.86,32.38,True
2019,2019 Hybrid strategy block,Salyan,Prem buda,28.248586682602763,82.33090365305543,UDP_N78,PFP,78.0,,6346.400000000001,10229.193798449613,,-3882.793798449612,0.6204203503273046,,,,,81.36410256410257,85.24328165374678,-3.879179089644211,0.9544928466573916,-42.0,3.2867839918986808,6.37,3.25,0.14,174.84,476.72,47.76,17.86,32.38,True
2019,2019 Hybrid strategy block,Salyan,Tham kumari mahatara,28.25889717321843,82.33747691847384,PCU_N60,PFP,60.0,,9482.829069767442,11392.658527131784,,-1909.8294573643416,0.8323631439653831,,,,,158.0471511627907,94.93882105943153,63.108330103359165,1.664726287930766,-60.0,2.8961163073866705,6.58,2.73,0.12,159.13,530.36,45.04,20.74,34.05,True
2019,2019 Hybrid strategy block,Salyan,Tham kumari mahatara,28.25889717321843,82.33747691847384,UDP_N78,PFP,78.0,,12017.441860465118,11392.658527131784,,624.7833333333347,1.0548408724658431,,,,,154.06976744186048,94.93882105943153,59.130946382428945,1.6228321114859123,-42.0,2.8961163073866705,6.58,2.73,0.12,159.13,530.36,45.04,20.74,34.05,True
2019,2019 Hybrid strategy block,Surkhet,Babiyachaur,28.80522942170501,81.40038809739053,PCU_N60,PFP,60.0,,13170.345697674418,13296.664883720929,,-126.31918604651037,0.9904999345962939,,,,,219.50576162790696,110.8055406976744,108.70022093023256,1.9809998691925879,-60.0,28.736851742040656,6.84,2.82,0.14,243.85,467.15,41.79,8.84,49.56,False
2019,2019 Hybrid strategy block,Surkhet,Babiyachaur,28.80522942170501,81.40038809739053,UDP_N78,PFP,78.0,,13170.345697674418,13296.664883720929,,-126.31918604651037,0.9904999345962939,,,,,168.85058586762074,110.8055406976744,58.045045169946334,1.5238460532250675,-42.0,28.736851742040656,6.84,2.82,0.14,243.85,467.15,41.79,8.84,49.56,False
2019,2019 Hybrid strategy block,Surkhet,Kalyan,28.50360975600779,81.7382974550128,PCU_N60,PFP,60.0,,10620.46511627907,9708.663565891473,,911.8015503875977,1.093916278404264,,,,,177.00775193798452,80.90552971576227,96.10222222222225,2.1878325568085284,-60.0,0.4326386910664281,7.28,3.07,0.16,98.87,515.11,44.01,10.25,44.32,True
2019,2019 Hybrid strategy block,Surkhet,Kalyan,28.50360975600779,81.7382974550128,UDP_N78,PFP,78.0,,9670.558139534884,9708.663565891473,,-38.105426356589305,0.9960751110492219,,,,,123.98151460942158,80.90552971576227,43.07598489365931,1.5324232477680337,-42.0,0.4326386910664281,7.28,3.07,0.16,98.87,515.11,44.01,10.25,44.32,True
2019,2019 Hybrid strategy block,Surkhet,Kunathari,28.71351445093751,81.50715061463416,PCU_N60,PFP,60.0,,8264.961627906978,9023.533720930232,,-758.5720930232546,0.915934032444104,,,,,137.7493604651163,75.19611434108528,62.55324612403102,1.8318680648882077,-60.0,14.44421635516696,6.84,2.82,0.14,243.85,467.15,41.79,8.84,49.56,False
2019,2019 Hybrid strategy block,Surkhet,Kunathari,28.71351445093751,81.50715061463416,UDP_N78,PFP,78.0,,8348.720930232557,9023.533720930232,,-674.8127906976752,0.9252163496510867,,,,,107.03488372093022,75.19611434108528,31.838769379844948,1.4234097686939795,-42.0,14.44421635516696,6.84,2.82,0.14,243.85,467.15,41.79,8.84,49.56,False
2019,2019 Hybrid strategy block,Surkhet,Lekhpharsa,28.461716640740633,81.78090261295438,PCU_N60,PFP,60.0,,7270.273255813954,8108.1651162790695,,-837.8918604651153,0.8966607304551744,,,,,121.17122093023256,67.56804263565891,53.60317829457365,1.7933214609103487,-60.0,2.757211183468059,7.52,3.23,0.17,108.35,548.23,43.89,8.83,46.08,True
2019,2019 Hybrid strategy block,Surkhet,Lekhpharsa,28.461716640740633,81.78090261295438,UDP_N78,PFP,78.0,,9134.19418604651,8108.1651162790695,,1026.029069767441,1.1265426955486444,,,,,117.10505366726295,67.56804263565891,49.53701103160404,1.733142608536376,-42.0,2.757211183468059,7.52,3.23,0.17,108.35,548.23,43.89,8.83,46.08,True
2019,2019 Hybrid strategy block,Surkhet,Maintada-2,28.448751578107476,81.79672445170581,PCU_N60,PFP,60.0,,7319.700000000001,6320.560077519379,,999.1399224806219,1.158077751057902,,,,,121.99500000000002,52.67133397932816,69.32366602067185,2.316155502115804,-60.0,1.0194822800436434,6.9,2.57,0.15,75.48,297.21,45.96,11.53,42.41,True
2019,2019 Hybrid strategy block,Surkhet,Maintada-2,28.448751578107476,81.79672445170581,UDP_N78,PFP,78.0,,7083.2558139534885,6320.560077519379,,762.6957364341097,1.1206690114609976,,,,,90.81097197376268,52.67133397932816,38.139637994434516,1.7241061714784578,-42.0,1.0194822800436434,6.9,2.57,0.15,75.48,297.21,45.96,11.53,42.41,True
2019,2019 Hybrid strategy block,Surkhet,Ramghat,28.489423198625445,81.74335459480062,PCU_N60,PFP,60.0,,12902.64331395349,10920.992054263566,,1981.6512596899229,1.181453410994497,,,,,215.04405523255815,91.00826711886306,124.03578811369509,2.362906821988994,-60.0,1.2146898633061753,7.28,3.07,0.16,98.87,515.11,44.01,10.25,44.32,True
2019,2019 Hybrid strategy block,Surkhet,Ramghat,28.489423198625445,81.74335459480062,UDP_N78,PFP,78.0,,12107.787790697672,10920.992054263566,,1186.7957364341055,1.1086710557554869,,,,,155.2280485986881,91.00826711886306,64.21978147982504,1.7056477780853643,-42.0,1.2146898633061753,7.28,3.07,0.16,98.87,515.11,44.01,10.25,44.32,True
2019,2019 OPV strategy block,Dang,Dhikpur,28.02865554811433,82.37394119426608,PCU_N60,PFP,60.0,,6445.575581395349,9037.241085271318,,-2591.665503875969,0.7132238169345948,,,,,107.42625968992249,75.31034237726098,32.11591731266151,1.4264476338691896,-60.0,1.1267176948806004,6.66,1.95,0.1,157.67,536.2,47.99,21.62,32.52,True
2019,2019 OPV strategy block,Dang,Dhikpur,28.02865554811433,82.37394119426608,UDP_N78,PFP,78.0,,6126.809302325582,9037.241085271318,,-2910.431782945736,0.677951295590743,,,,,78.54883720930233,75.31034237726098,3.2384948320413542,1.0430019932165278,-42.0,1.1267176948806004,6.66,1.95,0.1,157.67,536.2,47.99,21.62,32.52,True
2019,2019 OPV strategy block,Dang,Laxmipur,27.98343256348744,82.49116440769285,PCU_N60,PFP,60.0,,8545.559883720929,9353.751937984496,,-808.1920542635671,0.913597018648571,,,,,142.42599806201548,77.94793281653747,64.478065245478,1.8271940372971418,-60.0,0.9470628181283532,6.8,2.25,0.11,147.0,447.18,44.78,21.69,32.35,True
2019,2019 OPV strategy block,Dang,Laxmipur,27.98343256348744,82.49116440769285,UDP_N78,PFP,78.0,,7684.680232558139,9353.751937984496,,-1669.0717054263569,0.8215612604982123,,,,,98.52154144305307,77.94793281653747,20.573608626515593,1.2639404007664805,-42.0,0.9470628181283532,6.8,2.25,0.11,147.0,447.18,44.78,21.69,32.35,True
2019,2019 OPV strategy block,Dang,Panchakule,28.134356210939586,82.11849813349545,PCU_N60,PFP,60.0,,8496.860465116279,7547.2,,949.6604651162788,1.1258295083098737,,,,,141.61434108527132,62.89333333333333,78.72100775193799,2.2516590166197474,-60.0,0.6410631428906708,6.89,2.62,0.14,179.24,493.14,44.23,20.15,34.78,True
2019,2019 OPV strategy block,Dang,Panchakule,28.134356210939586,82.11849813349545,UDP_N78,PFP,78.0,,8945.046511627907,7547.2,,1397.8465116279067,1.18521392193501,,,,,114.68008348240906,62.89333333333333,51.78675014907573,1.823406033746169,-42.0,0.6410631428906708,6.89,2.62,0.14,179.24,493.14,44.23,20.15,34.78,True
2019,2019 OPV strategy block,Dang,Purandhara,28.100233930163085,82.28381861466914,PCU_N60,PFP,60.0,,6257.5848837209305,6870.18449612403,,-612.5996124030999,0.9108321453741581,,,,,104.29308139534884,57.25153746770025,47.04154392764858,1.8216642907483163,-60.0,0.3759110745173525,6.48,2.0,0.11,203.36,691.24,46.88,19.26,35.51,True
2019,2019 OPV strategy block,Dang,Purandhara,28.100233930163085,82.28381861466914,UDP_N78,PFP,78.0,,5145.355813953489,6870.18449612403,,-1724.8286821705415,0.7489399763363499,,,,,65.96610017889088,57.25153746770025,8.71456271119063,1.152215348209769,-42.0,0.3759110745173525,6.48,2.0,0.11,203.36,691.24,46.88,19.26,35.51,True
2019,2019 OPV strategy block,Dang,Shantinagar,28.165795153472573,82.2276518587023,PCU_N60,PFP,60.0,,7596.753488372093,7350.188759689922,,246.56472868217043,1.033545360091211,,,,,126.61255813953488,61.25157299741602,65.36098514211886,2.067090720182422,-60.0,1.7407638875635112,6.66,3.19,0.13,301.32,548.99,47.48,17.03,35.4,True
2019,2019 OPV strategy block,Dang,Shantinagar,28.165795153472573,82.2276518587023,UDP_N78,PFP,78.0,,7311.700000000001,7350.188759689922,,-38.48875968992161,0.9947635685356814,,,,,93.7397435897436,61.25157299741602,32.48817059232758,1.5304054900548942,-42.0,1.7407638875635112,6.66,3.19,0.13,301.32,548.99,47.48,17.03,35.4,True
2019,2019 OPV strategy block,Dang,Shreegau,28.109947859775275,82.18633427284658,PCU_N60,PFP,60.0,,6615.650581395349,6583.031007751939,,32.61957364341015,1.0049550994982401,,,,,110.26084302325582,54.85859173126616,55.40225129198966,2.00991019899648,-60.0,1.263401558207998,6.92,2.47,0.13,175.85,494.39,41.98,22.36,36.36,True
2019,2019 OPV strategy block,Dang,Shreegau,28.109947859775275,82.18633427284658,UDP_N78,PFP,78.0,,7236.250000000001,6583.031007751939,,653.218992248062,1.0992276948838393,,,,,92.77243589743591,54.85859173126616,37.91384416616975,1.6911195305905218,-42.0,1.263401558207998,6.92,2.47,0.13,175.85,494.39,41.98,22.36,36.36,True
2019,2019 OPV strategy block,Doti,Chhatiwan,29.080029893666506,80.59022054076195,PCU_N60,PFP,60.0,,3589.5348837209303,3759.4608527131786,,-169.92596899224827,0.9548004419650723,,,,,59.82558139534884,31.328840439276487,28.496740956072355,1.9096008839301446,-60.0,84.55626366457903,7.41,2.05,0.11,91.89,198.13,39.31,17.09,42.23,False
2019,2019 OPV strategy block,Doti,Chhatiwan,29.080029893666506,80.59022054076195,UDP_N78,PFP,78.0,,3100.290697674419,3759.4608527131786,,-659.1701550387597,0.824663647032515,,,,,39.74731663685152,31.328840439276487,8.418476197575036,1.2687133031269462,-42.0,84.55626366457903,7.41,2.05,0.11,91.89,198.13,39.31,17.09,42.23,False
2019,2019 OPV strategy block,Doti,Dipayal,29.25588556099683,80.93194616958499,PCU_N60,PFP,60.0,,2337.846511627907,3217.735658914729,,-879.8891472868218,0.7265502077993601,,,,,38.964108527131785,26.814463824289408,12.149644702842377,1.4531004155987202,-60.0,82.65865155984442,7.46,2.24,0.12,114.35,236.46,35.6,20.43,43.83,False
2019,2019 OPV strategy block,Doti,Dipayal,29.25588556099683,80.93194616958499,UDP_N78,PFP,78.0,,3286.716279069768,3217.735658914729,,68.9806201550391,1.0214376280301114,,,,,42.137388193202156,26.814463824289408,15.322924368912748,1.5714425046617098,-42.0,82.65865155984442,7.46,2.24,0.12,114.35,236.46,35.6,20.43,43.83,False
2019,2019 OPV strategy block,Doti,Ghanteshwor,29.126945462388296,80.57688250206411,PCU_N60,PFP,60.0,,3022.3953488372085,3306.6636950904394,,-284.2683462532309,0.9140316728685479,,,,,50.37325581395348,27.555530792420328,22.81772502153315,1.828063345737096,-60.0,89.18757283841006,7.41,2.05,0.11,91.89,198.13,39.31,17.09,42.23,False
2019,2019 OPV strategy block,Doti,Ghanteshwor,29.126945462388296,80.57688250206411,UDP_N78,PFP,78.0,,2863.848837209303,3306.6636950904394,,-442.8148578811365,0.8660840960214355,,,,,36.7160107334526,27.555530792420328,9.160479941032271,1.3324370708022084,-42.0,89.18757283841006,7.41,2.05,0.11,91.89,198.13,39.31,17.09,42.23,False
2019,2019 OPV strategy block,Kavre,Bhakundebesi,27.562292995862663,85.64948370680213,PCU_N60,PFP,60.0,,4994.767441860464,5270.455426356589,,-275.68798449612495,0.9476918098733063,,,,,83.24612403100772,43.920461886304906,39.32566214470282,1.8953836197466125,-60.0,163.3778695439155,5.92,2.25,0.14,47.24,204.5,40.57,15.74,45.57,False
2019,2019 OPV strategy block,Kavre,Bhakundebesi,27.562292995862663,85.64948370680213,UDP_N78,PFP,78.0,,5175.000000000001,5270.455426356589,,-95.45542635658785,0.981888581036236,,,,,66.34615384615385,43.920461886304906,22.425691959848947,1.5105978169788246,-42.0,163.3778695439155,5.92,2.25,0.14,47.24,204.5,40.57,15.74,45.57,False
2019,2019 OPV strategy block,Nuwakot,Ramchandra Acharya,27.88459035102278,85.15062154270709,PCU_N60,PFP,60.0,,6073.982558139534,5593.428027131783,,480.5545310077514,1.085914135066501,,,,,101.2330426356589,46.61190022609819,54.62114240956071,2.1718282701330014,-60.0,111.06997233262294,5.92,2.25,0.14,47.24,204.5,40.57,15.74,45.57,False
2019,2019 OPV strategy block,Nuwakot,Ramchandra Acharya,27.88459035102278,85.15062154270709,UDP_N78,PFP,78.0,,4883.917819767442,5593.428027131783,,-709.5102073643411,0.8731528851497234,,,,,62.61433102265951,46.61190022609819,16.00243079656132,1.3433121309995746,-42.0,111.06997233262294,5.92,2.25,0.14,47.24,204.5,40.57,15.74,45.57,False
2019,2019 OPV strategy block,Palpa,Devinagar,27.808778015896678,83.69843718595803,PCU_N60,PFP,60.0,,8297.658915022093,8235.906976743025,,61.75193827906878,1.0074978916655382,,,,,138.29431525036821,68.6325581395252,69.66175711084301,2.0149957833310763,-60.0,0.9823854536039224,6.43,3.33,0.14,101.33,255.44,38.68,17.0,44.38,True
2019,2019 OPV strategy block,Palpa,Devinagar,27.808778015896678,83.69843718595803,UDP_N78,PFP,78.0,,8840.000000302325,8235.906976743025,,604.0930235593005,1.0733486943532957,,,,,113.3333333372093,68.6325581395252,44.700775197684095,1.6513056836204552,-42.0,0.9823854536039224,6.43,3.33,0.14,101.33,255.44,38.68,17.0,44.38,True
2019,2019 OPV strategy block,Salyan,Ajaya Gharti,28.21767536457628,82.38438283093274,PCU_N60,PFP,60.0,,10163.058139534884,11428.848837209303,,-1265.7906976744198,0.8892460023136065,,,,,169.3843023255814,95.2404069767442,74.14389534883719,1.778492004627213,-60.0,2.0006853049946205,6.76,2.78,0.13,174.62,516.86,48.04,15.2,37.52,True
2019,2019 OPV strategy block,Salyan,Ajaya Gharti,28.21767536457628,82.38438283093274,UDP_N78,PFP,78.0,,8139.53488372093,11428.848837209303,,-3289.313953488373,0.71219201510661,,,,,104.35301132975552,95.2404069767442,9.11260435301132,1.0956800232409385,-42.0,2.0006853049946205,6.76,2.78,0.13,174.62,516.86,48.04,15.2,37.52,True
2019,2019 OPV strategy block,Salyan,Prem buda,28.248726027086377,82.3309700191021,PCU_N60,PFP,60.0,,6475.887209302325,5745.3841085271315,,730.5031007751932,1.1271460857927673,,,,,107.93145348837207,47.87820090439276,60.05325258397931,2.2542921715855346,-60.0,3.2869324970645937,6.37,3.25,0.14,174.84,476.72,47.76,17.86,32.38,True
2019,2019 OPV strategy block,Salyan,Prem buda,28.248726027086377,82.3309700191021,UDP_N78,PFP,78.0,,6867.184883720931,5745.3841085271315,,1121.8007751937994,1.19525252863927,,,,,88.04083184257604,47.87820090439276,40.16263093818328,1.8388500440604152,-42.0,3.2869324970645937,6.37,3.25,0.14,174.84,476.72,47.76,17.86,32.38,True
2019,2019 OPV strategy block,Salyan,Tham kumari mahatara,28.258866486139596,82.33760355040431,PCU_N60,PFP,60.0,,9482.829069767442,11185.952325581397,,-1703.1232558139545,0.8477444560603888,,,,,158.0471511627907,93.21626937984497,64.83088178294572,1.6954889121207775,-60.0,2.9062299722664466,6.58,2.73,0.12,159.13,530.36,45.04,20.74,34.05,True
2019,2019 OPV strategy block,Salyan,Tham kumari mahatara,28.258866486139596,82.33760355040431,UDP_N78,PFP,78.0,,10325.077906976743,11185.952325581397,,-860.8744186046533,0.9230396846376772,,,,,132.37279367918902,93.21626937984497,39.15652429934404,1.4200610532887339,-42.0,2.9062299722664466,6.58,2.73,0.12,159.13,530.36,45.04,20.74,34.05,True
2019,2019 OPV strategy block,Surkhet,Babiyachaur,28.80525892134756,81.40047810040414,PCU_N60,PFP,60.0,,13302.167348837207,12948.0305,,354.13684883720634,1.0273506344333376,,,,,221.70278914728678,107.90025416666667,113.80253498062011,2.0547012688666753,-60.0,28.734001779194816,6.84,2.82,0.14,243.85,467.15,41.79,8.84,49.56,False
2019,2019 OPV strategy block,Surkhet,Babiyachaur,28.80525892134756,81.40047810040414,UDP_N78,PFP,78.0,,12896.431023255813,12948.0305,,-51.599476744187996,0.996014878344302,,,,,165.33885927251043,107.90025416666667,57.43860510584376,1.5323305820681572,-42.0,28.734001779194816,6.84,2.82,0.14,243.85,467.15,41.79,8.84,49.56,False
2019,2019 OPV strategy block,Surkhet,Kalyan,28.503700708970428,81.7384047433734,PCU_N60,PFP,60.0,,7981.068604651163,8283.848837209303,,-302.7802325581406,0.9634493291091798,,,,,133.01781007751939,69.03207364341087,63.98573643410852,1.9268986582183596,-60.0,0.4380505562983197,7.28,3.07,0.16,98.87,515.11,44.01,10.25,44.32,True
2019,2019 OPV strategy block,Surkhet,Kalyan,28.503700708970428,81.7384047433734,UDP_N78,PFP,78.0,,8305.186046511628,8283.848837209303,,21.33720930232448,1.0025757603405898,,,,,106.47674418604652,69.03207364341087,37.44467054263565,1.5424242466778304,-42.0,0.4380505562983197,7.28,3.07,0.16,98.87,515.11,44.01,10.25,44.32,True
2019,2019 OPV strategy block,Surkhet,Kunathari,28.71347039937973,81.50713114999235,PCU_N60,PFP,60.0,,7404.406976744186,7897.401162790698,,-492.99418604651237,0.9375751369489373,,,,,123.40678294573644,65.81167635658916,57.59510658914728,1.8751502738978745,-60.0,14.4409336046891,6.84,2.82,0.14,243.85,467.15,41.79,8.84,49.56,False
2019,2019 OPV strategy block,Surkhet,Kunathari,28.71347039937973,81.50713114999235,UDP_N78,PFP,78.0,,8099.723255813954,7897.401162790698,,202.32209302325555,1.0256188192612672,,,,,103.84260584376864,65.81167635658916,38.03092948717948,1.5778751065557954,-42.0,14.4409336046891,6.84,2.82,0.14,243.85,467.15,41.79,8.84,49.56,False
2019,2019 OPV strategy block,Surkhet,Lekhpharsa,28.461388740688562,81.78057322278619,PCU_N60,PFP,60.0,,6695.805813953489,8278.001162790699,,-1582.19534883721,0.8088674647752989,,,,,111.59676356589148,68.98334302325583,42.61342054263565,1.6177349295505976,-60.0,2.805784385993304,7.52,3.23,0.17,108.35,548.23,43.89,8.83,46.08,True
2019,2019 OPV strategy block,Surkhet,Lekhpharsa,28.461388740688562,81.78057322278619,UDP_N78,PFP,78.0,,9829.131395348835,8278.001162790699,,1551.1302325581364,1.1873798036572414,,,,,126.0145050685748,68.98334302325583,57.03116204531898,1.8267381594726788,-42.0,2.805784385993304,7.52,3.23,0.17,108.35,548.23,43.89,8.83,46.08,True
2019,2019 OPV strategy block,Surkhet,Maintada-2,28.44899411778897,81.79674027487636,PCU_N60,PFP,60.0,,6690.197674418604,6924.394186046512,,-234.19651162790797,0.9661780503340145,,,,,111.5032945736434,57.70328488372093,53.80000968992247,1.932356100668029,-60.0,1.044479848263095,6.9,2.57,0.15,75.48,297.21,45.96,11.53,42.41,True
2019,2019 OPV strategy block,Surkhet,Maintada-2,28.44899411778897,81.79674027487636,UDP_N78,PFP,78.0,,6312.465116279071,6924.394186046512,,-611.9290697674414,0.9116270603137309,,,,,80.92903995229578,57.70328488372093,23.22575506857485,1.402503169713432,-42.0,1.044479848263095,6.9,2.57,0.15,75.48,297.21,45.96,11.53,42.41,True
2019,2019 OPV strategy block,Surkhet,Ramghat,28.489462226862088,81.74340890487656,PCU_N60,PFP,60.0,,11092.230232558139,10655.59777131783,,436.63246124030775,1.0409768152487524,,,,,184.87050387596898,88.79664809431526,96.07385578165372,2.081953630497505,-60.0,1.2120004020850546,7.28,3.07,0.16,98.87,515.11,44.01,10.25,44.32,True
2019,2019 OPV strategy block,Surkhet,Ramghat,28.489462226862088,81.74340890487656,UDP_N78,PFP,78.0,,12993.015406976745,10655.59777131783,,2337.417635658914,1.2193605357318056,,,,,166.57712060226595,88.79664809431526,77.78047250795069,1.8759392857412394,-42.0,1.2120004020850546,7.28,3.07,0.16,98.87,515.11,44.01,10.25,44.32,True
2019,2019 T1-T10 core trial,Dang,Dhikpur,28.04033401014749,82.37347643240355,GR,AE,120.0,7228.9151162790695,8407.544476744186,8407.544476744186,1178.6293604651164,0.0,1.0,9.821911337209304,9.821911337209304,0.0,1.0,70.06287063953488,70.06287063953488,0.0,1.0,0.0,0.6417331358498405,6.59,1.89,0.1,141.98,485.06,41.38,23.68,37.57,True
2019,2019 T1-T10 core trial,Dang,Dhikpur,28.04033401014749,82.37347643240355,N60,AE,60.0,7228.9151162790695,5285.989534883721,8407.544476744186,-1942.9255813953487,-3121.554941860465,0.6287197825126125,-32.38209302325581,9.821911337209304,-42.20400436046512,-3.2969237770025037,88.09982558139535,70.06287063953488,18.036954941860472,1.257439565025225,-60.0,0.6417331358498405,6.59,1.89,0.1,141.98,485.06,41.38,23.68,37.57,True
2019,2019 T1-T10 core trial,Dang,Dhikpur,28.04033401014749,82.37347643240355,N180,AE,180.0,7228.9151162790695,7693.74011627907,8407.544476744186,464.8250000000007,-713.8043604651157,0.9150995439346714,2.582361111111115,9.821911337209304,-7.2395502260981885,0.26291838955296865,42.74300064599483,70.06287063953488,-27.319869993540046,0.6100663626231143,60.0,0.6417331358498405,6.59,1.89,0.1,141.98,485.06,41.38,23.68,37.57,True
2019,2019 T1-T10 core trial,Dang,Dhikpur,28.04033401014749,82.37347643240355,N210,AE,210.0,7228.9151162790695,7440.38023255814,8407.544476744186,211.46511627907057,-967.1642441860458,0.8849647186688949,1.0069767441860504,9.821911337209304,-8.814934593023253,0.10252350175176417,35.430382059800664,70.06287063953488,-34.632488579734215,0.5056941249536543,90.0,0.6417331358498405,6.59,1.89,0.1,141.98,485.06,41.38,23.68,37.57,True
2019,2019 T1-T10 core trial,Dang,Dhikpur,28.04033401014749,82.37347643240355,TIMING_V6_V10,AE,120.0,7228.9151162790695,8877.800581395348,8407.544476744186,1648.8854651162783,470.2561046511619,1.055932633594972,13.74071220930232,9.821911337209304,3.9188008720930156,1.3989855678341383,73.9816715116279,70.06287063953488,3.9188008720930156,1.055932633594972,0.0,0.6417331358498405,6.59,1.89,0.1,141.98,485.06,41.38,23.68,37.57,True
2019,2019 T1-T10 core trial,Dang,Laxmipur,27.97845857567154,82.46625834144652,GR,AE,120.0,8489.5238372093,10351.222965116278,10351.222965116278,1861.699127906977,0.0,1.0,15.514159399224809,15.514159399224809,0.0,1.0,86.26019137596899,86.26019137596899,0.0,1.0,0.0,0.6378036054482601,6.76,1.98,0.1,133.29,310.75,45.4,23.83,32.89,True
2019,2019 T1-T10 core trial,Dang,Laxmipur,27.97845857567154,82.46625834144652,N60,AE,60.0,8489.5238372093,9290.697674418605,10351.222965116278,801.1738372093041,-1060.525290697673,0.8975458944057476,13.352897286821735,15.514159399224809,-2.161262112403074,0.8606909948011063,154.84496124031008,86.26019137596899,68.5847698643411,1.7950917888114952,-60.0,0.6378036054482601,6.76,1.98,0.1,133.29,310.75,45.4,23.83,32.89,True
2019,2019 T1-T10 core trial,Dang,Laxmipur,27.97845857567154,82.46625834144652,N180,AE,180.0,8489.5238372093,11123.950000000003,10351.222965116278,2634.4261627907017,772.7270348837246,1.0746507960931595,14.635700904392788,15.514159399224809,-0.8784584948320209,0.9433769840681208,61.799722222222236,86.26019137596899,-24.46046915374675,0.7164338640621063,60.0,0.6378036054482601,6.76,1.98,0.1,133.29,310.75,45.4,23.83,32.89,True
2019,2019 T1-T10 core trial,Dang,Laxmipur,27.97845857567154,82.46625834144652,N210,AE,210.0,8489.5238372093,10893.023255813954,10351.222965116278,2403.4994186046533,541.8002906976762,1.0523416694359256,11.445235326688826,15.514159399224809,-4.068924072535983,0.7377283571845153,51.87153931339978,86.26019137596899,-34.38865206256921,0.6013380968205287,90.0,0.6378036054482601,6.76,1.98,0.1,133.29,310.75,45.4,23.83,32.89,True
2019,2019 T1-T10 core trial,Dang,Laxmipur,27.97845857567154,82.46625834144652,TIMING_V6_V10,AE,120.0,8489.5238372093,10564.767441860466,10351.222965116278,2075.243604651165,213.5444767441877,1.0206298789489738,17.293696705426374,15.514159399224809,1.779537306201565,1.1147040751876303,88.03972868217055,86.26019137596899,1.7795373062015614,1.0206298789489738,0.0,0.6378036054482601,6.76,1.98,0.1,133.29,310.75,45.4,23.83,32.89,True
2019,2019 T1-T10 core trial,Dang,Panchakule,28.134311307803728,82.12079466786236,GR,AE,120.0,8839.681395348838,9419.736627906976,9419.736627906976,580.0552325581375,0.0,1.0,4.833793604651146,4.833793604651146,0.0,1.0,78.49780523255814,78.49780523255814,0.0,1.0,0.0,0.6336524569302807,6.89,2.62,0.14,179.24,493.14,44.23,20.15,34.78,True
2019,2019 T1-T10 core trial,Dang,Panchakule,28.134311307803728,82.12079466786236,N60,AE,60.0,8839.681395348838,9871.446511627906,9419.736627906976,1031.765116279068,451.7098837209305,1.0479535576804442,17.196085271317802,4.833793604651146,12.362291666666657,3.5574719728975355,164.52410852713177,78.49780523255814,86.02630329457364,2.0959071153608884,-60.0,0.6336524569302807,6.89,2.62,0.14,179.24,493.14,44.23,20.15,34.78,True
2019,2019 T1-T10 core trial,Dang,Panchakule,28.134311307803728,82.12079466786236,N180,AE,180.0,8839.681395348838,11043.708139534883,9419.736627906976,2204.026744186045,1623.9715116279076,1.1724009466269703,12.244593023255806,4.833793604651146,7.41079941860466,2.5331228481650276,61.35393410852713,78.49780523255814,-17.14387112403101,0.7816006310846468,60.0,0.6336524569302807,6.89,2.62,0.14,179.24,493.14,44.23,20.15,34.78,True
2019,2019 T1-T10 core trial,Dang,Panchakule,28.134311307803728,82.12079466786236,N210,AE,210.0,8839.681395348838,9035.831976744186,9419.736627906976,196.15058139534813,-383.9046511627894,0.9592446512755536,0.9340503875968958,4.833793604651146,-3.89974321705425,0.1932334029939009,43.02777131782946,78.49780523255814,-35.470033914728674,0.5481398007288878,90.0,0.6336524569302807,6.89,2.62,0.14,179.24,493.14,44.23,20.15,34.78,True
2019,2019 T1-T10 core trial,Dang,Panchakule,28.134311307803728,82.12079466786236,TIMING_V6_V10,AE,120.0,8839.681395348838,10202.556976744185,9419.736627906976,1362.8755813953467,782.8203488372092,1.0831042713570165,11.357296511627888,4.833793604651146,6.523502906976742,2.349561739810267,85.02130813953487,78.49780523255814,6.523502906976731,1.0831042713570165,0.0,0.6336524569302807,6.89,2.62,0.14,179.24,493.14,44.23,20.15,34.78,True
2019,2019 T1-T10 core trial,Dang,Shantinagar,28.165815136162564,82.22753203008324,GR,AE,120.0,7448.930232558139,8593.2,8593.2,1144.2697674418614,0.0,1.0,9.535581395348846,9.535581395348846,0.0,1.0,71.61,71.61,0.0,1.0,0.0,1.7337180851963694,6.66,3.19,0.13,301.32,548.99,47.48,17.03,35.4,True
2019,2019 T1-T10 core trial,Dang,Shantinagar,28.165815136162564,82.22753203008324,N60,AE,60.0,7448.930232558139,8899.102906976745,8593.2,1450.1726744186053,305.9029069767439,1.035598252918208,24.16954457364342,9.535581395348846,14.633963178294575,2.5346692111959275,148.31838178294575,71.61,76.70838178294575,2.071196505836416,-60.0,1.7337180851963694,6.66,3.19,0.13,301.32,548.99,47.48,17.03,35.4,True
2019,2019 T1-T10 core trial,Dang,Shantinagar,28.165815136162564,82.22753203008324,N180,AE,180.0,7448.930232558139,8792.31569767442,8593.2,1343.38546511628,199.1156976744187,1.0231713096022923,7.463252583979334,9.535581395348846,-2.0723288113695117,0.7826740997271201,48.84619832041344,71.61,-22.763801679586557,0.6821142064015283,60.0,1.7337180851963694,6.66,3.19,0.13,301.32,548.99,47.48,17.03,35.4,True
2019,2019 T1-T10 core trial,Dang,Shantinagar,28.165815136162564,82.22753203008324,N210,AE,210.0,7448.930232558139,8878.877906976744,8593.2,1429.947674418605,285.67790697674354,1.033244647742022,6.809274640088595,9.535581395348846,-2.726306755260251,0.7140911872882699,42.28037098560355,71.61,-29.329629014396453,0.5904255129954412,90.0,1.7337180851963694,6.66,3.19,0.13,301.32,548.99,47.48,17.03,35.4,True
2019,2019 T1-T10 core trial,Dang,Shantinagar,28.165815136162564,82.22753203008324,TIMING_V6_V10,AE,120.0,7448.930232558139,9205.56511627907,8593.2,1756.6348837209298,612.3651162790684,1.0712615924543905,14.638624031007748,9.535581395348846,5.103042635658902,1.535157996569355,76.71304263565891,71.61,5.103042635658909,1.0712615924543907,0.0,1.7337180851963694,6.66,3.19,0.13,301.32,548.99,47.48,17.03,35.4,True
2019,2019 T1-T10 core trial,Dang,Shreegau,28.10966245655436,82.18609408708289,GR,AE,120.0,6414.0453488372095,8765.757558139536,8765.757558139536,2351.7122093023263,0.0,1.0,19.597601744186054,19.597601744186054,0.0,1.0,73.0479796511628,73.0479796511628,0.0,1.0,0.0,1.2243381515878857,6.92,2.47,0.13,175.85,494.39,41.98,22.36,36.36,True
2019,2019 T1-T10 core trial,Dang,Shreegau,28.10966245655436,82.18609408708289,N60,AE,60.0,6414.0453488372095,8324.837209302324,8765.757558139536,1910.791860465115,-440.92034883721135,0.9496996870022044,31.846531007751917,19.597601744186054,12.248929263565863,1.6250218482575147,138.74728682170542,73.0479796511628,65.69930717054261,1.8993993740044086,-60.0,1.2243381515878857,6.92,2.47,0.13,175.85,494.39,41.98,22.36,36.36,True
2019,2019 T1-T10 core trial,Dang,Shreegau,28.10966245655436,82.18609408708289,N180,AE,180.0,6414.0453488372095,9308.744186046511,8765.757558139536,2894.698837209302,542.9866279069756,1.0619440618002012,16.081660206718343,19.597601744186054,-3.515941537467711,0.820593275475109,51.715245478036174,73.0479796511628,-21.33273417312663,0.7079627078668007,60.0,1.2243381515878857,6.92,2.47,0.13,175.85,494.39,41.98,22.36,36.36,True
2019,2019 T1-T10 core trial,Dang,Shreegau,28.10966245655436,82.18609408708289,N210,AE,210.0,6414.0453488372095,8750.770930232557,8765.757558139536,2336.725581395347,-14.986627906979265,0.9982903214231538,11.127264673311176,19.597601744186054,-8.470337070874878,0.5677870597922656,41.67033776301217,73.0479796511628,-31.377641888150634,0.5704516122418021,90.0,1.2243381515878857,6.92,2.47,0.13,175.85,494.39,41.98,22.36,36.36,True
2019,2019 T1-T10 core trial,Dang,Shreegau,28.10966245655436,82.18609408708289,TIMING_V6_V10,AE,120.0,6414.0453488372095,7316.173837209302,8765.757558139536,902.1284883720928,-1449.5837209302335,0.834631095907483,7.517737403100773,19.597601744186054,-12.079864341085282,0.38360496867077276,60.96811531007752,73.0479796511628,-12.079864341085283,0.8346310959074829,0.0,1.2243381515878857,6.92,2.47,0.13,175.85,494.39,41.98,22.36,36.36,True
2019,2019 T1-T10 core trial,Doti,Chhatiwan,29.080814963090234,80.59052071999758,GR,AE,120.0,8098.83569767442,9449.30603488372,9449.30603488372,1350.4703372093009,0.0,1.0,11.253919476744175,11.253919476744175,0.0,1.0,78.74421695736434,78.74421695736434,0.0,1.0,0.0,84.59669076203105,7.41,2.05,0.11,91.89,198.13,39.31,17.09,42.23,False
2019,2019 T1-T10 core trial,Doti,Chhatiwan,29.080814963090234,80.59052071999758,N60,AE,60.0,8098.83569767442,8806.548906976745,9449.30603488372,707.7132093023247,-642.7571279069762,0.9319783775089802,11.795220155038745,11.253919476744175,0.5413006782945704,1.048098858305602,146.77581511627906,78.74421695736434,68.03159815891472,1.86395675501796,-60.0,84.59669076203105,7.41,2.05,0.11,91.89,198.13,39.31,17.09,42.23,False
2019,2019 T1-T10 core trial,Doti,Chhatiwan,29.080814963090234,80.59052071999758,N180,AE,180.0,8098.83569767442,9462.227906976745,9449.30603488372,1363.3922093023248,12.921872093023921,1.001367494294853,7.574401162790693,11.253919476744175,-3.6795183139534817,0.6730456156579869,52.56793281653747,78.74421695736434,-26.176284140826873,0.667578329529902,60.0,84.59669076203105,7.41,2.05,0.11,91.89,198.13,39.31,17.09,42.23,False
2019,2019 T1-T10 core trial,Doti,Chhatiwan,29.080814963090234,80.59052071999758,N210,AE,210.0,8098.83569767442,9936.874418604652,9449.30603488372,1838.0387209302316,487.5683837209308,1.0515983271068785,8.752565337763007,11.253919476744175,-2.501354138981167,0.7777348465883263,47.3184496124031,78.74421695736434,-31.425767344961244,0.600913329775359,90.0,84.59669076203105,7.41,2.05,0.11,91.89,198.13,39.31,17.09,42.23,False
2019,2019 T1-T10 core trial,Doti,Chhatiwan,29.080814963090234,80.59052071999758,TIMING_V6_V10,AE,120.0,8098.83569767442,8616.932040697675,9449.30603488372,518.096343023255,-832.3739941860458,0.91191162704296,4.317469525193792,11.253919476744175,-6.936449951550383,0.3836414090322655,71.80776700581396,78.74421695736434,-6.936449951550387,0.9119116270429599,0.0,84.59669076203105,7.41,2.05,0.11,91.89,198.13,39.31,17.09,42.23,False
2019,2019 T1-T10 core trial,Doti,Dipayal,29.25470190937631,80.93252219259739,GR,AE,120.0,8590.455697674419,9477.555655038761,9477.555655038761,887.0999573643421,0.0,1.0,7.392499644702851,7.392499644702851,0.0,1.0,78.97963045865635,78.97963045865635,0.0,1.0,0.0,82.51618446914395,7.46,2.24,0.12,114.35,236.46,35.6,20.43,43.83,False
2019,2019 T1-T10 core trial,Doti,Dipayal,29.25470190937631,80.93252219259739,N60,AE,60.0,8590.455697674419,9877.944728682169,9477.555655038761,1287.4890310077499,400.38907364340776,1.0422460271631895,21.458150516795833,7.392499644702851,14.06565087209298,2.9026921269007873,164.6324121447028,78.97963045865635,85.65278168604647,2.084492054326379,-60.0,82.51618446914395,7.46,2.24,0.12,114.35,236.46,35.6,20.43,43.83,False
2019,2019 T1-T10 core trial,Doti,Dipayal,29.25470190937631,80.93252219259739,N180,AE,180.0,8590.455697674419,9054.323558139535,9477.555655038761,463.8678604651159,-423.23209689922624,0.9553437497700988,2.577043669250644,7.392499644702851,-4.815455975452207,0.3486024745496259,50.301797545219635,78.97963045865635,-28.67783291343671,0.6368958331800658,60.0,82.51618446914395,7.46,2.24,0.12,114.35,236.46,35.6,20.43,43.83,False
2019,2019 T1-T10 core trial,Doti,Dipayal,29.25470190937631,80.93252219259739,N210,AE,210.0,8590.455697674419,9457.85410852713,9477.555655038761,867.3984108527111,-19.701546511631022,0.9979212418023463,4.130468623108148,7.392499644702851,-3.2620310215947033,0.5587377506426889,45.037400516795856,78.97963045865635,-33.94222994186049,0.5702407096013407,90.0,82.51618446914395,7.46,2.24,0.12,114.35,236.46,35.6,20.43,43.83,False
2019,2019 T1-T10 core trial,Doti,Dipayal,29.25470190937631,80.93252219259739,TIMING_V6_V10,AE,120.0,8590.455697674419,9276.983201550387,9477.555655038761,686.5275038759683,-200.57245348837387,0.9788371115096813,5.721062532299736,7.392499644702851,-1.6714371124031153,0.7739009546519497,77.30819334625322,78.97963045865635,-1.671437112403126,0.9788371115096812,0.0,82.51618446914395,7.46,2.24,0.12,114.35,236.46,35.6,20.43,43.83,False
2019,2019 T1-T10 core trial,Doti,Ghanteshwor,29.124614037573338,80.58126156684011,GR,AE,120.0,8325.494186046513,9549.703372093023,9549.703372093023,1224.2091860465098,0.0,1.0,10.201743217054249,10.201743217054249,0.0,1.0,79.58086143410853,79.58086143410853,0.0,1.0,0.0,88.70511369742383,7.41,2.05,0.11,91.89,198.13,39.31,17.09,42.23,False
2019,2019 T1-T10 core trial,Doti,Ghanteshwor,29.124614037573338,80.58126156684011,N60,AE,60.0,8325.494186046513,9837.569767441859,9549.703372093023,1512.0755813953456,287.8663953488358,1.0301440143355725,25.201259689922427,10.201743217054249,14.999516472868178,2.470289552847546,163.95949612403098,79.58086143410853,84.37863468992245,2.0602880286711445,-60.0,88.70511369742383,7.41,2.05,0.11,91.89,198.13,39.31,17.09,42.23,False
2019,2019 T1-T10 core trial,Doti,Ghanteshwor,29.124614037573338,80.58126156684011,N180,AE,180.0,8325.494186046513,9470.133023255814,9549.703372093023,1144.6388372093006,-79.57034883720917,0.9916677674963459,6.359104651162781,10.201743217054249,-3.842638565891468,0.6233351022335348,52.61185012919896,79.58086143410853,-26.969011304909564,0.6611118449975638,60.0,88.70511369742383,7.41,2.05,0.11,91.89,198.13,39.31,17.09,42.23,False
2019,2019 T1-T10 core trial,Doti,Ghanteshwor,29.124614037573338,80.58126156684011,N210,AE,210.0,8325.494186046513,10136.03488372093,9549.703372093023,1810.5406976744162,586.3315116279064,1.0613978768535717,8.621622369878173,10.201743217054249,-1.580120847176076,0.8451126622620153,48.26683277962347,79.58086143410853,-31.314028654485057,0.6065130724877552,90.0,88.70511369742383,7.41,2.05,0.11,91.89,198.13,39.31,17.09,42.23,False
2019,2019 T1-T10 core trial,Doti,Ghanteshwor,29.124614037573338,80.58126156684011,TIMING_V6_V10,AE,120.0,8325.494186046513,10174.011355813953,9549.703372093023,1848.5171697674396,624.3079837209298,1.0653745943089015,15.404309748061996,10.201743217054249,5.202566531007747,1.5099683868057587,84.78342796511627,79.58086143410853,5.202566531007747,1.0653745943089015,0.0,88.70511369742383,7.41,2.05,0.11,91.89,198.13,39.31,17.09,42.23,False
2019,2019 T1-T10 core trial,Kavre,Bhakundebesi,27.557032972108573,85.66748967859894,GR,AE,120.0,4507.763058139535,9350.425738372094,9350.425738372094,4842.662680232559,0.0,1.0,40.355522335271324,40.355522335271324,0.0,1.0,77.92021448643412,77.92021448643412,0.0,1.0,0.0,165.22722105207674,5.92,2.25,0.14,47.24,204.5,40.57,15.74,45.57,False
2019,2019 T1-T10 core trial,Kavre,Bhakundebesi,27.557032972108573,85.66748967859894,N60,AE,60.0,4507.763058139535,8289.583226744186,9350.425738372094,3781.8201686046505,-1060.8425116279086,0.8865460738034159,63.03033614341084,40.355522335271324,22.67481380813952,1.5618763553537602,138.15972044573644,77.92021448643412,60.23950595930232,1.7730921476068318,-60.0,165.22722105207674,5.92,2.25,0.14,47.24,204.5,40.57,15.74,45.57,False
2019,2019 T1-T10 core trial,Kavre,Bhakundebesi,27.557032972108573,85.66748967859894,N180,AE,180.0,4507.763058139535,9536.075581395351,9350.425738372094,5028.312523255816,185.64984302325684,1.019854694130278,27.93506957364342,40.355522335271324,-12.420452761627903,0.6922242101480064,52.97819767441862,77.92021448643412,-24.942016812015503,0.6799031294201854,60.0,165.22722105207674,5.92,2.25,0.14,47.24,204.5,40.57,15.74,45.57,False
2019,2019 T1-T10 core trial,Kavre,Bhakundebesi,27.557032972108573,85.66748967859894,N210,AE,210.0,4507.763058139535,9142.32429651163,9350.425738372094,4634.5612383720945,-208.10144186046455,0.9777441746843182,22.069339230343306,40.355522335271324,-18.286183104928018,0.5468728430025641,43.53487760243633,77.92021448643412,-34.38533688399779,0.5587109569624675,90.0,165.22722105207674,5.92,2.25,0.14,47.24,204.5,40.57,15.74,45.57,False
2019,2019 T1-T10 core trial,Kavre,Bhakundebesi,27.557032972108573,85.66748967859894,TIMING_V6_V10,AE,120.0,4507.763058139535,8693.87438372093,9350.425738372094,4186.111325581394,-656.5513546511647,0.9297838009710272,34.88426104651162,40.355522335271324,-5.471261288759706,0.8644234798076758,72.44895319767441,77.92021448643412,-5.471261288759706,0.9297838009710272,0.0,165.22722105207674,5.92,2.25,0.14,47.24,204.5,40.57,15.74,45.57,False
2019,2019 T1-T10 core trial,Kavre,Rabiopi,27.650284889386967,85.5762115912512,GR,AE,120.0,3785.255218023256,7992.440270348838,7992.440270348838,4207.185052325582,0.0,1.0,35.05987543604651,35.05987543604651,0.0,1.0,66.60366891957365,66.60366891957365,0.0,1.0,0.0,154.58141876162753,5.92,2.25,0.14,47.24,204.5,40.57,15.74,45.57,False
2019,2019 T1-T10 core trial,Kavre,Rabiopi,27.650284889386967,85.5762115912512,N60,AE,60.0,3785.255218023256,7865.117854651164,7992.440270348838,4079.8626366279077,-127.32241569767393,0.9840696443900835,67.99771061046513,35.05987543604651,32.93783517441862,1.939473821990647,131.08529757751938,66.60366891957365,64.48162865794573,1.9681392887801668,-60.0,154.58141876162753,5.92,2.25,0.14,47.24,204.5,40.57,15.74,45.57,False
2019,2019 T1-T10 core trial,Kavre,Rabiopi,27.650284889386967,85.5762115912512,N180,AE,180.0,3785.255218023256,8474.903912790698,7992.440270348838,4689.648694767442,482.46364244186043,1.0603649981885699,26.053603859819123,35.05987543604651,-9.006271576227387,0.7431174108802547,47.08279951550388,66.60366891957365,-19.52086940406977,0.7069099987923799,60.0,154.58141876162753,5.92,2.25,0.14,47.24,204.5,40.57,15.74,45.57,False
2019,2019 T1-T10 core trial,Kavre,Rabiopi,27.650284889386967,85.5762115912512,N210,AE,210.0,3785.255218023256,7207.751151162791,7992.440270348838,3422.495933139535,-784.6891191860468,0.901821084344269,16.297599681616834,35.05987543604651,-18.762275754429677,0.4648504730527535,34.322624529346626,66.60366891957365,-32.281044390227024,0.5153263339110109,90.0,154.58141876162753,5.92,2.25,0.14,47.24,204.5,40.57,15.74,45.57,False
2019,2019 T1-T10 core trial,Kavre,Rabiopi,27.650284889386967,85.5762115912512,TIMING_V6_V10,AE,120.0,3785.255218023256,8408.525540697674,7992.440270348838,4623.270322674418,416.0852703488363,1.0520598535959627,38.52725268895348,35.05987543604651,3.467377252906971,1.098898732804453,70.07104617248062,66.60366891957365,3.467377252906971,1.0520598535959627,0.0,154.58141876162753,5.92,2.25,0.14,47.24,204.5,40.57,15.74,45.57,False
2019,2019 T1-T10 core trial,Nuwakot,Dip Acharya,27.8848481294699,85.15002764761448,GR,AE,120.0,8418.523918604651,5133.796860465116,5133.796860465116,-3284.727058139535,0.0,1.0,-27.372725484496126,-27.372725484496126,0.0,,42.78164050387597,42.78164050387597,0.0,1.0,0.0,111.01236560868772,5.92,2.25,0.14,47.24,204.5,40.57,15.74,45.57,False
2019,2019 T1-T10 core trial,Nuwakot,Dip Acharya,27.8848481294699,85.15002764761448,N60,AE,60.0,8418.523918604651,8727.906976744187,5133.796860465116,309.38305813953593,3594.110116279071,1.7000881051521484,5.156384302325599,-27.372725484496126,32.52910978682173,,145.46511627906978,42.78164050387597,102.68347577519381,3.4001762103042963,-60.0,111.01236560868772,5.92,2.25,0.14,47.24,204.5,40.57,15.74,45.57,False
2019,2019 T1-T10 core trial,Nuwakot,Dip Acharya,27.8848481294699,85.15002764761448,N180,AE,180.0,8418.523918604651,7848.375418604651,5133.796860465116,-570.1485000000002,2714.578558139535,1.5287662585647375,-3.167491666666668,-27.372725484496126,24.20523381782946,,43.602085658914724,42.78164050387597,0.8204451550387546,1.019177505709825,60.0,111.01236560868772,5.92,2.25,0.14,47.24,204.5,40.57,15.74,45.57,False
2019,2019 T1-T10 core trial,Nuwakot,Dip Acharya,27.8848481294699,85.15002764761448,N210,AE,210.0,8418.523918604651,7156.740976744185,5133.796860465116,-1261.782941860466,2022.944116279069,1.3940444414264948,-6.008490199335553,-27.372725484496126,21.364235285160575,,34.07971893687707,42.78164050387597,-8.701921566998898,0.7965968236722827,90.0,111.01236560868772,5.92,2.25,0.14,47.24,204.5,40.57,15.74,45.57,False
2019,2019 T1-T10 core trial,Nuwakot,Dip Acharya,27.8848481294699,85.15002764761448,TIMING_V6_V10,AE,120.0,8418.523918604651,8504.647953488371,5133.796860465116,86.12403488372001,3370.851093023255,1.6566000145003517,0.7177002906976668,-27.372725484496126,28.090425775193793,,70.87206627906976,42.78164050387597,28.090425775193786,1.6566000145003514,0.0,111.01236560868772,5.92,2.25,0.14,47.24,204.5,40.57,15.74,45.57,False
2019,2019 T1-T10 core trial,Nuwakot,Ramchandra Acharya,27.884351637912914,85.15040412778035,GR,AE,120.0,1773.7178720930233,9204.996941860467,9204.996941860467,7431.279069767444,0.0,1.0,61.927325581395365,61.927325581395365,0.0,1.0,76.70830784883722,76.70830784883722,0.0,1.0,0.0,111.04798395465932,5.92,2.25,0.14,47.24,204.5,40.57,15.74,45.57,False
2019,2019 T1-T10 core trial,Nuwakot,Ramchandra Acharya,27.884351637912914,85.15040412778035,N60,AE,60.0,1773.7178720930233,6116.282127906977,9204.996941860467,4342.564255813953,-3088.71481395349,0.6644523802167375,72.37607093023256,61.927325581395365,10.448745348837193,1.1687259259259255,101.93803546511627,76.70830784883722,25.22972761627905,1.328904760433475,-60.0,111.04798395465932,5.92,2.25,0.14,47.24,204.5,40.57,15.74,45.57,False
2019,2019 T1-T10 core trial,Nuwakot,Ramchandra Acharya,27.884351637912914,85.15040412778035,N180,AE,180.0,1773.7178720930233,7156.0465116279065,9204.996941860467,5382.328639534883,-2048.9504302325604,0.7774088961491348,29.901825775193796,61.927325581395365,-32.025499806201566,0.4828534979423867,39.75581395348837,76.70830784883722,-36.95249389534885,0.5182725974327566,60.0,111.04798395465932,5.92,2.25,0.14,47.24,204.5,40.57,15.74,45.57,False
2019,2019 T1-T10 core trial,Nuwakot,Ramchandra Acharya,27.884351637912914,85.15040412778035,N210,AE,210.0,1773.7178720930233,7156.0465116279065,9204.996941860467,5382.328639534883,-2048.9504302325604,0.7774088961491348,25.63013637873754,61.927325581395365,-36.297189202657826,0.41387442680776,34.07641196013289,76.70830784883722,-42.631895888704335,0.4442336549423627,90.0,111.04798395465932,5.92,2.25,0.14,47.24,204.5,40.57,15.74,45.57,False
2019,2019 T1-T10 core trial,Nuwakot,Ramchandra Acharya,27.884351637912914,85.15040412778035,TIMING_V6_V10,AE,120.0,1773.7178720930233,6880.813953488372,9204.996941860467,5107.096081395349,-2324.1829883720948,0.7475085539895526,42.559134011627904,61.927325581395365,-19.36819156976746,0.687243209876543,57.34011627906977,76.70830784883722,-19.368191569767454,0.7475085539895527,0.0,111.04798395465932,5.92,2.25,0.14,47.24,204.5,40.57,15.74,45.57,False
2019,2019 T1-T10 core trial,Palpa,Chidi pani,27.866839037742466,83.54841897147708,GR,AE,120.0,8864.534882232558,8063.711224540698,8063.711224540698,-800.8236576918598,0.0,1.0,-6.673530480765498,-6.673530480765498,0.0,,67.19759353783915,67.19759353783915,0.0,1.0,0.0,1.1203301977468112,6.64,3.04,0.12,115.52,281.23,42.6,13.39,42.82,True
2019,2019 T1-T10 core trial,Palpa,Chidi pani,27.866839037742466,83.54841897147708,N60,AE,60.0,8864.534882232558,9280.620170581395,8063.711224540698,416.0852883488369,1216.9089460406967,1.1509117715348258,6.934754805813949,-6.673530480765498,13.608285286579447,,154.67700284302325,67.19759353783915,87.47940930518409,2.3018235430696516,-60.0,1.1203301977468112,6.64,3.04,0.12,115.52,281.23,42.6,13.39,42.82,True
2019,2019 T1-T10 core trial,Palpa,Chidi pani,27.866839037742466,83.54841897147708,N180,AE,180.0,8864.534882232558,7442.13953488372,8063.711224540698,-1422.3953473488373,-621.5716896569775,0.9229174170119936,-7.902196374160207,-6.673530480765498,-1.2286658933947088,,41.34521963824289,67.19759353783915,-25.852373899596266,0.6152782780079956,60.0,1.1203301977468112,6.64,3.04,0.12,115.52,281.23,42.6,13.39,42.82,True
2019,2019 T1-T10 core trial,Palpa,Chidi pani,27.866839037742466,83.54841897147708,N210,AE,210.0,8864.534882232558,6519.027134901162,8063.711224540698,-2345.507747331396,-1544.684089639536,0.8084400536395052,-11.169084511101886,-6.673530480765498,-4.495554030336388,,31.0429863566722,67.19759353783915,-36.15460718116695,0.46196574493686005,90.0,1.1203301977468112,6.64,3.04,0.12,115.52,281.23,42.6,13.39,42.82,True
2019,2019 T1-T10 core trial,Palpa,Chidi pani,27.866839037742466,83.54841897147708,TIMING_V6_V10,AE,120.0,8864.534882232558,8030.01552069186,8063.711224540698,-834.5193615406979,-33.69570384883809,0.9958213156559612,-6.95432801283915,-6.673530480765498,-0.28079753207365155,,66.9167960057655,67.19759353783915,-0.2807975320736489,0.9958213156559612,0.0,1.1203301977468112,6.64,3.04,0.12,115.52,281.23,42.6,13.39,42.82,True
2019,2019 T1-T10 core trial,Palpa,Devinagar,27.809403144638054,83.69690785766579,GR,AE,120.0,7871.434107005814,8457.572676726744,8457.572676726744,586.1385697209298,0.0,1.0,4.884488081007748,4.884488081007748,0.0,1.0,70.4797723060562,70.4797723060562,0.0,1.0,0.0,1.0828757253988315,6.43,3.33,0.14,101.33,255.44,38.68,17.0,44.38,True
2019,2019 T1-T10 core trial,Palpa,Devinagar,27.809403144638054,83.69690785766579,N60,AE,60.0,7871.434107005814,8482.662790697676,8457.572676726744,611.2286836918611,25.09011397093127,1.0029665856777055,10.187144728197685,4.884488081007748,5.302656647189937,2.0856115439831138,141.37771317829458,70.4797723060562,70.89794087223838,2.005933171355411,-60.0,1.0828757253988315,6.43,3.33,0.14,101.33,255.44,38.68,17.0,44.38,True
2019,2019 T1-T10 core trial,Palpa,Devinagar,27.809403144638054,83.69690785766579,N180,AE,180.0,7871.434107005814,9424.279086593022,8457.572676726744,1552.8449795872075,966.7064098662777,1.1143006920326475,8.626916553262264,4.884488081007748,3.742428472254516,1.766186427356865,52.3571060366279,70.4797723060562,-18.122666269428308,0.7428671280217649,60.0,1.0828757253988315,6.43,3.33,0.14,101.33,255.44,38.68,17.0,44.38,True
2019,2019 T1-T10 core trial,Palpa,Devinagar,27.809403144638054,83.69690785766579,N210,AE,210.0,7871.434107005814,9484.06006357558,8457.572676726744,1612.6259565697655,1026.4873868488357,1.1213690293993557,7.679171221760789,4.884488081007748,2.7946831407530404,1.5721547671739742,45.16219077893133,70.4797723060562,-25.317581527124872,0.6407823025139175,90.0,1.0828757253988315,6.43,3.33,0.14,101.33,255.44,38.68,17.0,44.38,True
2019,2019 T1-T10 core trial,Palpa,Devinagar,27.809403144638054,83.69690785766579,TIMING_V6_V10,AE,120.0,7871.434107005814,8959.788758127906,8457.572676726744,1088.354651122092,502.2160814011622,1.059380640355967,9.069622092684101,4.884488081007748,4.185134011676353,1.856821419618019,74.66490631773256,70.4797723060562,4.185134011676354,1.059380640355967,0.0,1.0828757253988315,6.43,3.33,0.14,101.33,255.44,38.68,17.0,44.38,True
2019,2019 T1-T10 core trial,Palpa,Khasyauli,27.884717979468405,83.47846439341083,GR,AE,120.0,5131.782948837209,5551.990301656977,5551.990301656977,420.20735281976795,0.0,1.0,3.501727940164733,3.501727940164733,0.0,1.0,46.26658584714148,46.26658584714148,0.0,1.0,0.0,2.1783324879664883,6.5,3.23,0.13,119.55,284.22,43.65,13.48,43.43,True
2019,2019 T1-T10 core trial,Palpa,Khasyauli,27.884717979468405,83.47846439341083,N60,AE,60.0,5131.782948837209,4266.97658916279,5551.990301656977,-864.8063596744187,-1285.0137124941866,0.7685489990660327,-14.413439327906978,3.501727940164733,-17.915167268071713,-4.116093418504957,71.1162764860465,46.26658584714148,24.849690638905024,1.5370979981320652,-60.0,2.1783324879664883,6.5,3.23,0.13,119.55,284.22,43.65,13.48,43.43,True
2019,2019 T1-T10 core trial,Palpa,Khasyauli,27.884717979468405,83.47846439341083,N180,AE,180.0,5131.782948837209,7156.220913156976,5551.990301656977,2024.4379643197672,1604.2306114999992,1.2889469405271152,11.246877579554262,3.501727940164733,7.745149639389529,3.211807933606964,39.75678285087209,46.26658584714148,-6.509802996269386,0.8592979603514102,60.0,2.1783324879664883,6.5,3.23,0.13,119.55,284.22,43.65,13.48,43.43,True
2019,2019 T1-T10 core trial,Palpa,Khasyauli,27.884717979468405,83.47846439341083,N210,AE,210.0,5131.782948837209,7791.069767441861,5551.990301656977,2659.2868186046517,2239.0794657848837,1.4032931154646715,12.663270564784055,3.501727940164733,9.161542624619322,3.616291951049839,37.100332225913625,46.26658584714148,-9.166253621227852,0.8018817802655266,90.0,2.1783324879664883,6.5,3.23,0.13,119.55,284.22,43.65,13.48,43.43,True
2019,2019 T1-T10 core trial,Palpa,Khasyauli,27.884717979468405,83.47846439341083,TIMING_V6_V10,AE,120.0,5131.782948837209,5878.178135831395,5551.990301656977,746.3951869941857,326.18783417441773,1.058751513682772,6.219959891618214,3.501727940164733,2.718231951453481,1.7762544657668655,48.98481779859495,46.26658584714148,2.7182319514534754,1.0587515136827719,0.0,2.1783324879664883,6.5,3.23,0.13,119.55,284.22,43.65,13.48,43.43,True
2019,2019 T1-T10 core trial,Salyan,Jhuplal gharti,28.217921949690208,82.38481038948521,GR,AE,120.0,9426.744186046511,10307.508720930233,10307.508720930233,880.7645348837214,0.0,1.0,7.339704457364345,7.339704457364345,0.0,1.0,85.89590600775195,85.89590600775195,0.0,1.0,0.0,2.036641536076904,6.76,2.78,0.13,174.62,516.86,48.04,15.2,37.52,True
2019,2019 T1-T10 core trial,Salyan,Jhuplal gharti,28.217921949690208,82.38481038948521,N60,AE,60.0,9426.744186046511,10255.813953488372,10307.508720930233,829.0697674418607,-51.69476744186068,0.9949847466694944,13.817829457364345,7.339704457364345,6.478125,1.8826138760260474,170.93023255813952,85.89590600775195,85.03432655038758,1.9899694933389884,-60.0,2.036641536076904,6.76,2.78,0.13,174.62,516.86,48.04,15.2,37.52,True
2019,2019 T1-T10 core trial,Salyan,Jhuplal gharti,28.217921949690208,82.38481038948521,N180,AE,180.0,9426.744186046511,9851.162790697672,10307.508720930233,424.4186046511604,-456.34593023256093,0.9557268451002215,2.3578811369508914,7.339704457364345,-4.981823320413453,0.32125014714796785,54.72868217054262,85.89590600775195,-31.167223837209328,0.6371512300668143,60.0,2.036641536076904,6.76,2.78,0.13,174.62,516.86,48.04,15.2,37.52,True
2019,2019 T1-T10 core trial,Salyan,Jhuplal gharti,28.217921949690208,82.38481038948521,N210,AE,210.0,9426.744186046511,9053.222093023256,10307.508720930233,-373.52209302325537,-1254.2866279069767,0.8783133090772899,-1.7786766334440731,7.339704457364345,-9.118381090808418,-0.24233627440672018,43.11058139534884,85.89590600775195,-42.78532461240311,0.501893319472737,90.0,2.036641536076904,6.76,2.78,0.13,174.62,516.86,48.04,15.2,37.52,True
2019,2019 T1-T10 core trial,Salyan,Jhuplal gharti,28.217921949690208,82.38481038948521,TIMING_V6_V10,AE,120.0,9426.744186046511,9776.043023255814,10307.508720930233,349.2988372093023,-531.4656976744191,0.9484389766660847,2.9108236434108523,7.339704457364345,-4.4288808139534925,0.3965859470663368,81.46702519379845,85.89590600775195,-4.428880813953498,0.9484389766660847,0.0,2.036641536076904,6.76,2.78,0.13,174.62,516.86,48.04,15.2,37.52,True
2019,2019 T1-T10 core trial,Salyan,Sharadha sharma,28.229145981604233,82.35285275615752,GR,AE,120.0,11232.558139534884,11046.173255813954,11046.173255813954,-186.3848837209298,0.0,1.0,-1.5532073643410815,-1.5532073643410815,0.0,,92.05144379844961,92.05144379844961,0.0,1.0,0.0,2.9236230605635143,6.58,3.54,0.15,214.11,521.78,45.0,19.67,33.65,True
2019,2019 T1-T10 core trial,Salyan,Sharadha sharma,28.229145981604233,82.35285275615752,N60,AE,60.0,11232.558139534884,12262.294186046513,11046.173255813954,1029.736046511629,1216.1209302325587,1.1100943197312676,17.162267441860482,-1.5532073643410815,18.715474806201563,,204.37156976744188,92.05144379844961,112.32012596899227,2.220188639462535,-60.0,2.9236230605635143,6.58,3.54,0.15,214.11,521.78,45.0,19.67,33.65,True
2019,2019 T1-T10 core trial,Salyan,Sharadha sharma,28.229145981604233,82.35285275615752,N180,AE,180.0,11232.558139534884,11203.761627906975,11046.173255813954,-28.79651162790833,157.58837209302146,1.0142663317371088,-0.15998062015504627,-1.5532073643410815,1.3932267441860353,,62.24312015503875,92.05144379844961,-29.80832364341086,0.6761775544914059,60.0,2.9236230605635143,6.58,3.54,0.15,214.11,521.78,45.0,19.67,33.65,True
2019,2019 T1-T10 core trial,Salyan,Sharadha sharma,28.229145981604233,82.35285275615752,N210,AE,210.0,11232.558139534884,12767.441860465116,11046.173255813954,1534.8837209302328,1721.2686046511626,1.1558248784252234,7.308970099667775,-1.5532073643410815,8.862177464008857,,60.79734219269103,92.05144379844961,-31.254101605758578,0.6604713591001277,90.0,2.9236230605635143,6.58,3.54,0.15,214.11,521.78,45.0,19.67,33.65,True
2019,2019 T1-T10 core trial,Salyan,Sharadha sharma,28.229145981604233,82.35285275615752,TIMING_V6_V10,AE,120.0,11232.558139534884,16053.488372093025,11046.173255813954,4820.930232558141,5007.315116279071,1.4533076750035185,40.17441860465117,-1.5532073643410815,41.72762596899226,,133.77906976744188,92.05144379844961,41.72762596899227,1.4533076750035188,0.0,2.9236230605635143,6.58,3.54,0.15,214.11,521.78,45.0,19.67,33.65,True
2019,2019 T1-T10 core trial,Surkhet,Babiyachaur,28.805158342584036,81.39993236283772,GR,AE,120.0,10220.610465116279,13059.505218023256,13059.505218023256,2838.8947529069774,0.0,1.0,23.65745627422481,23.65745627422481,0.0,1.0,108.8292101501938,108.8292101501938,0.0,1.0,0.0,28.75815009535805,6.84,2.82,0.14,243.85,467.15,41.79,8.84,49.56,False
2019,2019 T1-T10 core trial,Surkhet,Babiyachaur,28.805158342584036,81.39993236283772,N60,AE,60.0,10220.610465116279,12913.462860465115,13059.505218023256,2692.8523953488366,-146.0423575581408,0.9888171599827082,44.880873255813945,23.65745627422481,21.223416981589136,1.8971132287249497,215.22438100775193,108.8292101501938,106.39517085755813,1.9776343199654165,-60.0,28.75815009535805,6.84,2.82,0.14,243.85,467.15,41.79,8.84,49.56,False
2019,2019 T1-T10 core trial,Surkhet,Babiyachaur,28.805158342584036,81.39993236283772,N180,AE,180.0,10220.610465116279,13244.179813953491,13059.505218023256,3023.5693488372126,184.67459593023523,1.014141010156753,16.79760749354007,23.65745627422481,-6.8598487806847395,0.7100343882635152,73.57877674418606,108.8292101501938,-35.250433406007744,0.6760940067711686,60.0,28.75815009535805,6.84,2.82,0.14,243.85,467.15,41.79,8.84,49.56,False
2019,2019 T1-T10 core trial,Surkhet,Babiyachaur,28.805158342584036,81.39993236283772,N210,AE,210.0,10220.610465116279,13342.120534883721,13059.505218023256,3121.5100697674425,282.6153168604651,1.0216405837849378,14.86433366555925,23.65745627422481,-8.79312260866556,0.6283149588552421,63.5339073089701,108.8292101501938,-45.2953028412237,0.5837946193056788,90.0,28.75815009535805,6.84,2.82,0.14,243.85,467.15,41.79,8.84,49.56,False
2019,2019 T1-T10 core trial,Surkhet,Babiyachaur,28.805158342584036,81.39993236283772,TIMING_V6_V10,AE,120.0,10220.610465116279,13182.175552325582,13059.505218023256,2961.565087209303,122.6703343023255,1.009393183911212,24.679709060077524,23.65745627422481,1.0222527858527144,1.0432105960168878,109.85146293604652,108.8292101501938,1.0222527858527144,1.009393183911212,0.0,28.75815009535805,6.84,2.82,0.14,243.85,467.15,41.79,8.84,49.56,False
2019,2019 T1-T10 core trial,Surkhet,Kalyan,28.501465301960707,81.7419900780078,GR,AE,120.0,8047.8488372093025,9498.902616279069,9498.902616279069,1451.0537790697663,0.0,1.0,12.092114825581385,12.092114825581385,0.0,1.0,79.15752180232558,79.15752180232558,0.0,1.0,0.0,0.25383769149900315,7.28,3.07,0.16,98.87,515.11,44.01,10.25,44.32,True
2019,2019 T1-T10 core trial,Surkhet,Kalyan,28.501465301960707,81.7419900780078,N60,AE,60.0,8047.8488372093025,9589.17906976744,9498.902616279069,1541.330232558138,90.27645348837177,1.0095038824099172,25.6888372093023,12.092114825581385,13.596722383720914,2.124428818270603,159.81965116279068,79.15752180232558,80.6621293604651,2.0190077648198343,-60.0,0.25383769149900315,7.28,3.07,0.16,98.87,515.11,44.01,10.25,44.32,True
2019,2019 T1-T10 core trial,Surkhet,Kalyan,28.501465301960707,81.7419900780078,N180,AE,180.0,8047.8488372093025,8535.422093023255,9498.902616279069,487.5732558139525,-963.4805232558138,0.8985692808762334,2.708740310077514,12.092114825581385,-9.38337451550387,0.22400881476473067,47.419011627906976,79.15752180232558,-31.7385101744186,0.5990461872508223,60.0,0.25383769149900315,7.28,3.07,0.16,98.87,515.11,44.01,10.25,44.32,True
2019,2019 T1-T10 core trial,Surkhet,Kalyan,28.501465301960707,81.7419900780078,N210,AE,210.0,8047.8488372093025,9840.89534883721,9498.902616279069,1793.0465116279074,341.99273255814114,1.0360033939048958,8.538316722037655,12.092114825581385,-3.5537981035437305,0.7061061563833715,46.86140642303433,79.15752180232558,-32.296115379291244,0.5920019393742262,90.0,0.25383769149900315,7.28,3.07,0.16,98.87,515.11,44.01,10.25,44.32,True
2019,2019 T1-T10 core trial,Surkhet,Kalyan,28.501465301960707,81.7419900780078,TIMING_V6_V10,AE,120.0,8047.8488372093025,8707.461627906978,9498.902616279069,659.6127906976753,-791.4409883720909,0.9166807977359688,5.496773255813961,12.092114825581385,-6.595341569767424,0.4545750131470223,72.56218023255815,79.15752180232558,-6.595341569767427,0.9166807977359688,0.0,0.25383769149900315,7.28,3.07,0.16,98.87,515.11,44.01,10.25,44.32,True
2019,2019 T1-T10 core trial,Surkhet,Kunathari,28.71430942963343,81.50841855676845,GR,AE,120.0,7542.087209302326,8936.191279069766,8936.191279069766,1394.1040697674398,0.0,1.0,11.617533914728664,11.617533914728664,0.0,1.0,74.46826065891472,74.46826065891472,0.0,1.0,0.0,14.459674095875503,6.84,2.82,0.14,243.85,467.15,41.79,8.84,49.56,False
2019,2019 T1-T10 core trial,Surkhet,Kunathari,28.71430942963343,81.50841855676845,N60,AE,60.0,7542.087209302326,8979.744186046511,8936.191279069766,1437.6569767441852,43.55290697674536,1.0048737661959803,23.960949612403088,11.617533914728664,12.343415697674423,2.0624815721024485,149.66240310077518,74.46826065891472,75.19414244186046,2.0097475323919607,-60.0,14.459674095875503,6.84,2.82,0.14,243.85,467.15,41.79,8.84,49.56,False
2019,2019 T1-T10 core trial,Surkhet,Kunathari,28.71430942963343,81.50841855676845,N180,AE,180.0,7542.087209302326,8977.187209302327,8936.191279069766,1435.1000000000004,40.99593023256057,1.004587628996772,7.97277777777778,11.617533914728664,-3.6447561369508845,0.6862710998992586,49.873262273901815,74.46826065891472,-24.5949983850129,0.669725085997848,60.0,14.459674095875503,6.84,2.82,0.14,243.85,467.15,41.79,8.84,49.56,False
2019,2019 T1-T10 core trial,Surkhet,Kunathari,28.71430942963343,81.50841855676845,N210,AE,210.0,7542.087209302326,8471.407558139534,8936.191279069766,929.3203488372073,-464.78372093023245,0.9479886109847667,4.425334994462892,11.617533914728664,-7.192198920265772,0.38091862067667126,40.34003599114064,74.46826065891472,-34.12822466777408,0.541707777705581,90.0,14.459674095875503,6.84,2.82,0.14,243.85,467.15,41.79,8.84,49.56,False
2019,2019 T1-T10 core trial,Surkhet,Kunathari,28.71430942963343,81.50841855676845,TIMING_V6_V10,AE,120.0,7542.087209302326,9364.738372093023,8936.191279069766,1822.6511627906966,428.5470930232568,1.0479563473565068,15.188759689922472,11.617533914728664,3.571225775193808,1.3073996427646508,78.03948643410853,74.46826065891472,3.5712257751938097,1.0479563473565068,0.0,14.459674095875503,6.84,2.82,0.14,243.85,467.15,41.79,8.84,49.56,False
2019,2019 T1-T10 core trial,Surkhet,Lekhpharsa,28.465010437066667,81.79036450688727,GR,AE,120.0,7445.424418604651,11207.337209302326,11207.337209302326,3761.9127906976755,0.0,1.0,31.349273255813962,31.349273255813962,0.0,1.0,93.39447674418605,93.39447674418605,0.0,1.0,0.0,1.9081225505880528,7.52,3.23,0.17,108.35,548.23,43.89,8.83,46.08,True
2019,2019 T1-T10 core trial,Surkhet,Lekhpharsa,28.465010437066667,81.79036450688727,N60,AE,60.0,7445.424418604651,9108.270930232557,11207.337209302326,1662.8465116279058,-2099.0662790697697,0.8127060656899392,27.714108527131764,31.349273255813962,-3.6351647286821986,0.8840430941087916,151.80451550387593,93.39447674418605,58.41003875968988,1.6254121313798784,-60.0,1.9081225505880528,7.52,3.23,0.17,108.35,548.23,43.89,8.83,46.08,True
2019,2019 T1-T10 core trial,Surkhet,Lekhpharsa,28.465010437066667,81.79036450688727,N180,AE,180.0,7445.424418604651,10575.775000000001,11207.337209302326,3130.3505813953507,-631.5622093023248,0.9436474340418601,17.390836563307502,31.349273255813962,-13.95843669250646,0.5547444886966315,58.75430555555556,93.39447674418605,-34.64017118863049,0.62909828936124,60.0,1.9081225505880528,7.52,3.23,0.17,108.35,548.23,43.89,8.83,46.08,True
2019,2019 T1-T10 core trial,Surkhet,Lekhpharsa,28.465010437066667,81.79036450688727,N210,AE,210.0,7445.424418604651,10862.630813953489,11207.337209302326,3417.2063953488378,-344.70639534883776,0.9692427925642565,16.272411406423036,31.349273255813962,-15.076861849390927,0.5190682180616482,51.726813399778514,93.39447674418605,-41.667663344407536,0.5538530243224323,90.0,1.9081225505880528,7.52,3.23,0.17,108.35,548.23,43.89,8.83,46.08,True
2019,2019 T1-T10 core trial,Surkhet,Lekhpharsa,28.465010437066667,81.79036450688727,TIMING_V6_V10,AE,120.0,7445.424418604651,10911.485465116279,11207.337209302326,3466.061046511628,-295.85174418604765,0.9736019592646428,28.883842054263564,31.349273255813962,-2.4654312015503983,0.9213560333143236,90.92904554263565,93.39447674418605,-2.465431201550402,0.9736019592646428,0.0,1.9081225505880528,7.52,3.23,0.17,108.35,548.23,43.89,8.83,46.08,True
2019,2019 T1-T10 core trial,Surkhet,Maintada-2,28.447840344160795,81.79641483002342,GR,AE,120.0,5256.697093023256,7551.529941860465,7551.529941860465,2294.83284883721,0.0,1.0,19.123607073643416,19.123607073643416,0.0,1.0,62.92941618217055,62.92941618217055,0.0,1.0,0.0,0.9354625451342595,6.9,2.57,0.15,75.48,297.21,45.96,11.53,42.41,True
2019,2019 T1-T10 core trial,Surkhet,Maintada-2,28.447840344160795,81.79641483002342,N60,AE,60.0,5256.697093023256,8191.59011627907,7551.529941860465,2934.893023255814,640.0601744186042,1.084759006366452,48.914883720930234,19.123607073643416,29.791276647286818,2.5578272724681645,136.5265019379845,62.92941618217055,73.59708575581396,2.169518012732904,-60.0,0.9354625451342595,6.9,2.57,0.15,75.48,297.21,45.96,11.53,42.41,True
2019,2019 T1-T10 core trial,Surkhet,Maintada-2,28.447840344160795,81.79641483002342,N180,AE,180.0,5256.697093023256,7385.834302325582,7551.529941860465,2129.1372093023265,-165.6956395348834,0.9780580040322185,11.828540051679592,19.123607073643416,-7.295067021963824,0.6185308036359914,41.03241279069768,62.92941618217055,-21.89700339147287,0.6520386693548123,60.0,0.9354625451342595,6.9,2.57,0.15,75.48,297.21,45.96,11.53,42.41,True
2019,2019 T1-T10 core trial,Surkhet,Maintada-2,28.447840344160795,81.79641483002342,N210,AE,210.0,5256.697093023256,7484.170930232558,7551.529941860465,2227.4738372093025,-67.35901162790742,0.9910800841489729,10.60701827242525,19.123607073643416,-8.516588801218166,0.5546557316085039,35.63890919158361,62.92941618217055,-27.29050699058694,0.5663314766565558,90.0,0.9354625451342595,6.9,2.57,0.15,75.48,297.21,45.96,11.53,42.41,True
2019,2019 T1-T10 core trial,Surkhet,Maintada-2,28.447840344160795,81.79641483002342,TIMING_V6_V10,AE,120.0,5256.697093023256,8599.33430232558,7551.529941860465,3342.6372093023247,1047.8043604651148,1.138753917223689,27.855310077519373,19.123607073643416,8.731703003875957,1.456592889105643,71.6611191860465,62.92941618217055,8.731703003875957,1.138753917223689,0.0,0.9354625451342595,6.9,2.57,0.15,75.48,297.21,45.96,11.53,42.41,True
2019,2019 T1-T10 core trial,Surkhet,Ramghat,28.48994235601276,81.74421341344714,GR,AE,120.0,8400.393488372094,10351.103488372093,10351.103488372093,1950.7099999999991,0.0,1.0,16.25591666666666,16.25591666666666,0.0,1.0,86.25919573643411,86.25919573643411,0.0,1.0,0.0,1.1862806368355192,7.28,3.07,0.16,98.87,515.11,44.01,10.25,44.32,True
2019,2019 T1-T10 core trial,Surkhet,Ramghat,28.48994235601276,81.74421341344714,N60,AE,60.0,8400.393488372094,11470.442325581394,10351.103488372093,3070.0488372093005,1119.3388372093013,1.1081371506397082,51.16748062015501,16.25591666666666,34.911563953488354,3.1476219809293045,191.17403875968992,86.25919573643411,104.91484302325581,2.2162743012794164,-60.0,1.1862806368355192,7.28,3.07,0.16,98.87,515.11,44.01,10.25,44.32,True
2019,2019 T1-T10 core trial,Surkhet,Ramghat,28.48994235601276,81.74421341344714,N180,AE,180.0,8400.393488372094,11614.503953488373,10351.103488372093,3214.1104651162786,1263.4004651162795,1.1220546646582676,17.856169250645994,16.25591666666666,1.6002525839793336,1.0984412393833631,64.52502196382429,86.25919573643411,-21.73417377260982,0.7480364431055117,60.0,1.1862806368355192,7.28,3.07,0.16,98.87,515.11,44.01,10.25,44.32,True
2019,2019 T1-T10 core trial,Surkhet,Ramghat,28.48994235601276,81.74421341344714,N210,AE,210.0,8400.393488372094,10164.633953488372,10351.103488372093,1764.2404651162778,-186.46953488372128,0.9819855404698454,8.401145071982276,16.25591666666666,-7.854771594684385,0.5168053727298643,48.4030188261351,86.25919573643411,-37.856176910299006,0.5611345945541973,90.0,1.1862806368355192,7.28,3.07,0.16,98.87,515.11,44.01,10.25,44.32,True
2019,2019 T1-T10 core trial,Surkhet,Ramghat,28.48994235601276,81.74421341344714,TIMING_V6_V10,AE,120.0,8400.393488372094,9457.562325581395,10351.103488372093,1057.1688372093013,-893.5411627906979,0.9136767240522272,8.80974031007751,16.25591666666666,-7.446176356589151,0.5419405432941348,78.81301937984496,86.25919573643411,-7.446176356589149,0.9136767240522272,0.0,1.1862806368355192,7.28,3.07,0.16,98.87,515.11,44.01,10.25,44.32,True
