province,district,palika,lat,lon,ph,om_pct,n_total_pct,p_olsen_mg_kg,k_exch_mg_kg,sand_pct,clay_pct,silt_pct,maize_urea_total,maize_dap,maize_mop,dsm_source,dsm_imputed,dsm_imputation_n_neighbors,dsm_imputation_method,predicted_AE_N,INS_kg_ha,IPS_kg_ha,IKS_kg_ha,base_yield_kg_ha,yield_gap_kg_ha,N_demand_kg_ha
Province 5,Kapilbastu,Krishnanagar Nagarpalika,27.5,82.8,7.8,2.39,0.12,26.01,183.86,17.54,13.82,70.91,9.45,3.62,3.34,direct_overlay,False,0,direct_overlay,15.916853724054175,47.85,13.005,55.158,1914.0,6086.0,300.0
Province 5,Kapilbastu,Krishnanagar Nagarpalika,27.5,82.86,8.04,2.13,0.11,22.52,176.55,15.29,15.26,71.21,9.45,3.62,3.34,direct_overlay,False,0,direct_overlay,13.371289041550602,42.95,11.26,52.965,1718.0,6282.0,300.0
Province 5,Kapilbastu,Krishnanagar Nagarpalika,27.5,82.88,7.93,2.34,0.11,24.37,191.5,15.05,16.56,70.2,9.45,3.62,3.34,direct_overlay,False,0,direct_overlay,16.008037057422506,46.099999999999994,12.185,57.449999999999996,1843.9999999999998,6156.0,300.0
Province 5,Kapilbastu,Maharajgunj Nagarpalika,27.5,82.94,7.45,2.49,0.13,37.24,211.16,19.05,16.33,65.01,9.45,3.62,3.34,direct_overlay,False,0,direct_overlay,11.59122574788589,50.35,18.62,63.348,2014.0,5986.0,300.0
Province 5,Kapilbastu,Maharajgunj Nagarpalika,27.5,82.96,7.66,1.93,0.1,33.79,185.32,21.38,14.25,66.26,9.45,3.62,3.34,direct_overlay,False,0,direct_overlay,16.34387692033748,38.95,16.895,55.596,1558.0,6442.0,300.0
Province 5,Kapilbastu,Yashodhara Gaunpalika,27.5,82.98,7.45,1.99,0.11,34.05,188.18,20.01,15.05,65.41,9.45,3.62,3.34,direct_overlay,False,0,direct_overlay,12.976915610839498,40.85,17.025,56.454,1634.0,6366.0,300.0
Province 5,Kapilbastu,Yashodhara Gaunpalika,27.5,83.0,7.36,1.78,0.1,38.47,170.76,21.22,14.71,65.86,9.45,3.62,3.34,direct_overlay,False,0,direct_overlay,13.245248944172834,36.7,19.235,51.227999999999994,1468.0,6532.0,300.0
Province 5,Kapilbastu,Kapilbastu Nagarpalika,27.5,83.02,7.2,1.76,0.09,43.36,161.98,23.27,13.46,65.71,9.45,3.62,3.34,direct_overlay,False,0,direct_overlay,13.103248944172833,35.4,21.68,48.593999999999994,1416.0,6584.0,300.0
Province 5,Kapilbastu,Yashodhara Gaunpalika,27.5,83.04,7.0,1.82,0.1,34.34,157.59,20.43,14.18,66.0,9.45,3.62,3.34,direct_overlay,False,0,direct_overlay,13.503815610839501,37.3,17.17,47.277,1492.0,6508.0,300.0
Province 5,Kapilbastu,Yashodhara Gaunpalika,27.5,83.06,6.95,1.73,0.09,30.3,157.43,21.4,13.08,66.49,9.45,3.62,3.34,direct_overlay,False,0,direct_overlay,11.370620805644695,34.95,15.15,47.229,1398.0,6602.0,300.0
Province 5,Kapilbastu,Mayadevi Gaunpalika,27.5,83.08,7.13,1.64,0.09,29.02,164.27,21.13,14.11,65.88,9.45,3.62,3.34,direct_overlay,False,0,direct_overlay,12.670498944172833,33.599999999999994,14.51,49.281,1343.9999999999998,6656.0,300.0
Province 5,Kapilbastu,Mayadevi Gaunpalika,27.5,83.1,6.9,1.65,0.08,23.4,151.87,21.12,12.14,67.61,9.45,3.62,3.34,direct_overlay,False,0,direct_overlay,11.495391638994697,32.75,11.7,45.561,1310.0,6690.0,300.0
Province 5,Kapilbastu,Mayadevi Gaunpalika,27.5,83.14,7.12,1.67,0.09,23.68,186.21,21.69,13.0,65.64,9.45,3.62,3.34,direct_overlay,False,0,direct_overlay,12.052498944172834,34.05,11.84,55.863,1362.0,6638.0,300.0
Province 5,Kapilbastu,Mayadevi Gaunpalika,27.5,83.16,6.88,1.73,0.09,21.49,152.15,20.62,13.73,65.59,9.45,3.62,3.34,direct_overlay,False,0,direct_overlay,10.805898583422472,34.95,10.745,45.645,1398.0,6602.0,300.0
Province 5,Kapilbastu,Suddhodhan Gaunpalika,27.5,83.18,6.91,1.58,0.08,19.76,137.09,22.16,13.05,65.29,9.45,3.62,3.34,direct_overlay,False,0,direct_overlay,11.495391638994697,31.700000000000003,9.88,41.127,1268.0,6732.0,300.0
Province 5,Kapilbastu,Suddhodhan Gaunpalika,27.5,83.22,6.45,1.76,0.09,24.66,141.96,26.16,11.68,62.74,9.45,3.62,3.34,direct_overlay,False,0,direct_overlay,9.245822601097478,35.4,12.33,42.588,1416.0,6584.0,300.0
Province 5,Kapilbastu,Suddhodhan Gaunpalika,27.5,83.2,6.58,1.61,0.08,21.04,128.7,25.17,11.31,64.62,9.45,3.62,3.34,direct_overlay,False,0,direct_overlay,8.667093434447477,32.150000000000006,10.52,38.60999999999999,1286.0000000000002,6714.0,300.0
Province 5,Rupandehi,Lumbini sanskritik Nagarpalika,27.5,83.24,6.45,1.96,0.09,35.62,154.06,26.98,12.48,61.14,11.36,4.34,3.34,direct_overlay,False,0,direct_overlay,9.245822601097478,38.4,17.81,46.217999999999996,1536.0,6464.0,300.0
Province 5,Rupandehi,Lumbini sanskritik development area Development area,27.5,83.28,6.84,1.58,0.09,45.32,136.02,30.11,16.05,56.59,11.36,4.34,3.34,direct_overlay,False,0,direct_overlay,9.596572240345687,32.7,22.66,40.806000000000004,1308.0,6692.0,300.0
Province 5,Rupandehi,Lumbini sanskritik Nagarpalika,27.5,83.26,6.49,1.79,0.09,37.7,152.31,27.06,16.38,59.07,11.36,4.34,3.34,direct_overlay,False,0,direct_overlay,8.751322601097478,35.85,18.85,45.693,1434.0,6566.0,300.0
Province 5,Rupandehi,Lumbini sanskritik Nagarpalika,27.5,83.3,6.72,1.55,0.09,37.92,130.93,27.09,16.71,57.21,11.36,4.34,3.34,direct_overlay,False,0,direct_overlay,9.728572240345684,32.25,18.96,39.279,1290.0,6710.0,300.0
Province 5,Rupandehi,Lumbini sanskritik Nagarpalika,27.5,83.32,6.44,1.47,0.08,45.93,121.53,30.41,16.07,56.68,11.36,4.34,3.34,direct_overlay,False,0,direct_overlay,9.119593434447477,30.05,22.965,36.458999999999996,1202.0,6798.0,300.0
Province 5,Rupandehi,Mayadevi Gaunpalika,27.5,83.34,6.81,1.64,0.09,49.11,144.29,30.24,17.07,55.11,11.36,4.34,3.34,direct_overlay,False,0,direct_overlay,9.596572240345687,33.599999999999994,24.555,43.287,1343.9999999999998,6656.0,300.0
Province 5,Rupandehi,Mayadevi Gaunpalika,27.5,83.36,6.85,1.62,0.09,48.38,119.14,29.89,16.06,54.78,11.36,4.34,3.34,direct_overlay,False,0,direct_overlay,9.596572240345687,33.3,24.19,35.742,1332.0,6668.0,300.0
Province 5,Rupandehi,Siddharthanagar Nagarpalika,27.5,83.4,6.99,1.77,0.09,54.84,112.46,28.57,17.85,53.3,11.36,4.34,3.34,direct_overlay,False,0,direct_overlay,13.503815610839501,35.55,27.42,33.738,1422.0,6578.0,300.0
Province 5,Rupandehi,Siddharthanagar Nagarpalika,27.5,83.42,6.91,1.95,0.1,68.88,122.91,29.87,18.24,51.31,11.7,3.47,3.34,direct_overlay,False,0,direct_overlay,11.988543622995838,39.25,34.44,36.873,1570.0,6430.0,300.0
Province 5,Rupandehi,Siddharthanagar Nagarpalika,27.5,83.44,6.87,1.88,0.1,70.17,113.58,30.32,19.07,49.97,11.7,3.47,3.34,direct_overlay,False,0,direct_overlay,11.342083231635373,38.2,35.085,34.074,1528.0,6472.0,300.0
Province 5,Rupandehi,Omsatiya Gaunpalika,27.5,83.48,7.04,1.95,0.1,80.64,114.63,28.62,19.82,51.27,11.7,3.47,3.34,direct_overlay,False,0,direct_overlay,31.495922960966315,39.25,40.32,34.388999999999996,1570.0,6430.0,204.15340766387
Province 5,Rupandehi,Rohini Gaunpalika,27.5,83.5,7.3,1.99,0.1,84.11,116.5,29.67,20.06,50.49,11.78,3.25,3.34,direct_overlay,False,0,direct_overlay,25.050549261783363,39.85,42.055,34.949999999999996,1594.0,6406.0,255.72293577501992
Province 5,Rupandehi,Rohini Gaunpalika,27.5,83.52,7.33,1.96,0.1,85.79,110.29,28.98,19.35,50.84,11.7,3.47,3.34,direct_overlay,False,0,direct_overlay,22.947861860839357,39.4,42.895,33.087,1576.0,6424.0,279.93893457074483
Province 5,Rupandehi,Rohini Gaunpalika,27.5,83.54,7.18,1.76,0.09,73.12,108.9,30.59,18.04,50.92,11.7,3.47,3.34,direct_overlay,False,0,direct_overlay,13.658810650447307,35.4,36.56,32.67,1416.0,6584.0,300.0
Province 5,Rupandehi,Rohini Gaunpalika,27.5,83.58,7.64,1.8,0.09,66.62,110.22,27.34,19.83,53.56,11.7,3.47,3.34,direct_overlay,False,0,direct_overlay,16.34387692033748,36.0,33.31,33.065999999999995,1440.0,6560.0,300.0
Province 5,Rupandehi,Rohini Gaunpalika,27.5,83.56,7.44,1.89,0.1,72.38,112.9,27.59,19.66,52.0,11.7,3.47,3.34,direct_overlay,False,0,direct_overlay,13.800810650447309,38.349999999999994,36.19,33.87,1533.9999999999998,6466.0,300.0
Province 5,Nawalparasi_w,Ramgram Nagarpalika,27.5,83.6,7.8,1.63,0.09,61.63,113.28,24.64,20.55,56.58,9.81,2.71,3.34,direct_overlay,False,0,direct_overlay,16.38412692033748,33.45,30.815,33.984,1338.0,6662.0,300.0
Province 5,Nawalparasi_w,Ramgram Nagarpalika,27.5,83.62,7.82,1.7,0.09,59.98,103.8,25.15,18.85,56.57,9.74,2.89,3.34,direct_overlay,False,0,direct_overlay,15.979876920337476,34.5,29.99,31.139999999999997,1380.0,6620.0,300.0
Province 5,Nawalparasi_w,Ramgram Nagarpalika,27.5,83.64,7.43,1.57,0.09,65.64,106.08,27.25,20.47,52.6,9.81,2.71,3.34,direct_overlay,False,0,direct_overlay,12.641582277492832,32.55,32.82,31.823999999999998,1302.0,6698.0,300.0
Province 5,Nawalparasi_w,Palhi nandan Gaunpalika,27.5,83.66,7.35,1.72,0.09,72.9,104.49,30.02,18.86,52.77,9.74,2.89,3.34,direct_overlay,False,0,direct_overlay,12.963810650447307,34.8,36.45,31.346999999999998,1392.0,6608.0,300.0
Province 5,Nawalparasi_w,Ramgram Nagarpalika,27.5,83.68,7.58,1.58,0.09,60.28,128.37,27.93,20.7,55.1,9.81,2.71,3.34,direct_overlay,False,0,direct_overlay,16.38412692033748,32.7,30.14,38.511,1308.0,6692.0,300.0
Province 5,Nawalparasi_w,Ramgram Nagarpalika,27.5,83.7,7.4,1.35,0.08,34.47,92.31,27.7,20.93,52.07,9.45,3.62,3.34,direct_overlay,False,0,direct_overlay,12.533019777522833,28.25,17.235,27.693,1130.0,6870.0,300.0
Province 5,Nawalparasi_w,Sarawal Gaunpalika,27.5,83.72,6.97,1.34,0.08,36.59,81.57,25.27,38.17,37.59,9.45,3.62,3.34,direct_overlay,False,0,direct_overlay,11.495391638994697,28.1,18.295,24.470999999999997,1124.0,6876.0,300.0
Province 5,Nawalparasi_w,Bardaghat Nagarpalika,27.5,83.74,6.96,1.46,0.08,34.13,84.06,28.21,42.2,28.38,9.45,3.62,3.34,direct_overlay,False,0,direct_overlay,11.495391638994697,29.9,17.065,25.218,1196.0,6804.0,300.0
Province 5,Nawalparasi_w,Bardaghat Nagarpalika,27.5,83.76,6.6,1.76,0.09,54.14,102.46,36.92,41.1,23.29,9.45,3.62,3.34,direct_overlay,False,0,direct_overlay,8.751322601097478,35.4,27.07,30.737999999999996,1416.0,6584.0,300.0
Province 5,Nawalparasi_w,Bardaghat Nagarpalika,27.5,83.78,6.75,1.83,0.08,45.99,105.21,39.42,37.48,25.17,9.45,3.62,3.34,direct_overlay,False,0,direct_overlay,10.064843073695686,35.45,22.995,31.562999999999995,1418.0,6582.0,300.0
Province 5,Nawalparasi_w,Bardaghat Nagarpalika,27.5,83.8,6.64,2.86,0.09,77.76,113.64,49.0,19.23,29.66,9.74,2.89,3.34,direct_overlay,False,0,direct_overlay,12.589159350606518,51.9,38.88,34.092,2076.0,5924.0,300.0
Province 5,Nawalparasi_w,Bardaghat Nagarpalika,27.5,83.82,6.59,3.15,0.11,77.55,130.29,52.48,19.63,27.52,9.74,2.89,3.34,direct_overlay,False,0,direct_overlay,13.586461864835064,58.25,38.775,39.086999999999996,2330.0,5670.0,300.0
Province 5,Kapilbastu,Krishnanagar Nagarpalika,27.52,82.76,7.91,1.93,0.09,22.53,165.13,20.76,12.74,69.65,9.45,3.62,3.34,direct_overlay,False,0,direct_overlay,16.34387692033748,37.95,11.265,49.538999999999994,1518.0,6482.0,300.0
Province 5,Kapilbastu,Krishnanagar Nagarpalika,27.52,82.78,7.82,2.47,0.13,22.98,180.14,15.81,14.5,70.63,9.45,3.62,3.34,direct_overlay,False,0,direct_overlay,15.58952039072084,50.050000000000004,11.49,54.041999999999994,2002.0000000000002,5998.0,300.0
Province 5,Kapilbastu,Krishnanagar Nagarpalika,27.52,82.8,7.73,2.17,0.11,20.24,172.19,16.79,13.66,70.43,9.45,3.62,3.34,direct_overlay,False,0,direct_overlay,13.371289041550602,43.55,10.12,51.657,1742.0,6258.0,300.0
Province 5,Kapilbastu,Krishnanagar Nagarpalika,27.52,82.86,7.86,1.92,0.1,20.87,167.73,14.61,15.81,70.74,9.45,3.62,3.34,direct_overlay,False,0,direct_overlay,16.34387692033748,38.8,10.435,50.318999999999996,1552.0,6448.0,300.0
Province 5,Kapilbastu,Krishnanagar Nagarpalika,27.52,82.82,8.03,1.82,0.09,25.13,161.88,24.64,11.36,69.03,9.45,3.62,3.34,direct_overlay,False,0,direct_overlay,16.34387692033748,36.3,12.565,48.564,1452.0,6548.0,300.0
Province 5,Kapilbastu,Krishnanagar Nagarpalika,27.52,82.84,8.03,1.84,0.09,19.0,167.46,15.49,14.38,70.61,9.45,3.62,3.34,direct_overlay,False,0,direct_overlay,16.34387692033748,36.6,9.5,50.238,1464.0,6536.0,300.0
Province 5,Kapilbastu,Krishnanagar Nagarpalika,27.52,82.88,7.94,1.81,0.09,18.77,162.69,17.32,14.84,69.58,9.45,3.62,3.34,direct_overlay,False,0,direct_overlay,16.34387692033748,36.150000000000006,9.385,48.806999999999995,1446.0000000000002,6554.0,300.0
Province 5,Kapilbastu,Maharajgunj Nagarpalika,27.52,82.9,7.82,1.93,0.09,21.28,184.75,17.92,14.64,67.96,9.45,3.62,3.34,direct_overlay,False,0,direct_overlay,16.34387692033748,37.95,10.64,55.425,1518.0,6482.0,300.0
Province 5,Kapilbastu,Maharajgunj Nagarpalika,27.52,82.92,7.87,2.29,0.12,27.61,197.37,17.03,15.29,67.45,9.45,3.62,3.34,direct_overlay,False,0,direct_overlay,16.01618705738751,46.35,13.805,59.211,1854.0,6146.0,300.0
Province 5,Kapilbastu,Maharajgunj Nagarpalika,27.52,82.94,7.56,2.57,0.13,37.03,212.78,18.2,16.17,65.1,9.45,3.62,3.34,direct_overlay,False,0,direct_overlay,15.238853724054172,51.55,18.515,63.833999999999996,2062.0,5938.0,300.0
Province 5,Kapilbastu,Maharajgunj Nagarpalika,27.52,82.96,7.49,2.05,0.1,34.96,191.93,20.23,16.19,65.02,9.45,3.62,3.34,direct_overlay,False,0,direct_overlay,12.4471140415296,40.75,17.48,57.579,1630.0,6370.0,300.0
Province 5,Kapilbastu,Maharajgunj Nagarpalika,27.52,82.98,7.45,1.94,0.11,40.97,196.17,19.14,15.95,65.95,9.45,3.62,3.34,direct_overlay,False,0,direct_overlay,12.607248944172834,40.099999999999994,20.485,58.85099999999999,1603.9999999999998,6396.0,300.0
Province 5,Kapilbastu,Kapilbastu Nagarpalika,27.52,83.0,7.22,1.91,0.1,42.05,158.74,21.64,14.45,65.05,9.45,3.62,3.34,direct_overlay,False,0,direct_overlay,13.103248944172833,38.65,21.025,47.622,1546.0,6454.0,300.0
Province 5,Kapilbastu,Kapilbastu Nagarpalika,27.52,83.04,7.18,1.73,0.09,37.74,151.8,21.94,13.93,66.43,9.45,3.62,3.34,direct_overlay,False,0,direct_overlay,12.266248944172833,34.95,18.87,45.54,1398.0,6602.0,300.0
Province 5,Kapilbastu,Kapilbastu Nagarpalika,27.52,83.02,7.19,1.81,0.1,39.98,155.83,21.25,14.19,64.45,9.45,3.62,3.34,direct_overlay,False,0,direct_overlay,13.103248944172833,37.150000000000006,19.99,46.749,1486.0000000000002,6514.0,300.0
Province 5,Kapilbastu,Kapilbastu Nagarpalika,27.52,83.06,6.79,1.67,0.09,27.23,130.99,20.77,13.51,67.7,9.45,3.62,3.34,direct_overlay,False,0,direct_overlay,8.978572240345686,34.05,13.615,39.297000000000004,1362.0,6638.0,300.0
Province 5,Kapilbastu,Kapilbastu Nagarpalika,27.52,83.08,6.82,1.7,0.09,25.15,131.85,20.11,13.86,67.71,9.45,3.62,3.34,direct_overlay,False,0,direct_overlay,9.192322240345685,34.5,12.575,39.555,1380.0,6620.0,300.0
Province 5,Kapilbastu,Kapilbastu Nagarpalika,27.52,83.1,6.67,1.61,0.08,24.34,129.82,21.6,11.76,67.58,9.45,3.62,3.34,direct_overlay,False,0,direct_overlay,9.241843073692353,32.150000000000006,12.17,38.946,1286.0000000000002,6714.0,300.0
Province 5,Kapilbastu,Mayadevi Gaunpalika,27.52,83.12,7.16,1.67,0.08,23.77,156.19,21.35,13.07,68.03,9.45,3.62,3.34,direct_overlay,False,0,direct_overlay,12.088019777522835,33.05,11.885,46.857,1322.0,6678.0,300.0
Province 5,Kapilbastu,Mayadevi Gaunpalika,27.52,83.16,7.19,1.63,0.08,23.14,146.05,21.65,12.68,67.65,9.45,3.62,3.34,direct_overlay,False,0,direct_overlay,12.391019777522834,32.45,11.57,43.815000000000005,1298.0,6702.0,300.0
Province 5,Kapilbastu,Mayadevi Gaunpalika,27.52,83.14,7.22,1.66,0.08,23.34,164.69,21.47,12.85,67.13,9.45,3.62,3.34,direct_overlay,False,0,direct_overlay,12.137019777522834,32.9,11.67,49.407,1316.0,6684.0,300.0
Province 5,Kapilbastu,Suddhodhan Gaunpalika,27.52,83.18,6.74,1.59,0.08,22.46,126.36,22.59,12.55,65.78,9.45,3.62,3.34,direct_overlay,False,0,direct_overlay,10.499093073695688,31.85,11.23,37.908,1274.0,6726.0,300.0
Province 5,Kapilbastu,Suddhodhan Gaunpalika,27.52,83.2,6.68,2.07,0.11,33.92,190.75,25.02,13.82,62.95,9.45,3.62,3.34,direct_overlay,False,0,direct_overlay,7.994450739655182,42.05,16.96,57.225,1682.0,6318.0,300.0
Province 5,Kapilbastu,Suddhodhan Gaunpalika,27.52,83.22,6.29,1.66,0.08,31.19,140.71,29.0,10.5,62.75,9.45,3.62,3.34,direct_overlay,False,0,direct_overlay,9.058593434447477,32.9,15.595,42.213,1316.0,6684.0,300.0
Province 5,Rupandehi,Lumbini sanskritik Nagarpalika,27.52,83.24,6.42,1.55,0.08,31.29,127.73,29.23,12.14,61.51,11.36,4.34,3.34,direct_overlay,False,0,direct_overlay,9.119593434447477,31.25,15.645,38.319,1250.0,6750.0,300.0
Province 5,Rupandehi,Lumbini sanskritik Nagarpalika,27.52,83.26,6.43,1.74,0.09,32.31,130.8,28.22,14.82,59.0,11.36,4.34,3.34,direct_overlay,False,0,direct_overlay,9.036822601097477,35.1,16.155,39.24,1404.0,6596.0,300.0
Province 5,Rupandehi,Lumbini sanskritik Nagarpalika,27.52,83.28,6.43,1.62,0.08,35.43,128.76,29.9,15.45,57.95,11.36,4.34,3.34,direct_overlay,False,0,direct_overlay,9.119593434447477,32.3,17.715,38.62799999999999,1292.0,6708.0,300.0
Province 5,Rupandehi,Lumbini sanskritik Nagarpalika,27.52,83.3,6.6,1.56,0.08,38.67,123.93,30.04,15.72,57.8,11.36,4.34,3.34,direct_overlay,False,0,direct_overlay,8.667093434447477,31.400000000000002,19.335,37.179,1256.0,6744.0,300.0
Province 5,Rupandehi,Lumbini sanskritik Nagarpalika,27.52,83.32,6.84,1.7,0.09,41.36,119.33,28.18,16.91,56.74,11.36,4.34,3.34,direct_overlay,False,0,direct_overlay,9.192322240345685,34.5,20.68,35.799,1380.0,6620.0,300.0
Province 5,Rupandehi,Mayadevi Gaunpalika,27.52,83.34,6.86,1.74,0.09,43.22,116.13,27.28,16.99,56.48,11.36,4.34,3.34,direct_overlay,False,0,direct_overlay,10.935165250122473,35.1,21.61,34.839,1404.0,6596.0,300.0
Province 5,Rupandehi,Mayadevi Gaunpalika,27.52,83.36,6.9,1.75,0.1,49.12,108.85,29.18,16.13,55.26,11.36,4.34,3.34,direct_overlay,False,0,direct_overlay,11.370620805644695,36.25,24.56,32.654999999999994,1450.0,6550.0,300.0
Province 5,Rupandehi,Mayadevi Gaunpalika,27.52,83.4,7.01,1.71,0.1,69.91,117.13,30.76,18.99,50.69,11.7,3.47,3.34,direct_overlay,False,0,direct_overlay,12.093877317083974,35.65,34.955,35.138999999999996,1426.0,6574.0,300.0
Province 5,Rupandehi,Siyari Gaunpalika,27.52,83.38,7.08,1.82,0.1,52.85,115.15,28.49,17.63,54.0,11.36,4.34,3.34,direct_overlay,False,0,direct_overlay,13.103248944172833,37.3,26.425,34.545,1492.0,6508.0,300.0
Province 5,Rupandehi,Mayadevi Gaunpalika,27.52,83.42,6.97,1.77,0.09,74.12,144.55,33.47,19.65,47.86,11.7,3.47,3.34,direct_overlay,False,0,direct_overlay,12.763182511919169,35.55,37.06,43.365,1422.0,6578.0,300.0
Province 5,Rupandehi,Mayadevi Gaunpalika,27.52,83.44,6.85,1.81,0.1,75.32,123.03,33.57,19.7,48.54,11.7,3.47,3.34,direct_overlay,False,0,direct_overlay,10.488256260338458,37.150000000000006,37.66,36.909,1486.0000000000002,6514.0,300.0
Province 5,Rupandehi,Siddharthanagar Nagarpalika,27.52,83.46,6.78,1.77,0.09,71.85,99.03,32.62,18.83,48.41,11.7,3.47,3.34,direct_overlay,False,0,direct_overlay,8.957752676073346,35.55,35.925,29.709,1422.0,6578.0,300.0
Province 5,Rupandehi,Siddharthanagar Nagarpalika,27.52,83.48,6.93,1.95,0.1,79.24,108.79,28.9,20.41,48.29,11.78,3.25,3.34,direct_overlay,False,0,direct_overlay,16.61421817350729,39.25,39.62,32.637,1570.0,6430.0,300.0
Province 5,Rupandehi,Omsatiya Gaunpalika,27.52,83.5,6.89,1.93,0.1,79.6,100.62,31.35,19.27,48.42,11.7,3.47,3.34,direct_overlay,False,0,direct_overlay,16.696818173507292,38.95,39.8,30.186,1558.0,6442.0,300.0
Province 5,Rupandehi,Omsatiya Gaunpalika,27.52,83.52,7.07,2.04,0.1,87.39,174.2,30.3,21.7,51.43,11.78,3.25,3.34,direct_overlay,False,0,direct_overlay,17.32099174537335,40.6,43.695,52.26,1624.0,6376.0,300.0
Province 5,Rupandehi,Rohini Gaunpalika,27.52,83.54,6.94,1.83,0.1,72.29,142.11,30.72,18.83,51.05,11.7,3.47,3.34,direct_overlay,False,0,direct_overlay,12.079682511889171,37.45,36.145,42.633,1498.0,6502.0,300.0
Province 5,Rupandehi,Rohini Gaunpalika,27.52,83.56,7.38,1.89,0.1,66.79,115.44,25.32,21.38,53.2,11.78,3.25,3.34,direct_overlay,False,0,direct_overlay,13.074332277492834,38.349999999999994,33.395,34.632,1533.9999999999998,6466.0,300.0
Province 5,Nawalparasi_w,Ramgram Nagarpalika,27.52,83.6,7.88,1.87,0.1,62.99,128.96,22.21,20.74,60.19,9.81,2.71,3.34,direct_overlay,False,0,direct_overlay,16.34387692033748,38.05,31.495,38.688,1522.0,6478.0,300.0
Province 5,Rupandehi,Rohini Gaunpalika,27.52,83.58,7.41,1.82,0.1,62.04,136.91,23.59,20.1,55.52,11.78,3.25,3.34,direct_overlay,False,0,direct_overlay,13.245248944172834,37.3,31.02,41.073,1492.0,6508.0,300.0
Province 5,Nawalparasi_w,Ramgram Nagarpalika,27.52,83.62,7.5,1.64,0.09,63.26,142.03,26.99,19.94,56.3,9.74,2.89,3.34,direct_overlay,False,0,direct_overlay,16.38412692033748,33.599999999999994,31.63,42.609,1343.9999999999998,6656.0,300.0
Province 5,Nawalparasi_w,Ramgram Nagarpalika,27.52,83.64,7.46,1.29,0.08,42.84,136.9,25.19,22.52,51.98,9.45,3.62,3.34,direct_overlay,False,0,direct_overlay,12.533019777522833,27.35,21.42,41.07,1094.0,6906.0,300.0
Province 5,Nawalparasi_w,Ramgram Nagarpalika,27.52,83.66,7.4,1.5,0.09,52.86,123.1,30.58,20.01,51.88,9.45,3.62,3.34,direct_overlay,False,0,direct_overlay,12.812498944172836,31.5,26.43,36.93,1260.0,6740.0,300.0
Province 5,Nawalparasi_w,Ramgram Nagarpalika,27.52,83.7,7.45,1.56,0.09,34.28,121.65,27.88,27.74,41.59,9.45,3.62,3.34,direct_overlay,False,0,direct_overlay,12.812498944172836,32.400000000000006,17.14,36.495,1296.0000000000002,6704.0,300.0
Province 5,Nawalparasi_w,Ramgram Nagarpalika,27.52,83.68,7.32,1.26,0.08,37.95,95.5,28.46,22.21,50.02,9.45,3.62,3.34,direct_overlay,False,0,direct_overlay,12.533019777522833,26.9,18.975,28.65,1076.0,6924.0,300.0
Province 5,Nawalparasi_w,Sarawal Gaunpalika,27.52,83.72,7.11,1.32,0.07,28.17,88.23,30.3,41.28,25.45,9.45,3.62,3.34,direct_overlay,False,0,direct_overlay,12.391019777522834,26.8,14.085,26.469,1072.0,6928.0,300.0
Province 5,Nawalparasi_w,Sarawal Gaunpalika,27.52,83.74,7.22,1.32,0.08,20.33,98.03,27.79,44.25,30.27,9.45,3.62,3.34,direct_overlay,False,0,direct_overlay,12.391019777522834,27.8,10.165,29.409,1112.0,6888.0,300.0
Province 5,Nawalparasi_w,Bardaghat Nagarpalika,27.52,83.76,7.09,1.53,0.08,23.79,81.39,32.23,43.41,27.05,9.45,3.62,3.34,direct_overlay,False,0,direct_overlay,12.391019777522834,30.95,11.895,24.416999999999998,1238.0,6762.0,300.0
Province 5,Nawalparasi_w,Bardaghat Nagarpalika,27.52,83.78,6.84,2.08,0.09,44.84,109.6,48.19,23.67,28.74,9.45,3.62,3.34,direct_overlay,False,0,direct_overlay,7.04145658381436,40.2,22.42,32.879999999999995,1608.0,6392.0,300.0
Province 5,Nawalparasi_w,Bardaghat Nagarpalika,27.52,83.8,6.61,2.81,0.1,49.29,111.52,58.06,15.35,26.21,9.45,3.62,3.34,direct_overlay,False,0,direct_overlay,11.664925934532267,52.15,24.645,33.455999999999996,2086.0,5914.0,300.0
Province 5,Kapilbastu,Krishnanagar Nagarpalika,27.54,82.76,7.99,1.95,0.1,22.47,169.34,19.31,13.7,70.63,9.45,3.62,3.34,direct_overlay,False,0,direct_overlay,16.34387692033748,39.25,11.235,50.802,1570.0,6430.0,300.0
Province 5,Kapilbastu,Krishnanagar Nagarpalika,27.54,82.78,7.81,2.37,0.12,22.55,197.75,18.33,14.08,69.03,9.45,3.62,3.34,direct_overlay,False,0,direct_overlay,15.916853724054175,47.550000000000004,11.275,59.324999999999996,1902.0000000000002,6098.0,300.0
Province 5,Kapilbastu,Krishnanagar Nagarpalika,27.54,82.8,7.81,2.59,0.12,25.23,228.37,18.63,12.89,69.77,9.45,3.62,3.34,direct_overlay,False,0,direct_overlay,15.446187057387506,50.849999999999994,12.615,68.511,2033.9999999999998,5966.0,300.0
Province 5,Kapilbastu,Krishnanagar Nagarpalika,27.54,82.82,8.0,2.1,0.11,24.08,185.4,16.4,13.16,70.47,9.45,3.62,3.34,direct_overlay,False,0,direct_overlay,13.371289041550602,42.5,12.04,55.62,1700.0,6300.0,300.0
Province 5,Kapilbastu,Krishnanagar Nagarpalika,27.54,82.84,7.68,1.83,0.09,45.37,261.72,30.04,12.6,63.48,9.45,3.62,3.34,direct_overlay,False,0,direct_overlay,15.938390656601214,36.45,22.685,78.516,1458.0,6542.0,300.0
Province 5,Kapilbastu,Krishnanagar Nagarpalika,27.54,82.86,7.92,1.8,0.09,22.26,177.26,17.66,14.49,69.22,9.45,3.62,3.34,direct_overlay,False,0,direct_overlay,16.34387692033748,36.0,11.13,53.178,1440.0,6560.0,300.0
Province 5,Kapilbastu,Maharajgunj Nagarpalika,27.54,82.88,7.88,1.92,0.1,23.59,194.67,17.38,15.24,69.67,9.45,3.62,3.34,direct_overlay,False,0,direct_overlay,16.34387692033748,38.8,11.795,58.400999999999996,1552.0,6448.0,300.0
Province 5,Kapilbastu,Maharajgunj Nagarpalika,27.54,82.9,8.0,1.93,0.1,25.24,216.9,17.68,15.44,67.34,9.45,3.62,3.34,direct_overlay,False,0,direct_overlay,16.34387692033748,38.95,12.62,65.07,1558.0,6442.0,300.0
Province 5,Kapilbastu,Maharajgunj Nagarpalika,27.54,82.92,7.79,2.1,0.11,25.31,200.38,19.13,16.32,65.01,9.45,3.62,3.34,direct_overlay,False,0,direct_overlay,13.371289041550602,42.5,12.655,60.114,1700.0,6300.0,300.0
Province 5,Kapilbastu,Maharajgunj Nagarpalika,27.54,82.94,7.68,2.27,0.12,35.22,221.38,20.02,15.49,64.41,9.45,3.62,3.34,direct_overlay,False,0,direct_overlay,15.70352039072084,46.05,17.61,66.414,1842.0,6158.0,300.0
Province 5,Kapilbastu,Maharajgunj Nagarpalika,27.54,82.96,7.46,2.38,0.12,44.35,227.31,21.41,16.05,63.27,9.45,3.62,3.34,direct_overlay,False,0,direct_overlay,12.017559081219224,47.699999999999996,22.175,68.193,1907.9999999999998,6092.0,300.0
Province 5,Kapilbastu,Maharajgunj Nagarpalika,27.54,82.98,7.31,2.32,0.12,59.4,251.38,22.7,16.78,61.72,9.74,2.89,3.34,direct_overlay,False,0,direct_overlay,12.411949557413703,46.8,29.7,75.414,1872.0,6128.0,300.0
Province 5,Kapilbastu,Kapilbastu Nagarpalika,27.54,83.0,7.16,1.99,0.1,50.02,184.76,22.86,16.11,60.64,9.45,3.62,3.34,direct_overlay,False,0,direct_overlay,13.4729156108395,39.85,25.01,55.428,1594.0,6406.0,300.0
Province 5,Kapilbastu,Kapilbastu Nagarpalika,27.54,83.02,6.92,1.87,0.1,57.08,158.84,24.2,15.21,59.16,9.74,2.89,3.34,direct_overlay,False,0,direct_overlay,12.207620805644694,38.05,28.54,47.652,1522.0,6478.0,300.0
Province 5,Kapilbastu,Kapilbastu Nagarpalika,27.54,83.04,6.93,1.79,0.09,53.77,161.17,25.17,14.38,60.06,9.45,3.62,3.34,direct_overlay,False,0,direct_overlay,12.207620805644694,35.85,26.885,48.35099999999999,1434.0,6566.0,300.0
Province 5,Kapilbastu,Kapilbastu Nagarpalika,27.54,83.06,6.88,1.78,0.1,63.16,177.33,25.19,15.76,60.92,9.74,2.89,3.34,direct_overlay,False,0,direct_overlay,11.642898583422472,36.7,31.58,53.199000000000005,1468.0,6532.0,300.0
Province 5,Kapilbastu,Kapilbastu Nagarpalika,27.54,83.08,6.54,1.64,0.08,33.68,124.41,25.03,11.08,65.4,9.45,3.62,3.34,direct_overlay,False,0,direct_overlay,8.667093434447477,32.599999999999994,16.84,37.323,1303.9999999999998,6696.0,300.0
Province 5,Kapilbastu,Kapilbastu Nagarpalika,27.54,83.1,6.62,1.68,0.08,27.09,123.21,23.43,11.78,66.54,9.45,3.62,3.34,direct_overlay,False,0,direct_overlay,8.364093434447478,33.2,13.545,36.962999999999994,1328.0,6672.0,300.0
Province 5,Kapilbastu,Kapilbastu Nagarpalika,27.54,83.12,6.74,1.7,0.09,26.39,153.29,24.58,11.85,66.23,9.45,3.62,3.34,direct_overlay,False,0,direct_overlay,10.374322240345686,34.5,13.195,45.986999999999995,1380.0,6620.0,300.0
Province 5,Kapilbastu,Mayadevi Gaunpalika,27.54,83.16,7.12,1.76,0.09,28.83,160.06,23.1,12.38,66.3,9.45,3.62,3.34,direct_overlay,False,0,direct_overlay,13.103248944172833,35.4,14.415,48.018,1416.0,6584.0,300.0
Province 5,Kapilbastu,Mayadevi Gaunpalika,27.54,83.14,7.06,1.66,0.09,26.79,149.52,23.38,11.19,67.91,9.45,3.62,3.34,direct_overlay,False,0,direct_overlay,12.416498944172833,33.9,13.395,44.856,1356.0,6644.0,300.0
Province 5,Kapilbastu,Suddhodhan Gaunpalika,27.54,83.18,6.92,1.76,0.09,44.16,152.09,26.54,12.62,63.71,9.45,3.62,3.34,direct_overlay,False,0,direct_overlay,12.207620805644694,35.4,22.08,45.627,1416.0,6584.0,300.0
Province 5,Kapilbastu,Suddhodhan Gaunpalika,27.54,83.2,6.51,1.58,0.08,26.67,120.55,29.24,10.69,62.23,9.45,3.62,3.34,direct_overlay,False,0,direct_overlay,8.667093434447477,31.700000000000003,13.335,36.165,1268.0,6732.0,300.0
Province 5,Rupandehi,Gaidahawa Gaunpalika,27.54,83.22,6.32,1.59,0.08,22.24,105.28,27.47,10.76,63.74,11.36,4.34,3.34,direct_overlay,False,0,direct_overlay,9.119593434447477,31.85,11.12,31.584,1274.0,6726.0,300.0
Province 5,Rupandehi,Gaidahawa Gaunpalika,27.54,83.24,6.38,1.66,0.09,34.16,108.33,29.1,12.87,59.88,11.36,4.34,3.34,direct_overlay,False,0,direct_overlay,9.187072601097476,33.9,17.08,32.498999999999995,1356.0,6644.0,300.0
Province 5,Rupandehi,Gaidahawa Gaunpalika,27.54,83.28,6.41,1.66,0.08,42.48,116.43,31.98,13.79,55.23,11.36,4.34,3.34,direct_overlay,False,0,direct_overlay,9.058593434447477,32.9,21.24,34.929,1316.0,6684.0,300.0
Province 5,Rupandehi,Gaidahawa Gaunpalika,27.54,83.26,6.46,1.56,0.08,39.44,119.48,31.17,13.42,56.53,11.36,4.34,3.34,direct_overlay,False,0,direct_overlay,9.119593434447477,31.400000000000002,19.72,35.844,1256.0,6744.0,300.0
Province 5,Rupandehi,Gaidahawa Gaunpalika,27.54,83.3,6.51,1.62,0.09,51.52,128.49,30.79,15.27,55.2,11.36,4.34,3.34,direct_overlay,False,0,direct_overlay,8.946572601097477,33.3,25.76,38.547000000000004,1332.0,6668.0,300.0
Province 5,Rupandehi,Mayadevi Gaunpalika,27.54,83.32,6.61,1.67,0.09,47.51,112.47,30.26,15.85,54.18,11.36,4.34,3.34,direct_overlay,False,0,direct_overlay,8.328572601097479,34.05,23.755,33.741,1362.0,6638.0,300.0
Province 5,Rupandehi,Mayadevi Gaunpalika,27.54,83.36,6.83,1.87,0.1,60.04,104.72,31.34,18.14,50.27,11.7,3.47,3.34,direct_overlay,False,0,direct_overlay,10.029322240345685,38.05,30.02,31.415999999999997,1522.0,6478.0,300.0
Province 5,Rupandehi,Mayadevi Gaunpalika,27.54,83.38,6.82,1.84,0.1,59.03,120.02,28.67,17.77,51.75,11.7,3.47,3.34,direct_overlay,False,0,direct_overlay,10.029322240345685,37.6,29.515,36.006,1504.0,6496.0,300.0
Province 5,Rupandehi,Siyari Gaunpalika,27.54,83.4,6.88,1.94,0.1,68.8,106.96,29.17,18.78,50.5,11.7,3.47,3.34,direct_overlay,False,0,direct_overlay,11.423821400773615,39.099999999999994,34.4,32.087999999999994,1563.9999999999998,6436.0,300.0
Province 5,Rupandehi,Siyari Gaunpalika,27.54,83.42,6.66,1.82,0.1,71.42,103.8,32.22,17.47,49.37,11.7,3.47,3.34,direct_overlay,False,0,direct_overlay,7.549883989171327,37.3,35.71,31.139999999999997,1492.0,6508.0,300.0
Province 5,Rupandehi,Omsatiya Gaunpalika,27.54,83.48,6.92,1.98,0.1,80.63,108.45,32.16,19.78,46.99,11.7,3.47,3.34,direct_overlay,False,0,direct_overlay,30.934119064862415,39.7,40.315,32.535,1588.0,6412.0,207.27921769989211
Province 5,Rupandehi,Omsatiya Gaunpalika,27.54,83.5,6.88,1.93,0.1,85.07,114.76,30.82,20.01,48.28,11.78,3.25,3.34,direct_overlay,False,0,direct_overlay,20.92365447257318,38.95,42.535,34.428,1558.0,6442.0,300.0
Province 5,Rupandehi,Omsatiya Gaunpalika,27.54,83.52,7.09,1.85,0.1,72.42,136.73,30.61,20.23,49.05,11.78,3.25,3.34,direct_overlay,False,0,direct_overlay,13.658810650447307,37.75,36.21,41.019,1510.0,6490.0,300.0
Province 5,Rupandehi,Devdaha Nagarpalika,27.54,83.54,6.86,1.84,0.11,82.66,130.19,33.43,19.7,48.93,11.7,3.47,3.34,direct_overlay,False,0,direct_overlay,17.618181902482192,38.6,41.33,39.056999999999995,1544.0,6456.0,300.0
Province 5,Rupandehi,Omsatiya Gaunpalika,27.54,83.58,7.13,1.85,0.1,77.77,139.72,31.31,22.26,48.25,11.78,3.25,3.34,direct_overlay,False,0,direct_overlay,17.10119363426834,37.75,38.885,41.916,1510.0,6490.0,300.0
Province 5,Rupandehi,Omsatiya Gaunpalika,27.54,83.56,7.12,1.78,0.1,70.25,113.67,29.75,21.35,48.91,11.78,3.25,3.34,direct_overlay,False,0,direct_overlay,12.97531065041731,36.7,35.125,34.101,1468.0,6532.0,300.0
Province 5,Nawalparasi_w,Ramgram Nagarpalika,27.54,83.6,7.2,1.81,0.1,65.57,141.64,26.79,17.75,56.4,9.74,2.89,3.34,direct_overlay,False,0,direct_overlay,12.932332277492833,37.150000000000006,32.785,42.492,1486.0000000000002,6514.0,300.0
Province 5,Nawalparasi_w,Ramgram Nagarpalika,27.54,83.62,7.77,1.75,0.09,62.66,115.07,28.83,14.82,57.53,9.74,2.89,3.34,direct_overlay,False,0,direct_overlay,15.979876920337476,35.25,31.33,34.520999999999994,1410.0,6590.0,300.0
Province 5,Nawalparasi_w,Ramgram Nagarpalika,27.54,83.64,7.4,1.51,0.08,54.49,112.48,29.25,17.42,54.84,9.45,3.62,3.34,direct_overlay,False,0,direct_overlay,12.533019777522833,30.65,27.245,33.744,1226.0,6774.0,300.0
Province 5,Nawalparasi_w,Ramgram Nagarpalika,27.54,83.66,7.12,1.46,0.08,45.08,97.8,29.26,20.08,52.45,9.45,3.62,3.34,direct_overlay,False,0,direct_overlay,12.391019777522834,29.9,22.54,29.339999999999996,1196.0,6804.0,300.0
Province 5,Nawalparasi_w,Ramgram Nagarpalika,27.54,83.68,7.37,1.54,0.09,42.43,97.04,31.47,23.83,47.88,9.45,3.62,3.34,direct_overlay,False,0,direct_overlay,12.812498944172836,32.1,21.215,29.112000000000002,1284.0,6716.0,300.0
Province 5,Nawalparasi_w,Ramgram Nagarpalika,27.54,83.7,7.22,1.6,0.1,42.32,113.02,30.6,30.94,38.62,9.45,3.62,3.34,direct_overlay,False,0,direct_overlay,12.670498944172833,34.0,21.16,33.906,1360.0,6640.0,300.0
Province 5,Nawalparasi_w,Sarawal Gaunpalika,27.54,83.72,7.35,1.38,0.08,18.4,99.35,32.96,39.63,25.99,9.45,3.62,3.34,direct_overlay,False,0,direct_overlay,12.533019777522833,28.7,9.2,29.804999999999996,1148.0,6852.0,300.0
Province 5,Nawalparasi_w,Bardaghat Nagarpalika,27.54,83.74,7.37,1.6,0.09,20.07,94.09,37.3,35.81,27.04,9.45,3.62,3.34,direct_overlay,False,0,direct_overlay,12.812498944172836,33.0,10.035,28.227,1320.0,6680.0,300.0
Province 5,Nawalparasi_w,Bardaghat Nagarpalika,27.54,83.76,7.26,1.43,0.08,17.19,84.0,45.59,27.17,26.02,9.45,3.62,3.34,direct_overlay,False,0,direct_overlay,12.533019777522833,29.45,8.595,25.2,1178.0,6822.0,300.0
Province 5,Nawalparasi_w,Bardaghat Nagarpalika,27.54,83.78,7.35,1.44,0.08,19.08,85.15,50.46,21.13,26.76,9.45,3.62,3.34,direct_overlay,False,0,direct_overlay,12.533019777522833,29.599999999999998,9.54,25.545,1184.0,6816.0,300.0
Province 5,Nawalparasi_w,Bardaghat Nagarpalika,27.54,83.8,7.25,1.88,0.08,25.72,97.97,55.46,16.54,28.06,9.45,3.62,3.34,direct_overlay,False,0,direct_overlay,13.280769777522833,36.2,12.86,29.391,1448.0,6552.0,300.0
Province 5,Kapilbastu,Krishnanagar Nagarpalika,27.56,82.76,7.6,2.53,0.12,32.35,228.17,18.18,14.88,68.56,9.45,3.62,3.34,direct_overlay,False,0,direct_overlay,15.511187057387506,49.949999999999996,16.175,68.451,1997.9999999999998,6002.0,300.0
Province 5,Kapilbastu,Bijayanagar Gaunpalika,27.56,82.78,7.67,2.25,0.11,21.67,185.87,17.11,14.08,69.45,9.45,3.62,3.34,direct_overlay,False,0,direct_overlay,16.008037057422506,44.75,10.835,55.761,1790.0,6210.0,300.0
Province 5,Kapilbastu,Krishnanagar Nagarpalika,27.56,82.8,7.83,2.21,0.11,25.27,188.45,20.38,12.99,69.04,9.45,3.62,3.34,direct_overlay,False,0,direct_overlay,15.742509279645839,44.15,12.635,56.535,1766.0,6234.0,300.0
Province 5,Kapilbastu,Krishnanagar Nagarpalika,27.56,82.84,7.79,2.03,0.11,25.28,189.45,20.05,14.0,68.26,9.45,3.62,3.34,direct_overlay,False,0,direct_overlay,13.107313825079386,41.449999999999996,12.64,56.834999999999994,1657.9999999999998,6342.0,300.0
Province 5,Kapilbastu,Krishnanagar Nagarpalika,27.56,82.86,7.87,1.88,0.1,25.05,205.35,19.71,15.69,67.57,9.45,3.62,3.34,direct_overlay,False,0,direct_overlay,16.34387692033748,38.2,12.525,61.605,1528.0,6472.0,300.0
Province 5,Kapilbastu,Bijayanagar Gaunpalika,27.56,82.82,7.92,2.03,0.1,25.97,182.63,19.63,13.02,68.45,9.45,3.62,3.34,direct_overlay,False,0,direct_overlay,13.745313825079386,40.449999999999996,12.985,54.788999999999994,1617.9999999999998,6382.0,300.0
Province 5,Kapilbastu,Maharajgunj Nagarpalika,27.56,82.88,7.91,1.77,0.09,27.63,195.35,24.41,11.2,65.54,9.45,3.62,3.34,direct_overlay,False,0,direct_overlay,16.34387692033748,35.55,13.815,58.605,1422.0,6578.0,300.0
Province 5,Kapilbastu,Maharajgunj Nagarpalika,27.56,82.9,7.97,2.32,0.12,33.2,216.97,21.51,17.03,63.25,9.45,3.62,3.34,direct_overlay,False,0,direct_overlay,15.70352039072084,46.8,16.6,65.091,1872.0,6128.0,300.0
Province 5,Kapilbastu,Maharajgunj Nagarpalika,27.56,82.92,7.62,2.19,0.11,51.35,246.2,21.63,20.63,59.1,9.45,3.62,3.34,direct_overlay,False,0,direct_overlay,13.114479517741076,43.85,25.675,73.86,1754.0,6246.0,300.0
Province 5,Kapilbastu,Maharajgunj Nagarpalika,27.56,82.96,7.46,1.74,0.1,88.29,230.23,26.3,16.94,55.09,9.74,2.89,3.34,direct_overlay,False,0,direct_overlay,21.809325803143523,36.1,44.145,69.06899999999999,1444.0,6556.0,300.0
Province 5,Kapilbastu,Maharajgunj Nagarpalika,27.56,82.98,7.3,1.9,0.1,93.33,228.89,23.88,19.25,54.0,9.74,2.89,3.34,direct_overlay,False,0,direct_overlay,22.752525856551856,38.5,46.665,68.66699999999999,1540.0,6460.0,283.9245207643514
Province 5,Kapilbastu,Maharajgunj Nagarpalika,27.56,82.94,7.59,2.07,0.1,58.52,232.87,25.06,17.33,57.35,9.74,2.89,3.34,direct_overlay,False,0,direct_overlay,14.090222374883933,41.05,29.26,69.861,1642.0,6358.0,300.0
Province 5,Kapilbastu,Buddhabhumi Nagarpalika,27.56,83.0,7.05,1.85,0.1,85.9,198.48,24.36,19.94,53.0,9.74,2.89,3.34,direct_overlay,False,0,direct_overlay,22.805861860839354,37.75,42.95,59.544,1510.0,6490.0,284.5759585672216
Province 5,Kapilbastu,Kapilbastu Nagarpalika,27.56,83.02,7.11,1.78,0.1,113.95,289.41,26.08,16.49,55.65,10.510000000000002,0.9,2.67,direct_overlay,False,0,direct_overlay,22.59192268333101,36.7,56.975,86.82300000000001,1468.0,6532.0,289.12988467420274
Province 5,Kapilbastu,Kapilbastu Nagarpalika,27.56,83.04,6.67,1.7,0.09,74.4,189.72,26.0,15.05,57.9,9.74,2.89,3.34,direct_overlay,False,0,direct_overlay,8.458252676070014,34.5,37.2,56.916,1380.0,6620.0,300.0
Province 5,Kapilbastu,Kapilbastu Nagarpalika,27.56,83.06,6.62,1.68,0.09,56.61,149.57,27.35,12.4,58.42,9.74,2.89,3.34,direct_overlay,False,0,direct_overlay,8.328572601097479,34.2,28.305,44.870999999999995,1368.0,6632.0,300.0
Province 5,Kapilbastu,Kapilbastu Nagarpalika,27.56,83.08,6.68,1.68,0.09,52.62,165.3,27.4,12.76,58.66,9.45,3.62,3.34,direct_overlay,False,0,direct_overlay,9.663655573675687,34.2,26.31,49.59,1368.0,6632.0,300.0
Province 5,Kapilbastu,Kapilbastu Nagarpalika,27.56,83.1,6.92,1.8,0.09,35.79,197.8,28.03,11.81,59.65,9.45,3.62,3.34,direct_overlay,False,0,direct_overlay,12.207620805644694,36.0,17.895,59.34,1440.0,6560.0,300.0
Province 5,Kapilbastu,Mayadevi Gaunpalika,27.56,83.14,7.12,1.71,0.09,30.44,170.61,25.04,13.04,62.11,9.45,3.62,3.34,direct_overlay,False,0,direct_overlay,12.266248944172833,34.65,15.22,51.183,1386.0,6614.0,300.0
Province 5,Kapilbastu,Mayadevi Gaunpalika,27.56,83.12,7.01,1.77,0.09,29.98,176.82,25.2,12.29,61.11,9.45,3.62,3.34,direct_overlay,False,0,direct_overlay,13.058815610839499,35.55,14.99,53.046,1422.0,6578.0,300.0
Province 5,Kapilbastu,Mayadevi Gaunpalika,27.56,83.16,6.89,1.78,0.09,30.96,146.2,23.93,13.44,63.67,9.45,3.62,3.34,direct_overlay,False,0,direct_overlay,12.348620805644696,35.7,15.48,43.85999999999999,1428.0,6572.0,300.0
Province 5,Kapilbastu,Suddhodhan Gaunpalika,27.56,83.18,6.6,1.81,0.09,44.84,144.22,24.35,13.99,63.36,9.45,3.62,3.34,direct_overlay,False,0,direct_overlay,8.751322601097478,36.150000000000006,22.42,43.266,1446.0000000000002,6554.0,300.0
Province 5,Kapilbastu,Suddhodhan Gaunpalika,27.56,83.2,6.62,1.84,0.1,33.26,111.94,24.13,13.56,64.55,9.45,3.62,3.34,direct_overlay,False,0,direct_overlay,8.751322601097478,37.6,16.63,33.582,1504.0,6496.0,300.0
Province 5,Rupandehi,Gaidahawa Gaunpalika,27.56,83.22,6.31,1.65,0.09,39.97,96.1,28.78,11.23,58.44,11.36,4.34,3.34,direct_overlay,False,0,direct_overlay,9.499072601097478,33.75,19.985,28.83,1350.0,6650.0,300.0
Province 5,Rupandehi,Gaidahawa Gaunpalika,27.56,83.26,6.56,1.83,0.1,50.6,102.29,31.41,15.87,51.3,11.36,4.34,3.34,direct_overlay,False,0,direct_overlay,8.751322601097478,37.45,25.3,30.687,1498.0,6502.0,300.0
Province 5,Rupandehi,Gaidahawa Gaunpalika,27.56,83.24,6.49,1.77,0.09,45.77,106.91,31.34,13.24,52.66,11.36,4.34,3.34,direct_overlay,False,0,direct_overlay,8.751322601097478,35.55,22.885,32.073,1422.0,6578.0,300.0
Province 5,Rupandehi,Gaidahawa Gaunpalika,27.56,83.28,6.61,1.93,0.1,58.83,107.57,30.03,17.62,51.5,11.7,3.47,3.34,direct_overlay,False,0,direct_overlay,8.751322601097478,38.95,29.415,32.270999999999994,1558.0,6442.0,300.0
Province 5,Rupandehi,Gaidahawa Gaunpalika,27.56,83.3,6.61,1.77,0.1,71.49,134.3,34.13,16.94,50.14,11.7,3.47,3.34,direct_overlay,False,0,direct_overlay,7.406550655837993,36.55,35.745,40.29,1462.0,6538.0,300.0
Province 5,Rupandehi,Gaidahawa Gaunpalika,27.56,83.32,6.72,1.89,0.1,59.7,99.78,30.33,17.57,50.22,11.7,3.47,3.34,direct_overlay,False,0,direct_overlay,10.161322240345687,38.349999999999994,29.85,29.933999999999997,1533.9999999999998,6466.0,300.0
Province 5,Rupandehi,Mayadevi Gaunpalika,27.56,83.34,6.74,1.78,0.1,66.15,117.42,32.98,17.06,50.38,11.7,3.47,3.34,direct_overlay,False,0,direct_overlay,11.040405573665687,36.7,33.075,35.226,1468.0,6532.0,300.0
Province 5,Rupandehi,Siyari Gaunpalika,27.56,83.38,6.61,1.72,0.1,71.79,99.36,36.47,16.04,47.11,11.7,3.47,3.34,direct_overlay,False,0,direct_overlay,7.197550655837993,35.8,35.895,29.808,1432.0,6568.0,300.0
Province 5,Rupandehi,Siyari Gaunpalika,27.56,83.36,6.91,1.89,0.1,65.1,116.05,33.23,17.67,48.54,11.7,3.47,3.34,direct_overlay,False,0,direct_overlay,12.207620805644694,38.349999999999994,32.55,34.815,1533.9999999999998,6466.0,300.0
Province 5,Rupandehi,Siyari Gaunpalika,27.56,83.4,6.71,2.01,0.1,76.9,101.62,33.71,19.21,46.54,11.7,3.47,3.34,direct_overlay,False,0,direct_overlay,13.64777767633709,40.15,38.45,30.486,1606.0,6394.0,300.0
Province 5,Rupandehi,Omsatiya Gaunpalika,27.56,83.46,6.45,1.89,0.1,78.57,98.43,34.54,18.39,46.93,11.7,3.47,3.34,direct_overlay,False,0,direct_overlay,11.290945544450931,38.349999999999994,39.285,29.529,1533.9999999999998,6466.0,300.0
Province 5,Rupandehi,Siyari Gaunpalika,27.56,83.44,6.6,1.76,0.1,82.66,100.26,36.82,17.81,43.5,11.7,3.47,3.34,direct_overlay,False,0,direct_overlay,16.664092607348937,36.4,41.33,30.078,1456.0,6544.0,300.0
Province 5,Rupandehi,Siyari Gaunpalika,27.56,83.42,6.59,1.75,0.09,76.44,110.73,34.53,19.17,46.34,11.7,3.47,3.34,direct_overlay,False,0,direct_overlay,10.71144554445093,35.25,38.22,33.219,1410.0,6590.0,300.0
Province 5,Rupandehi,Tillotama Nagarpalika,27.56,83.48,6.48,2.13,0.11,94.83,80.07,37.36,18.51,43.75,11.7,3.47,3.34,direct_overlay,False,0,direct_overlay,17.28664422713891,42.95,47.415,24.020999999999997,1718.0,6282.0,300.0
Province 5,Rupandehi,Tillotama Nagarpalika,27.56,83.5,6.46,1.9,0.1,86.46,106.86,35.89,17.65,46.51,11.7,3.47,3.34,direct_overlay,False,0,direct_overlay,17.587131585579172,38.5,43.23,32.058,1540.0,6460.0,300.0
Province 5,Rupandehi,Tillotama Nagarpalika,27.56,83.52,6.59,1.88,0.1,87.12,133.63,33.75,18.3,49.34,11.7,3.47,3.34,direct_overlay,False,0,direct_overlay,17.09263158557917,38.2,43.56,40.089,1528.0,6472.0,300.0
Province 5,Rupandehi,Devdaha Nagarpalika,27.56,83.54,6.7,1.88,0.1,82.79,125.61,32.7,18.46,49.39,11.7,3.47,3.34,direct_overlay,False,0,direct_overlay,23.680278166213956,38.2,41.395,37.683,1528.0,6472.0,273.30760029812416
Province 5,Rupandehi,Devdaha Nagarpalika,27.56,83.58,6.59,1.78,0.1,79.04,138.45,30.67,18.7,50.08,11.7,3.47,3.34,direct_overlay,False,0,direct_overlay,11.26569822221802,36.7,39.52,41.535,1468.0,6532.0,300.0
Province 5,Rupandehi,Devdaha Nagarpalika,27.56,83.56,6.58,1.88,0.1,75.09,118.87,30.75,20.78,48.11,11.78,3.25,3.34,direct_overlay,False,0,direct_overlay,8.281554240103107,38.2,37.545,35.661,1528.0,6472.0,300.0
Province 5,Nawalparasi_w,Ramgram Nagarpalika,27.56,83.62,6.91,1.77,0.1,73.81,127.58,30.24,17.61,55.42,9.74,2.89,3.34,direct_overlay,False,0,direct_overlay,12.763182511919169,36.55,36.905,38.274,1462.0,6538.0,300.0
Province 5,Nawalparasi_w,Ramgram Nagarpalika,27.56,83.6,6.87,1.68,0.09,61.33,113.21,28.45,16.59,56.47,9.74,2.89,3.34,direct_overlay,False,0,direct_overlay,10.721415250122474,34.2,30.665,33.962999999999994,1368.0,6632.0,300.0
Province 5,Nawalparasi_w,Ramgram Nagarpalika,27.56,83.64,7.28,1.71,0.09,56.22,83.95,31.23,14.88,54.69,9.74,2.89,3.34,direct_overlay,False,0,direct_overlay,12.408248944172833,34.65,28.11,25.185,1386.0,6614.0,300.0
Province 5,Nawalparasi_w,Sunwal Nagarpalika,27.56,83.66,7.16,1.62,0.09,51.38,97.58,33.15,16.11,51.26,9.45,3.62,3.34,direct_overlay,False,0,direct_overlay,12.670498944172833,33.3,25.69,29.273999999999997,1332.0,6668.0,300.0
Province 5,Nawalparasi_w,Sunwal Nagarpalika,27.56,83.68,7.46,1.59,0.09,32.72,90.73,31.14,21.14,45.17,9.45,3.62,3.34,direct_overlay,False,0,direct_overlay,12.812498944172836,32.85,16.36,27.219,1314.0,6686.0,300.0
Province 5,Nawalparasi_w,Sunwal Nagarpalika,27.56,83.7,7.37,1.82,0.11,35.3,115.02,37.14,22.0,37.13,9.45,3.62,3.34,direct_overlay,False,0,direct_overlay,12.607248944172834,38.3,17.65,34.506,1532.0,6468.0,300.0
Province 5,Nawalparasi_w,Sarawal Gaunpalika,27.56,83.72,7.51,1.65,0.09,17.84,94.79,38.79,23.73,28.48,9.45,3.62,3.34,direct_overlay,False,0,direct_overlay,16.38412692033748,33.75,8.92,28.437,1350.0,6650.0,300.0
Province 5,Nawalparasi_w,Sarawal Gaunpalika,27.56,83.74,7.25,1.88,0.1,31.31,109.38,42.28,18.85,32.88,9.45,3.62,3.34,direct_overlay,False,0,direct_overlay,13.245248944172834,38.2,15.655,32.814,1528.0,6472.0,300.0
Province 5,Nawalparasi_w,Bardaghat Nagarpalika,27.56,83.76,7.41,1.69,0.08,26.04,99.48,46.32,19.36,29.99,9.45,3.62,3.34,direct_overlay,False,0,direct_overlay,11.866019777522833,33.349999999999994,13.02,29.844,1333.9999999999998,6666.0,300.0
Province 5,Nawalparasi_w,Bardaghat Nagarpalika,27.56,83.78,7.14,1.98,0.11,33.47,111.48,53.4,15.41,28.95,9.45,3.62,3.34,direct_overlay,False,0,direct_overlay,12.402461065384955,40.7,16.735,33.444,1628.0,6372.0,300.0
Province 5,Kapilbastu,Bijayanagar Gaunpalika,27.58,82.76,7.34,1.89,0.1,27.67,187.86,20.84,13.59,68.85,9.45,3.62,3.34,direct_overlay,False,0,direct_overlay,13.245248944172834,38.349999999999994,13.835,56.358000000000004,1533.9999999999998,6466.0,300.0
Province 5,Kapilbastu,Bijayanagar Gaunpalika,27.58,82.78,7.58,1.94,0.1,24.26,189.39,18.5,13.34,70.2,9.45,3.62,3.34,direct_overlay,False,0,direct_overlay,16.34387692033748,39.099999999999994,12.13,56.81699999999999,1563.9999999999998,6436.0,300.0
Province 5,Kapilbastu,Bijayanagar Gaunpalika,27.58,82.8,7.58,2.29,0.11,32.37,205.79,21.05,13.11,68.45,9.45,3.62,3.34,direct_overlay,False,0,direct_overlay,16.008037057422506,45.35,16.185,61.736999999999995,1814.0,6186.0,300.0
Province 5,Kapilbastu,Bijayanagar Gaunpalika,27.58,82.82,7.46,2.22,0.12,44.79,241.87,26.38,12.83,66.37,9.45,3.62,3.34,direct_overlay,False,0,direct_overlay,12.091221779633036,45.300000000000004,22.395,72.56099999999999,1812.0000000000002,6188.0,300.0
Province 5,Kapilbastu,Shivaraj Nagarpalika,27.58,82.84,7.55,1.77,0.08,32.82,180.15,25.88,11.68,64.38,9.45,3.62,3.34,direct_overlay,False,0,direct_overlay,16.34387692033748,34.55,16.41,54.045,1382.0,6618.0,300.0
Province 5,Kapilbastu,Shivaraj Nagarpalika,27.58,82.86,7.5,1.88,0.1,51.06,217.3,24.86,17.99,59.08,9.45,3.62,3.34,direct_overlay,False,0,direct_overlay,16.34387692033748,38.2,25.53,65.19,1528.0,6472.0,300.0
Province 5,Kapilbastu,Shivaraj Nagarpalika,27.58,82.88,7.48,1.81,0.1,50.76,217.21,24.04,18.81,59.12,9.45,3.62,3.34,direct_overlay,False,0,direct_overlay,13.213498944172834,37.150000000000006,25.38,65.163,1486.0000000000002,6514.0,300.0
Province 5,Kapilbastu,Maharajgunj Nagarpalika,27.58,82.9,7.49,1.83,0.1,56.15,204.3,24.29,18.78,57.52,9.74,2.89,3.34,direct_overlay,False,0,direct_overlay,16.34387692033748,37.45,28.075,61.29,1498.0,6502.0,300.0
Province 5,Kapilbastu,Maharajgunj Nagarpalika,27.58,82.92,7.5,1.75,0.09,66.49,226.47,27.07,18.33,52.95,9.74,2.89,3.34,direct_overlay,False,0,direct_overlay,15.979876920337476,35.25,33.245,67.941,1410.0,6590.0,300.0
Province 5,Kapilbastu,Buddhabhumi Nagarpalika,27.58,83.0,7.06,1.98,0.1,172.7,246.34,26.27,22.6,50.19,10.510000000000002,0.9,3.34,direct_overlay,False,0,direct_overlay,27.270405542969584,39.7,86.35,73.902,1588.0,6412.0,235.12668302261602
Province 5,Kapilbastu,Buddhabhumi Nagarpalika,27.58,83.02,7.0,1.81,0.1,180.12,239.14,27.11,21.69,48.92,10.510000000000002,0.9,3.34,direct_overlay,False,0,direct_overlay,28.186034818028492,37.150000000000006,90.06,71.74199999999999,1486.0000000000002,6514.0,231.10735660602685
Province 5,Kapilbastu,Maharajgunj Nagarpalika,27.58,82.94,7.53,1.71,0.1,72.24,208.83,26.35,20.16,50.3,9.81,2.71,3.34,direct_overlay,False,0,direct_overlay,16.20138604728005,35.65,36.12,62.649,1426.0,6574.0,300.0
Province 5,Kapilbastu,Buddhabhumi Nagarpalika,27.58,83.04,7.17,1.75,0.1,135.13,266.04,30.63,17.14,50.39,10.510000000000002,0.9,3.34,direct_overlay,False,0,direct_overlay,19.995539011285477,36.25,67.565,79.812,1450.0,6550.0,300.0
Province 5,Kapilbastu,Kapilbastu Nagarpalika,27.58,83.06,6.99,1.83,0.1,101.07,198.21,29.18,17.08,51.49,9.74,2.89,3.34,direct_overlay,False,0,direct_overlay,23.557340641731866,37.45,50.535,59.463,1498.0,6502.0,276.00738550605735
Province 5,Kapilbastu,Kapilbastu Nagarpalika,27.58,83.08,7.11,1.72,0.09,78.84,208.18,30.46,13.87,54.36,9.74,2.89,3.34,direct_overlay,False,0,direct_overlay,16.60769631203543,34.8,39.42,62.454,1392.0,6608.0,300.0
Province 5,Kapilbastu,Kapilbastu Nagarpalika,27.58,83.1,7.06,1.88,0.1,50.87,187.25,30.4,13.39,55.65,9.45,3.62,3.34,direct_overlay,False,0,direct_overlay,13.103248944172833,38.2,25.435,56.175,1528.0,6472.0,300.0
Province 5,Kapilbastu,Suddhodhan Gaunpalika,27.58,83.16,6.77,2.0,0.1,63.01,105.25,32.08,13.1,53.11,9.74,2.89,3.34,direct_overlay,False,0,direct_overlay,5.5084445846480286,40.0,31.505,31.575,1600.0,6400.0,300.0
Province 5,Kapilbastu,Kapilbastu Nagarpalika,27.58,83.12,7.11,1.69,0.09,40.77,194.15,28.65,14.02,55.81,9.45,3.62,3.34,direct_overlay,False,0,direct_overlay,11.688498944172833,34.349999999999994,20.385,58.245,1373.9999999999998,6626.0,300.0
Province 5,Kapilbastu,Mayadevi Gaunpalika,27.58,83.14,7.48,1.87,0.1,38.66,214.71,30.17,13.46,56.58,9.45,3.62,3.34,direct_overlay,False,0,direct_overlay,13.213498944172834,38.05,19.33,64.413,1522.0,6478.0,300.0
Province 5,Kapilbastu,Suddhodhan Gaunpalika,27.58,83.18,6.72,1.85,0.1,59.44,96.23,32.24,15.94,50.17,9.74,2.89,3.34,direct_overlay,False,0,direct_overlay,10.161322240345687,37.75,29.72,28.869,1510.0,6490.0,300.0
Province 5,Kapilbastu,Suddhodhan Gaunpalika,27.58,83.2,6.65,1.88,0.1,58.75,92.25,33.42,15.35,49.61,9.74,2.89,3.34,direct_overlay,False,0,direct_overlay,8.89465593443081,38.2,29.375,27.675,1528.0,6472.0,300.0
Province 5,Rupandehi,Gaidahawa Gaunpalika,27.58,83.22,6.71,1.79,0.1,55.63,83.27,35.6,14.88,48.0,11.36,4.34,3.34,direct_overlay,False,0,direct_overlay,13.121572240345692,36.85,27.815,24.980999999999998,1474.0,6526.0,300.0
Province 5,Rupandehi,Gaidahawa Gaunpalika,27.58,83.24,6.67,1.66,0.09,61.28,110.28,33.84,15.22,50.8,11.7,3.47,3.34,direct_overlay,False,0,direct_overlay,9.267322240342354,33.9,30.64,33.083999999999996,1356.0,6644.0,300.0
Province 5,Rupandehi,Gaidahawa Gaunpalika,27.58,83.26,6.43,1.62,0.09,59.54,113.81,34.09,15.42,51.18,11.7,3.47,3.34,direct_overlay,False,0,direct_overlay,9.248072601097478,33.3,29.77,34.143,1332.0,6668.0,300.0
Province 5,Rupandehi,Gaidahawa Gaunpalika,27.58,83.32,6.86,1.85,0.1,64.26,100.97,32.94,17.74,47.56,11.7,3.47,3.34,direct_overlay,False,0,direct_overlay,11.772165250122473,37.75,32.13,30.290999999999997,1510.0,6490.0,300.0
Province 5,Rupandehi,Gaidahawa Gaunpalika,27.58,83.3,6.83,1.76,0.1,67.66,116.01,35.17,16.39,48.5,11.7,3.47,3.34,direct_overlay,False,0,direct_overlay,8.274409798607788,36.4,33.83,34.803,1456.0,6544.0,300.0
Province 5,Rupandehi,Sudhdhodhan Gaunpalika,27.58,83.34,6.91,1.72,0.1,73.95,103.29,34.76,17.2,46.75,11.7,3.47,3.34,direct_overlay,False,0,direct_overlay,11.92618251191917,35.8,36.975,30.987000000000002,1432.0,6568.0,300.0
Province 5,Rupandehi,Siyari Gaunpalika,27.58,83.36,6.67,1.71,0.1,73.21,85.58,36.13,17.09,46.18,11.7,3.47,3.34,direct_overlay,False,0,direct_overlay,8.458252676070014,35.65,36.605,25.674,1426.0,6574.0,300.0
Province 5,Rupandehi,Siyari Gaunpalika,27.58,83.38,6.57,1.86,0.1,78.33,101.32,36.79,17.42,45.08,11.7,3.47,3.34,direct_overlay,False,0,direct_overlay,10.796445544450933,37.900000000000006,39.165,30.395999999999997,1516.0000000000002,6484.0,300.0
Province 5,Rupandehi,Siyari Gaunpalika,27.58,83.4,6.67,1.83,0.1,80.33,108.48,34.55,18.64,46.4,11.7,3.47,3.34,direct_overlay,False,0,direct_overlay,28.10250593358261,37.45,40.165,32.544,1498.0,6502.0,231.36726722402656
Province 5,Rupandehi,Tillotama Nagarpalika,27.58,83.42,6.66,1.74,0.09,69.91,100.33,39.31,19.01,42.35,11.7,3.47,3.34,direct_overlay,False,0,direct_overlay,7.340883989171328,35.1,34.955,30.098999999999997,1404.0,6596.0,300.0
Province 5,Rupandehi,Tillotama Nagarpalika,27.58,83.44,6.44,1.93,0.1,94.34,81.8,37.54,18.82,42.39,11.7,3.47,3.34,direct_overlay,False,0,direct_overlay,18.1723316389875,38.95,47.17,24.54,1558.0,6442.0,300.0
Province 5,Rupandehi,Tillotama Nagarpalika,27.58,83.46,6.43,2.17,0.11,94.15,79.92,36.63,20.04,42.95,11.78,3.25,3.34,direct_overlay,False,0,direct_overlay,17.28664422713891,43.55,47.075,23.976,1742.0,6258.0,300.0
Province 5,Rupandehi,Tillotama Nagarpalika,27.58,83.48,6.64,2.05,0.1,93.57,100.73,37.1,20.02,42.34,11.78,3.25,3.34,direct_overlay,False,0,direct_overlay,18.0442347077649,40.75,46.785,30.219,1630.0,6370.0,300.0
Province 5,Rupandehi,Tillotama Nagarpalika,27.58,83.5,6.42,2.15,0.11,102.09,77.76,38.46,18.51,43.8,11.7,3.47,3.34,direct_overlay,False,0,direct_overlay,17.07048163269722,43.25,51.045,23.328,1730.0,6270.0,300.0
Province 5,Rupandehi,Tillotama Nagarpalika,27.58,83.52,6.47,1.92,0.1,78.51,92.67,35.65,17.93,47.03,11.7,3.47,3.34,direct_overlay,False,0,direct_overlay,11.290945544450931,38.8,39.255,27.801,1552.0,6448.0,300.0
Province 5,Rupandehi,Tillotama Nagarpalika,27.58,83.54,6.55,1.82,0.1,74.73,95.64,33.84,17.59,50.31,11.7,3.47,3.34,direct_overlay,False,0,direct_overlay,7.434550655867993,37.3,37.365,28.692,1492.0,6508.0,300.0
Province 5,Rupandehi,Devdaha Nagarpalika,27.58,83.56,6.7,1.85,0.1,75.61,93.11,30.71,19.81,49.45,11.7,3.47,3.34,direct_overlay,False,0,direct_overlay,14.263006260338459,37.75,37.805,27.933,1510.0,6490.0,300.0
Province 5,Rupandehi,Devdaha Nagarpalika,27.58,83.58,6.61,1.7,0.1,70.02,85.26,32.05,17.26,50.31,11.7,3.47,3.34,direct_overlay,False,0,direct_overlay,7.197550655837993,35.5,35.01,25.578,1420.0,6580.0,300.0
Province 5,Nawalparasi_w,Sunwal Nagarpalika,27.58,83.6,6.8,1.72,0.1,64.11,102.21,35.67,17.57,49.06,9.74,2.89,3.34,direct_overlay,False,0,direct_overlay,9.192322240345685,35.8,32.055,30.662999999999997,1432.0,6568.0,300.0
Province 5,Nawalparasi_w,Ramgram Nagarpalika,27.58,83.62,7.07,1.61,0.09,58.3,91.43,29.79,17.18,54.89,9.74,2.89,3.34,direct_overlay,False,0,direct_overlay,12.670498944172833,33.150000000000006,29.15,27.429000000000002,1326.0000000000002,6674.0,300.0
Province 5,Nawalparasi_w,Sunwal Nagarpalika,27.58,83.64,7.33,1.69,0.1,54.66,100.89,28.06,17.41,56.52,9.45,3.62,3.34,direct_overlay,False,0,direct_overlay,11.830498944172833,35.349999999999994,27.33,30.267,1413.9999999999998,6586.0,300.0
Province 5,Nawalparasi_w,Sunwal Nagarpalika,27.58,83.66,7.38,1.68,0.1,38.94,102.4,31.27,19.75,50.44,9.45,3.62,3.34,direct_overlay,False,0,direct_overlay,12.194498944172834,35.2,19.47,30.72,1408.0,6592.0,300.0
Province 5,Nawalparasi_w,Sunwal Nagarpalika,27.58,83.68,7.58,2.04,0.1,23.69,94.93,34.25,19.56,45.68,9.45,3.62,3.34,direct_overlay,False,0,direct_overlay,12.681030708196268,40.6,11.845,28.479000000000003,1624.0,6376.0,300.0
Province 5,Nawalparasi_w,Sunwal Nagarpalika,27.58,83.7,7.22,1.74,0.16,40.97,100.83,40.01,17.18,37.98,7.289999999999999,3.62,3.34,direct_overlay,False,0,direct_overlay,14.012029184489986,42.1,20.485,30.249,1684.0,6316.0,300.0
Province 5,Nawalparasi_w,Sunwal Nagarpalika,27.58,83.72,7.42,1.72,0.1,27.96,101.82,39.6,18.18,33.28,9.45,3.62,3.34,direct_overlay,False,0,direct_overlay,12.408248944172833,35.8,13.98,30.545999999999996,1432.0,6568.0,300.0
Province 5,Nawalparasi_w,Sarawal Gaunpalika,27.58,83.74,7.29,1.77,0.1,24.46,105.96,42.99,18.47,31.34,9.45,3.62,3.34,direct_overlay,False,0,direct_overlay,13.245248944172834,36.55,12.23,31.787999999999997,1462.0,6538.0,300.0
Province 5,Nawalparasi_w,Bardaghat Nagarpalika,27.58,83.76,7.04,2.15,0.11,30.99,104.41,51.5,15.28,30.39,9.45,3.62,3.34,direct_overlay,False,0,direct_overlay,9.510206519931405,43.25,15.495,31.322999999999997,1730.0,6270.0,300.0
Province 5,Kapilbastu,Bijayanagar Gaunpalika,27.6,82.76,7.22,1.7,0.09,34.43,236.27,25.4,11.24,67.12,9.45,3.62,3.34,direct_overlay,False,0,direct_overlay,12.328498944172832,34.5,17.215,70.881,1380.0,6620.0,300.0
Province 5,Kapilbastu,Bijayanagar Gaunpalika,27.6,82.78,6.94,1.58,0.08,21.34,161.0,16.63,13.0,72.32,9.45,3.62,3.34,direct_overlay,False,0,direct_overlay,11.495391638994697,31.700000000000003,10.67,48.3,1268.0,6732.0,300.0
Province 5,Kapilbastu,Bijayanagar Gaunpalika,27.6,82.82,7.38,1.68,0.09,30.7,192.97,20.36,14.31,66.24,9.45,3.62,3.34,direct_overlay,False,0,direct_overlay,12.194498944172834,34.2,15.35,57.891,1368.0,6632.0,300.0
Province 5,Kapilbastu,Shivaraj Nagarpalika,27.6,82.84,7.41,2.14,0.11,81.09,277.36,28.06,17.12,56.59,9.74,2.89,3.34,direct_overlay,False,0,direct_overlay,24.24984865758005,43.1,40.545,83.208,1724.0,6276.0,258.80573889842566
Province 5,Kapilbastu,Bijayanagar Gaunpalika,27.6,82.8,7.4,1.7,0.09,32.22,207.54,22.77,13.33,67.06,9.45,3.62,3.34,direct_overlay,False,0,direct_overlay,12.376498944172834,34.5,16.11,62.26199999999999,1380.0,6620.0,300.0
Province 5,Kapilbastu,Shivaraj Nagarpalika,27.6,82.86,7.4,1.7,0.09,57.04,216.52,27.05,17.26,58.22,9.74,2.89,3.34,direct_overlay,False,0,direct_overlay,12.376498944172834,34.5,28.52,64.956,1380.0,6620.0,300.0
Province 5,Kapilbastu,Shivaraj Nagarpalika,27.6,82.9,7.48,1.62,0.09,61.44,207.0,25.73,19.77,51.85,9.74,2.89,3.34,direct_overlay,False,0,direct_overlay,12.780748944172833,33.3,30.72,62.099999999999994,1332.0,6668.0,300.0
Province 5,Kapilbastu,Shivaraj Nagarpalika,27.6,82.88,7.44,1.68,0.1,53.44,216.89,23.17,20.29,55.25,9.45,3.62,3.34,direct_overlay,False,0,direct_overlay,12.162748944172833,35.2,26.72,65.067,1408.0,6592.0,300.0
Province 5,Kapilbastu,Buddhabhumi Nagarpalika,27.6,82.92,7.57,1.77,0.11,68.67,241.45,23.34,25.54,46.7,9.81,2.71,3.34,direct_overlay,False,0,direct_overlay,15.689386047280047,37.55,34.335,72.43499999999999,1502.0,6498.0,300.0
Province 5,Kapilbastu,Buddhabhumi Nagarpalika,27.6,82.94,7.47,1.59,0.09,97.19,232.19,25.69,24.21,47.03,9.81,2.71,3.34,direct_overlay,False,0,direct_overlay,22.40413455220403,32.85,48.595,69.657,1314.0,6686.0,298.42705972064687
Province 5,Kapilbastu,Maharajgunj Nagarpalika,27.6,82.96,6.87,2.08,0.11,167.0,327.67,28.04,25.96,46.67,10.510000000000002,0.9,2.5,direct_overlay,False,0,direct_overlay,22.750015248878732,42.2,83.5,98.301,1688.0,6312.0,277.4503634810133
Province 5,Kapilbastu,Buddhabhumi Nagarpalika,27.6,82.98,7.31,1.73,0.09,162.74,325.55,27.82,18.21,54.31,10.510000000000002,0.9,2.67,direct_overlay,False,0,direct_overlay,32.22571103967702,34.95,81.37,97.665,1398.0,6602.0,204.86747342429368
Province 5,Kapilbastu,Buddhabhumi Nagarpalika,27.6,83.0,7.36,1.79,0.1,174.59,291.52,29.1,18.76,51.78,10.510000000000002,0.9,2.67,direct_overlay,False,0,direct_overlay,28.605609054339673,36.85,87.295,87.45599999999999,1474.0,6526.0,228.1370757603205
Province 5,Kapilbastu,Buddhabhumi Nagarpalika,27.6,83.02,7.25,1.79,0.1,149.54,277.26,29.54,18.3,51.54,10.510000000000002,0.9,3.34,direct_overlay,False,0,direct_overlay,22.112635456503664,36.85,74.77,83.178,1474.0,6526.0,295.1253826273613
Province 5,Kapilbastu,Kapilbastu Nagarpalika,27.6,83.08,7.16,1.73,0.09,87.53,212.86,29.37,15.39,55.05,9.74,2.89,3.34,direct_overlay,False,0,direct_overlay,21.667325803143523,34.95,43.765,63.858000000000004,1398.0,6602.0,300.0
Province 5,Kapilbastu,Kapilbastu Nagarpalika,27.6,83.1,7.05,1.75,0.09,45.68,171.04,30.54,12.96,56.4,9.45,3.62,3.34,direct_overlay,False,0,direct_overlay,12.266248944172833,35.25,22.84,51.312,1410.0,6590.0,300.0
Province 5,Kapilbastu,Kapilbastu Nagarpalika,27.6,83.12,7.27,1.71,0.09,40.44,162.14,31.15,13.86,55.89,9.45,3.62,3.34,direct_overlay,False,0,direct_overlay,12.408248944172833,34.65,20.22,48.641999999999996,1386.0,6614.0,300.0
Province 5,Kapilbastu,Kapilbastu Nagarpalika,27.6,83.14,7.06,1.96,0.1,54.71,158.34,32.24,16.06,53.45,9.45,3.62,3.34,direct_overlay,False,0,direct_overlay,13.103248944172833,39.4,27.355,47.502,1576.0,6424.0,300.0
Province 5,Kapilbastu,Banganga Nagarpalika,27.6,83.16,6.95,2.05,0.11,82.02,137.03,34.08,16.55,48.72,9.74,2.89,3.34,direct_overlay,False,0,direct_overlay,11.643412531961976,41.75,41.01,41.109,1670.0,6330.0,300.0
Province 5,Kapilbastu,Banganga Nagarpalika,27.6,83.18,7.04,2.19,0.11,68.34,110.75,33.65,19.23,46.49,9.74,2.89,3.34,direct_overlay,False,0,direct_overlay,7.857693974057549,43.85,34.17,33.225,1754.0,6246.0,300.0
Province 5,Kapilbastu,Banganga Nagarpalika,27.6,83.2,6.72,2.0,0.11,64.33,86.26,35.17,16.54,47.53,9.74,2.89,3.34,direct_overlay,False,0,direct_overlay,4.746574454777897,41.0,32.165,25.878,1640.0,6360.0,300.0
Province 5,Kapilbastu,Banganga Nagarpalika,27.6,83.22,6.69,1.72,0.1,62.51,97.02,36.11,15.31,48.55,9.74,2.89,3.34,direct_overlay,False,0,direct_overlay,10.304405573675686,35.8,31.255,29.105999999999998,1432.0,6568.0,300.0
Province 5,Rupandehi,Gaidahawa Gaunpalika,27.6,83.24,6.77,1.7,0.09,51.94,72.9,34.82,15.31,48.72,11.36,4.34,3.34,direct_overlay,False,0,direct_overlay,9.192322240345685,34.5,25.97,21.87,1380.0,6620.0,300.0
Province 5,Rupandehi,Gaidahawa Gaunpalika,27.6,83.28,6.77,1.72,0.1,68.43,105.77,37.04,17.86,46.97,11.7,3.47,3.34,direct_overlay,False,0,direct_overlay,7.722409798607791,35.8,34.215,31.730999999999998,1432.0,6568.0,300.0
Province 5,Rupandehi,Kanchan Gaunpalika,27.6,83.26,6.77,1.58,0.09,53.39,82.31,34.67,16.2,50.09,11.36,4.34,3.34,direct_overlay,False,0,direct_overlay,9.596572240345687,32.7,26.695,24.693,1308.0,6692.0,300.0
Province 5,Rupandehi,Gaidahawa Gaunpalika,27.6,83.3,6.7,1.62,0.09,59.96,76.99,34.97,15.28,48.6,11.7,3.47,3.34,direct_overlay,False,0,direct_overlay,13.741322240345688,33.3,29.98,23.096999999999998,1332.0,6668.0,300.0
Province 5,Rupandehi,Gaidahawa Gaunpalika,27.6,83.32,6.9,1.78,0.1,73.07,115.07,34.99,17.83,46.43,11.7,3.47,3.34,direct_overlay,False,0,direct_overlay,12.763182511919169,36.7,36.535,34.520999999999994,1468.0,6532.0,300.0
Province 5,Rupandehi,Sudhdhodhan Gaunpalika,27.6,83.34,6.91,1.81,0.1,70.59,77.43,35.89,17.83,45.58,11.7,3.47,3.34,direct_overlay,False,0,direct_overlay,12.079682511889171,37.150000000000006,35.295,23.229000000000003,1486.0000000000002,6514.0,300.0
Province 5,Rupandehi,Sudhdhodhan Gaunpalika,27.6,83.36,6.98,1.87,0.1,77.75,92.52,37.17,18.97,44.68,11.7,3.47,3.34,direct_overlay,False,0,direct_overlay,16.285965495740204,38.05,38.875,27.755999999999997,1522.0,6478.0,300.0
Province 5,Rupandehi,Siyari Gaunpalika,27.6,83.38,6.72,1.86,0.1,76.5,94.95,36.15,19.13,45.51,11.7,3.47,3.34,direct_overlay,False,0,direct_overlay,13.940897564686287,37.900000000000006,38.25,28.485,1516.0000000000002,6484.0,300.0
Province 5,Rupandehi,Siyari Gaunpalika,27.6,83.4,6.71,1.85,0.11,77.28,99.65,34.57,20.04,45.13,11.78,3.25,3.34,direct_overlay,False,0,direct_overlay,15.750258675797397,38.75,38.64,29.895,1550.0,6450.0,300.0
Province 5,Rupandehi,Tillotama Nagarpalika,27.6,83.44,6.79,1.82,0.1,76.39,91.12,37.09,19.89,42.93,11.7,3.47,3.34,direct_overlay,False,0,direct_overlay,13.796897564686285,37.3,38.195,27.336000000000002,1492.0,6508.0,300.0
Province 5,Rupandehi,Tillotama Nagarpalika,27.6,83.46,6.53,1.82,0.1,67.76,78.21,35.43,18.49,44.55,11.7,3.47,3.34,direct_overlay,False,0,direct_overlay,7.008207778372436,37.3,33.88,23.462999999999997,1492.0,6508.0,300.0
Province 5,Rupandehi,Tillotama Nagarpalika,27.6,83.48,6.61,1.87,0.1,82.08,86.96,36.63,18.7,43.16,11.7,3.47,3.34,direct_overlay,False,0,direct_overlay,16.48433840566398,38.05,41.04,26.087999999999997,1522.0,6478.0,300.0
Province 5,Rupandehi,Tillotama Nagarpalika,27.6,83.5,6.51,1.89,0.1,80.25,58.61,36.22,16.67,46.78,11.7,3.47,3.34,direct_overlay,False,0,direct_overlay,26.198303913380588,38.349999999999994,40.125,17.583,1533.9999999999998,6466.0,246.80987064576874
Province 5,Rupandehi,Tillotama Nagarpalika,27.6,83.52,6.35,1.8,0.1,83.75,55.47,37.51,15.43,46.89,11.7,3.47,3.34,direct_overlay,False,0,direct_overlay,17.158592607348936,37.0,41.875,16.641,1480.0,6520.0,300.0
Province 5,Rupandehi,Tillotama Nagarpalika,27.6,83.54,6.3,1.69,0.09,74.61,66.85,36.29,14.11,49.4,11.7,3.47,3.34,direct_overlay,False,0,direct_overlay,7.072467322501326,34.349999999999994,37.305,20.054999999999996,1373.9999999999998,6626.0,300.0
Province 5,Rupandehi,Devdaha Nagarpalika,27.6,83.56,6.4,1.64,0.09,67.99,73.03,36.49,15.64,48.47,11.7,3.47,3.34,direct_overlay,False,0,direct_overlay,7.68812444500577,33.599999999999994,33.995,21.909,1343.9999999999998,6656.0,300.0
Province 5,Nawalparasi_w,Sunwal Nagarpalika,27.6,83.58,6.55,1.71,0.1,63.5,80.9,35.67,15.66,49.06,9.74,2.89,3.34,direct_overlay,False,0,direct_overlay,8.542322601097478,35.65,31.75,24.27,1426.0,6574.0,300.0
Province 5,Nawalparasi_w,Sunwal Nagarpalika,27.6,83.64,7.04,1.67,0.1,44.75,93.56,35.93,15.43,48.22,9.45,3.62,3.34,direct_overlay,False,0,direct_overlay,12.052498944172834,35.05,22.375,28.068,1402.0,6598.0,300.0
Province 5,Nawalparasi_w,Sunwal Nagarpalika,27.6,83.66,6.98,1.79,0.12,49.78,119.93,39.48,13.83,45.63,9.45,3.62,3.34,direct_overlay,False,0,direct_overlay,10.59899959349015,38.85,24.89,35.979,1554.0,6446.0,300.0
Province 5,Nawalparasi_w,Sunwal Nagarpalika,27.6,83.68,6.88,2.02,0.11,40.79,130.81,43.58,15.15,41.13,9.45,3.62,3.34,direct_overlay,False,0,direct_overlay,7.447077371281262,41.3,20.395,39.243,1652.0,6348.0,300.0
Province 5,Nawalparasi_w,Sunwal Nagarpalika,27.6,83.7,7.18,1.6,0.09,35.21,102.09,40.27,16.42,39.34,9.45,3.62,3.34,direct_overlay,False,0,direct_overlay,12.670498944172833,33.0,17.605,30.627,1320.0,6680.0,300.0
Province 5,Nawalparasi_w,Sunwal Nagarpalika,27.6,83.72,7.23,1.88,0.1,28.49,142.47,42.9,14.89,35.97,9.45,3.62,3.34,direct_overlay,False,0,direct_overlay,13.103248944172833,38.2,14.245,42.741,1528.0,6472.0,300.0
Province 5,Nawalparasi_w,Bardaghat Nagarpalika,27.6,83.76,6.49,2.49,0.11,51.6,150.07,55.49,13.24,29.71,9.45,3.62,3.34,direct_overlay,False,0,direct_overlay,11.846336190942523,48.35,25.8,45.020999999999994,1934.0,6066.0,300.0
Province 5,Nawalparasi_w,Bardaghat Nagarpalika,27.6,83.78,6.51,2.83,0.12,66.48,209.24,56.11,14.5,34.36,9.74,2.89,3.34,direct_overlay,False,0,direct_overlay,11.294819921096744,54.45,33.24,62.772,2178.0,5822.0,300.0
Province 5,Kapilbastu,Bijayanagar Gaunpalika,27.62,82.74,7.27,1.89,0.1,46.89,274.57,26.43,11.77,65.58,9.45,3.62,3.34,direct_overlay,False,0,direct_overlay,11.461925378860382,38.349999999999994,23.445,82.371,1533.9999999999998,6466.0,300.0
Province 5,Kapilbastu,Bijayanagar Gaunpalika,27.62,82.76,7.21,1.81,0.09,43.75,247.71,29.4,10.36,65.47,9.45,3.62,3.34,direct_overlay,False,0,direct_overlay,13.165498944172832,36.150000000000006,21.875,74.313,1446.0000000000002,6554.0,300.0
Province 5,Kapilbastu,Bijayanagar Gaunpalika,27.62,82.78,7.03,1.68,0.09,30.06,163.49,20.65,13.7,67.37,9.45,3.62,3.34,direct_overlay,False,0,direct_overlay,12.171498944172836,34.2,15.03,49.047000000000004,1368.0,6632.0,300.0
Province 5,Kapilbastu,Bijayanagar Gaunpalika,27.62,82.8,7.14,1.72,0.09,41.09,193.22,23.93,13.25,65.54,9.45,3.62,3.34,direct_overlay,False,0,direct_overlay,12.266248944172833,34.8,20.545,57.965999999999994,1392.0,6608.0,300.0
Province 5,Kapilbastu,Shivaraj Nagarpalika,27.62,82.84,7.28,1.81,0.1,56.61,217.82,23.18,18.73,58.55,9.74,2.89,3.34,direct_overlay,False,0,direct_overlay,13.213498944172834,37.150000000000006,28.305,65.34599999999999,1486.0000000000002,6514.0,300.0
Province 5,Kapilbastu,Bijayanagar Gaunpalika,27.62,82.82,7.3,1.67,0.09,62.69,241.38,24.84,16.38,60.5,9.74,2.89,3.34,direct_overlay,False,0,direct_overlay,12.256748944172834,34.05,31.345,72.414,1362.0,6638.0,300.0
Province 5,Kapilbastu,Shivaraj Nagarpalika,27.62,82.86,7.38,1.64,0.09,70.18,264.41,29.39,17.69,55.85,9.74,2.89,3.34,direct_overlay,False,0,direct_overlay,12.027488672439617,33.599999999999994,35.09,79.32300000000001,1343.9999999999998,6656.0,300.0
Province 5,Kapilbastu,Shivaraj Nagarpalika,27.62,82.88,7.35,1.8,0.1,57.84,227.72,23.92,20.85,53.63,9.81,2.71,3.34,direct_overlay,False,0,direct_overlay,13.213498944172834,37.0,28.92,68.316,1480.0,6520.0,300.0
Province 5,Kapilbastu,Shivaraj Nagarpalika,27.62,82.9,7.37,1.64,0.09,76.6,248.28,29.39,18.81,51.13,9.74,2.89,3.34,direct_overlay,False,0,direct_overlay,16.982052329920517,33.599999999999994,38.3,74.484,1343.9999999999998,6656.0,300.0
Province 5,Kapilbastu,Shivaraj Nagarpalika,27.62,82.92,7.47,1.68,0.1,88.1,272.35,24.97,24.54,47.03,9.81,2.71,3.34,direct_overlay,False,0,direct_overlay,20.826396108878633,35.2,44.05,81.705,1408.0,6592.0,300.0
Province 5,Kapilbastu,Buddhabhumi Nagarpalika,27.62,82.94,7.37,1.5,0.09,111.99,357.17,32.65,18.84,46.42,9.74,2.89,2.67,direct_overlay,False,0,direct_overlay,28.161346337422952,31.5,55.995,107.151,1260.0,6740.0,239.3351482291659
Province 5,Kapilbastu,Buddhabhumi Nagarpalika,27.62,82.96,7.36,1.54,0.09,114.75,314.7,30.8,19.25,49.66,10.510000000000002,0.9,2.67,direct_overlay,False,0,direct_overlay,22.455071354652137,32.1,57.375,94.41,1284.0,6716.0,299.08611261698843
Province 5,Kapilbastu,Kapilbastu Nagarpalika,27.62,83.08,7.37,1.81,0.1,72.09,187.56,29.31,14.87,56.68,9.74,2.89,3.34,direct_overlay,False,0,direct_overlay,13.11731065041731,37.150000000000006,36.045,56.268,1486.0000000000002,6514.0,300.0
Province 5,Kapilbastu,Kapilbastu Nagarpalika,27.62,83.12,7.23,1.83,0.1,54.32,159.5,28.08,17.34,56.24,9.45,3.62,3.34,direct_overlay,False,0,direct_overlay,13.103248944172833,37.45,27.16,47.85,1498.0,6502.0,300.0
Province 5,Kapilbastu,Banganga Nagarpalika,27.62,83.14,7.06,2.0,0.11,67.79,145.77,33.62,15.56,50.94,9.74,2.89,3.34,direct_overlay,False,0,direct_overlay,8.654915186191097,41.0,33.895,43.731,1640.0,6360.0,300.0
Province 5,Kapilbastu,Banganga Nagarpalika,27.62,83.16,6.82,1.9,0.11,84.57,129.27,35.97,15.97,47.57,9.74,2.89,3.34,direct_overlay,False,0,direct_overlay,17.1184564307547,39.5,42.285,38.781,1580.0,6420.0,300.0
Province 5,Kapilbastu,Banganga Nagarpalika,27.62,83.18,6.71,2.09,0.12,89.03,122.05,36.92,18.01,47.03,9.74,2.89,3.34,direct_overlay,False,0,direct_overlay,16.281490333432785,43.349999999999994,44.515,36.614999999999995,1733.9999999999998,6266.0,300.0
Province 5,Rupandehi,Kanchan Gaunpalika,27.62,83.24,6.78,1.59,0.09,54.84,70.06,34.43,16.16,49.82,11.36,4.34,3.34,direct_overlay,False,0,direct_overlay,9.596572240345687,32.85,27.42,21.018,1314.0,6686.0,300.0
Province 5,Rupandehi,Kanchan Gaunpalika,27.62,83.26,6.79,1.64,0.09,51.18,63.54,33.91,16.34,48.77,11.36,4.34,3.34,direct_overlay,False,0,direct_overlay,9.596572240345687,33.599999999999994,25.59,19.061999999999998,1343.9999999999998,6656.0,300.0
Province 5,Rupandehi,Gaidahawa Gaunpalika,27.62,83.28,6.87,1.61,0.09,66.57,91.78,35.91,17.47,47.08,11.7,3.47,3.34,direct_overlay,False,0,direct_overlay,11.168498583442473,33.150000000000006,33.285,27.534,1326.0000000000002,6674.0,300.0
Province 5,Rupandehi,Kanchan Gaunpalika,27.62,83.3,6.95,1.7,0.09,68.08,62.07,36.2,18.09,46.06,11.7,3.47,3.34,direct_overlay,False,0,direct_overlay,10.90351028969584,34.5,34.04,18.621,1380.0,6620.0,300.0
Province 5,Rupandehi,Gaidahawa Gaunpalika,27.62,83.32,6.86,1.79,0.1,68.07,65.25,34.97,19.84,45.86,11.7,3.47,3.34,direct_overlay,False,0,direct_overlay,11.00291100944204,36.85,34.035,19.575,1474.0,6526.0,300.0
Province 5,Rupandehi,Sudhdhodhan Gaunpalika,27.62,83.36,6.95,1.85,0.1,68.79,69.14,34.87,19.91,45.41,11.7,3.47,3.34,direct_overlay,False,0,direct_overlay,11.988543622995838,37.75,34.395,20.742,1510.0,6490.0,300.0
Province 5,Rupandehi,Sudhdhodhan Gaunpalika,27.62,83.38,6.97,1.73,0.09,68.56,77.88,35.96,19.84,44.58,11.7,3.47,3.34,direct_overlay,False,0,direct_overlay,10.90351028969584,34.95,34.28,23.363999999999997,1398.0,6602.0,300.0
Province 5,Rupandehi,Sudhdhodhan Gaunpalika,27.62,83.34,6.82,1.67,0.09,60.57,78.69,34.22,19.59,45.88,11.7,3.47,3.34,direct_overlay,False,0,direct_overlay,8.978572240345686,34.05,30.285,23.607,1362.0,6638.0,300.0
Province 5,Rupandehi,Siyari Gaunpalika,27.62,83.4,6.75,1.67,0.1,67.83,83.2,36.39,18.46,45.25,11.7,3.47,3.34,direct_overlay,False,0,direct_overlay,7.50865979860779,35.05,33.915,24.96,1402.0,6598.0,300.0
Province 5,Rupandehi,Sudhdhodhan Gaunpalika,27.62,83.42,6.84,1.99,0.1,84.8,87.91,36.77,20.76,43.64,11.78,3.25,3.34,direct_overlay,False,0,direct_overlay,21.425324720201772,39.85,42.4,26.372999999999998,1594.0,6406.0,298.99196785380957
Province 5,Rupandehi,Tillotama Nagarpalika,27.62,83.46,6.67,1.88,0.1,73.29,81.34,35.99,18.5,45.02,11.7,3.47,3.34,direct_overlay,False,0,direct_overlay,9.295252676070014,38.2,36.645,24.402,1528.0,6472.0,300.0
Province 5,Rupandehi,Tillotama Nagarpalika,27.62,83.44,6.71,1.75,0.1,60.95,75.71,35.0,18.79,45.79,11.7,3.47,3.34,direct_overlay,False,0,direct_overlay,12.284572240345689,36.25,30.475,22.712999999999997,1450.0,6550.0,300.0
Province 5,Rupandehi,Tillotama Nagarpalika,27.62,83.48,6.58,1.79,0.1,69.24,67.94,38.09,17.47,44.05,11.7,3.47,3.34,direct_overlay,False,0,direct_overlay,7.31541176694466,36.85,34.62,20.381999999999998,1474.0,6526.0,300.0
Province 5,Rupandehi,Tillotama Nagarpalika,27.62,83.5,6.44,1.79,0.09,69.22,60.29,37.44,16.53,45.12,11.7,3.47,3.34,direct_overlay,False,0,direct_overlay,7.740078433577994,35.85,34.61,18.087,1434.0,6566.0,300.0
Province 5,Rupandehi,Tillotama Nagarpalika,27.62,83.52,6.35,1.86,0.1,84.87,64.27,37.0,16.49,46.31,11.7,3.47,3.34,direct_overlay,False,0,direct_overlay,17.587131585579172,37.900000000000006,42.435,19.281,1516.0000000000002,6484.0,300.0
Province 5,Rupandehi,Devdaha Nagarpalika,27.62,83.56,6.33,1.69,0.1,66.84,67.63,35.84,14.63,48.86,11.7,3.47,3.34,direct_overlay,False,0,direct_overlay,8.298231331237002,35.349999999999994,33.42,20.288999999999998,1413.9999999999998,6586.0,300.0
Province 5,Rupandehi,Devdaha Nagarpalika,27.62,83.58,6.37,1.7,0.09,56.74,60.69,36.41,16.85,47.36,11.7,3.47,3.34,direct_overlay,False,0,direct_overlay,9.036822601097477,34.5,28.37,18.206999999999997,1380.0,6620.0,300.0
Province 5,Nawalparasi_w,Sunwal Nagarpalika,27.62,83.64,6.62,1.69,0.1,43.91,101.91,41.15,15.21,43.68,9.45,3.62,3.34,direct_overlay,False,0,direct_overlay,7.964572601097478,35.349999999999994,21.955,30.572999999999997,1413.9999999999998,6586.0,300.0
Province 5,Nawalparasi_w,Sunwal Nagarpalika,27.62,83.66,6.72,1.83,0.1,44.41,115.95,42.66,14.77,42.04,9.45,3.62,3.34,direct_overlay,False,0,direct_overlay,10.161322240345687,37.45,22.205,34.785,1498.0,6502.0,300.0
Province 5,Nawalparasi_w,Bardaghat Nagarpalika,27.62,83.78,6.45,2.98,0.11,53.03,202.1,58.66,13.03,31.08,9.45,3.62,3.34,direct_overlay,False,0,direct_overlay,12.102776540010746,55.7,26.515,60.629999999999995,2228.0,5772.0,300.0
Province 5,Kapilbastu,Bijayanagar Gaunpalika,27.64,82.78,7.09,1.78,0.09,42.0,193.48,26.17,12.21,66.7,9.45,3.62,3.34,direct_overlay,False,0,direct_overlay,13.103248944172833,35.7,21.0,58.044,1428.0,6572.0,300.0
Province 5,Kapilbastu,Bijayanagar Gaunpalika,27.64,82.8,7.19,2.0,0.11,79.2,345.61,30.07,17.07,61.87,9.74,2.89,2.67,direct_overlay,False,0,direct_overlay,21.29199954037214,41.0,39.6,103.683,1640.0,6360.0,298.7037449414129
Province 5,Kapilbastu,Shivaraj Nagarpalika,27.64,82.88,7.38,1.66,0.09,81.28,301.15,28.73,17.47,53.72,9.74,2.89,2.67,direct_overlay,False,0,direct_overlay,29.309314862641042,33.9,40.64,90.34499999999998,1356.0,6644.0,226.68561278683242
Province 5,Kapilbastu,Shivaraj Nagarpalika,27.64,82.84,7.34,1.68,0.09,72.07,272.95,29.5,16.27,57.68,9.74,2.89,3.34,direct_overlay,False,0,direct_overlay,9.907082087363102,34.2,36.035,81.88499999999999,1368.0,6632.0,300.0
Province 5,Kapilbastu,Shivaraj Nagarpalika,27.64,82.86,7.32,1.77,0.1,66.48,241.38,25.67,18.36,56.42,9.74,2.89,3.34,direct_overlay,False,0,direct_overlay,13.136582277492835,36.55,33.24,72.414,1462.0,6538.0,300.0
Province 5,Kapilbastu,Shivaraj Nagarpalika,27.64,82.9,7.43,1.75,0.1,89.1,270.64,29.59,20.02,49.59,9.81,2.71,3.34,direct_overlay,False,0,direct_overlay,20.887396108878633,36.25,44.55,81.192,1450.0,6550.0,300.0
Province 5,Kapilbastu,Buddhabhumi Nagarpalika,27.64,82.98,7.37,1.85,0.11,180.34,366.13,29.62,24.01,45.67,10.510000000000002,0.9,2.5,direct_overlay,False,0,direct_overlay,29.457812635554045,38.75,90.17,109.839,1550.0,6450.0,218.95719413379615
Province 5,Kapilbastu,Buddhabhumi Nagarpalika,27.64,82.96,7.28,1.57,0.1,130.22,382.14,32.44,19.17,47.78,10.510000000000002,0.9,2.67,direct_overlay,False,0,direct_overlay,25.63738278015049,33.55,65.11,114.642,1342.0,6658.0,259.6988958309308
Province 5,Kapilbastu,Buddhabhumi Nagarpalika,27.64,83.0,7.34,1.82,0.1,179.58,385.67,31.8,19.93,47.9,10.510000000000002,0.9,2.67,direct_overlay,False,0,direct_overlay,30.688740078005402,37.3,89.79,115.701,1492.0,6508.0,212.0647502457841
Province 5,Kapilbastu,Buddhabhumi Nagarpalika,27.64,83.02,7.22,1.77,0.11,242.81,376.58,29.54,20.2,48.79,10.510000000000002,0.9,2.5,direct_overlay,False,0,direct_overlay,32.3842837003464,37.55,121.405,112.97399999999999,1502.0,6498.0,200.65288644721494
Province 5,Kapilbastu,Kapilbastu Nagarpalika,27.64,83.1,7.45,1.93,0.11,53.53,164.34,30.07,16.33,55.89,9.45,3.62,3.34,direct_overlay,False,0,direct_overlay,12.607248944172834,39.95,26.765,49.302,1598.0,6402.0,300.0
Province 5,Kapilbastu,Banganga Nagarpalika,27.64,83.14,7.13,1.93,0.12,106.93,162.09,35.46,17.48,47.01,9.74,2.89,3.34,direct_overlay,False,0,direct_overlay,19.074057696621644,40.95,53.465,48.627,1638.0,6362.0,300.0
Province 5,Kapilbastu,Banganga Nagarpalika,27.64,83.12,7.01,1.62,0.1,86.08,158.5,34.38,14.46,52.11,9.74,2.89,3.34,direct_overlay,False,0,direct_overlay,22.786180195642384,34.3,43.04,47.55,1372.0,6628.0,290.8780648222704
Province 5,Kapilbastu,Banganga Nagarpalika,27.64,83.16,6.86,2.66,0.15,92.66,118.2,38.18,17.98,44.7,9.74,2.89,3.34,direct_overlay,False,0,direct_overlay,22.6191831864613,54.900000000000006,46.33,35.46,2196.0,5804.0,256.5963568248557
Province 5,Kapilbastu,Banganga Nagarpalika,27.64,83.18,6.77,2.63,0.14,101.45,123.3,37.6,19.78,42.98,9.74,2.89,3.34,direct_overlay,False,0,direct_overlay,22.674046299099146,53.449999999999996,50.725,36.989999999999995,2138.0,5862.0,258.5334757931098
Province 5,Kapilbastu,Banganga Nagarpalika,27.64,83.22,6.95,1.77,0.1,82.08,103.51,36.89,19.2,44.37,9.74,2.89,3.34,direct_overlay,False,0,direct_overlay,21.267300181546876,36.55,41.04,31.053,1462.0,6538.0,300.0
Province 5,Rupandehi,Kanchan Gaunpalika,27.64,83.24,7.0,1.67,0.09,69.9,93.22,36.53,18.05,44.94,11.7,3.47,3.34,direct_overlay,False,0,direct_overlay,12.325127317083975,34.05,34.95,27.965999999999998,1362.0,6638.0,300.0
Province 5,Rupandehi,Kanchan Gaunpalika,27.64,83.26,6.87,1.83,0.1,76.27,86.15,38.35,18.37,44.7,11.7,3.47,3.34,direct_overlay,False,0,direct_overlay,15.591966215486407,37.45,38.135,25.845000000000002,1498.0,6502.0,300.0
Province 5,Rupandehi,Kanchan Gaunpalika,27.64,83.28,6.86,1.6,0.09,63.05,63.77,35.78,18.53,46.33,11.7,3.47,3.34,direct_overlay,False,0,direct_overlay,11.339415250122473,33.0,31.525,19.131,1320.0,6680.0,300.0
Province 5,Rupandehi,Gaidahawa Gaunpalika,27.64,83.3,6.77,1.89,0.11,81.25,126.45,38.15,19.07,43.47,11.7,3.47,3.34,direct_overlay,False,0,direct_overlay,28.053149294110522,39.349999999999994,40.625,37.935,1573.9999999999998,6426.0,229.0651909569766
Province 5,Rupandehi,Gaidahawa Gaunpalika,27.64,83.32,6.83,1.8,0.1,64.03,74.74,33.92,20.69,45.25,11.78,3.25,3.34,direct_overlay,False,0,direct_overlay,10.029322240345685,37.0,32.015,22.421999999999997,1480.0,6520.0,300.0
Province 5,Rupandehi,Sudhdhodhan Gaunpalika,27.64,83.34,6.85,1.73,0.09,62.76,61.69,32.63,20.42,46.6,11.78,3.25,3.34,direct_overlay,False,0,direct_overlay,9.192322240345685,34.95,31.38,18.506999999999998,1398.0,6602.0,300.0
Province 5,Rupandehi,Sudhdhodhan Gaunpalika,27.64,83.36,6.95,1.68,0.09,60.88,60.58,35.27,20.05,44.75,11.78,3.25,3.34,direct_overlay,False,0,direct_overlay,11.156870805644695,34.2,30.44,18.174,1368.0,6632.0,300.0
Province 5,Rupandehi,Sudhdhodhan Gaunpalika,27.64,83.38,6.96,1.68,0.09,66.39,60.83,35.62,19.34,45.44,11.7,3.47,3.34,direct_overlay,False,0,direct_overlay,10.985954138964695,34.2,33.195,18.249,1368.0,6632.0,300.0
Province 5,Rupandehi,Sudhdhodhan Gaunpalika,27.64,83.42,6.98,1.87,0.09,71.23,71.37,37.05,18.67,44.11,11.7,3.47,3.34,direct_overlay,False,0,direct_overlay,12.101682511889171,37.05,35.615,21.411,1482.0,6518.0,300.0
Province 5,Rupandehi,Sudhdhodhan Gaunpalika,27.64,83.4,7.01,1.8,0.1,69.12,82.76,37.43,19.61,43.85,11.7,3.47,3.34,direct_overlay,False,0,direct_overlay,12.839738428190639,37.0,34.56,24.828,1480.0,6520.0,300.0
Province 5,Rupandehi,Tillotama Nagarpalika,27.64,83.46,6.49,1.89,0.1,69.38,76.74,37.59,17.21,45.31,11.7,3.47,3.34,direct_overlay,False,0,direct_overlay,7.245578433577992,38.349999999999994,34.69,23.022,1533.9999999999998,6466.0,300.0
Province 5,Rupandehi,Butwal Upamahanagarpalika,27.64,83.44,6.68,1.88,0.1,66.68,71.59,38.41,18.03,43.77,11.7,3.47,3.34,direct_overlay,False,0,direct_overlay,10.543488906995686,38.2,33.34,21.477,1528.0,6472.0,300.0
Province 5,Rupandehi,Tillotama Nagarpalika,27.64,83.48,6.46,1.87,0.1,68.84,69.33,38.85,16.98,43.39,11.7,3.47,3.34,direct_overlay,False,0,direct_overlay,7.740078433577994,38.05,34.42,20.799,1522.0,6478.0,300.0
Province 5,Rupandehi,Tillotama Nagarpalika,27.64,83.52,6.36,1.76,0.09,71.69,91.85,40.85,15.46,46.02,11.7,3.47,3.34,direct_overlay,False,0,direct_overlay,7.8312173224713275,35.4,35.845,27.554999999999996,1416.0,6584.0,300.0
Province 5,Rupandehi,Devdaha Nagarpalika,27.64,83.54,6.31,1.73,0.1,65.99,74.12,37.8,14.66,46.93,11.7,3.47,3.34,direct_overlay,False,0,direct_overlay,8.875981331237002,35.95,32.995,22.236,1438.0,6562.0,300.0
Province 5,Rupandehi,Devdaha Nagarpalika,27.64,83.58,6.2,1.69,0.09,43.23,70.28,39.16,13.49,46.68,11.36,4.34,3.34,direct_overlay,False,0,direct_overlay,8.459072601097478,34.349999999999994,21.615,21.084,1373.9999999999998,6626.0,300.0
Province 5,Nawalparasi_w,Sunwal Nagarpalika,27.64,83.64,6.37,1.93,0.1,46.03,117.33,47.71,11.69,41.4,9.45,3.62,3.34,direct_overlay,False,0,direct_overlay,9.245822601097478,38.95,23.015,35.199,1558.0,6442.0,300.0
Province 5,Kapilbastu,Bijayanagar Gaunpalika,27.66,82.76,7.04,2.22,0.11,61.64,282.25,29.96,10.93,60.34,9.74,2.89,2.67,direct_overlay,False,0,direct_overlay,11.772827002242002,44.300000000000004,30.82,84.675,1772.0000000000002,6228.0,300.0
Province 5,Kapilbastu,Bijayanagar Gaunpalika,27.66,82.78,7.04,1.87,0.1,53.99,209.68,29.27,12.91,60.73,9.45,3.62,3.34,direct_overlay,False,0,direct_overlay,13.071498944172834,38.05,26.995,62.903999999999996,1522.0,6478.0,300.0
Province 5,Kapilbastu,Shivaraj Nagarpalika,27.66,82.82,7.44,1.89,0.1,80.18,295.17,28.87,16.87,59.74,9.74,2.89,2.67,direct_overlay,False,0,direct_overlay,24.768600973664366,38.349999999999994,40.09,88.551,1533.9999999999998,6466.0,261.05632719728834
Province 5,Kapilbastu,Shivaraj Nagarpalika,27.66,82.84,7.33,1.76,0.1,67.44,237.6,25.56,17.44,58.2,9.74,2.89,3.34,direct_overlay,False,0,direct_overlay,11.397671761553982,36.4,33.72,71.28,1456.0,6544.0,300.0
Province 5,Kapilbastu,Shivaraj Nagarpalika,27.66,82.86,7.29,1.65,0.1,75.67,249.37,28.64,16.96,56.09,9.74,2.89,3.34,direct_overlay,False,0,direct_overlay,14.457802329920519,34.75,37.835,74.81099999999999,1390.0,6610.0,300.0
Province 5,Kapilbastu,Buddhabhumi Nagarpalika,27.66,82.96,7.22,1.93,0.11,155.45,423.56,30.82,20.76,48.3,10.510000000000002,0.9,2.5,direct_overlay,False,0,direct_overlay,22.147687961585316,39.95,77.725,127.068,1598.0,6402.0,289.05951768437995
Province 5,Kapilbastu,Buddhabhumi Nagarpalika,27.66,82.98,7.47,1.81,0.1,166.41,428.43,34.3,20.82,45.76,10.510000000000002,0.9,2.5,direct_overlay,False,0,direct_overlay,13.602754839149577,37.150000000000006,83.205,128.529,1486.0000000000002,6514.0,300.0
Province 5,Kapilbastu,Buddhabhumi Nagarpalika,27.66,83.04,7.2,1.89,0.11,168.82,275.59,33.96,18.99,47.11,10.510000000000002,0.9,3.34,direct_overlay,False,0,direct_overlay,24.539920527929283,39.349999999999994,84.41,82.67699999999999,1573.9999999999998,6426.0,261.8590387318681
Province 5,Kapilbastu,Banganga Nagarpalika,27.66,83.14,7.36,2.12,0.13,88.59,154.51,33.72,21.15,43.96,9.81,2.71,3.34,direct_overlay,False,0,direct_overlay,15.35334800614359,44.8,44.295,46.352999999999994,1792.0,6208.0,300.0
Province 5,Kapilbastu,Banganga Nagarpalika,27.66,83.12,7.22,2.03,0.13,80.94,156.84,31.96,20.49,46.68,9.81,2.71,3.34,direct_overlay,False,0,direct_overlay,29.233257532179913,43.449999999999996,40.47,47.052,1737.9999999999998,6262.0,214.20808109075094
Province 5,Kapilbastu,Banganga Nagarpalika,27.66,83.16,7.3,2.27,0.13,89.84,148.18,35.34,19.54,43.94,9.74,2.89,3.34,direct_overlay,False,0,direct_overlay,17.988541423454183,47.05,44.92,44.454,1882.0,6118.0,300.0
Province 5,Kapilbastu,Banganga Nagarpalika,27.66,83.18,7.14,2.28,0.14,117.92,196.82,36.39,20.71,43.08,10.510000000000002,0.9,3.34,direct_overlay,False,0,direct_overlay,20.138798369135092,48.199999999999996,58.96,59.04599999999999,1927.9999999999998,6072.0,300.0
Province 5,Rupandehi,Kanchan Gaunpalika,27.66,83.24,6.97,1.7,0.09,78.55,114.53,35.82,17.67,45.46,11.7,3.47,3.34,direct_overlay,False,0,direct_overlay,15.426965495740204,34.5,39.275,34.359,1380.0,6620.0,300.0
Province 5,Rupandehi,Kanchan Gaunpalika,27.66,83.26,6.8,1.9,0.1,76.33,96.29,37.96,19.37,45.05,11.7,3.47,3.34,direct_overlay,False,0,direct_overlay,13.796897564686285,38.5,38.165,28.887,1540.0,6460.0,300.0
Province 5,Rupandehi,Kanchan Gaunpalika,27.66,83.28,6.86,1.6,0.09,62.5,83.64,38.35,17.73,43.83,11.7,3.47,3.34,direct_overlay,False,0,direct_overlay,11.339415250122473,33.0,31.25,25.092,1320.0,6680.0,300.0
Province 5,Rupandehi,Sainamaina Nagarpalika,27.66,83.3,6.78,1.93,0.1,79.45,120.58,37.77,19.3,42.51,11.7,3.47,3.34,direct_overlay,False,0,direct_overlay,14.142150242453372,38.95,39.725,36.174,1558.0,6442.0,300.0
Province 5,Rupandehi,Sainamaina Nagarpalika,27.66,83.32,7.06,1.69,0.09,60.47,48.96,35.85,18.27,45.77,11.7,3.47,4.17,direct_overlay,False,0,direct_overlay,11.688498944172833,34.349999999999994,30.235,14.687999999999999,1373.9999999999998,6626.0,300.0
Province 5,Rupandehi,Sainamaina Nagarpalika,27.66,83.34,7.09,1.83,0.1,65.78,57.02,34.47,19.47,45.76,11.7,3.47,3.34,direct_overlay,False,0,direct_overlay,12.932332277492833,37.45,32.89,17.106,1498.0,6502.0,300.0
Province 5,Rupandehi,Sainamaina Nagarpalika,27.66,83.36,7.2,1.71,0.09,61.96,61.97,35.75,19.74,44.71,11.7,3.47,3.34,direct_overlay,False,0,direct_overlay,12.266248944172833,34.65,30.98,18.590999999999998,1386.0,6614.0,300.0
Province 5,Rupandehi,Butwal Upamahanagarpalika,27.66,83.38,7.4,1.88,0.1,70.37,64.43,35.26,19.49,45.26,11.7,3.47,3.34,direct_overlay,False,0,direct_overlay,13.11731065041731,38.2,35.185,19.329,1528.0,6472.0,300.0
Province 5,Rupandehi,Butwal Upamahanagarpalika,27.66,83.4,7.32,1.71,0.09,66.26,82.4,35.98,19.72,44.32,11.7,3.47,3.34,direct_overlay,False,0,direct_overlay,12.237332277492833,34.65,33.13,24.720000000000002,1386.0,6614.0,300.0
Province 5,Rupandehi,Butwal Upamahanagarpalika,27.66,83.42,7.2,1.9,0.1,75.36,90.46,35.96,22.24,41.98,11.78,3.25,3.34,direct_overlay,False,0,direct_overlay,13.916552329920519,38.5,37.68,27.137999999999998,1540.0,6460.0,300.0
Province 5,Rupandehi,Butwal Upamahanagarpalika,27.66,83.44,6.78,2.05,0.1,82.07,82.64,37.89,19.56,42.59,11.7,3.47,3.34,direct_overlay,False,0,direct_overlay,12.945759684902983,40.75,41.035,24.791999999999998,1630.0,6370.0,300.0
Province 5,Rupandehi,Tillotama Nagarpalika,27.66,83.46,6.45,2.08,0.11,75.69,87.71,42.45,16.48,41.65,11.7,3.47,3.34,direct_overlay,False,0,direct_overlay,10.113194653665035,42.2,37.845,26.313,1688.0,6312.0,300.0
Province 5,Rupandehi,Devdaha Nagarpalika,27.66,83.58,6.29,2.03,0.16,61.33,133.93,47.43,12.62,43.19,9.09,3.47,3.34,direct_overlay,False,0,direct_overlay,10.84850589093625,46.449999999999996,30.665,40.179,1857.9999999999998,6142.0,300.0
Province 5,Rupandehi,Devdaha Nagarpalika,27.66,83.6,6.32,1.84,0.1,46.32,116.33,46.21,12.52,42.24,11.36,4.34,3.34,direct_overlay,False,0,direct_overlay,9.245822601097478,37.6,23.16,34.899,1504.0,6496.0,300.0
Province 5,Kapilbastu,Shivaraj Nagarpalika,27.68,82.8,7.61,1.95,0.1,81.69,292.44,28.03,15.62,62.65,9.74,2.89,2.67,direct_overlay,False,0,direct_overlay,24.573829598084703,39.25,40.845,87.732,1570.0,6430.0,261.6604780437298
Province 5,Kapilbastu,Shivaraj Nagarpalika,27.68,82.84,7.52,1.91,0.11,94.76,261.24,27.76,18.51,57.38,9.74,2.89,3.34,direct_overlay,False,0,direct_overlay,22.15233865510497,39.65,47.38,78.372,1586.0,6414.0,289.5405356455177
Province 5,Kapilbastu,Buddhabhumi Nagarpalika,27.68,82.98,7.16,1.98,0.11,185.7,467.42,38.14,18.95,44.13,10.510000000000002,0.9,2.67,direct_overlay,False,0,direct_overlay,10.130391124875143,40.7,92.85,140.226,1628.0,6372.0,300.0
Province 5,Kapilbastu,Buddhabhumi Nagarpalika,27.68,83.02,7.38,1.94,0.11,162.19,229.44,33.35,19.94,46.75,10.510000000000002,0.9,3.34,direct_overlay,False,0,direct_overlay,23.909005302486527,40.099999999999994,81.095,68.832,1603.9999999999998,6396.0,267.51426582078756
Province 5,Kapilbastu,Banganga Nagarpalika,27.68,83.12,7.31,2.05,0.12,110.51,235.48,36.01,21.64,44.05,9.81,2.71,3.34,direct_overlay,False,0,direct_overlay,13.976576907267724,42.75,55.255,70.64399999999999,1710.0,6290.0,300.0
Province 5,Kapilbastu,Banganga Nagarpalika,27.68,83.16,7.25,1.87,0.13,111.72,203.4,36.47,20.39,43.23,9.81,2.71,3.34,direct_overlay,False,0,direct_overlay,18.918350710369474,41.05,55.86,61.019999999999996,1642.0,6358.0,300.0
Province 5,Kapilbastu,Banganga Nagarpalika,27.68,83.14,7.16,1.94,0.13,97.74,164.94,31.5,21.4,45.96,9.81,2.71,3.34,direct_overlay,False,0,direct_overlay,19.402829320254074,42.099999999999994,48.87,49.482,1683.9999999999998,6316.0,300.0
Province 5,Kapilbastu,Banganga Nagarpalika,27.68,83.18,7.16,2.06,0.14,103.44,184.36,35.61,22.21,42.97,9.81,2.71,3.34,direct_overlay,False,0,direct_overlay,20.089309506191686,44.900000000000006,51.72,55.308,1796.0000000000002,6204.0,300.0
Province 5,Kapilbastu,Banganga Nagarpalika,27.68,83.2,7.35,2.07,0.13,120.72,213.73,33.12,22.25,43.87,10.510000000000002,0.9,3.34,direct_overlay,False,0,direct_overlay,12.39187491463846,44.05,60.36,64.119,1762.0,6238.0,300.0
Province 5,Rupandehi,Sainamaina Nagarpalika,27.68,83.26,7.08,1.73,0.1,69.0,125.44,39.06,17.72,44.67,11.7,3.47,3.34,direct_overlay,False,0,direct_overlay,12.047171761523973,35.95,34.5,37.632,1438.0,6562.0,300.0
Province 5,Rupandehi,Kanchan Gaunpalika,27.68,83.28,6.83,1.46,0.09,60.32,115.43,39.76,18.63,43.47,11.7,3.47,3.34,direct_overlay,False,0,direct_overlay,9.596572240345687,30.9,30.16,34.629,1236.0,6764.0,300.0
Province 5,Rupandehi,Sainamaina Nagarpalika,27.68,83.3,7.01,1.67,0.09,61.99,98.79,37.57,18.54,44.64,11.7,3.47,3.34,direct_overlay,False,0,direct_overlay,12.008065610839502,34.05,30.995,29.637,1362.0,6638.0,300.0
Province 5,Rupandehi,Sainamaina Nagarpalika,27.68,83.32,7.13,1.68,0.09,65.62,58.47,35.67,17.11,46.15,11.7,3.47,3.34,direct_overlay,False,0,direct_overlay,11.881582277492834,34.2,32.81,17.541,1368.0,6632.0,300.0
Province 5,Rupandehi,Sainamaina Nagarpalika,27.68,83.34,7.32,1.73,0.09,64.02,79.82,36.08,18.75,46.42,11.7,3.47,3.34,direct_overlay,False,0,direct_overlay,12.408248944172833,34.95,32.01,23.945999999999998,1398.0,6602.0,300.0
Province 5,Rupandehi,Sainamaina Nagarpalika,27.68,83.36,7.2,1.88,0.1,67.96,88.34,34.58,20.79,45.4,11.78,3.25,3.34,direct_overlay,False,0,direct_overlay,12.636138428223976,38.2,33.98,26.502,1528.0,6472.0,300.0
Province 5,Rupandehi,Sainamaina Nagarpalika,27.68,83.38,7.25,1.7,0.1,71.89,100.19,39.08,16.68,44.97,11.7,3.47,3.34,direct_overlay,False,0,direct_overlay,12.28031065041731,35.5,35.945,30.057,1420.0,6580.0,300.0
Province 5,Rupandehi,Butwal Upamahanagarpalika,27.68,83.42,7.09,1.85,0.1,67.69,100.71,38.42,18.4,44.1,11.7,3.47,3.34,direct_overlay,False,0,direct_overlay,12.575138428223976,37.75,33.845,30.212999999999997,1510.0,6490.0,300.0
Province 5,Rupandehi,Butwal Upamahanagarpalika,27.68,83.44,6.76,1.92,0.1,73.4,115.23,40.37,17.33,43.44,11.7,3.47,3.34,direct_overlay,False,0,direct_overlay,9.641252676103342,38.8,36.7,34.569,1552.0,6448.0,300.0
Province 5,Rupandehi,Devdaha Nagarpalika,27.68,83.52,6.4,2.21,0.1,56.77,126.35,47.6,12.0,43.08,11.7,3.47,3.34,direct_overlay,False,0,direct_overlay,12.323282772140217,43.15,28.385,37.904999999999994,1726.0,6274.0,300.0
Province 5,Kapilbastu,Shivaraj Nagarpalika,27.7,82.84,7.44,2.06,0.11,92.82,328.22,30.29,19.93,54.33,9.74,2.89,2.67,direct_overlay,False,0,direct_overlay,19.80128669463472,41.900000000000006,46.41,98.46600000000001,1676.0000000000002,6324.0,300.0
Province 5,Kapilbastu,Buddhabhumi Nagarpalika,27.7,83.04,7.2,2.03,0.12,144.81,175.82,37.96,18.97,42.95,10.510000000000002,0.9,3.34,direct_overlay,False,0,direct_overlay,13.922252091026028,42.449999999999996,72.405,52.745999999999995,1697.9999999999998,6302.0,300.0
Province 5,Kapilbastu,Banganga Nagarpalika,27.7,83.12,7.24,1.97,0.13,109.52,200.95,35.03,20.69,43.77,9.81,2.71,3.34,direct_overlay,False,0,direct_overlay,19.15910828612705,42.55,54.76,60.285,1702.0,6298.0,300.0
Province 5,Kapilbastu,Banganga Nagarpalika,27.7,83.14,7.24,1.86,0.13,100.86,185.7,33.04,23.19,44.27,9.81,2.71,3.34,direct_overlay,False,0,direct_overlay,19.279041265730267,40.900000000000006,50.43,55.709999999999994,1636.0000000000002,6364.0,300.0
Province 5,Kapilbastu,Banganga Nagarpalika,27.7,83.16,7.44,2.01,0.15,101.71,243.14,31.8,24.7,43.53,9.81,2.71,3.34,direct_overlay,False,0,direct_overlay,20.97882823368707,45.15,50.855,72.942,1806.0,6194.0,295.2500459512744
Province 5,Kapilbastu,Banganga Nagarpalika,27.7,83.18,7.37,1.95,0.12,91.82,203.58,32.6,23.54,44.53,9.81,2.71,3.34,direct_overlay,False,0,direct_overlay,19.586627882808617,41.25,45.91,61.074,1650.0,6350.0,300.0
Province 5,Kapilbastu,Banganga Nagarpalika,27.7,83.2,7.27,2.02,0.13,99.81,178.68,34.86,21.23,43.16,9.81,2.71,3.34,direct_overlay,False,0,direct_overlay,18.029456446435308,43.3,49.905,53.604,1732.0,6268.0,300.0
Province 5,Rupandehi,Sainamaina Nagarpalika,27.7,83.26,7.14,1.91,0.1,78.92,150.97,37.77,18.44,43.11,11.7,3.47,3.34,direct_overlay,False,0,direct_overlay,17.45144631203543,38.65,39.46,45.291,1546.0,6454.0,300.0
Province 5,Rupandehi,Sainamaina Nagarpalika,27.7,83.28,7.19,1.84,0.1,74.42,135.68,38.23,18.38,43.89,11.7,3.47,3.34,direct_overlay,False,0,direct_overlay,13.658810650447307,37.6,37.21,40.704,1504.0,6496.0,300.0
Province 5,Rupandehi,Sainamaina Nagarpalika,27.7,83.3,7.31,1.83,0.1,73.99,114.85,38.24,18.79,45.36,11.7,3.47,3.34,direct_overlay,False,0,direct_overlay,13.800810650447309,37.45,36.995,34.455,1498.0,6502.0,300.0
Province 5,Rupandehi,Sainamaina Nagarpalika,27.7,83.32,7.16,1.85,0.09,65.29,93.58,37.61,17.34,45.2,11.7,3.47,3.34,direct_overlay,False,0,direct_overlay,13.103248944172833,36.75,32.645,28.073999999999998,1470.0,6530.0,300.0
Province 5,Rupandehi,Sainamaina Nagarpalika,27.7,83.34,7.3,1.87,0.1,69.57,80.5,38.69,16.27,45.3,11.7,3.47,3.34,direct_overlay,False,0,direct_overlay,13.026171761523974,38.05,34.785,24.15,1522.0,6478.0,300.0
Province 5,Rupandehi,Sainamaina Nagarpalika,27.7,83.38,6.95,2.23,0.1,59.4,127.46,46.14,14.3,39.92,11.7,3.47,3.34,direct_overlay,False,0,direct_overlay,11.111866657015433,43.45,29.7,38.238,1738.0,6262.0,300.0
Province 5,Kapilbastu,Shivaraj Nagarpalika,27.72,82.9,6.91,2.28,0.12,121.68,263.78,39.21,19.56,42.02,10.510000000000002,0.9,3.34,direct_overlay,False,0,direct_overlay,14.033404107001134,46.199999999999996,60.84,79.13399999999999,1847.9999999999998,6152.0,300.0
Province 5,Kapilbastu,Buddhabhumi Nagarpalika,27.72,82.98,7.4,1.93,0.11,149.44,200.62,37.51,17.01,45.49,10.510000000000002,0.9,3.34,direct_overlay,False,0,direct_overlay,19.72166011920112,39.95,74.72,60.186,1598.0,6402.0,300.0
Province 5,Kapilbastu,Buddhabhumi Nagarpalika,27.72,83.04,7.07,2.18,0.12,120.07,170.46,39.95,18.59,42.68,10.510000000000002,0.9,3.34,direct_overlay,False,0,direct_overlay,12.944523093546414,44.7,60.035,51.138,1788.0,6212.0,300.0
Province 5,Kapilbastu,Banganga Nagarpalika,27.72,83.12,7.12,1.95,0.12,88.96,147.51,34.22,20.03,46.09,9.81,2.71,3.34,direct_overlay,False,0,direct_overlay,19.52746260017907,41.25,44.48,44.25299999999999,1650.0,6350.0,300.0
Province 5,Rupandehi,Sainamaina Nagarpalika,27.72,83.26,7.08,2.1,0.11,80.48,126.19,41.44,16.14,42.4,11.7,3.47,3.34,direct_overlay,False,0,direct_overlay,26.507462022034403,42.5,40.24,37.857,1700.0,6300.0,237.66892487719522
Province 5,Rupandehi,Sainamaina Nagarpalika,27.72,83.3,7.07,2.13,0.1,68.15,142.73,46.53,14.67,40.57,11.7,3.47,3.34,direct_overlay,False,0,direct_overlay,8.981148519512095,41.95,34.075,42.818999999999996,1678.0,6322.0,300.0
Province 5,Palpa,Tinau Gaunpalika,27.72,83.56,6.29,2.8,0.13,73.62,251.63,47.67,14.24,38.82,9.74,2.89,3.34,direct_overlay,False,0,direct_overlay,7.905577683402128,55.0,36.81,75.48899999999999,2200.0,5800.0,300.0
Province 5,Palpa,Mathagadhi Gaunpalika,27.72,83.62,6.31,3.33,0.14,84.21,273.26,47.55,15.1,37.83,9.74,2.89,3.34,direct_overlay,False,0,direct_overlay,20.283800885588114,63.95,42.105,81.978,2558.0,5442.0,268.29291170308255
Province 5,Palpa,Mathagadhi Gaunpalika,27.72,83.74,6.41,2.93,0.14,81.43,203.18,44.61,15.42,41.74,9.74,2.89,3.34,direct_overlay,False,0,direct_overlay,56.0775130840185,57.95,40.715,60.954,2318.0,5682.0,101.32403681109942
Province 5,Kapilbastu,Buddhabhumi Nagarpalika,27.74,83.04,7.27,2.01,0.12,100.98,165.93,39.72,16.04,43.97,9.74,2.89,3.34,direct_overlay,False,0,direct_overlay,17.79450172524483,42.15,50.49,49.779,1686.0,6314.0,300.0
Province 5,Rupandehi,Sainamaina Nagarpalika,27.74,83.26,6.51,2.64,0.11,69.19,171.88,59.76,14.02,27.04,11.7,3.47,3.34,direct_overlay,False,0,direct_overlay,8.749438493178605,50.6,34.595,51.564,2024.0,5976.0,300.0
Province 5,Palpa,Mathagadhi Gaunpalika,27.74,83.7,6.27,3.29,0.15,81.2,260.6,43.39,15.66,40.73,9.510000000000002,3.47,3.34,direct_overlay,False,0,direct_overlay,46.26071492308429,64.35,40.6,78.18,2574.0,5426.0,117.29174546959722
Province 5,Palpa,Nisdi Gaunpalika,27.74,83.86,6.02,2.9,0.15,75.37,217.87,42.22,16.97,39.59,7.35,3.47,3.34,direct_overlay,False,0,direct_overlay,8.574337669096986,58.5,37.685,65.361,2340.0,5660.0,300.0
Province 5,Palpa,Nisdi Gaunpalika,27.74,83.92,5.86,2.42,0.14,54.81,175.48,43.15,17.52,40.47,9.17,4.34,3.34,direct_overlay,False,0,direct_overlay,15.528909177873214,50.3,27.405,52.644,2012.0,5988.0,300.0
Province 5,Arghakhanchi,Sitganga Nagarpalika,27.76,83.2,6.36,2.54,0.11,66.14,207.2,64.73,13.77,26.24,9.74,2.89,3.34,direct_overlay,False,0,direct_overlay,11.205194921135378,49.1,33.07,62.16,1964.0,6036.0,300.0
Province 5,Palpa,Tinau Gaunpalika,27.76,83.44,6.32,2.75,0.11,68.35,196.41,56.55,10.99,32.66,9.74,2.89,3.34,direct_overlay,False,0,direct_overlay,8.331634504575717,52.25,34.175,58.922999999999995,2090.0,5910.0,300.0
Province 5,Palpa,Nisdi Gaunpalika,27.76,83.8,6.21,3.3,0.18,106.73,274.24,40.45,18.46,43.76,7.35,3.47,3.34,direct_overlay,False,0,direct_overlay,21.09015979643969,67.5,53.365,82.272,2700.0,5300.0,251.3020314286435
Province 5,Dang,Rajpur Gaunpalika,27.78,82.46,7.42,1.82,0.09,103.55,251.64,47.99,19.4,33.92,11.7,3.47,3.34,direct_overlay,False,0,direct_overlay,22.661278042443236,36.3,51.775,75.49199999999999,1452.0,6548.0,288.9510462620856
Province 5,Dang,Gadhawa Gaunpalika,27.78,82.54,7.41,2.02,0.11,159.23,311.16,45.2,18.43,37.23,12.63,1.08,2.67,direct_overlay,False,0,direct_overlay,23.851402788197365,41.3,79.615,93.348,1652.0,6348.0,266.14786796277014
Province 5,Arghakhanchi,Sitganga Nagarpalika,27.78,83.08,6.03,3.04,0.1,37.29,151.55,76.17,10.73,15.66,9.45,3.62,3.34,direct_overlay,False,0,direct_overlay,15.257561918604813,55.6,18.645,45.465,2224.0,5776.0,300.0
Province 5,Palpa,Rainadevi chhahara Gaunpalika,27.78,83.32,6.06,3.07,0.11,50.28,236.86,68.25,11.19,23.02,9.45,3.62,3.34,direct_overlay,False,0,direct_overlay,14.597520540604469,57.05,25.14,71.058,2282.0,5718.0,300.0
Province 5,Palpa,Tinau Gaunpalika,27.78,83.38,6.21,2.93,0.12,66.7,233.07,57.88,12.12,29.64,9.74,2.89,3.34,direct_overlay,False,0,direct_overlay,11.525017143363407,55.95,33.35,69.92099999999999,2238.0,5762.0,300.0
Province 5,Palpa,Tinau Gaunpalika,27.78,83.54,6.41,3.19,0.14,91.35,244.56,47.0,14.08,40.19,9.510000000000002,3.47,3.34,direct_overlay,False,0,direct_overlay,25.59397483613524,61.85,45.675,73.368,2474.0,5526.0,215.91019118288864
Province 5,Palpa,Tinau Gaunpalika,27.78,83.56,6.35,3.16,0.13,84.03,237.52,47.01,13.42,40.3,9.510000000000002,3.47,3.34,direct_overlay,False,0,direct_overlay,16.733178890646776,60.400000000000006,42.015,71.256,2416.0,5584.0,300.0
Province 5,Palpa,Mathagadhi Gaunpalika,27.78,83.6,6.46,3.23,0.15,99.5,284.03,42.69,14.7,43.89,7.35,3.47,2.67,direct_overlay,False,0,direct_overlay,22.314640284549405,63.45,49.75,85.20899999999999,2538.0,5462.0,244.77203891034145
Province 5,Palpa,Mathagadhi Gaunpalika,27.78,83.68,6.43,3.13,0.15,86.48,257.78,42.81,15.51,42.46,9.510000000000002,3.47,3.34,direct_overlay,False,0,direct_overlay,21.38516685230091,61.949999999999996,43.24,77.33399999999999,2478.0,5522.0,258.21636268439346
Province 5,Palpa,Nisdi Gaunpalika,27.78,83.84,6.11,3.42,0.18,94.08,254.31,39.86,18.48,42.87,7.35,3.47,3.34,direct_overlay,False,0,direct_overlay,22.039787849395648,69.3,47.04,76.29299999999999,2772.0,5228.0,237.20736495852236
Province 5,Dang,Rajpur Gaunpalika,27.8,82.42,7.76,2.06,0.11,82.1,302.75,43.56,26.49,32.88,11.78,3.25,2.5,direct_overlay,False,0,direct_overlay,17.2580045901188,41.900000000000006,41.05,90.825,1676.0000000000002,6324.0,300.0
Province 5,Dang,Gadhawa Gaunpalika,27.8,82.56,7.35,2.0,0.12,129.24,277.89,45.17,20.45,35.0,12.63,1.08,3.34,direct_overlay,False,0,direct_overlay,14.126672388863952,42.0,64.62,83.36699999999999,1680.0,6320.0,300.0
Province 5,Dang,Gadhawa Gaunpalika,27.8,82.58,7.33,1.91,0.12,123.78,216.51,45.41,18.89,35.22,12.63,1.08,3.34,direct_overlay,False,0,direct_overlay,17.061174244065786,40.65,61.89,64.95299999999999,1626.0,6374.0,300.0
Province 5,Dang,Gadhawa Gaunpalika,27.8,82.6,7.37,2.17,0.11,148.9,311.55,42.78,21.81,35.8,12.63,1.08,2.5,direct_overlay,False,0,direct_overlay,19.159857530536396,43.55,74.45,93.465,1742.0,6258.0,300.0
Province 5,Dang,Gadhawa Gaunpalika,27.8,82.62,7.49,2.06,0.12,142.06,315.82,42.9,20.71,36.8,12.63,1.08,2.5,direct_overlay,False,0,direct_overlay,18.26086799134172,42.900000000000006,71.03,94.746,1716.0000000000002,6284.0,300.0
Province 5,Dang,Gadhawa Gaunpalika,27.8,82.64,7.23,1.93,0.11,160.67,303.18,47.18,18.78,34.56,12.63,1.08,2.67,direct_overlay,False,0,direct_overlay,25.58048919579764,39.95,80.335,90.954,1598.0,6402.0,250.26886511035605
Province 5,Dang,Gadhawa Gaunpalika,27.8,82.66,7.22,2.03,0.12,158.75,323.56,47.09,18.48,33.27,12.63,1.08,2.67,direct_overlay,False,0,direct_overlay,22.59072608241154,42.449999999999996,79.375,97.068,1697.9999999999998,6302.0,278.9640305057104
Province 5,Dang,Gadhawa Gaunpalika,27.8,82.7,7.39,2.45,0.12,135.36,340.78,45.44,24.97,32.04,12.63,1.08,2.5,direct_overlay,False,0,direct_overlay,22.443872147632998,48.75,67.68,102.234,1950.0,6050.0,269.56132882079584
Province 5,Dang,Gadhawa Gaunpalika,27.8,82.72,7.12,2.07,0.11,130.84,287.75,50.44,19.76,28.44,12.63,1.08,2.67,direct_overlay,False,0,direct_overlay,12.316272370544878,42.05,65.42,86.325,1682.0,6318.0,300.0
Province 5,Palpa,Rainadevi chhahara Gaunpalika,27.8,83.32,6.07,3.47,0.13,83.46,321.57,66.19,11.54,24.56,9.74,2.89,2.67,direct_overlay,False,0,direct_overlay,15.693423207610145,65.05000000000001,41.73,96.47099999999999,2602.0000000000005,5398.0,300.0
Province 5,Palpa,Rainadevi chhahara Gaunpalika,27.8,83.34,6.16,3.06,0.11,71.77,302.09,60.33,10.97,28.03,9.74,2.89,2.67,direct_overlay,False,0,direct_overlay,9.592231483041544,56.9,35.885,90.627,2276.0,5724.0,300.0
Province 5,Palpa,Tinau Gaunpalika,27.8,83.4,6.24,3.05,0.12,87.66,235.9,56.32,11.24,31.95,9.510000000000002,3.47,3.34,direct_overlay,False,0,direct_overlay,18.810612942714048,57.75,43.83,70.77,2310.0,5690.0,300.0
Province 5,Palpa,Tinau Gaunpalika,27.8,83.46,6.49,3.38,0.14,99.39,310.17,44.15,14.05,41.85,9.510000000000002,3.47,2.67,direct_overlay,False,0,direct_overlay,19.82615699949146,64.7,49.695,93.051,2588.0,5412.0,272.9727198336429
Province 5,Palpa,Tinau Gaunpalika,27.8,83.48,6.47,3.38,0.13,95.69,284.41,43.86,14.24,42.38,9.510000000000002,3.47,2.67,direct_overlay,False,0,direct_overlay,19.553701400362545,63.699999999999996,47.845,85.32300000000001,2548.0,5452.0,278.82189097450953
Province 5,Palpa,Tinau Gaunpalika,27.8,83.5,6.55,2.91,0.12,112.95,269.63,42.62,14.42,42.94,10.44,1.08,3.34,direct_overlay,False,0,direct_overlay,19.192431434286707,55.650000000000006,56.475,80.889,2226.0,5774.0,300.0
Province 5,Palpa,Tansen Nagarpalika,27.8,83.52,6.58,2.91,0.11,96.11,244.18,40.62,14.1,42.07,9.510000000000002,3.47,3.34,direct_overlay,False,0,direct_overlay,18.73101670893045,54.650000000000006,48.055,73.254,2186.0,5814.0,300.0
Province 5,Palpa,Mathagadhi Gaunpalika,27.8,83.62,6.46,2.85,0.13,89.44,231.97,39.24,14.24,44.15,9.510000000000002,3.47,3.34,direct_overlay,False,0,direct_overlay,18.32219945685452,55.75,44.72,69.591,2230.0,5770.0,300.0
Province 5,Palpa,Purbakhola Gaunpalika,27.8,83.7,6.43,3.33,0.14,101.33,255.44,38.68,17.0,44.38,9.510000000000002,3.47,3.34,direct_overlay,False,0,direct_overlay,21.97632354699905,63.95,50.665,76.63199999999999,2558.0,5442.0,247.630136513126
Province 5,Palpa,Nisdi Gaunpalika,27.8,83.96,6.14,2.89,0.17,73.7,221.27,37.78,18.82,44.1,7.35,3.47,3.34,direct_overlay,False,0,direct_overlay,7.399449544156742,60.35,36.85,66.381,2414.0,5586.0,300.0
Province 5,Dang,Rajpur Gaunpalika,27.82,82.38,7.61,1.86,0.1,98.27,249.38,45.97,21.72,33.51,11.78,3.25,3.34,direct_overlay,False,0,direct_overlay,24.950032822368076,37.900000000000006,49.135,74.814,1516.0000000000002,6484.0,259.87941764096587
Province 5,Dang,Gadhawa Gaunpalika,27.82,82.5,7.46,1.78,0.11,130.92,272.89,42.35,20.8,38.51,12.63,1.08,3.34,direct_overlay,False,0,direct_overlay,17.990094629781094,37.7,65.46,81.86699999999999,1508.0,6492.0,300.0
Province 5,Dang,Rajpur Gaunpalika,27.82,82.48,7.51,1.74,0.1,113.0,246.16,40.0,19.79,40.67,12.63,1.08,3.34,direct_overlay,False,0,direct_overlay,25.934911355340613,36.1,56.5,73.848,1444.0,6556.0,252.78667469399173
Province 5,Dang,Gadhawa Gaunpalika,27.82,82.52,7.61,1.99,0.13,113.93,276.53,36.43,20.51,41.05,12.63,1.08,3.34,direct_overlay,False,0,direct_overlay,22.768577923598436,42.85,56.965,82.95899999999999,1714.0,6286.0,276.08224023007125
Province 5,Dang,Gadhawa Gaunpalika,27.82,82.54,7.49,2.01,0.13,98.25,220.36,34.67,22.08,43.19,11.78,3.25,3.34,direct_overlay,False,0,direct_overlay,20.258421344380526,43.15,49.125,66.108,1726.0,6274.0,300.0
Province 5,Dang,Gadhawa Gaunpalika,27.82,82.56,7.58,2.08,0.12,92.09,259.32,33.11,23.0,45.65,11.78,3.25,3.34,direct_overlay,False,0,direct_overlay,18.51645508866163,43.2,46.045,77.79599999999999,1728.0,6272.0,300.0
Province 5,Dang,Gadhawa Gaunpalika,27.82,82.58,7.5,2.2,0.13,118.2,270.15,37.37,23.1,39.37,12.63,1.08,3.34,direct_overlay,False,0,direct_overlay,16.690671580589466,46.0,59.1,81.04499999999999,1840.0,6160.0,300.0
Province 5,Dang,Gadhawa Gaunpalika,27.82,82.6,7.45,2.03,0.13,177.12,383.96,40.85,22.12,36.43,12.63,1.08,2.5,direct_overlay,False,0,direct_overlay,26.591478866462793,43.449999999999996,88.56,115.18799999999999,1737.9999999999998,6262.0,235.48897116427932
Province 5,Arghakhanchi,Sitganga Nagarpalika,27.82,83.12,5.5,3.56,0.11,29.46,193.02,82.58,8.48,10.48,9.45,3.62,3.34,direct_overlay,False,0,direct_overlay,17.323018132479913,64.4,14.73,57.906,2576.0,5424.0,300.0
Province 5,Palpa,Rainadevi chhahara Gaunpalika,27.82,83.26,5.97,3.32,0.09,39.09,291.4,74.77,9.05,14.56,9.45,3.62,2.67,direct_overlay,False,0,direct_overlay,13.9408731452757,58.8,19.545,87.41999999999999,2352.0,5648.0,300.0
Province 5,Palpa,Rainadevi chhahara Gaunpalika,27.82,83.3,6.11,3.17,0.12,76.66,301.6,66.63,11.5,22.26,9.510000000000002,3.47,2.67,direct_overlay,False,0,direct_overlay,12.07033717343247,59.55,38.33,90.48,2382.0,5618.0,300.0
Province 5,Palpa,Ribdikot Gaunpalika,27.82,83.42,6.29,3.61,0.16,138.49,373.69,47.27,13.29,41.84,8.28,1.08,2.67,direct_overlay,False,0,direct_overlay,30.688826522226385,70.15,69.245,112.107,2806.0,5194.0,169.24726646808227
Province 5,Palpa,Ribdikot Gaunpalika,27.82,83.44,6.35,3.44,0.14,106.38,346.77,44.6,12.82,42.43,9.510000000000002,3.47,2.67,direct_overlay,False,0,direct_overlay,20.54927664930124,65.60000000000001,53.19,104.03099999999999,2624.0000000000005,5376.0,261.61504814734224
Province 5,Palpa,Tansen Nagarpalika,27.82,83.5,6.47,3.25,0.15,124.52,282.29,42.75,14.55,44.55,8.28,1.08,2.67,direct_overlay,False,0,direct_overlay,21.483531897962308,63.75,62.26,84.687,2550.0,5450.0,253.68268243253462
Province 5,Palpa,Tansen Nagarpalika,27.82,83.52,6.49,3.26,0.14,104.31,284.94,43.13,14.63,40.86,9.510000000000002,3.47,2.67,direct_overlay,False,0,direct_overlay,21.950441705181806,62.9,52.155,85.482,2516.0,5484.0,249.8355191961992
Province 5,Palpa,Mathagadhi Gaunpalika,27.82,83.58,6.47,2.54,0.11,83.03,235.93,42.59,15.78,42.93,9.510000000000002,3.47,3.34,direct_overlay,False,0,direct_overlay,15.944666303637508,49.1,41.515,70.779,1964.0,6036.0,300.0
Province 5,Palpa,Mathagadhi Gaunpalika,27.82,83.6,6.38,2.63,0.14,94.82,256.58,43.98,15.99,41.2,9.510000000000002,3.47,3.34,direct_overlay,False,0,direct_overlay,19.671042957873855,53.449999999999996,47.41,76.97399999999999,2138.0,5862.0,298.0014843419159
Province 5,Palpa,Mathagadhi Gaunpalika,27.82,83.62,6.4,2.49,0.12,91.25,229.99,40.17,15.02,43.11,9.510000000000002,3.47,3.34,direct_overlay,False,0,direct_overlay,17.33334758688695,49.35,45.625,68.997,1974.0,6026.0,300.0
Province 5,Palpa,Mathagadhi Gaunpalika,27.82,83.64,6.47,2.73,0.13,86.93,233.63,41.19,14.93,44.07,9.510000000000002,3.47,3.34,direct_overlay,False,0,direct_overlay,18.194948991627662,53.95,43.465,70.089,2158.0,5842.0,300.0
Province 5,Palpa,Rambha Gaunpalika,27.82,83.68,6.42,3.42,0.15,107.42,276.51,39.83,17.82,42.12,9.510000000000002,3.47,3.34,direct_overlay,False,0,direct_overlay,20.47032910871458,66.3,53.71,82.95299999999999,2652.0,5348.0,261.256180669966
Province 5,Palpa,Purbakhola Gaunpalika,27.82,83.76,6.36,2.69,0.14,83.96,214.34,39.87,15.35,45.87,9.510000000000002,3.47,3.34,direct_overlay,False,0,direct_overlay,21.445251519002394,54.35,41.98,64.30199999999999,2174.0,5826.0,271.6685320681666
Province 5,Palpa,Nisdi Gaunpalika,27.82,84.0,6.09,3.18,0.19,72.93,234.22,35.01,20.51,45.29,6.890000000000001,3.25,3.34,direct_overlay,False,0,direct_overlay,10.11463444165647,66.7,36.465,70.26599999999999,2668.0,5332.0,300.0
Province 5,Dang,Rajpur Gaunpalika,27.84,82.46,7.32,1.41,0.09,101.35,229.55,40.06,17.9,42.05,11.7,3.47,3.34,direct_overlay,False,0,direct_overlay,22.334703640537363,30.15,50.675,68.865,1206.0,6794.0,300.0
Province 5,Dang,Lamahi Nagarpalika,27.84,82.48,7.38,1.8,0.1,91.9,246.65,37.34,21.66,42.53,11.78,3.25,3.34,direct_overlay,False,0,direct_overlay,22.560036540318524,37.0,45.95,73.995,1480.0,6520.0,289.0066240960062
Province 5,Dang,Lamahi Nagarpalika,27.84,82.54,7.49,2.15,0.13,121.58,288.04,38.39,26.8,37.95,12.63,1.08,2.5,direct_overlay,False,0,direct_overlay,17.603411046272537,45.25,60.79,86.412,1810.0,6190.0,300.0
Province 5,Dang,Lamahi Nagarpalika,27.84,82.6,7.78,1.97,0.1,111.13,286.28,33.57,32.35,36.45,11.78,3.25,2.5,direct_overlay,False,0,direct_overlay,26.131506572224154,39.55,55.565,85.88399999999999,1582.0,6418.0,245.60390279303132
Province 5,Dang,Rapti Gaunpalika,27.84,82.62,7.82,2.07,0.1,146.56,220.34,33.57,29.03,39.24,12.63,1.08,3.34,direct_overlay,False,0,direct_overlay,17.297610120377797,41.05,73.28,66.102,1642.0,6358.0,300.0
Province 5,Dang,Rapti Gaunpalika,27.84,82.64,7.89,2.09,0.11,178.51,264.63,40.92,27.72,32.67,12.63,1.08,3.34,direct_overlay,False,0,direct_overlay,23.588655866722227,42.349999999999994,89.255,79.389,1693.9999999999998,6306.0,267.33189189029673
Province 5,Dang,Rapti Gaunpalika,27.84,82.66,7.96,1.89,0.1,170.29,255.53,42.23,21.57,35.3,12.63,1.08,3.34,direct_overlay,False,0,direct_overlay,31.127112197974395,38.349999999999994,85.145,76.65899999999999,1533.9999999999998,6466.0,207.72887503585304
Province 5,Dang,Rapti Gaunpalika,27.84,82.68,7.88,1.98,0.11,194.91,320.27,44.53,22.77,31.4,12.63,1.08,2.5,direct_overlay,False,0,direct_overlay,27.90824786770396,40.7,97.455,96.08099999999999,1628.0,6372.0,228.31960036351185
Province 5,Dang,Rapti Gaunpalika,27.84,82.7,7.52,1.87,0.11,165.54,351.99,41.26,27.08,29.39,12.63,1.08,2.5,direct_overlay,False,0,direct_overlay,33.676100679103854,39.05,82.77,105.597,1562.0,6438.0,191.17415229711565
Province 5,Dang,Rapti Gaunpalika,27.84,82.72,7.33,1.95,0.12,152.0,351.87,41.65,29.05,28.68,12.63,1.08,2.5,direct_overlay,False,0,direct_overlay,32.19357479211772,41.25,76.0,105.56099999999999,1650.0,6350.0,197.24432719893954
Province 5,Dang,Rapti Gaunpalika,27.84,82.74,7.18,2.27,0.11,161.69,292.05,44.78,27.09,19.82,12.63,1.08,2.5,direct_overlay,False,0,direct_overlay,18.027174912802312,45.05,80.845,87.615,1802.0,6198.0,300.0
Province 5,Arghakhanchi,Sitganga Nagarpalika,27.84,82.78,6.55,2.44,0.1,61.04,295.58,68.34,15.72,15.06,9.74,2.89,2.67,direct_overlay,False,0,direct_overlay,12.461391821655036,46.6,30.52,88.67399999999999,1864.0,6136.0,300.0
Province 5,Arghakhanchi,Panini Gaunpalika,27.84,83.24,6.1,3.14,0.12,98.66,354.49,63.42,13.21,24.83,9.510000000000002,3.47,2.67,direct_overlay,False,0,direct_overlay,19.759921300705194,59.1,49.33,106.347,2364.0,5636.0,285.2238080421333
Province 5,Palpa,Ribdikot Gaunpalika,27.84,83.4,6.36,3.1,0.13,111.66,275.34,48.1,12.86,40.17,9.510000000000002,3.47,3.34,direct_overlay,False,0,direct_overlay,20.218156502018438,59.5,55.83,82.60199999999999,2380.0,5620.0,277.9679739564257
Province 5,Palpa,Tansen Nagarpalika,27.84,83.54,6.59,2.63,0.12,86.66,238.4,40.16,14.58,43.72,9.510000000000002,3.47,3.34,direct_overlay,False,0,direct_overlay,17.61472269817477,51.449999999999996,43.33,71.52,2058.0,5942.0,300.0
Province 5,Palpa,Bagnaskali Gaunpalika,27.84,83.58,6.51,2.51,0.12,81.99,236.6,39.95,15.04,44.68,9.510000000000002,3.47,3.34,direct_overlay,False,0,direct_overlay,16.54156890318722,49.65,40.995,70.97999999999999,1986.0,6014.0,300.0
Province 5,Palpa,Rambha Gaunpalika,27.84,83.68,6.37,2.84,0.13,87.06,231.38,38.35,16.44,45.91,9.510000000000002,3.47,3.34,direct_overlay,False,0,direct_overlay,18.24365340564153,55.599999999999994,43.53,69.414,2224.0,5776.0,300.0
Province 5,Palpa,Rampur Nagarpalika,27.84,83.82,6.03,2.66,0.11,63.84,211.29,36.22,16.43,46.42,9.510000000000002,3.47,3.34,direct_overlay,False,0,direct_overlay,12.060917540077282,50.900000000000006,31.92,63.38699999999999,2036.0000000000002,5964.0,300.0
Province 5,Palpa,Rampur Nagarpalika,27.84,83.8,6.02,2.68,0.12,66.35,225.63,35.22,17.87,45.9,9.510000000000002,3.47,3.34,direct_overlay,False,0,direct_overlay,12.903203254617573,52.2,33.175,67.689,2088.0,5912.0,300.0
Province 5,Palpa,Rampur Nagarpalika,27.84,83.88,6.05,2.5,0.12,54.58,211.84,35.12,16.84,48.76,9.17,4.34,3.34,direct_overlay,False,0,direct_overlay,11.878711190897217,49.5,27.29,63.552,1980.0,6020.0,300.0
Province 5,Palpa,Rampur Nagarpalika,27.84,83.94,6.0,2.37,0.15,43.01,190.99,36.33,15.45,47.48,7.01,4.34,3.34,direct_overlay,False,0,direct_overlay,15.660500708599766,50.550000000000004,21.505,57.297000000000004,2022.0000000000002,5978.0,300.0
Province 5,Banke,Narainapur Gaunpalika,27.86,81.9,7.58,1.51,0.08,193.13,132.25,47.52,20.25,37.23,10.44,1.08,3.34,direct_overlay,False,0,direct_overlay,28.40728245359742,30.65,96.565,39.675,1226.0,6774.0,238.45997979796758
Province 5,Banke,Narainapur Gaunpalika,27.86,81.92,7.59,1.46,0.08,179.24,141.4,49.37,20.49,36.26,10.44,1.08,3.34,direct_overlay,False,0,direct_overlay,29.826949120264093,29.9,89.62,42.42,1196.0,6804.0,228.11585497953055
Province 5,Dang,Rajpur Gaunpalika,27.86,82.36,7.52,1.39,0.08,118.01,218.64,46.18,18.48,37.11,12.63,1.08,3.34,direct_overlay,False,0,direct_overlay,24.695118535841278,28.849999999999998,59.005,65.592,1154.0,6846.0,277.2207790808557
Province 5,Dang,Rajpur Gaunpalika,27.86,82.44,7.48,1.42,0.09,94.66,214.91,35.27,23.25,41.02,11.78,3.25,3.34,direct_overlay,False,0,direct_overlay,22.40413455220403,30.299999999999997,47.33,64.473,1212.0,6788.0,300.0
Province 5,Dang,Rajpur Gaunpalika,27.86,82.46,7.49,1.55,0.09,97.15,231.3,36.78,25.05,38.16,11.78,3.25,3.34,direct_overlay,False,0,direct_overlay,25.074641518020254,32.25,48.575,69.39,1290.0,6710.0,267.6010341036286
Province 5,Dang,Lamahi Nagarpalika,27.86,82.54,7.58,2.05,0.11,109.86,267.63,42.43,32.56,26.78,11.78,3.25,3.34,direct_overlay,False,0,direct_overlay,17.82324478168144,41.75,54.93,80.289,1670.0,6330.0,300.0
Province 5,Dang,Lamahi Nagarpalika,27.86,82.52,7.57,2.23,0.11,124.37,270.97,39.69,33.58,26.56,12.63,1.08,3.34,direct_overlay,False,0,direct_overlay,18.457346126044882,44.45,62.185,81.29100000000001,1778.0,6222.0,300.0
Province 5,Dang,Lamahi Nagarpalika,27.86,82.56,7.55,2.0,0.1,113.38,258.26,45.62,34.25,25.73,12.63,1.08,3.34,direct_overlay,False,0,direct_overlay,25.460276395614592,40.0,56.69,77.478,1600.0,6400.0,251.37197650777932
Province 5,Dang,Rapti Gaunpalika,27.86,82.62,7.47,1.96,0.11,155.12,274.11,50.35,21.85,23.39,12.63,1.08,3.34,direct_overlay,False,0,direct_overlay,24.689389617170114,40.4,77.56,82.233,1616.0,6384.0,258.5726135392298
Province 5,Dang,Lamahi Nagarpalika,27.86,82.58,7.5,1.85,0.1,118.35,280.05,44.25,32.13,24.21,12.63,1.08,2.5,direct_overlay,False,0,direct_overlay,24.0964089733924,37.75,59.175,84.015,1510.0,6490.0,269.334738100036
Province 5,Dang,Rapti Gaunpalika,27.86,82.68,7.08,2.16,0.11,129.32,290.8,47.88,25.61,24.79,12.63,1.08,2.5,direct_overlay,False,0,direct_overlay,12.27308413525076,43.400000000000006,64.66,87.24,1736.0000000000002,6264.0,300.0
Province 5,Arghakhanchi,Sitganga Nagarpalika,27.86,83.08,5.63,3.79,0.1,37.01,234.69,82.26,8.25,9.9,9.45,3.62,3.34,direct_overlay,False,0,direct_overlay,16.662184799146576,66.85,18.505,70.407,2674.0,5326.0,300.0
Province 5,Arghakhanchi,Sitganga Nagarpalika,27.86,83.1,5.68,3.61,0.09,40.61,274.42,78.93,9.07,11.95,9.45,3.62,3.34,direct_overlay,False,0,direct_overlay,15.168451488739784,63.15,20.305,82.32600000000001,2526.0,5474.0,300.0
Province 5,Arghakhanchi,Sitganga Nagarpalika,27.86,83.2,6.15,3.38,0.12,126.18,429.14,56.63,13.17,30.44,10.44,1.08,2.67,direct_overlay,False,0,direct_overlay,15.504612095430605,62.699999999999996,63.09,128.742,2508.0,5492.0,300.0
Province 5,Arghakhanchi,Sitganga Nagarpalika,27.86,83.18,6.09,3.4,0.1,67.09,311.6,71.58,10.62,18.37,9.510000000000002,3.47,2.67,direct_overlay,False,0,direct_overlay,13.698641219745747,61.0,33.545,93.48,2440.0,5560.0,300.0
Province 5,Arghakhanchi,Panini Gaunpalika,27.86,83.26,6.3,3.02,0.11,113.3,297.11,55.32,12.32,34.16,10.44,1.08,2.67,direct_overlay,False,0,direct_overlay,19.1436320209351,56.3,56.65,89.133,2252.0,5748.0,300.0
Province 5,Arghakhanchi,Panini Gaunpalika,27.86,83.24,6.32,3.15,0.11,115.61,390.32,53.86,12.2,31.69,10.44,1.08,2.67,direct_overlay,False,0,direct_overlay,18.097825703089413,58.25,57.805,117.09599999999999,2330.0,5670.0,300.0
Province 5,Palpa,Rainadevi chhahara Gaunpalika,27.86,83.36,6.31,3.1,0.13,141.04,343.0,48.66,12.56,40.49,10.44,1.08,2.67,direct_overlay,False,0,direct_overlay,18.13818770978547,59.5,70.52,102.89999999999999,2380.0,5620.0,300.0
Province 5,Palpa,Ribdikot Gaunpalika,27.86,83.4,6.34,3.21,0.13,116.2,252.3,45.97,12.55,41.61,10.44,1.08,3.34,direct_overlay,False,0,direct_overlay,18.892463503758485,61.15,58.1,75.69,2446.0,5554.0,293.97966013776244
Province 5,Palpa,Ribdikot Gaunpalika,27.86,83.46,6.45,3.14,0.14,126.19,294.74,45.05,14.57,42.79,10.44,1.08,2.67,direct_overlay,False,0,direct_overlay,23.04734975530747,61.1,63.095,88.422,2444.0,5556.0,241.06893239299822
Province 5,Palpa,Tansen Nagarpalika,27.86,83.5,6.57,3.48,0.14,117.63,307.16,44.35,14.56,43.17,10.44,1.08,2.67,direct_overlay,False,0,direct_overlay,20.50981336311656,66.2,58.815,92.14800000000001,2648.0,5352.0,260.94825463525035
Province 5,Palpa,Tansen Nagarpalika,27.86,83.52,6.65,3.17,0.12,107.6,262.18,43.88,13.66,41.92,9.510000000000002,3.47,3.34,direct_overlay,False,0,direct_overlay,19.240341790999867,59.55,53.8,78.654,2382.0,5618.0,291.9906548971991
Province 5,Palpa,Tansen Nagarpalika,27.86,83.54,6.64,3.04,0.12,115.52,281.23,42.6,13.39,42.82,10.44,1.08,2.67,direct_overlay,False,0,direct_overlay,19.869180116928035,57.6,57.76,84.369,2304.0,5696.0,286.6751404174525
Province 5,Palpa,Bagnaskali Gaunpalika,27.86,83.6,6.47,3.11,0.13,92.93,246.77,38.3,15.48,44.82,9.510000000000002,3.47,3.34,direct_overlay,False,0,direct_overlay,20.359041801381014,59.65,46.465,74.031,2386.0,5614.0,275.7497162572349
Province 5,Palpa,Rambha Gaunpalika,27.86,83.68,6.47,3.36,0.15,111.41,282.49,40.88,16.63,43.9,7.35,3.47,2.67,direct_overlay,False,0,direct_overlay,20.722549162315214,65.4,55.705,84.747,2616.0,5384.0,259.8135952207569
Province 5,Palpa,Rampur Nagarpalika,27.86,83.86,5.8,2.17,0.11,40.25,217.76,38.46,16.1,46.1,9.17,4.34,3.34,direct_overlay,False,0,direct_overlay,11.880403817103936,43.55,20.125,65.32799999999999,1742.0,6258.0,300.0
Province 5,Palpa,Rampur Nagarpalika,27.86,83.88,5.92,2.39,0.13,53.03,249.7,40.18,16.55,46.01,9.17,4.34,3.34,direct_overlay,False,0,direct_overlay,13.729090203574923,48.85,26.515,74.91,1954.0,6046.0,300.0
Province 5,Palpa,Rampur Nagarpalika,27.86,83.9,5.93,2.25,0.12,46.1,211.75,38.01,16.6,46.95,9.17,4.34,3.34,direct_overlay,False,0,direct_overlay,14.582133565757173,45.75,23.05,63.525,1830.0,6170.0,300.0
Province 5,Palpa,Rampur Nagarpalika,27.86,83.92,5.8,2.23,0.12,40.3,220.83,36.5,15.76,46.82,9.17,4.34,3.34,direct_overlay,False,0,direct_overlay,14.513022454607176,45.45,20.15,66.249,1818.0,6182.0,300.0
Province 5,Palpa,Nisdi Gaunpalika,27.86,84.02,5.92,2.25,0.14,47.24,204.5,40.57,15.74,45.57,9.17,4.34,3.34,direct_overlay,False,0,direct_overlay,16.105865420230373,47.75,23.62,61.349999999999994,1910.0,6090.0,300.0
Province 5,Palpa,Rampur Nagarpalika,27.86,83.98,6.03,2.48,0.14,49.2,231.29,35.09,18.4,46.01,9.17,4.34,3.34,direct_overlay,False,0,direct_overlay,12.942863843403368,51.2,24.6,69.387,2048.0,5952.0,300.0
Province 5,Banke,Narainapur Gaunpalika,27.88,81.86,7.82,1.61,0.08,220.48,159.31,45.15,22.2,37.49,10.44,1.08,3.34,direct_overlay,False,0,direct_overlay,31.724146922461895,32.150000000000006,110.24,47.793,1286.0000000000002,6714.0,211.6368965384609
Province 5,Banke,Narainapur Gaunpalika,27.88,81.88,7.63,1.45,0.08,265.75,120.9,50.76,19.52,35.59,10.44,1.08,3.34,direct_overlay,False,0,direct_overlay,31.724146922461895,29.75,132.875,36.27,1190.0,6810.0,214.66298263731287
Province 5,Banke,Narainapur Gaunpalika,27.88,81.9,7.5,1.52,0.08,241.52,155.62,49.04,20.28,36.31,10.44,1.08,3.34,direct_overlay,False,0,direct_overlay,31.724146922461895,30.8,120.76,46.686,1232.0,6768.0,213.33906996906512
Province 5,Banke,Narainapur Gaunpalika,27.88,81.92,7.67,1.6,0.08,209.8,227.96,49.65,21.05,36.56,10.44,1.08,3.34,direct_overlay,False,0,direct_overlay,31.527388642543848,32.0,104.9,68.388,1280.0,6720.0,213.14800525318051
Province 5,Dang,Rajpur Gaunpalika,27.88,82.32,7.51,1.68,0.09,116.4,305.85,44.29,19.15,34.62,12.63,1.08,2.67,direct_overlay,False,0,direct_overlay,26.002971143029946,34.2,58.2,91.75500000000001,1368.0,6632.0,255.0477775605153
Province 5,Dang,Rajpur Gaunpalika,27.88,82.34,7.59,1.2,0.08,99.87,193.81,41.06,18.6,38.14,11.7,3.47,3.34,direct_overlay,False,0,direct_overlay,27.03142757571608,26.0,49.935,58.143,1040.0,6960.0,257.47807734181885
Province 5,Dang,Rajpur Gaunpalika,27.88,82.36,7.76,1.29,0.09,98.58,236.55,37.26,24.34,38.66,11.78,3.25,3.34,direct_overlay,False,0,direct_overlay,25.074641518020254,28.35,49.29,70.965,1134.0,6866.0,273.82245903956994
Province 5,Dang,Rajpur Gaunpalika,27.88,82.38,7.88,1.16,0.09,93.81,217.25,36.23,22.61,39.24,11.78,3.25,3.34,direct_overlay,False,0,direct_overlay,25.074641518020254,26.4,46.905,65.175,1056.0,6944.0,276.9331715075406
Province 5,Dang,Lamahi Nagarpalika,27.88,82.44,7.72,1.3,0.08,141.91,202.03,52.7,26.11,19.35,12.63,1.08,3.34,direct_overlay,False,0,direct_overlay,25.53197137579793,27.5,70.955,60.608999999999995,1100.0,6900.0,270.2494021492048
Province 5,Dang,Lamahi Nagarpalika,27.88,82.42,7.6,1.43,0.09,124.47,211.73,39.57,22.82,31.92,12.63,1.08,3.34,direct_overlay,False,0,direct_overlay,24.62061853584128,30.45,62.235,63.51899999999999,1218.0,6782.0,275.460179447854
Province 5,Dang,Lamahi Nagarpalika,27.88,82.54,7.13,2.05,0.12,138.11,350.86,47.51,26.21,27.68,12.63,1.08,2.5,direct_overlay,False,0,direct_overlay,20.928894777362647,42.75,69.055,105.258,1710.0,6290.0,300.0
Province 5,Dang,Lamahi Nagarpalika,27.88,82.62,7.06,2.8,0.12,138.53,385.46,47.26,25.4,26.42,12.63,1.08,2.5,direct_overlay,False,0,direct_overlay,20.169376380860815,54.0,69.265,115.63799999999999,2160.0,5840.0,289.5478714722043
Province 5,Pyuthan,Sarumarani Gaunpalika,27.88,82.8,6.67,2.36,0.1,73.3,316.38,60.75,15.38,21.49,9.74,2.89,2.67,direct_overlay,False,0,direct_overlay,7.1791046052308785,45.4,36.65,94.914,1816.0,6184.0,300.0
Province 5,Arghakhanchi,Sitganga Nagarpalika,27.88,82.82,6.6,2.48,0.1,74.87,346.29,58.87,17.36,25.4,9.74,2.89,2.67,direct_overlay,False,0,direct_overlay,10.249380872599819,47.2,37.435,103.887,1888.0,6112.0,300.0
Province 5,Arghakhanchi,Sitganga Nagarpalika,27.88,82.98,6.36,2.61,0.1,61.48,305.87,72.27,11.93,17.6,9.510000000000002,3.47,2.67,direct_overlay,False,0,direct_overlay,12.377806980026078,49.15,30.74,91.761,1966.0,6034.0,300.0
Province 5,Arghakhanchi,Sitganga Nagarpalika,27.88,83.04,5.88,3.07,0.08,36.86,267.2,81.63,8.79,9.08,9.17,4.34,3.34,direct_overlay,False,0,direct_overlay,14.738528211103539,54.05,18.43,80.16,2162.0,5838.0,300.0
Province 5,Arghakhanchi,Sitganga Nagarpalika,27.88,83.06,5.8,3.27,0.1,42.24,274.82,81.26,8.67,9.88,9.17,4.34,3.34,direct_overlay,False,0,direct_overlay,12.765352011135334,59.05,21.12,82.446,2362.0,5638.0,300.0
Province 5,Arghakhanchi,Sitganga Nagarpalika,27.88,83.08,6.0,3.57,0.12,81.69,351.97,71.84,10.88,18.4,9.510000000000002,3.47,2.67,direct_overlay,False,0,direct_overlay,21.550925351638572,65.55,40.845,105.59100000000001,2622.0,5378.0,249.54844918485585
Province 5,Arghakhanchi,Panini Gaunpalika,27.88,83.24,6.22,3.11,0.11,134.71,346.23,53.88,11.54,33.19,10.44,1.08,2.67,direct_overlay,False,0,direct_overlay,18.093051744522988,57.65,67.355,103.869,2306.0,5694.0,300.0
Province 5,Arghakhanchi,Panini Gaunpalika,27.88,83.26,6.33,2.99,0.11,133.79,334.57,52.09,11.65,38.38,10.44,1.08,2.67,direct_overlay,False,0,direct_overlay,19.16028132749805,55.85,66.895,100.371,2234.0,5766.0,300.0
Province 5,Arghakhanchi,Panini Gaunpalika,27.88,83.3,6.48,3.15,0.12,134.57,388.5,47.5,12.52,40.92,10.44,1.08,2.67,direct_overlay,False,0,direct_overlay,15.883736066358404,59.25,67.285,116.55,2370.0,5630.0,300.0
Province 5,Palpa,Rainadevi chhahara Gaunpalika,27.88,83.34,6.38,3.18,0.13,122.8,284.35,46.63,12.38,41.14,10.44,1.08,2.67,direct_overlay,False,0,direct_overlay,15.067642905782904,60.7,61.4,85.305,2428.0,5572.0,300.0
Province 5,Palpa,Tansen Nagarpalika,27.88,83.5,6.5,3.23,0.13,119.55,284.22,43.65,13.48,43.43,10.44,1.08,2.67,direct_overlay,False,0,direct_overlay,15.102790389874297,61.45,59.775,85.266,2458.0,5542.0,300.0
Province 5,Palpa,Rambha Gaunpalika,27.88,83.7,6.34,3.44,0.17,91.32,297.65,39.89,16.92,43.35,7.35,3.47,2.67,direct_overlay,False,0,direct_overlay,21.189086248435252,68.6,45.66,89.29499999999999,2744.0,5256.0,248.05222548887116
Province 5,Palpa,Rampur Nagarpalika,27.88,83.88,5.83,2.16,0.11,34.0,210.72,37.85,16.25,47.52,9.17,4.34,3.34,direct_overlay,False,0,direct_overlay,11.880403817103936,43.400000000000006,17.0,63.215999999999994,1736.0000000000002,6264.0,300.0
Province 5,Palpa,Rampur Nagarpalika,27.88,83.9,5.8,2.26,0.12,43.47,215.4,37.44,16.71,46.37,9.17,4.34,3.34,direct_overlay,False,0,direct_overlay,14.513022454607176,45.9,21.735,64.62,1836.0,6164.0,300.0
Province 5,Banke,Narainapur Gaunpalika,27.9,81.84,7.69,1.44,0.07,211.72,132.46,48.49,19.79,35.98,10.44,1.08,3.34,direct_overlay,False,0,direct_overlay,31.724146922461895,28.599999999999998,105.86,39.738,1144.0,6856.0,216.1129822263461
Province 5,Banke,Narainapur Gaunpalika,27.9,81.86,7.63,1.45,0.07,339.01,129.29,49.9,19.66,33.91,10.44,1.08,3.34,direct_overlay,False,0,direct_overlay,-5.219231939768966,28.75,169.505,38.787,1150.0,6850.0,-1312.4536481709263
Province 5,Banke,Narainapur Gaunpalika,27.9,81.88,7.65,1.58,0.08,290.48,174.5,50.88,21.11,34.07,10.44,1.08,3.34,direct_overlay,False,0,direct_overlay,29.85198025579523,31.700000000000003,145.24,52.35,1268.0,6732.0,225.51267762858387
Province 5,Dang,Lamahi Nagarpalika,27.9,82.36,7.48,1.61,0.09,157.5,309.14,44.53,19.14,31.74,12.63,1.08,2.67,direct_overlay,False,0,direct_overlay,29.425894791660113,33.150000000000006,78.75,92.74199999999999,1326.0000000000002,6674.0,226.80703670195766
Province 5,Dang,Lamahi Nagarpalika,27.9,82.4,7.55,1.7,0.09,122.24,285.02,42.58,25.59,23.24,12.63,1.08,2.5,direct_overlay,False,0,direct_overlay,24.794718693436277,34.5,61.12,85.50599999999999,1380.0,6620.0,266.99234146796204
Province 5,Dang,Lamahi Nagarpalika,27.9,82.42,7.44,2.44,0.12,128.54,347.81,42.83,29.91,22.93,12.63,1.08,2.5,direct_overlay,False,0,direct_overlay,22.04013238707002,48.6,64.27,104.343,1944.0,6056.0,274.7714892834668
Province 5,Arghakhanchi,Sitganga Nagarpalika,27.9,83.04,5.93,3.26,0.1,46.09,290.49,79.86,9.9,10.6,9.17,4.34,2.67,direct_overlay,False,0,direct_overlay,14.062255056246427,58.9,23.045,87.147,2356.0,5644.0,300.0
Province 5,Arghakhanchi,Sandhikharka Nagarpalika,27.9,83.14,6.39,3.13,0.13,147.62,437.62,53.92,14.05,32.18,10.44,1.08,2.67,direct_overlay,False,0,direct_overlay,13.182293631241707,59.949999999999996,73.81,131.286,2398.0,5602.0,300.0
Province 5,Arghakhanchi,Sandhikharka Nagarpalika,27.9,83.18,6.33,3.01,0.11,143.85,403.59,54.73,12.46,32.44,10.44,1.08,2.67,direct_overlay,False,0,direct_overlay,17.00773589505694,56.15,71.925,121.07699999999998,2246.0,5754.0,300.0
Province 5,Arghakhanchi,Panini Gaunpalika,27.9,83.22,6.32,3.12,0.13,157.75,419.23,50.46,12.76,37.01,10.44,1.08,2.67,direct_overlay,False,0,direct_overlay,17.209159496209864,59.800000000000004,78.875,125.769,2392.0,5608.0,300.0
Province 5,Arghakhanchi,Panini Gaunpalika,27.9,83.3,6.54,3.17,0.13,126.06,307.77,45.79,12.43,40.76,10.44,1.08,2.67,direct_overlay,False,0,direct_overlay,14.416740516707248,60.55,63.03,92.33099999999999,2422.0,5578.0,300.0
Province 5,Palpa,Rainadevi chhahara Gaunpalika,27.9,83.34,6.43,3.28,0.15,154.84,402.12,43.76,13.94,44.7,8.28,1.08,2.67,direct_overlay,False,0,direct_overlay,18.560786934085737,64.19999999999999,77.42,120.636,2567.9999999999995,5432.0,292.6600051652157
Province 5,Palpa,Rainadevi chhahara Gaunpalika,27.9,83.36,6.44,3.38,0.14,142.15,339.33,45.23,13.01,43.07,10.44,1.08,2.67,direct_overlay,False,0,direct_overlay,20.998574299516825,64.7,71.075,101.79899999999999,2588.0,5412.0,257.7317832537102
Province 5,Palpa,Ribdikot Gaunpalika,27.9,83.42,6.6,3.04,0.13,109.11,246.45,43.64,13.94,43.09,9.510000000000002,3.47,3.34,direct_overlay,False,0,direct_overlay,20.329301343308714,58.6,54.555,73.93499999999999,2344.0,5656.0,278.21910376972414
Province 5,Palpa,Ribdikot Gaunpalika,27.9,83.46,6.54,3.59,0.16,107.34,266.55,44.95,12.91,41.65,7.35,3.47,3.34,direct_overlay,False,0,direct_overlay,22.625224615716224,69.85,53.67,79.965,2794.0,5206.0,230.0971631629125
Province 5,Banke,Narainapur Gaunpalika,27.92,81.82,7.67,1.49,0.08,190.7,164.9,50.91,19.63,34.13,10.44,1.08,3.34,direct_overlay,False,0,direct_overlay,28.40728245359742,30.35,95.35,49.47,1214.0,6786.0,238.8824066886637
Province 5,Banke,Narainapur Gaunpalika,27.92,81.84,7.55,1.39,0.07,226.89,164.32,51.75,18.09,34.56,10.44,1.08,3.34,direct_overlay,False,0,direct_overlay,31.724146922461895,27.849999999999998,113.445,49.296,1114.0,6886.0,217.05863413223736
Province 5,Banke,Narainapur Gaunpalika,27.92,81.86,7.52,1.47,0.08,294.17,178.58,49.57,18.16,34.98,10.44,1.08,3.34,direct_overlay,False,0,direct_overlay,29.85198025579523,30.05,147.085,53.574000000000005,1202.0,6798.0,227.72358623278566
Province 5,Dang,Rajpur Gaunpalika,27.92,82.22,7.61,1.9,0.1,114.7,280.11,43.13,20.59,33.72,12.63,1.08,2.5,direct_overlay,False,0,direct_overlay,25.27019685218028,38.5,57.35,84.033,1540.0,6460.0,255.63710634262983
Province 5,Arghakhanchi,Sitganga Nagarpalika,27.92,83.0,6.14,2.76,0.09,91.59,351.72,70.12,12.0,18.84,9.510000000000002,3.47,2.67,direct_overlay,False,0,direct_overlay,21.753922212959214,50.4,45.795,105.516,2016.0,5984.0,275.0768317280835
Province 5,Arghakhanchi,Bhumekasthan Nagarpalika,27.92,83.06,6.24,2.99,0.11,112.27,400.04,55.2,11.94,30.59,10.44,1.08,2.67,direct_overlay,False,0,direct_overlay,19.180132790654515,55.85,56.135,120.012,2234.0,5766.0,300.0
Province 5,Arghakhanchi,Panini Gaunpalika,27.92,83.18,6.34,3.09,0.11,144.61,335.07,49.14,11.88,36.42,10.44,1.08,2.67,direct_overlay,False,0,direct_overlay,18.931140906599616,57.349999999999994,72.305,100.521,2294.0,5706.0,300.0
Province 5,Arghakhanchi,Panini Gaunpalika,27.92,83.22,6.62,2.88,0.11,122.76,266.48,46.74,12.1,40.64,10.44,1.08,3.34,direct_overlay,False,0,direct_overlay,14.477268908679743,54.199999999999996,61.38,79.944,2168.0,5832.0,300.0
Province 5,Banke,Duduwa Gaunpalika,28.0,81.64,7.65,1.32,0.07,251.23,241.8,51.02,16.44,33.69,10.44,1.08,3.34,direct_overlay,False,0,direct_overlay,31.527388642543848,26.8,125.615,72.54,1072.0,6928.0,219.74544351101707
Province 5,Banke,Duduwa Gaunpalika,28.0,81.66,7.5,1.25,0.07,167.84,214.46,51.74,17.07,33.32,10.44,1.08,3.34,direct_overlay,False,0,direct_overlay,29.416193115859897,25.75,83.92,64.338,1030.0,6970.0,236.94432425527174
Province 5,Banke,Duduwa Gaunpalika,28.0,81.7,7.76,1.57,0.09,138.85,257.76,46.87,21.38,35.0,10.44,1.08,3.34,direct_overlay,False,0,direct_overlay,25.58650017144405,32.55,69.425,77.32799999999999,1302.0,6698.0,261.7786705926799
Province 5,Banke,Rapti sonari Gaunpalika,28.0,81.74,7.77,1.78,0.11,128.64,259.69,48.57,21.39,36.26,10.44,1.08,3.34,direct_overlay,False,0,direct_overlay,21.50972121538249,37.7,64.32,77.907,1508.0,6492.0,300.0
Province 5,Banke,Rapti sonari Gaunpalika,28.0,82.12,7.31,1.73,0.1,145.7,311.47,44.56,18.59,35.06,10.44,1.08,2.67,direct_overlay,False,0,direct_overlay,19.343241562472905,35.95,72.85,93.441,1438.0,6562.0,300.0
Province 5,Banke,Rapti sonari Gaunpalika,28.0,82.14,7.37,2.06,0.11,130.3,334.04,39.66,22.52,37.89,10.44,1.08,2.5,direct_overlay,False,0,direct_overlay,17.302442612765855,41.900000000000006,65.15,100.212,1676.0000000000002,6324.0,300.0
Province 5,Dang,Tulsipur Upamahanagarpalika,28.0,82.28,7.04,2.36,0.12,155.26,458.53,46.22,19.94,31.0,12.63,1.08,2.67,direct_overlay,False,0,direct_overlay,8.602538245907759,47.4,77.63,137.559,1896.0,6104.0,300.0
Province 5,Dang,Tulsipur Upamahanagarpalika,28.0,82.3,6.92,2.15,0.12,166.97,480.15,47.12,20.13,32.55,12.63,1.08,2.5,direct_overlay,False,0,direct_overlay,9.169578560084659,44.25,83.485,144.045,1770.0,6230.0,300.0
Province 5,Dang,Ghorahi Upamahanagarpalika,28.0,82.36,6.85,2.16,0.11,141.89,417.32,47.85,20.75,29.98,12.63,1.08,2.5,direct_overlay,False,0,direct_overlay,7.75186649201511,43.400000000000006,70.945,125.196,1736.0000000000002,6264.0,300.0
Province 5,Dang,Ghorahi Upamahanagarpalika,28.0,82.38,6.7,2.02,0.1,117.47,377.77,43.32,26.06,32.22,12.63,1.08,2.5,direct_overlay,False,0,direct_overlay,23.575998255685125,40.3,58.735,113.33099999999999,1612.0,6388.0,270.9535320931573
Province 5,Dang,Ghorahi Upamahanagarpalika,28.0,82.4,6.65,1.98,0.1,140.85,421.64,47.27,21.77,32.65,12.63,1.08,2.5,direct_overlay,False,0,direct_overlay,15.035094308040595,39.7,70.425,126.49199999999999,1588.0,6412.0,300.0
Province 5,Dang,Ghorahi Upamahanagarpalika,28.0,82.42,6.61,1.99,0.1,158.44,346.84,47.84,22.04,31.59,12.63,1.08,2.5,direct_overlay,False,0,direct_overlay,33.05864943065469,39.85,79.22,104.05199999999999,1594.0,6406.0,193.77682120491684
Province 5,Dang,Ghorahi Upamahanagarpalika,28.0,82.46,6.78,1.95,0.1,150.96,343.97,44.8,22.62,34.38,12.63,1.08,2.5,direct_overlay,False,0,direct_overlay,34.644801799741806,39.25,75.48,103.191,1570.0,6430.0,185.59782899516892
Province 5,Dang,Ghorahi Upamahanagarpalika,28.0,82.44,6.54,1.92,0.09,141.53,329.43,44.69,23.59,33.0,12.63,1.08,2.5,direct_overlay,False,0,direct_overlay,20.49099516821518,37.8,70.765,98.829,1512.0,6488.0,300.0
Province 5,Dang,Ghorahi Upamahanagarpalika,28.0,82.48,6.78,1.91,0.09,144.55,418.34,44.86,19.46,34.83,12.63,1.08,2.67,direct_overlay,False,0,direct_overlay,16.552185622474866,37.65,72.275,125.50199999999998,1506.0,6494.0,300.0
Province 5,Dang,Ghorahi Upamahanagarpalika,28.0,82.52,6.72,2.36,0.11,183.86,595.19,48.8,18.94,30.94,12.63,1.08,0.83,direct_overlay,False,0,direct_overlay,-0.8343356007878184,46.4,91.93,178.55700000000002,1856.0,6144.0,-7363.943231235188
Province 5,Dang,Ghorahi Upamahanagarpalika,28.0,82.54,6.63,2.3,0.11,196.18,601.89,48.04,20.7,32.41,12.63,1.08,0.83,direct_overlay,False,0,direct_overlay,-0.5611834885293675,45.5,98.09,180.56699999999998,1820.0,6180.0,-11012.440897352937
Province 5,Dang,Banglachuli Gaunpalika,28.0,82.72,6.46,2.65,0.12,189.08,465.31,42.37,18.08,41.0,12.63,1.08,2.67,direct_overlay,False,0,direct_overlay,16.325200173382253,51.75,94.54,139.593,2070.0,5930.0,300.0
Province 5,Pyuthan,Mandavi Gaunpalika,28.0,82.74,6.52,2.36,0.1,151.12,376.27,42.06,16.69,42.19,10.44,1.08,2.67,direct_overlay,False,0,direct_overlay,25.92359509804744,45.4,75.56,112.88099999999999,1816.0,6184.0,238.54716047720473
Province 5,Pyuthan,Ayirabati Gaunpalika,28.0,82.9,6.6,2.5,0.1,176.0,540.12,47.98,14.45,35.49,10.44,1.08,0.83,direct_overlay,False,0,direct_overlay,6.336859650214442,47.5,88.0,162.036,1900.0,6100.0,300.0
Province 5,Pyuthan,Ayirabati Gaunpalika,28.0,82.96,6.48,2.54,0.09,149.17,446.91,49.2,13.35,36.92,10.44,1.08,2.67,direct_overlay,False,0,direct_overlay,23.271010885010934,47.1,74.585,134.073,1884.0,6116.0,262.8162579709578
Province 5,Arghakhanchi,Bhumekasthan Nagarpalika,28.0,82.98,6.53,2.47,0.09,170.91,457.58,51.55,13.04,36.58,10.44,1.08,2.67,direct_overlay,False,0,direct_overlay,7.6874820600002245,46.050000000000004,85.455,137.274,1842.0000000000002,6158.0,300.0
Province 5,Arghakhanchi,Bhumekasthan Nagarpalika,28.0,83.0,6.5,2.51,0.09,175.36,501.32,50.7,12.79,35.45,10.44,1.08,0.83,direct_overlay,False,0,direct_overlay,13.908040366234257,46.65,87.68,150.396,1866.0,6134.0,300.0
Province 5,Arghakhanchi,Bhumekasthan Nagarpalika,28.0,83.04,6.47,2.62,0.11,157.53,443.76,51.02,12.31,38.14,10.44,1.08,2.67,direct_overlay,False,0,direct_overlay,18.218222049999103,50.300000000000004,78.765,133.128,2012.0000000000002,5988.0,300.0
Province 5,Arghakhanchi,Sandhikharka Nagarpalika,28.0,83.08,6.46,2.96,0.13,166.93,412.31,48.91,13.32,38.67,10.44,1.08,2.67,direct_overlay,False,0,direct_overlay,16.236287978738098,57.4,83.465,123.693,2296.0,5704.0,300.0
Province 5,Arghakhanchi,Chhatradev Gaunpalika,28.0,83.18,6.67,2.47,0.11,140.43,295.48,41.13,12.52,43.26,10.44,1.08,2.67,direct_overlay,False,0,direct_overlay,13.197605760416964,48.050000000000004,70.215,88.644,1922.0000000000002,6078.0,300.0
Province 5,Gulmi,Resunga Nagarpalika,28.0,83.26,6.82,2.66,0.12,158.65,226.92,33.78,12.29,52.9,10.44,1.08,3.34,direct_overlay,False,0,direct_overlay,17.346989201498264,51.900000000000006,79.325,68.076,2076.0,5924.0,300.0
Province 5,Gulmi,Chatrakot Gaunpalika,28.0,83.34,6.64,3.12,0.14,172.47,258.88,44.69,11.3,44.8,10.44,1.08,3.34,direct_overlay,False,0,direct_overlay,28.58807052231853,60.800000000000004,86.235,77.664,2432.0,5568.0,194.76655465968213
Province 5,Gulmi,Ruru Gaunpalika,28.0,83.4,6.61,3.42,0.16,147.33,233.36,46.09,12.12,42.16,8.28,1.08,3.34,direct_overlay,False,0,direct_overlay,24.533350625559393,67.3,73.665,70.008,2692.0,5308.0,216.35854315268324
Province 5,Gulmi,Kaligandaki Gaunpalika,28.0,83.54,6.62,3.43,0.16,118.31,249.33,41.14,13.59,44.07,8.28,1.08,3.34,direct_overlay,False,0,direct_overlay,25.287382873498743,67.45,59.155,74.799,2698.0,5302.0,209.66977984726577
Province 5,Banke,Nepalgunj Upamahanagarpalika,28.02,81.62,7.62,1.2,0.06,298.01,237.33,41.21,18.65,36.95,10.44,1.08,3.34,direct_overlay,False,0,direct_overlay,29.655221975877176,24.0,149.005,71.199,960.0,7040.0,237.39495208387368
Province 5,Banke,Duduwa Gaunpalika,28.02,81.64,7.66,1.23,0.06,177.83,243.65,47.43,18.61,33.25,10.44,1.08,3.34,direct_overlay,False,0,direct_overlay,29.292555919722236,24.45,88.915,73.095,978.0,7022.0,239.71960723550905
Province 5,Banke,Duduwa Gaunpalika,28.02,81.66,7.46,1.28,0.07,154.68,247.42,53.48,16.79,31.71,10.44,1.08,3.34,direct_overlay,False,0,direct_overlay,27.11967243042995,26.2,77.34,74.226,1048.0,6952.0,256.3452791634543
Province 5,Banke,Nepalgunj Upamahanagarpalika,28.02,81.68,7.52,1.43,0.07,158.08,272.2,54.08,19.07,31.7,10.44,1.08,3.34,direct_overlay,False,0,direct_overlay,31.194651276150477,28.45,79.04,81.66,1138.0,6862.0,219.97360827194967
Province 5,Banke,Duduwa Gaunpalika,28.02,81.7,7.79,1.7,0.1,135.07,259.15,44.05,23.26,37.05,10.44,1.08,3.34,direct_overlay,False,0,direct_overlay,25.24074380985599,35.5,67.535,77.74499999999999,1420.0,6580.0,260.68962347419597
Province 5,Banke,Duduwa Gaunpalika,28.02,81.72,7.84,1.72,0.1,141.97,261.96,46.43,22.76,37.2,10.44,1.08,3.34,direct_overlay,False,0,direct_overlay,24.87174128457013,35.8,70.985,78.588,1432.0,6568.0,264.0747957632801
Province 5,Banke,Rapti sonari Gaunpalika,28.02,81.76,7.84,2.06,0.13,102.83,263.9,38.79,24.19,38.29,9.6,3.25,3.34,direct_overlay,False,0,direct_overlay,19.920276709078475,43.900000000000006,51.415,79.16999999999999,1756.0000000000002,6244.0,300.0
Province 5,Banke,Rapti sonari Gaunpalika,28.02,81.9,7.51,1.52,0.09,113.03,240.11,45.65,19.49,36.26,10.44,1.08,3.34,direct_overlay,False,0,direct_overlay,26.42352005099279,31.8,56.515,72.033,1272.0,6728.0,254.62163962318922
Province 5,Banke,Rapti sonari Gaunpalika,28.02,81.88,7.51,1.34,0.09,110.99,221.84,48.03,20.02,35.04,9.6,3.25,3.34,direct_overlay,False,0,direct_overlay,26.222520050992788,29.1,55.495,66.55199999999999,1164.0,6836.0,260.6919543471257
Province 5,Banke,Rapti sonari Gaunpalika,28.02,81.92,7.63,1.54,0.1,125.19,234.92,39.98,21.95,35.55,10.44,1.08,3.34,direct_overlay,False,0,direct_overlay,24.62061853584128,33.1,62.595,70.476,1324.0,6676.0,271.1548448826118
Province 5,Dang,Tulsipur Upamahanagarpalika,28.02,82.24,7.17,2.16,0.11,155.03,388.34,46.2,22.36,29.63,12.63,1.08,2.5,direct_overlay,False,0,direct_overlay,27.469174543892812,43.400000000000006,77.515,116.50199999999998,1736.0000000000002,6264.0,228.0374311936748
Province 5,Dang,Tulsipur Upamahanagarpalika,28.02,82.32,6.92,2.13,0.11,146.82,423.2,47.82,20.56,31.61,12.63,1.08,2.5,direct_overlay,False,0,direct_overlay,1.9752703815832282,42.95,73.41,126.96,1718.0,6282.0,300.0
Province 5,Dang,Tulsipur Upamahanagarpalika,28.02,82.34,6.8,2.1,0.11,125.46,435.74,45.23,24.02,32.63,12.63,1.08,2.5,direct_overlay,False,0,direct_overlay,3.7423339320995432,42.5,62.73,130.722,1700.0,6300.0,300.0
Province 5,Dang,Ghorahi Upamahanagarpalika,28.02,82.36,6.7,1.91,0.1,141.19,451.16,47.35,22.98,32.68,12.63,1.08,2.5,direct_overlay,False,0,direct_overlay,12.091213946040812,38.65,70.595,135.348,1546.0,6454.0,300.0
Province 5,Dang,Ghorahi Upamahanagarpalika,28.02,82.38,6.66,1.95,0.1,157.67,536.2,47.99,21.62,32.52,12.63,1.08,0.83,direct_overlay,False,0,direct_overlay,10.9747615073875,39.25,78.835,160.86,1570.0,6430.0,300.0
Province 5,Dang,Ghorahi Upamahanagarpalika,28.02,82.4,6.62,1.94,0.1,148.12,468.36,46.53,22.24,33.67,12.63,1.08,2.5,direct_overlay,False,0,direct_overlay,11.676682265601213,39.099999999999994,74.06,140.508,1563.9999999999998,6436.0,300.0
Province 5,Dang,Ghorahi Upamahanagarpalika,28.02,82.42,6.62,1.94,0.1,140.77,374.28,43.49,22.86,35.5,12.63,1.08,2.5,direct_overlay,False,0,direct_overlay,22.174803879305788,39.099999999999994,70.385,112.28399999999999,1563.9999999999998,6436.0,290.23932004225185
Province 5,Dang,Ghorahi Upamahanagarpalika,28.02,82.44,6.69,1.92,0.1,147.97,418.73,43.95,21.83,35.69,12.63,1.08,2.5,direct_overlay,False,0,direct_overlay,21.161216810858704,38.8,73.985,125.619,1552.0,6448.0,300.0
Province 5,Dang,Ghorahi Upamahanagarpalika,28.02,82.46,6.71,1.87,0.09,168.35,568.06,44.88,21.17,38.09,12.63,1.08,0.83,direct_overlay,False,0,direct_overlay,9.514773436482237,37.05,84.175,170.41799999999998,1482.0,6518.0,300.0
Province 5,Dang,Ghorahi Upamahanagarpalika,28.02,82.48,6.79,1.95,0.1,189.01,622.1,46.54,19.59,34.59,12.63,1.08,0.83,direct_overlay,False,0,direct_overlay,6.170907001087812,39.25,94.505,186.63,1570.0,6430.0,300.0
Province 5,Dang,Ghorahi Upamahanagarpalika,28.02,82.58,6.56,2.57,0.12,207.78,558.06,43.76,18.68,39.01,12.63,1.08,0.83,direct_overlay,False,0,direct_overlay,10.832971134616002,50.55,103.89,167.41799999999998,2022.0,5978.0,300.0
Province 5,Dang,Banglachuli Gaunpalika,28.02,82.6,6.71,2.21,0.11,186.18,527.34,41.78,18.14,40.83,12.63,1.08,0.83,direct_overlay,False,0,direct_overlay,5.357140595929054,44.15,93.09,158.202,1766.0,6234.0,300.0
Province 5,Dang,Banglachuli Gaunpalika,28.02,82.62,6.69,2.26,0.1,174.07,486.31,38.67,16.76,43.64,12.63,1.08,2.67,direct_overlay,False,0,direct_overlay,7.493155026186733,43.9,87.035,145.893,1756.0,6244.0,300.0
Province 5,Dang,Banglachuli Gaunpalika,28.02,82.68,6.6,2.34,0.1,192.25,483.89,42.53,17.41,41.93,12.63,1.08,2.67,direct_overlay,False,0,direct_overlay,5.329520593976937,45.099999999999994,96.125,145.167,1803.9999999999998,6196.0,300.0
Province 5,Pyuthan,Mandavi Gaunpalika,28.02,82.72,6.59,2.16,0.1,149.41,375.08,41.28,16.42,42.5,10.44,1.08,2.67,direct_overlay,False,0,direct_overlay,21.08713491041143,42.400000000000006,74.705,112.52399999999999,1696.0000000000002,6304.0,298.95004830113277
Province 5,Pyuthan,Ayirabati Gaunpalika,28.02,82.94,6.6,2.15,0.09,191.97,516.48,48.71,14.08,36.9,10.44,1.08,0.83,direct_overlay,False,0,direct_overlay,5.9227601928797835,41.25,95.985,154.944,1650.0,6350.0,300.0
Province 5,Arghakhanchi,Chhatradev Gaunpalika,28.02,83.2,6.62,2.94,0.12,158.48,331.68,40.05,12.54,44.98,10.44,1.08,2.67,direct_overlay,False,0,direct_overlay,24.342035113705958,56.1,79.24,99.504,2244.0,5756.0,236.46338414650643
Province 5,Arghakhanchi,Chhatradev Gaunpalika,28.02,83.22,6.66,2.73,0.12,166.55,321.15,36.62,12.54,51.85,10.44,1.08,2.67,direct_overlay,False,0,direct_overlay,15.214535457488562,52.95,83.275,96.34499999999998,2118.0,5882.0,300.0
Province 5,Gulmi,Gulmidarbar Gaunpalika,28.02,83.3,6.8,2.48,0.11,163.84,273.47,35.43,11.78,54.51,10.44,1.08,3.34,direct_overlay,False,0,direct_overlay,18.71423158709824,48.2,81.92,82.04100000000001,1928.0,6072.0,300.0
Province 5,Gulmi,Satyawati Gaunpalika,28.02,83.44,6.74,2.85,0.15,147.71,199.45,43.61,12.84,44.38,10.44,1.08,3.34,direct_overlay,False,0,direct_overlay,23.53161426763147,57.75,73.855,59.834999999999994,2310.0,5690.0,241.80236575723526
Province 5,Gulmi,Satyawati Gaunpalika,28.02,83.48,6.57,3.59,0.19,151.64,250.89,43.14,14.25,44.58,8.28,1.08,3.34,direct_overlay,False,0,direct_overlay,29.676654017953908,72.85,75.82,75.267,2914.0,5086.0,171.38050660708078
Province 5,Banke,Janki Gaunpalika,28.04,81.58,7.37,1.49,0.08,180.65,351.09,40.9,18.41,39.6,10.44,1.08,2.67,direct_overlay,False,0,direct_overlay,30.297694307287017,30.35,90.325,105.32699999999998,1214.0,6786.0,223.97743970794082
Province 5,Banke,Nepalgunj Upamahanagarpalika,28.04,81.6,7.56,1.1,0.06,172.16,284.32,38.25,20.81,38.22,10.44,1.08,2.5,direct_overlay,False,0,direct_overlay,30.83322471580808,22.5,86.08,85.29599999999999,900.0,7100.0,230.2710814532434
Province 5,Banke,Nepalgunj Upamahanagarpalika,28.04,81.62,7.53,1.18,0.06,193.25,249.06,41.46,19.81,37.79,10.44,1.08,3.34,direct_overlay,False,0,direct_overlay,28.210524173679378,23.7,96.625,74.718,948.0,7052.0,249.97763092185173
Province 5,Banke,Nepalgunj Upamahanagarpalika,28.04,81.64,7.74,1.34,0.07,181.67,288.29,39.15,21.02,37.16,10.44,1.08,2.5,direct_overlay,False,0,direct_overlay,31.002498525331884,27.1,90.835,86.48700000000001,1084.0,6916.0,223.07879458002373
Province 5,Banke,Nepalgunj Upamahanagarpalika,28.04,81.66,7.65,1.31,0.07,169.68,200.06,42.99,21.45,34.95,10.44,1.08,3.34,direct_overlay,False,0,direct_overlay,29.677951395777953,26.650000000000002,84.84,60.018,1066.0,6934.0,233.6414635744179
Province 5,Banke,Nepalgunj Upamahanagarpalika,28.04,81.68,7.71,1.19,0.06,175.07,170.84,44.18,22.46,35.85,10.44,1.08,3.34,direct_overlay,False,0,direct_overlay,29.584315032141586,23.849999999999998,87.535,51.252,953.9999999999999,7046.0,238.1667445179969
Province 5,Banke,Duduwa Gaunpalika,28.04,81.7,7.78,1.3,0.07,162.91,238.53,48.56,20.1,32.34,10.44,1.08,3.34,direct_overlay,False,0,direct_overlay,29.44030465432144,26.5,81.455,71.559,1060.0,6940.0,235.73125623145688
Province 5,Banke,Duduwa Gaunpalika,28.04,81.72,7.89,1.45,0.08,162.91,246.1,36.64,26.07,38.23,10.44,1.08,3.34,direct_overlay,False,0,direct_overlay,29.44030465432144,29.75,81.455,73.83,1190.0,6810.0,231.31554105709242
Province 5,Banke,Rapti sonari Gaunpalika,28.04,81.86,7.69,1.47,0.09,97.0,187.54,41.0,21.08,38.01,9.6,3.25,3.34,direct_overlay,False,0,direct_overlay,25.344427575716086,31.05,48.5,56.26199999999999,1242.0,6758.0,266.6463852778122
Province 5,Banke,Rapti sonari Gaunpalika,28.04,81.88,7.86,1.3,0.09,77.3,182.89,41.82,20.87,39.15,9.6,3.25,3.34,direct_overlay,False,0,direct_overlay,20.02654080918748,28.5,38.65,54.867,1140.0,6860.0,300.0
Province 5,Banke,Rapti sonari Gaunpalika,28.04,81.92,7.59,1.76,0.11,123.14,269.05,36.46,24.0,38.76,10.44,1.08,3.34,direct_overlay,False,0,direct_overlay,20.78918701899184,37.4,61.57,80.715,1496.0,6504.0,300.0
Province 5,Dang,Dangisharan Gaunpalika,28.04,82.2,6.93,2.7,0.14,171.08,467.97,42.28,24.81,34.12,12.63,1.08,2.5,direct_overlay,False,0,direct_overlay,14.32094891545083,54.5,85.54,140.391,2180.0,5820.0,300.0
Province 5,Dang,Tulsipur Upamahanagarpalika,28.04,82.24,6.99,2.16,0.12,171.5,434.89,48.06,20.57,32.46,12.63,1.08,2.5,direct_overlay,False,0,direct_overlay,9.081986556786338,44.400000000000006,85.75,130.46699999999998,1776.0000000000002,6224.0,300.0
Province 5,Dang,Tulsipur Upamahanagarpalika,28.04,82.26,7.04,2.23,0.13,166.09,418.33,43.79,22.0,33.41,12.63,1.08,2.5,direct_overlay,False,0,direct_overlay,18.926957280899494,46.45,83.045,125.499,1858.0,6142.0,300.0
Province 5,Dang,Tulsipur Upamahanagarpalika,28.04,82.28,6.79,2.22,0.13,187.11,438.12,43.87,21.56,33.0,12.63,1.08,2.5,direct_overlay,False,0,direct_overlay,1.5249558572937882,46.300000000000004,93.555,131.436,1852.0000000000002,6148.0,300.0
Province 5,Dang,Tulsipur Upamahanagarpalika,28.04,82.3,6.8,2.1,0.12,155.05,457.34,42.93,24.33,33.78,12.63,1.08,2.5,direct_overlay,False,0,direct_overlay,9.613632113869055,43.5,77.525,137.202,1740.0,6260.0,300.0
Province 5,Dang,Tulsipur Upamahanagarpalika,28.04,82.32,6.72,2.14,0.11,174.04,512.08,44.83,22.42,33.32,12.63,1.08,0.83,direct_overlay,False,0,direct_overlay,6.043984904146016,43.1,87.02,153.624,1724.0,6276.0,300.0
Province 5,Dang,Ghorahi Upamahanagarpalika,28.04,82.34,6.63,2.02,0.11,137.49,525.21,41.4,24.72,36.56,12.63,1.08,0.83,direct_overlay,False,0,direct_overlay,12.591467034012442,41.3,68.745,157.56300000000002,1652.0,6348.0,300.0
Province 5,Dang,Ghorahi Upamahanagarpalika,28.04,82.36,6.51,1.94,0.1,147.91,571.29,42.97,24.18,37.42,12.63,1.08,0.83,direct_overlay,False,0,direct_overlay,17.081025093419743,39.099999999999994,73.955,171.38699999999997,1563.9999999999998,6436.0,300.0
Province 5,Dang,Ghorahi Upamahanagarpalika,28.04,82.42,6.66,1.9,0.1,179.65,660.27,43.44,21.45,36.77,12.63,1.08,0.83,direct_overlay,False,0,direct_overlay,6.474298817136207,38.5,89.825,198.081,1540.0,6460.0,300.0
Province 5,Dang,Ghorahi Upamahanagarpalika,28.04,82.38,6.59,1.89,0.1,141.98,485.06,41.38,23.68,37.57,12.63,1.08,2.5,direct_overlay,False,0,direct_overlay,9.753462022099768,38.349999999999994,70.99,145.518,1533.9999999999998,6466.0,300.0
Province 5,Dang,Ghorahi Upamahanagarpalika,28.04,82.4,6.61,1.84,0.09,119.41,492.49,44.88,20.94,37.59,12.63,1.08,2.5,direct_overlay,False,0,direct_overlay,10.835010977153367,36.6,59.705,147.74699999999999,1464.0,6536.0,300.0
Province 5,Dang,Ghorahi Upamahanagarpalika,28.04,82.46,6.68,1.83,0.09,194.66,638.83,47.11,18.79,35.22,12.63,1.08,0.83,direct_overlay,False,0,direct_overlay,7.89855845137618,36.45,97.33,191.649,1458.0,6542.0,300.0
Province 5,Dang,Ghorahi Upamahanagarpalika,28.04,82.5,6.66,1.8,0.09,178.38,656.38,48.0,17.45,34.69,12.63,1.08,0.83,direct_overlay,False,0,direct_overlay,7.700559036701334,36.0,89.19,196.914,1440.0,6560.0,300.0
Province 5,Dang,Banglachuli Gaunpalika,28.04,82.6,6.69,2.16,0.1,167.78,446.49,42.69,17.67,41.37,12.63,1.08,2.67,direct_overlay,False,0,direct_overlay,14.545297707852669,42.400000000000006,83.89,133.947,1696.0000000000002,6304.0,300.0
Province 5,Dang,Banglachuli Gaunpalika,28.04,82.58,6.52,2.39,0.12,191.42,486.19,45.94,18.69,37.31,12.63,1.08,2.67,direct_overlay,False,0,direct_overlay,6.325287913032841,47.85,95.71,145.857,1914.0,6086.0,300.0
Province 5,Dang,Banglachuli Gaunpalika,28.04,82.66,6.54,2.3,0.12,180.3,525.04,44.8,17.24,38.99,12.63,1.08,0.83,direct_overlay,False,0,direct_overlay,9.587504186761706,46.5,90.15,157.51199999999997,1860.0,6140.0,300.0
Province 5,Pyuthan,Mandavi Gaunpalika,28.04,82.74,6.75,2.21,0.09,152.72,483.37,43.82,16.16,39.23,10.44,1.08,2.67,direct_overlay,False,0,direct_overlay,7.731709148389804,42.15,76.36,145.011,1686.0,6314.0,300.0
Province 5,Pyuthan,Mandavi Gaunpalika,28.04,82.76,6.8,2.18,0.11,134.12,455.12,42.78,15.83,42.39,10.44,1.08,2.67,direct_overlay,False,0,direct_overlay,5.928605505712539,43.7,67.06,136.536,1748.0,6252.0,300.0
Province 5,Pyuthan,Ayirabati Gaunpalika,28.04,82.84,6.81,2.16,0.09,168.55,438.72,44.3,14.75,39.02,10.44,1.08,2.67,direct_overlay,False,0,direct_overlay,8.918164960416929,41.400000000000006,84.275,131.616,1656.0000000000002,6344.0,300.0
Province 5,Pyuthan,Ayirabati Gaunpalika,28.04,82.86,6.71,2.31,0.09,179.89,507.15,49.33,15.02,37.2,10.44,1.08,0.83,direct_overlay,False,0,direct_overlay,5.697476673021595,43.65,89.945,152.14499999999998,1746.0,6254.0,300.0
Province 5,Pyuthan,Ayirabati Gaunpalika,28.04,82.94,6.53,2.04,0.09,194.07,525.08,49.72,13.28,37.04,10.44,1.08,0.83,direct_overlay,False,0,direct_overlay,8.333812314104248,39.6,97.035,157.524,1584.0,6416.0,300.0
Province 5,Arghakhanchi,Bhumekasthan Nagarpalika,28.04,82.98,6.66,2.28,0.1,180.46,444.36,51.81,12.97,34.04,10.44,1.08,2.67,direct_overlay,False,0,direct_overlay,6.2529505411074515,44.199999999999996,90.23,133.308,1767.9999999999998,6232.0,300.0
Province 5,Arghakhanchi,Bhumekasthan Nagarpalika,28.04,83.02,6.55,2.61,0.11,153.59,342.16,49.8,12.88,38.06,10.44,1.08,2.67,direct_overlay,False,0,direct_overlay,23.225369335346546,50.15,76.795,102.64800000000001,2006.0,5994.0,258.07985713612607
Province 5,Arghakhanchi,Bhumekasthan Nagarpalika,28.04,83.06,6.47,2.87,0.12,162.32,377.37,50.26,11.43,36.73,10.44,1.08,2.67,direct_overlay,False,0,direct_overlay,20.287444114429505,55.050000000000004,81.16,113.211,2202.0,5798.0,285.7925309515039
Province 5,Arghakhanchi,Malarani Gaunpalika,28.04,83.18,6.57,2.9,0.12,155.37,295.31,41.86,11.45,45.61,10.44,1.08,2.67,direct_overlay,False,0,direct_overlay,16.139095002285718,55.5,77.685,88.593,2220.0,5780.0,300.0
Province 5,Gulmi,Satyawati Gaunpalika,28.04,83.4,6.75,2.82,0.13,179.52,307.64,41.04,14.34,46.34,10.44,1.08,2.67,direct_overlay,False,0,direct_overlay,17.865820975633365,55.3,89.76,92.29199999999999,2212.0,5788.0,300.0
Province 5,Gulmi,Chatrakot Gaunpalika,28.04,83.38,6.77,2.81,0.12,172.39,240.26,42.43,11.78,49.47,10.44,1.08,3.34,direct_overlay,False,0,direct_overlay,16.218803121965855,54.15,86.195,72.07799999999999,2166.0,5834.0,300.0
Province 5,Gulmi,Satyawati Gaunpalika,28.04,83.44,6.52,3.77,0.19,186.55,303.48,44.24,13.68,43.65,8.28,1.08,2.67,direct_overlay,False,0,direct_overlay,30.147203295778603,75.55,93.275,91.044,3022.0,4978.0,165.12311112775924
Province 5,Gulmi,Satyawati Gaunpalika,28.04,83.48,6.44,3.47,0.19,175.05,254.64,46.57,10.46,41.85,8.28,1.08,3.34,direct_overlay,False,0,direct_overlay,27.803585642525377,71.05000000000001,87.525,76.392,2842.0000000000005,5158.0,185.51564054784637
Province 5,Gulmi,Kaligandaki Gaunpalika,28.04,83.54,6.7,3.82,0.18,145.58,269.33,45.36,12.57,40.02,8.28,1.08,3.34,direct_overlay,False,0,direct_overlay,25.26755860599012,75.3,72.79,80.79899999999999,3012.0,4988.0,197.40727934108784
Province 5,Banke,Khajura Gaunpalika,28.06,81.54,7.46,1.74,0.09,194.42,334.8,39.71,20.3,40.18,10.44,1.08,2.5,direct_overlay,False,0,direct_overlay,32.98991126035533,35.1,97.21,100.44,1404.0,6596.0,199.93991338577962
Province 5,Banke,Janki Gaunpalika,28.06,81.56,7.28,1.46,0.07,155.0,309.97,38.48,19.13,40.79,10.44,1.08,2.67,direct_overlay,False,0,direct_overlay,29.544127600514656,28.9,77.5,92.991,1156.0,6844.0,231.6534809401777
Province 5,Banke,Janki Gaunpalika,28.06,81.58,7.05,1.27,0.07,117.22,249.23,36.48,21.86,38.51,10.44,1.08,3.34,direct_overlay,False,0,direct_overlay,20.03111157002506,26.05,58.61,74.76899999999999,1042.0,6958.0,300.0
Province 5,Banke,Nepalgunj Upamahanagarpalika,28.06,81.6,7.74,1.22,0.07,183.57,245.31,33.55,23.46,43.75,10.44,1.08,3.34,direct_overlay,False,0,direct_overlay,29.630190840346046,25.3,91.785,73.593,1012.0,6988.0,235.84053297708658
Province 5,Banke,Nepalgunj Upamahanagarpalika,28.06,81.66,7.6,1.24,0.07,185.41,193.96,33.08,23.75,40.08,10.44,1.08,3.34,direct_overlay,False,0,direct_overlay,29.826949120264093,25.6,92.705,58.188,1024.0,6976.0,233.88245213656748
Province 5,Banke,Duduwa Gaunpalika,28.06,81.68,7.73,1.3,0.07,171.46,226.07,40.28,22.52,37.33,10.44,1.08,3.34,direct_overlay,False,0,direct_overlay,29.416193115859897,26.5,85.73,67.821,1060.0,6940.0,235.92447780940975
Province 5,Banke,Duduwa Gaunpalika,28.06,81.7,8.06,1.29,0.07,184.31,173.5,36.63,24.75,39.56,10.44,1.08,3.34,direct_overlay,False,0,direct_overlay,29.826949120264093,26.35,92.155,52.05,1054.0,6946.0,232.87665030685173
Province 5,Banke,Rapti sonari Gaunpalika,28.06,81.74,7.82,1.5,0.09,145.94,290.6,46.21,16.94,36.77,10.44,1.08,2.67,direct_overlay,False,0,direct_overlay,23.63289417134927,31.5,72.97,87.18,1260.0,6740.0,285.19570862256325
Province 5,Banke,Rapti sonari Gaunpalika,28.06,81.82,7.6,1.83,0.1,129.97,251.73,42.95,19.77,38.21,10.44,1.08,3.34,direct_overlay,False,0,direct_overlay,24.496009840189107,37.45,64.985,75.51899999999999,1498.0,6502.0,265.4309841651258
Province 5,Banke,Rapti sonari Gaunpalika,28.06,81.84,7.7,1.77,0.1,117.33,215.71,38.89,21.03,39.92,10.44,1.08,3.34,direct_overlay,False,0,direct_overlay,24.674009840189104,36.55,58.665,64.713,1462.0,6538.0,264.9751719459431
Province 5,Dang,Dangisharan Gaunpalika,28.06,82.2,6.98,2.14,0.12,181.68,455.17,47.81,20.05,32.66,12.63,1.08,2.5,direct_overlay,False,0,direct_overlay,8.937460783216883,44.1,90.84,136.551,1764.0,6236.0,300.0
Province 5,Dang,Tulsipur Upamahanagarpalika,28.06,82.24,6.9,2.16,0.12,179.93,495.89,46.41,20.63,33.74,12.63,1.08,2.5,direct_overlay,False,0,direct_overlay,8.954880361886461,44.400000000000006,89.965,148.767,1776.0000000000002,6224.0,300.0
Province 5,Dang,Tulsipur Upamahanagarpalika,28.06,82.26,6.87,2.21,0.12,167.14,449.36,41.07,23.81,35.45,12.63,1.08,2.5,direct_overlay,False,0,direct_overlay,17.58765501194294,45.15,83.57,134.808,1806.0,6194.0,300.0
Province 5,Dang,Tulsipur Upamahanagarpalika,28.06,82.28,6.75,2.17,0.12,174.37,476.26,44.98,20.99,34.03,12.63,1.08,2.5,direct_overlay,False,0,direct_overlay,7.071687566065459,44.55,87.185,142.878,1782.0,6218.0,300.0
Province 5,Dang,Tulsipur Upamahanagarpalika,28.06,82.3,6.65,2.18,0.12,161.51,517.08,41.78,23.62,35.02,12.63,1.08,0.83,direct_overlay,False,0,direct_overlay,8.037584974871958,44.7,80.755,155.124,1788.0,6212.0,300.0
Province 5,Dang,Tulsipur Upamahanagarpalika,28.06,82.32,6.57,2.03,0.11,155.48,585.89,43.37,22.16,36.49,12.63,1.08,0.83,direct_overlay,False,0,direct_overlay,8.010876513571336,41.449999999999996,77.74,175.767,1657.9999999999998,6342.0,300.0
Province 5,Dang,Tulsipur Upamahanagarpalika,28.06,82.34,6.53,2.04,0.1,171.72,568.42,44.7,20.62,35.52,12.63,1.08,0.83,direct_overlay,False,0,direct_overlay,5.737082779775473,40.6,85.86,170.52599999999998,1624.0,6376.0,300.0
Province 5,Dang,Ghorahi Upamahanagarpalika,28.06,82.36,6.47,1.88,0.1,163.4,584.69,45.17,21.0,36.66,12.63,1.08,0.83,direct_overlay,False,0,direct_overlay,23.154391025775897,38.2,81.7,175.407,1528.0,6472.0,279.51501694841596
Province 5,Dang,Ghorahi Upamahanagarpalika,28.06,82.38,6.49,1.85,0.09,173.59,772.12,44.76,20.04,37.21,12.63,1.08,0.83,direct_overlay,False,0,direct_overlay,7.583510092338998,36.75,86.795,231.636,1470.0,6530.0,300.0
Province 5,Dang,Ghorahi Upamahanagarpalika,28.06,82.42,6.51,1.84,0.09,220.72,823.78,46.36,19.78,36.62,12.63,1.08,0.83,direct_overlay,False,0,direct_overlay,6.678261205274592,36.6,110.36,247.134,1464.0,6536.0,300.0
Province 5,Dang,Ghorahi Upamahanagarpalika,28.06,82.48,6.75,1.7,0.08,217.63,674.42,43.75,19.28,37.9,12.63,1.08,0.83,direct_overlay,False,0,direct_overlay,7.8589791440653824,33.5,108.815,202.326,1340.0,6660.0,300.0
Province 5,Dang,Ghorahi Upamahanagarpalika,28.06,82.5,6.73,2.01,0.09,169.59,565.72,48.93,16.89,34.82,12.63,1.08,0.83,direct_overlay,False,0,direct_overlay,6.316997357365143,39.15,84.795,169.716,1566.0,6434.0,300.0
Province 5,Dang,Banglachuli Gaunpalika,28.06,82.58,6.68,2.24,0.11,172.5,513.07,42.54,18.08,40.16,12.63,1.08,0.83,direct_overlay,False,0,direct_overlay,5.485035632057395,44.6,86.25,153.92100000000002,1784.0,6216.0,300.0
Province 5,Dang,Banglachuli Gaunpalika,28.06,82.62,6.74,2.25,0.1,182.0,556.33,42.87,17.43,40.2,12.63,1.08,0.83,direct_overlay,False,0,direct_overlay,5.904429962421075,43.75,91.0,166.899,1750.0,6250.0,300.0
Province 5,Dang,Banglachuli Gaunpalika,28.06,82.66,6.84,2.21,0.11,175.5,458.88,44.85,17.77,38.59,12.63,1.08,2.67,direct_overlay,False,0,direct_overlay,6.573727194221376,44.15,87.75,137.664,1766.0,6234.0,300.0
Province 5,Pyuthan,Mandavi Gaunpalika,28.06,82.74,6.77,1.89,0.09,155.91,511.16,40.3,16.57,43.45,10.44,1.08,0.83,direct_overlay,False,0,direct_overlay,12.539473463667916,37.349999999999994,77.955,153.348,1493.9999999999998,6506.0,300.0
Province 5,Pyuthan,Mallarani Gaunpalika,28.06,82.84,6.78,2.05,0.1,184.29,436.78,45.53,15.53,37.08,10.44,1.08,2.67,direct_overlay,False,0,direct_overlay,6.882636495839382,40.75,92.145,131.034,1630.0,6370.0,300.0
Province 5,Pyuthan,Mallarani Gaunpalika,28.06,82.86,6.72,2.4,0.09,195.27,584.51,45.91,18.3,36.9,10.44,1.08,0.83,direct_overlay,False,0,direct_overlay,-0.19105466564141532,45.0,97.635,175.35299999999998,1800.0,6200.0,-32451.44513579475
Province 5,Arghakhanchi,Bhumekasthan Nagarpalika,28.06,82.98,6.65,2.14,0.1,209.01,533.58,53.34,13.07,33.19,10.44,1.08,0.83,direct_overlay,False,0,direct_overlay,10.229888924061317,42.1,104.505,160.074,1684.0,6316.0,300.0
Province 5,Arghakhanchi,Malarani Gaunpalika,28.06,83.02,6.53,2.48,0.11,203.26,523.42,45.65,14.2,40.78,10.44,1.08,0.83,direct_overlay,False,0,direct_overlay,8.73655267532146,48.2,101.63,157.02599999999998,1928.0,6072.0,300.0
Province 5,Arghakhanchi,Malarani Gaunpalika,28.06,83.06,6.36,2.77,0.12,163.86,399.94,50.99,11.02,37.69,10.44,1.08,2.67,direct_overlay,False,0,direct_overlay,18.553454200077525,53.55,81.93,119.982,2142.0,5858.0,300.0
Province 5,Arghakhanchi,Malarani Gaunpalika,28.06,83.18,6.3,2.69,0.13,172.45,260.48,43.67,10.27,45.73,10.44,1.08,3.34,direct_overlay,False,0,direct_overlay,16.424299156290775,53.35,86.225,78.144,2134.0,5866.0,300.0
Province 5,Gulmi,Resunga Nagarpalika,28.06,83.24,6.44,3.03,0.13,160.53,256.87,39.59,10.3,52.82,10.44,1.08,3.34,direct_overlay,False,0,direct_overlay,17.926264299734225,58.449999999999996,80.265,77.06099999999999,2338.0,5662.0,300.0
Province 5,Gulmi,Gulmidarbar Gaunpalika,28.06,83.3,6.6,2.89,0.13,155.64,227.24,39.66,11.12,51.22,10.44,1.08,3.34,direct_overlay,False,0,direct_overlay,15.599815829265719,56.35,77.82,68.172,2254.0,5746.0,300.0
Province 5,Gulmi,Satyawati Gaunpalika,28.06,83.4,6.68,3.06,0.14,183.47,305.51,42.36,14.23,44.78,10.44,1.08,2.67,direct_overlay,False,0,direct_overlay,25.508563173079928,59.9,91.735,91.65299999999999,2396.0,5604.0,219.69093131494353
Province 5,Bardiya,Badhaiyatal Gaunpalika,28.08,81.5,7.22,1.61,0.08,183.54,295.9,39.36,22.34,40.15,10.44,1.08,2.5,direct_overlay,False,0,direct_overlay,26.846491559515666,32.150000000000006,91.77,88.77,1286.0000000000002,6714.0,250.08854453535628
Province 5,Banke,Khajura Gaunpalika,28.08,81.56,7.47,1.46,0.08,150.81,272.5,33.49,23.72,42.36,10.44,1.08,3.34,direct_overlay,False,0,direct_overlay,28.564877119188797,29.9,75.405,81.75,1196.0,6804.0,238.19461822327713
Province 5,Banke,Khajura Gaunpalika,28.08,81.54,7.45,1.8,0.09,161.76,342.64,38.01,20.53,41.82,10.44,1.08,2.5,direct_overlay,False,0,direct_overlay,31.28166619771543,36.0,80.88,102.79199999999999,1440.0,6560.0,209.70749954742152
Province 5,Banke,Janki Gaunpalika,28.08,81.6,6.87,1.73,0.09,113.79,219.52,31.6,22.41,44.93,10.44,1.08,3.34,direct_overlay,False,0,direct_overlay,19.523943006462563,34.95,56.895,65.856,1398.0,6602.0,300.0
Province 5,Banke,Janki Gaunpalika,28.08,81.62,7.33,1.66,0.09,123.55,216.84,28.18,24.11,46.08,10.44,1.08,3.34,direct_overlay,False,0,direct_overlay,20.247502874372884,33.9,61.775,65.05199999999999,1356.0,6644.0,300.0
Province 5,Banke,Nepalgunj Upamahanagarpalika,28.08,81.66,7.48,1.44,0.08,173.16,226.9,26.73,27.28,43.71,10.44,1.08,3.34,direct_overlay,False,0,direct_overlay,25.261186150043674,29.599999999999998,86.58,68.07,1184.0,6816.0,269.8210590553847
Province 5,Banke,Nepalgunj Upamahanagarpalika,28.08,81.68,7.61,1.45,0.08,161.67,245.98,35.18,24.25,37.37,10.44,1.08,3.34,direct_overlay,False,0,direct_overlay,28.793030844797627,29.75,80.835,73.794,1190.0,6810.0,236.51556644758162
Province 5,Dang,Dangisharan Gaunpalika,28.08,82.2,7.03,2.23,0.13,175.16,401.56,43.0,25.31,34.55,12.63,1.08,2.5,direct_overlay,False,0,direct_overlay,21.943180041027645,46.45,87.58,120.46799999999999,1858.0,6142.0,279.9047352533301
Province 5,Dang,Tulsipur Upamahanagarpalika,28.08,82.24,6.81,2.28,0.13,191.41,513.72,43.1,21.56,35.14,12.63,1.08,0.83,direct_overlay,False,0,direct_overlay,3.849712906944906,47.199999999999996,95.705,154.116,1887.9999999999998,6112.0,300.0
Province 5,Dang,Tulsipur Upamahanagarpalika,28.08,82.22,6.94,2.29,0.12,164.95,410.79,42.26,25.46,35.49,12.63,1.08,2.5,direct_overlay,False,0,direct_overlay,20.805047516249342,46.35,82.475,123.237,1854.0,6146.0,295.40908258920325
Province 5,Dang,Tulsipur Upamahanagarpalika,28.08,82.26,6.66,2.23,0.13,158.63,495.68,40.93,24.6,37.44,12.63,1.08,2.5,direct_overlay,False,0,direct_overlay,7.300760191140912,46.45,79.315,148.704,1858.0,6142.0,300.0
Province 5,Dang,Tulsipur Upamahanagarpalika,28.08,82.28,6.57,2.14,0.11,194.31,574.9,45.04,20.15,34.74,12.63,1.08,0.83,direct_overlay,False,0,direct_overlay,2.068895976711274,43.1,97.155,172.47,1724.0,6276.0,300.0
Province 5,Dang,Tulsipur Upamahanagarpalika,28.08,82.32,6.57,2.01,0.1,162.24,588.03,43.26,21.68,38.54,12.63,1.08,0.83,direct_overlay,False,0,direct_overlay,7.826308314337621,40.15,81.12,176.409,1606.0,6394.0,300.0
Province 5,Dang,Tulsipur Upamahanagarpalika,28.08,82.3,6.61,2.25,0.12,180.23,549.75,43.2,22.34,35.43,12.63,1.08,0.83,direct_overlay,False,0,direct_overlay,7.084530711400488,45.75,90.115,164.92499999999998,1830.0,6170.0,300.0
Province 5,Dang,Tulsipur Upamahanagarpalika,28.08,82.34,6.57,1.99,0.1,195.14,587.33,44.01,19.98,37.39,12.63,1.08,0.83,direct_overlay,False,0,direct_overlay,7.906863654645361,39.85,97.57,176.199,1594.0,6406.0,300.0
Province 5,Dang,Tulsipur Upamahanagarpalika,28.08,82.36,6.52,1.92,0.1,220.97,814.45,46.38,19.48,36.0,12.63,1.08,0.83,direct_overlay,False,0,direct_overlay,3.0957086580201474,38.8,110.485,244.335,1552.0,6448.0,300.0
Province 5,Dang,Tulsipur Upamahanagarpalika,28.08,82.38,6.64,1.91,0.1,209.34,803.74,46.93,18.18,35.86,12.63,1.08,0.83,direct_overlay,False,0,direct_overlay,2.761314522293351,38.65,104.67,241.12199999999999,1546.0,6454.0,300.0
Province 5,Dang,Ghorahi Upamahanagarpalika,28.08,82.4,6.55,1.79,0.09,192.69,642.1,45.47,19.45,36.6,12.63,1.08,0.83,direct_overlay,False,0,direct_overlay,8.966692066321894,35.85,96.345,192.63,1434.0,6566.0,300.0
Province 5,Dang,Ghorahi Upamahanagarpalika,28.08,82.42,6.51,1.72,0.09,199.92,747.36,47.55,18.1,36.58,12.63,1.08,0.83,direct_overlay,False,0,direct_overlay,7.628181060337425,34.8,99.96,224.208,1392.0,6608.0,300.0
Province 5,Dang,Ghorahi Upamahanagarpalika,28.08,82.44,6.53,1.66,0.08,194.09,737.44,42.71,20.09,39.49,12.63,1.08,0.83,direct_overlay,False,0,direct_overlay,-2.36794245962248,32.9,97.045,221.232,1316.0,6684.0,-2822.7037244248017
Province 5,Dang,Ghorahi Upamahanagarpalika,28.08,82.46,6.73,1.93,0.09,181.12,619.37,46.81,18.39,37.48,12.63,1.08,0.83,direct_overlay,False,0,direct_overlay,9.755273436482238,37.95,90.56,185.811,1518.0,6482.0,300.0
Province 5,Dang,Ghorahi Upamahanagarpalika,28.08,82.52,6.71,2.38,0.11,198.34,599.77,43.82,16.91,38.76,12.63,1.08,0.83,direct_overlay,False,0,direct_overlay,-2.5489835787269746,46.699999999999996,99.17,179.93099999999998,1867.9999999999998,6132.0,-2405.6647720980895
Province 5,Dang,Ghorahi Upamahanagarpalika,28.08,82.56,6.73,2.51,0.1,173.57,536.09,42.58,19.6,42.97,12.63,1.08,0.83,direct_overlay,False,0,direct_overlay,6.2604632004733425,47.65,86.785,160.827,1906.0,6094.0,300.0
Province 5,Pyuthan,Sworgadwary Nagarpalika,28.08,82.62,6.9,2.32,0.1,188.99,477.21,42.45,17.34,41.66,10.44,1.08,2.67,direct_overlay,False,0,direct_overlay,3.688851817555028,44.8,94.495,143.16299999999998,1792.0,6208.0,300.0
Province 5,Pyuthan,Sworgadwary Nagarpalika,28.08,82.68,6.7,2.06,0.1,162.46,495.49,43.27,17.54,40.47,10.44,1.08,2.67,direct_overlay,False,0,direct_overlay,8.375259880687775,40.900000000000006,81.23,148.647,1636.0000000000002,6364.0,300.0
Province 5,Pyuthan,Mandavi Gaunpalika,28.08,82.8,6.81,2.23,0.12,149.9,414.15,48.34,17.12,37.09,10.44,1.08,2.67,direct_overlay,False,0,direct_overlay,18.817184471171846,45.45,74.95,124.24499999999999,1818.0,6182.0,300.0
Province 5,Pyuthan,Mallarani Gaunpalika,28.08,82.82,6.83,2.05,0.1,151.94,420.19,45.57,15.94,39.48,10.44,1.08,2.67,direct_overlay,False,0,direct_overlay,24.379367219450657,40.75,75.97,126.05699999999999,1630.0,6370.0,261.2865191561578
Province 5,Pyuthan,Mallarani Gaunpalika,28.08,82.92,6.63,2.07,0.09,177.61,536.82,50.67,14.59,33.86,10.44,1.08,0.83,direct_overlay,False,0,direct_overlay,7.940341493068478,40.05,88.805,161.04600000000002,1602.0,6398.0,300.0
Province 5,Arghakhanchi,Malarani Gaunpalika,28.08,83.02,6.54,2.53,0.12,175.8,434.35,51.22,12.62,37.59,10.44,1.08,2.67,direct_overlay,False,0,direct_overlay,6.035477039543315,49.949999999999996,87.9,130.305,1997.9999999999998,6002.0,300.0
Province 5,Gulmi,Dhurkot Gaunpalika,28.08,83.2,6.29,2.93,0.13,182.32,248.39,42.65,10.43,48.76,10.44,1.08,3.34,direct_overlay,False,0,direct_overlay,17.43495903794461,56.95,91.16,74.517,2278.0,5722.0,300.0
Province 5,Gulmi,Gulmidarbar Gaunpalika,28.08,83.32,6.66,3.21,0.13,197.04,269.08,38.63,12.77,49.52,10.44,1.08,3.34,direct_overlay,False,0,direct_overlay,14.29232342749899,61.15,98.52,80.72399999999999,2446.0,5554.0,300.0
Province 5,Gulmi,Satyawati Gaunpalika,28.08,83.44,6.23,3.59,0.16,135.28,217.32,44.09,9.52,42.76,8.28,1.08,3.34,direct_overlay,False,0,direct_overlay,28.73223347046693,69.85,67.64,65.196,2794.0,5206.0,181.19023031575682
Province 5,Gulmi,Kaligandaki Gaunpalika,28.08,83.52,7.09,3.68,0.18,129.51,191.0,45.21,10.94,44.38,8.28,1.08,3.34,direct_overlay,False,0,direct_overlay,28.869481554270404,73.2,64.755,57.3,2928.0,5072.0,175.68725612427025
Province 5,Gulmi,Kaligandaki Gaunpalika,28.08,83.54,6.98,3.76,0.18,116.48,162.74,45.17,9.62,44.79,8.28,1.08,3.34,direct_overlay,False,0,direct_overlay,29.73379610645387,74.4,58.24,48.822,2976.0,5024.0,168.96598005895103
Province 5,Banke,Khajura Gaunpalika,28.1,81.54,7.43,1.72,0.09,129.09,260.29,34.7,22.78,41.66,10.44,1.08,3.34,direct_overlay,False,0,direct_overlay,20.24400339511228,34.8,64.545,78.087,1392.0,6608.0,300.0
Province 5,Banke,Khajura Gaunpalika,28.1,81.56,7.28,1.7,0.09,141.35,258.51,34.67,22.55,41.49,10.44,1.08,3.34,direct_overlay,False,0,direct_overlay,20.89091228775343,34.5,70.675,77.553,1380.0,6620.0,300.0
Province 5,Bardiya,Badhaiyatal Gaunpalika,28.1,81.5,7.17,1.65,0.09,168.97,298.29,35.98,20.92,42.85,10.44,1.08,2.5,direct_overlay,False,0,direct_overlay,27.14821774999185,33.75,84.485,89.48700000000001,1350.0,6650.0,244.95162302144112
Province 5,Banke,Janki Gaunpalika,28.1,81.58,6.92,1.85,0.1,117.0,268.23,33.3,27.64,41.62,10.44,1.08,3.34,direct_overlay,False,0,direct_overlay,19.191583457960427,37.75,58.5,80.46900000000001,1510.0,6490.0,300.0
Province 5,Banke,Janki Gaunpalika,28.1,81.62,6.64,1.89,0.1,89.86,189.49,30.58,27.39,43.47,9.6,3.25,3.34,direct_overlay,False,0,direct_overlay,17.11533158557917,38.349999999999994,44.93,56.847,1533.9999999999998,6466.0,300.0
Province 5,Banke,Janki Gaunpalika,28.1,81.6,6.86,1.75,0.09,76.98,182.89,24.58,27.85,43.8,9.6,3.25,3.34,direct_overlay,False,0,direct_overlay,14.754966215486407,35.25,38.49,54.867,1410.0,6590.0,300.0
Province 5,Banke,Janki Gaunpalika,28.1,81.64,6.87,1.74,0.09,117.5,207.05,27.75,26.93,42.43,10.44,1.08,3.34,direct_overlay,False,0,direct_overlay,17.906041491311054,35.1,58.75,62.115,1404.0,6596.0,300.0
Province 5,Banke,Nepalgunj Upamahanagarpalika,28.1,81.66,6.98,2.34,0.12,150.33,177.37,29.63,28.42,36.85,10.44,1.08,3.34,direct_overlay,False,0,direct_overlay,17.567063262781417,47.099999999999994,75.165,53.211,1883.9999999999998,6116.0,300.0
Province 5,Banke,Rapti sonari Gaunpalika,28.1,81.8,7.36,2.06,0.11,146.54,271.64,39.64,20.28,37.23,10.44,1.08,3.34,direct_overlay,False,0,direct_overlay,8.750590327417834,41.900000000000006,73.27,81.49199999999999,1676.0000000000002,6324.0,300.0
Province 5,Dang,Dangisharan Gaunpalika,28.1,82.16,6.95,2.51,0.13,189.29,469.44,42.38,20.75,36.07,12.63,1.08,2.5,direct_overlay,False,0,direct_overlay,3.2826826146564776,50.65,94.645,140.832,2026.0,5974.0,300.0
Province 5,Dang,Dangisharan Gaunpalika,28.1,82.2,6.85,2.27,0.13,195.36,492.69,41.99,21.8,35.69,12.63,1.08,2.5,direct_overlay,False,0,direct_overlay,4.342157108527919,47.05,97.68,147.807,1882.0,6118.0,300.0
Province 5,Dang,Dangisharan Gaunpalika,28.1,82.18,6.92,2.47,0.13,175.85,494.39,41.98,22.36,36.36,12.63,1.08,2.5,direct_overlay,False,0,direct_overlay,6.820490667714595,50.050000000000004,87.925,148.31699999999998,2002.0000000000002,5998.0,300.0
Province 5,Dang,Dangisharan Gaunpalika,28.1,82.22,6.67,2.22,0.13,232.5,558.08,45.26,20.07,36.39,12.63,1.08,0.83,direct_overlay,False,0,direct_overlay,8.220623403639436,46.300000000000004,116.25,167.424,1852.0000000000002,6148.0,300.0
Province 5,Dang,Tulsipur Upamahanagarpalika,28.1,82.26,6.53,2.16,0.12,204.1,659.87,44.94,18.75,35.61,12.63,1.08,0.83,direct_overlay,False,0,direct_overlay,3.75416835076883,44.400000000000006,102.05,197.96099999999998,1776.0000000000002,6224.0,300.0
Province 5,Dang,Tulsipur Upamahanagarpalika,28.1,82.28,6.48,2.0,0.11,203.36,691.24,46.88,19.26,35.51,12.63,1.08,0.83,direct_overlay,False,0,direct_overlay,12.040205361539769,41.0,101.68,207.37199999999999,1640.0,6360.0,300.0
Province 5,Dang,Tulsipur Upamahanagarpalika,28.1,82.32,6.61,2.13,0.11,184.36,620.57,44.32,19.48,35.5,12.63,1.08,0.83,direct_overlay,False,0,direct_overlay,2.471766066520307,42.95,92.18,186.17100000000002,1718.0,6282.0,300.0
Province 5,Dang,Tulsipur Upamahanagarpalika,28.1,82.34,6.55,2.01,0.1,197.68,624.29,44.9,18.91,36.33,12.63,1.08,0.83,direct_overlay,False,0,direct_overlay,5.786006686992315,40.15,98.84,187.28699999999998,1606.0,6394.0,300.0
Province 5,Dang,Tulsipur Upamahanagarpalika,28.1,82.36,6.59,2.07,0.11,208.17,686.39,46.57,18.34,37.12,12.63,1.08,0.83,direct_overlay,False,0,direct_overlay,3.5042119828247285,42.05,104.085,205.917,1682.0,6318.0,300.0
Province 5,Dang,Tulsipur Upamahanagarpalika,28.1,82.38,6.63,2.02,0.1,209.64,716.37,45.76,18.64,37.35,12.63,1.08,0.83,direct_overlay,False,0,direct_overlay,-0.7748013695893086,40.3,104.82,214.911,1612.0,6388.0,-8244.693737939602
Province 5,Dang,Ghorahi Upamahanagarpalika,28.1,82.4,6.59,2.12,0.09,191.31,676.3,42.86,20.59,38.33,12.63,1.08,0.83,direct_overlay,False,0,direct_overlay,1.066555335000043,40.8,95.655,202.89,1632.0,6368.0,300.0
Province 5,Dang,Ghorahi Upamahanagarpalika,28.1,82.42,6.5,1.82,0.09,186.75,652.48,47.72,16.6,37.47,12.63,1.08,0.83,direct_overlay,False,0,direct_overlay,18.157352594893403,36.3,93.375,195.744,1452.0,6548.0,300.0
Province 5,Dang,Ghorahi Upamahanagarpalika,28.1,82.44,6.49,1.82,0.09,199.24,611.89,43.95,18.2,39.12,12.63,1.08,0.83,direct_overlay,False,0,direct_overlay,17.772650579234572,36.3,99.62,183.56699999999998,1452.0,6548.0,300.0
Province 5,Dang,Ghorahi Upamahanagarpalika,28.1,82.46,6.59,2.0,0.09,188.34,558.91,46.37,16.49,38.56,12.63,1.08,0.83,direct_overlay,False,0,direct_overlay,8.35169632363508,39.0,94.17,167.67299999999997,1560.0,6440.0,300.0
Province 5,Dang,Ghorahi Upamahanagarpalika,28.1,82.52,6.56,2.5,0.13,192.58,579.17,41.39,18.25,43.5,12.63,1.08,0.83,direct_overlay,False,0,direct_overlay,0.3059109180602475,50.5,96.29,173.75099999999998,2020.0,5980.0,300.0
Province 5,Pyuthan,Sworgadwary Nagarpalika,28.1,82.64,6.81,2.1,0.1,164.93,512.28,42.04,16.77,42.23,10.44,1.08,0.83,direct_overlay,False,0,direct_overlay,8.903118237392814,41.5,82.465,153.684,1660.0,6340.0,300.0
Province 5,Pyuthan,Sworgadwary Nagarpalika,28.1,82.62,6.77,1.99,0.11,188.39,545.96,39.76,18.06,43.47,10.44,1.08,0.83,direct_overlay,False,0,direct_overlay,7.948669511748249,40.85,94.195,163.788,1634.0,6366.0,300.0
Province 5,Pyuthan,Mandavi Gaunpalika,28.1,82.78,6.91,1.99,0.09,149.47,450.63,40.65,15.49,43.87,10.44,1.08,2.67,direct_overlay,False,0,direct_overlay,12.61561538888249,38.85,74.735,135.189,1554.0,6446.0,300.0
Province 5,Pyuthan,Pyuthan Nagarpalika,28.1,82.84,6.88,2.13,0.09,168.51,494.54,46.78,15.47,36.57,10.44,1.08,2.67,direct_overlay,False,0,direct_overlay,9.58105966296173,40.95,84.255,148.362,1638.0,6362.0,300.0
Province 5,Pyuthan,Pyuthan Nagarpalika,28.1,82.86,6.73,2.15,0.1,165.07,426.37,45.98,15.71,39.99,10.44,1.08,2.67,direct_overlay,False,0,direct_overlay,6.2399062856314425,42.25,82.535,127.911,1690.0,6310.0,300.0
Province 5,Pyuthan,Pyuthan Nagarpalika,28.1,82.92,6.61,2.24,0.1,182.2,605.39,46.26,15.61,37.37,10.44,1.08,0.83,direct_overlay,False,0,direct_overlay,1.7691693998536417,43.6,91.1,181.617,1744.0,6256.0,300.0
Province 5,Pyuthan,Pyuthan Nagarpalika,28.1,82.94,6.56,2.36,0.1,180.91,517.34,47.21,14.17,40.3,10.44,1.08,0.83,direct_overlay,False,0,direct_overlay,8.435331028787376,45.4,90.455,155.202,1816.0,6184.0,300.0
Province 5,Gulmi,Dhurkot Gaunpalika,28.1,83.12,6.23,3.58,0.16,182.25,291.41,51.57,8.48,40.38,8.28,1.08,2.67,direct_overlay,False,0,direct_overlay,28.80809141906721,69.7,91.125,87.423,2788.0,5212.0,180.92139198608393
Province 5,Gulmi,Dhurkot Gaunpalika,28.1,83.14,6.24,3.09,0.14,152.37,231.14,48.41,8.64,42.63,10.44,1.08,3.34,direct_overlay,False,0,direct_overlay,27.416504594169155,60.349999999999994,76.185,69.342,2414.0,5586.0,203.74588528648582
Province 5,Gulmi,Dhurkot Gaunpalika,28.1,83.18,6.23,3.22,0.15,191.55,247.69,50.33,9.08,42.37,10.44,1.08,3.34,direct_overlay,False,0,direct_overlay,37.57294276037055,63.300000000000004,95.775,74.307,2532.0,5468.0,145.530256569823
Province 5,Gulmi,Resunga Nagarpalika,28.1,83.24,6.23,3.29,0.15,163.23,226.54,39.44,10.48,50.36,8.28,1.08,3.34,direct_overlay,False,0,direct_overlay,26.523022167449852,64.35,81.615,67.96199999999999,2574.0,5426.0,204.5769884647237
Province 5,Gulmi,Resunga Nagarpalika,28.1,83.3,6.45,3.08,0.15,183.39,251.26,41.4,11.22,48.28,10.44,1.08,3.34,direct_overlay,False,0,direct_overlay,30.98347986047392,61.2,91.695,75.378,2448.0,5552.0,179.19226713726135
Province 5,Gulmi,Chandrakot Gaunpalika,28.1,83.38,6.79,2.99,0.12,170.13,230.11,33.42,15.85,51.08,10.44,1.08,3.34,direct_overlay,False,0,direct_overlay,16.265924218468342,56.85,85.065,69.033,2274.0,5726.0,300.0
Province 5,Gulmi,Chandrakot Gaunpalika,28.1,83.42,6.85,2.47,0.11,180.42,225.16,34.68,13.55,50.24,10.44,1.08,3.34,direct_overlay,False,0,direct_overlay,16.28902748554846,48.050000000000004,90.21,67.548,1922.0000000000002,6078.0,300.0
Province 5,Gulmi,Chandrakot Gaunpalika,28.1,83.5,6.71,3.7,0.16,152.54,286.33,39.28,13.24,49.35,8.28,1.08,2.67,direct_overlay,False,0,direct_overlay,26.135655985290697,71.5,76.27,85.89899999999999,2860.0,5140.0,196.66619437035837
Province 5,Gulmi,Kaligandaki Gaunpalika,28.1,83.54,6.35,3.78,0.17,128.74,285.76,44.96,13.64,41.14,8.28,1.08,2.67,direct_overlay,False,0,direct_overlay,24.250430440367484,73.69999999999999,64.37,85.728,2947.9999999999995,5052.0,208.3261990925487
Province 5,Gulmi,Kaligandaki Gaunpalika,28.1,83.56,6.7,3.67,0.18,87.06,233.45,45.8,11.13,41.88,7.35,3.47,3.34,direct_overlay,False,0,direct_overlay,31.38040016574157,73.05,43.53,70.035,2922.0,5078.0,161.82075350153517
Province 5,Bardiya,Badhaiyatal Gaunpalika,28.12,81.5,7.16,1.67,0.09,159.81,292.61,37.38,22.9,42.15,10.44,1.08,2.5,direct_overlay,False,0,direct_overlay,27.54953819186881,34.05,79.905,87.783,1362.0,6638.0,240.947777555095
Province 5,Banke,Khajura Gaunpalika,28.12,81.52,7.28,1.74,0.09,115.44,232.9,35.99,24.24,42.53,10.44,1.08,3.34,direct_overlay,False,0,direct_overlay,21.686404389524395,35.1,57.72,69.87,1404.0,6596.0,300.0
Province 5,Banke,Khajura Gaunpalika,28.12,81.54,6.78,1.69,0.09,94.03,229.09,32.74,25.54,42.0,9.6,3.25,3.34,direct_overlay,False,0,direct_overlay,19.135064473490026,34.349999999999994,47.015,68.727,1373.9999999999998,6626.0,300.0
Province 5,Banke,Khajura Gaunpalika,28.12,81.58,7.01,1.58,0.09,110.92,252.0,30.65,25.26,43.23,9.6,3.25,3.34,direct_overlay,False,0,direct_overlay,22.254722724327422,32.7,55.46,75.6,1308.0,6692.0,300.0
Province 5,Banke,Janki Gaunpalika,28.12,81.6,6.58,1.85,0.09,69.23,161.76,28.9,27.49,43.97,9.6,3.25,3.34,direct_overlay,False,0,direct_overlay,7.31541176694466,36.75,34.615,48.528,1470.0,6530.0,300.0
Province 5,Banke,Janki Gaunpalika,28.12,81.62,6.25,2.22,0.12,67.96,139.09,38.01,27.71,37.11,9.6,3.25,3.34,direct_overlay,False,0,direct_overlay,9.281951919138873,45.300000000000004,33.98,41.727,1812.0000000000002,6188.0,300.0
Province 5,Banke,Janki Gaunpalika,28.12,81.64,6.46,3.48,0.17,93.21,153.24,27.04,33.29,36.51,6.890000000000001,3.25,3.34,direct_overlay,False,0,direct_overlay,27.185774590731086,69.2,46.605,45.972,2768.0,5232.0,192.45359305612118
Province 5,Banke,Nepalgunj Upamahanagarpalika,28.12,81.68,6.93,2.6,0.13,199.44,224.05,34.01,28.74,36.82,10.44,1.08,3.34,direct_overlay,False,0,direct_overlay,16.79247207045497,52.0,99.72,67.215,2080.0,5920.0,300.0
Province 5,Banke,Nepalgunj Upamahanagarpalika,28.12,81.7,7.14,2.31,0.12,150.06,199.73,29.73,33.14,37.82,10.44,1.08,3.34,direct_overlay,False,0,direct_overlay,17.022994191229376,46.65,75.03,59.919,1866.0,6134.0,300.0
Province 5,Dang,Shantinagar Gaunpalika,28.12,82.14,6.88,2.44,0.13,210.72,570.21,44.22,18.91,36.46,12.63,1.08,0.83,direct_overlay,False,0,direct_overlay,-1.4500442515556202,49.6,105.36,171.06300000000002,1984.0,6016.0,-4148.838901672127
Province 5,Dang,Shantinagar Gaunpalika,28.12,82.12,7.04,2.34,0.13,154.82,387.59,44.39,21.54,34.92,12.63,1.08,2.5,direct_overlay,False,0,direct_overlay,23.640638807261407,48.099999999999994,77.41,116.27699999999999,1923.9999999999998,6076.0,257.0150514771077
Province 5,Dang,Shantinagar Gaunpalika,28.12,82.16,6.85,2.65,0.14,213.83,533.87,40.39,21.74,37.86,12.63,1.08,0.83,direct_overlay,False,0,direct_overlay,15.792911289427812,53.75,106.915,160.161,2150.0,5850.0,300.0
Province 5,Dang,Dangisharan Gaunpalika,28.12,82.2,6.71,2.44,0.14,221.04,579.95,43.93,20.75,37.35,12.63,1.08,0.83,direct_overlay,False,0,direct_overlay,10.564660321365249,50.6,110.52,173.985,2024.0,5976.0,300.0
Province 5,Dang,Dangisharan Gaunpalika,28.12,82.22,6.64,2.39,0.14,226.85,603.26,45.09,21.0,36.15,12.63,1.08,0.83,direct_overlay,False,0,direct_overlay,10.28760897932978,49.85,113.425,180.97799999999998,1994.0,6006.0,300.0
Province 5,Dang,Tulsipur Upamahanagarpalika,28.12,82.24,6.6,2.3,0.13,249.34,678.39,45.92,18.33,35.7,12.63,1.08,0.83,direct_overlay,False,0,direct_overlay,0.22916166326143117,47.5,124.67,203.517,1900.0,6100.0,300.0
Province 5,Dang,Tulsipur Upamahanagarpalika,28.12,82.28,6.69,2.4,0.13,223.2,611.16,42.32,21.12,36.64,12.63,1.08,0.83,direct_overlay,False,0,direct_overlay,-6.08127871295691,49.0,111.6,183.34799999999998,1960.0,6040.0,-993.2121655813997
Province 5,Dang,Tulsipur Upamahanagarpalika,28.12,82.26,6.67,2.49,0.13,235.66,652.68,44.94,18.13,36.08,12.63,1.08,0.83,direct_overlay,False,0,direct_overlay,-2.379788899866105,50.35,117.83,195.80399999999997,2014.0,5986.0,-2515.3491556905706
Province 5,Dang,Tulsipur Upamahanagarpalika,28.12,82.3,6.7,2.22,0.12,237.11,735.54,46.94,17.63,35.29,12.63,1.08,0.83,direct_overlay,False,0,direct_overlay,-1.0503221560017209,45.300000000000004,118.555,220.66199999999998,1812.0000000000002,6188.0,-5891.525723456091
Province 5,Dang,Tulsipur Upamahanagarpalika,28.12,82.32,6.73,2.24,0.12,215.73,570.86,45.54,18.82,36.6,12.63,1.08,0.83,direct_overlay,False,0,direct_overlay,-1.7533196220478209,45.6,107.865,171.258,1824.0,6176.0,-3522.461006160777
Province 5,Dang,Tulsipur Upamahanagarpalika,28.12,82.34,6.67,2.2,0.11,204.92,574.99,45.55,18.4,37.94,12.63,1.08,0.83,direct_overlay,False,0,direct_overlay,-0.004787046025958795,44.0,102.46,172.49699999999999,1760.0,6240.0,-1303517.8617799468
Province 5,Dang,Tulsipur Upamahanagarpalika,28.12,82.38,6.61,2.2,0.11,201.42,550.97,45.53,18.68,38.14,12.63,1.08,0.83,direct_overlay,False,0,direct_overlay,7.349168297672834,44.0,100.71,165.291,1760.0,6240.0,300.0
Province 5,Pyuthan,Sworgadwary Nagarpalika,28.12,82.74,6.87,2.22,0.11,133.78,491.81,46.07,16.52,37.45,10.44,1.08,2.67,direct_overlay,False,0,direct_overlay,7.923998964683824,44.300000000000004,66.89,147.543,1772.0000000000002,6228.0,300.0
Province 5,Pyuthan,Sworgadwary Nagarpalika,28.12,82.76,6.76,2.16,0.1,170.84,520.98,41.12,17.09,42.22,10.44,1.08,0.83,direct_overlay,False,0,direct_overlay,6.441067622315453,42.400000000000006,85.42,156.294,1696.0000000000002,6304.0,300.0
Province 5,Pyuthan,Pyuthan Nagarpalika,28.12,82.8,6.79,2.15,0.1,176.1,531.47,43.77,15.99,41.46,10.44,1.08,0.83,direct_overlay,False,0,direct_overlay,3.5909140526886256,42.25,88.05,159.441,1690.0,6310.0,300.0
Province 5,Pyuthan,Pyuthan Nagarpalika,28.12,82.84,6.78,2.27,0.1,164.25,407.17,44.37,14.7,40.68,10.44,1.08,2.67,direct_overlay,False,0,direct_overlay,18.548032675143567,44.05,82.125,122.151,1762.0,6238.0,300.0
Province 5,Pyuthan,Pyuthan Nagarpalika,28.12,82.9,6.49,2.07,0.09,189.63,562.95,46.61,14.33,39.02,10.44,1.08,0.83,direct_overlay,False,0,direct_overlay,11.023967365657956,40.05,94.815,168.88500000000002,1602.0,6398.0,300.0
Province 5,Pyuthan,Pyuthan Nagarpalika,28.12,82.88,6.67,2.24,0.11,166.82,422.88,45.92,15.04,39.65,10.44,1.08,2.67,direct_overlay,False,0,direct_overlay,12.787020376673517,44.6,83.41,126.86399999999999,1784.0,6216.0,300.0
Province 5,Pyuthan,Jhimruk Gaunpalika,28.12,82.98,6.2,2.53,0.13,166.78,355.74,46.66,12.7,41.98,10.44,1.08,2.67,direct_overlay,False,0,direct_overlay,19.41577577571201,50.949999999999996,83.39,106.722,2037.9999999999998,5962.0,300.0
Province 5,Pyuthan,Jhimruk Gaunpalika,28.12,83.0,6.17,2.49,0.12,147.98,323.35,44.6,12.4,43.16,10.44,1.08,2.67,direct_overlay,False,0,direct_overlay,14.0747323953538,49.35,73.99,97.00500000000001,1974.0,6026.0,300.0
Province 5,Gulmi,Isma Gaunpalika,28.12,83.22,6.22,3.39,0.16,181.42,250.31,45.94,8.81,46.79,8.28,1.08,3.34,direct_overlay,False,0,direct_overlay,30.81099967177564,66.85,90.71,75.093,2674.0,5326.0,172.86034392707072
Province 5,Gulmi,Musikot Nagarpalika,28.12,83.32,6.82,2.35,0.1,136.34,267.0,33.94,16.15,50.35,10.44,1.08,3.34,direct_overlay,False,0,direct_overlay,16.396101772456994,45.25,68.17,80.1,1810.0,6190.0,300.0
Province 5,Gulmi,Chandrakot Gaunpalika,28.12,83.4,6.64,2.54,0.11,162.11,236.82,32.68,14.62,50.99,10.44,1.08,3.34,direct_overlay,False,0,direct_overlay,14.307975627136548,49.1,81.055,71.04599999999999,1964.0,6036.0,300.0
Province 5,Gulmi,Chandrakot Gaunpalika,28.12,83.42,6.99,2.47,0.1,161.81,250.33,31.54,16.72,51.75,10.44,1.08,3.34,direct_overlay,False,0,direct_overlay,20.018342218552917,47.050000000000004,80.905,75.099,1882.0000000000002,6118.0,300.0
Province 5,Gulmi,Kaligandaki Gaunpalika,28.12,83.52,6.04,4.17,0.2,125.39,247.21,44.68,12.31,42.63,8.28,1.08,3.34,direct_overlay,False,0,direct_overlay,30.204879673482193,82.55,62.695,74.163,3302.0,4698.0,155.53778233139332
Province 5,Gulmi,Kaligandaki Gaunpalika,28.12,83.54,6.11,4.35,0.21,122.73,305.68,46.0,12.68,41.65,8.28,1.08,2.67,direct_overlay,False,0,direct_overlay,23.977959174219976,86.25,61.365,91.704,3450.0,4550.0,189.75760059229543
Province 5,Bardiya,Gulariya Nagarpalika,28.14,81.32,7.95,1.37,0.09,114.65,248.6,36.66,24.68,37.6,10.44,1.08,3.34,direct_overlay,False,0,direct_overlay,26.42352005099279,29.55,57.325,74.58,1182.0,6818.0,258.0276960390761
Province 5,Bardiya,Badhaiyatal Gaunpalika,28.14,81.46,7.17,1.72,0.09,133.64,262.42,35.68,20.95,43.05,10.44,1.08,3.34,direct_overlay,False,0,direct_overlay,21.05245654097613,34.8,66.82,78.726,1392.0,6608.0,300.0
Province 5,Bardiya,Badhaiyatal Gaunpalika,28.14,81.48,6.69,1.5,0.08,144.93,229.29,36.43,22.96,40.54,10.44,1.08,3.34,direct_overlay,False,0,direct_overlay,17.386923072183272,30.5,72.465,68.78699999999999,1220.0,6780.0,300.0
Province 5,Banke,Khajura Gaunpalika,28.14,81.52,7.05,1.8,0.1,85.62,249.05,30.26,26.47,44.09,9.6,3.25,3.34,direct_overlay,False,0,direct_overlay,22.598325803143524,37.0,42.81,74.715,1480.0,6520.0,288.5169484145166
Province 5,Banke,Khajura Gaunpalika,28.14,81.54,6.86,1.77,0.1,95.33,230.79,27.06,25.85,45.68,9.6,3.25,3.34,direct_overlay,False,0,direct_overlay,20.594064473490025,36.55,47.665,69.237,1462.0,6538.0,300.0
Province 5,Banke,Khajura Gaunpalika,28.14,81.56,6.39,1.74,0.09,76.62,182.39,34.21,25.51,40.56,9.6,3.25,3.34,direct_overlay,False,0,direct_overlay,11.20594554445093,35.1,38.31,54.71699999999999,1404.0,6596.0,300.0
Province 5,Banke,Khajura Gaunpalika,28.14,81.58,7.0,1.61,0.09,92.95,196.47,36.07,23.43,39.88,9.6,3.25,3.34,direct_overlay,False,0,direct_overlay,23.28238024905071,33.150000000000006,46.475,58.940999999999995,1326.0000000000002,6674.0,286.6545399829606
Province 5,Banke,Khajura Gaunpalika,28.14,81.6,6.42,1.95,0.1,67.67,126.19,34.78,24.76,39.94,9.6,3.25,3.34,direct_overlay,False,0,direct_overlay,7.147874445005771,39.25,33.835,37.857,1570.0,6430.0,300.0
Province 5,Banke,Khajura Gaunpalika,28.14,81.62,6.84,1.95,0.11,92.41,192.06,31.15,25.14,43.13,9.6,3.25,3.34,direct_overlay,False,0,direct_overlay,17.34700426745409,40.25,46.205,57.617999999999995,1610.0,6390.0,300.0
Province 5,Banke,Janki Gaunpalika,28.14,81.64,5.72,4.21,0.22,84.68,133.96,33.04,31.73,40.89,6.890000000000001,3.25,3.34,direct_overlay,False,0,direct_overlay,28.655643700690725,85.15,42.34,40.188,3406.0,4594.0,160.31745955472167
Province 5,Banke,Kohalpur Nagarpalika,28.14,81.66,6.43,3.09,0.17,104.9,134.38,30.34,26.57,41.17,6.890000000000001,3.25,3.34,direct_overlay,False,0,direct_overlay,27.103775550550832,63.349999999999994,52.45,40.314,2534.0,5466.0,201.66932056404644
Province 5,Banke,Rapti sonari Gaunpalika,28.14,81.8,7.25,2.65,0.13,140.18,252.25,33.28,29.39,37.22,10.44,1.08,3.34,direct_overlay,False,0,direct_overlay,15.537618749887292,52.75,70.09,75.675,2110.0,5890.0,300.0
Province 5,Dang,Shantinagar Gaunpalika,28.14,82.14,6.91,2.58,0.14,210.88,521.1,41.67,20.63,36.96,12.63,1.08,0.83,direct_overlay,False,0,direct_overlay,15.823376714247933,52.7,105.44,156.33,2108.0,5892.0,300.0
Province 5,Dang,Babai Gaunpalika,28.14,82.12,6.89,2.62,0.14,179.24,493.14,44.23,20.15,34.78,12.63,1.08,2.5,direct_overlay,False,0,direct_overlay,13.664032233492907,53.300000000000004,89.62,147.94199999999998,2132.0,5868.0,300.0
Province 5,Dang,Shantinagar Gaunpalika,28.14,82.16,6.84,2.94,0.17,307.62,639.94,41.53,20.22,38.8,9.36,1.08,0.83,direct_overlay,False,0,direct_overlay,22.58062357316061,61.1,153.81,191.982,2444.0,5556.0,246.05166380807464
Province 5,Dang,Shantinagar Gaunpalika,28.14,82.18,6.78,2.84,0.17,328.21,641.0,45.49,18.93,36.47,10.02,1.08,0.83,direct_overlay,False,0,direct_overlay,19.661015352475143,59.599999999999994,164.105,192.29999999999998,2384.0,5616.0,285.6414025073734
Province 5,Dang,Dangisharan Gaunpalika,28.14,82.2,6.72,2.72,0.16,319.26,663.32,45.66,18.36,36.73,10.02,1.08,0.83,direct_overlay,False,0,direct_overlay,19.041068720933232,56.800000000000004,159.63,198.996,2272.0,5728.0,300.0
Province 5,Dang,Tulsipur Upamahanagarpalika,28.14,82.28,6.71,2.56,0.13,248.57,628.56,45.13,18.43,35.42,12.63,1.08,0.83,direct_overlay,False,0,direct_overlay,-2.9202214674821305,51.4,124.285,188.56799999999998,2056.0,5944.0,-2035.4620586790727
Province 5,Dang,Tulsipur Upamahanagarpalika,28.14,82.26,6.75,2.72,0.14,262.87,626.07,45.76,18.15,36.52,12.63,1.08,0.83,direct_overlay,False,0,direct_overlay,13.352541924378324,54.800000000000004,131.435,187.821,2192.0,5808.0,300.0
Province 5,Dang,Tulsipur Upamahanagarpalika,28.14,82.34,6.56,2.38,0.12,216.61,600.84,46.56,17.51,37.1,12.63,1.08,0.83,direct_overlay,False,0,direct_overlay,-1.2261248110859633,47.699999999999996,108.305,180.252,1907.9999999999998,6092.0,-4968.4990833880875
Province 5,Dang,Tulsipur Upamahanagarpalika,28.14,82.38,6.63,2.37,0.11,192.25,562.35,46.31,17.63,36.93,12.63,1.08,0.83,direct_overlay,False,0,direct_overlay,-1.2925925794384583,46.550000000000004,96.125,168.705,1862.0000000000002,6138.0,-4748.596036863011
Province 5,Pyuthan,Sworgadwary Nagarpalika,28.14,82.68,6.77,2.03,0.09,182.79,610.5,41.69,16.49,40.9,10.44,1.08,0.83,direct_overlay,False,0,direct_overlay,3.0954036524690047,39.449999999999996,91.395,183.15,1577.9999999999998,6422.0,300.0
Province 5,Pyuthan,Sworgadwary Nagarpalika,28.14,82.76,6.74,1.95,0.09,184.47,556.34,39.71,17.0,44.19,10.44,1.08,0.83,direct_overlay,False,0,direct_overlay,12.136838518459447,38.25,92.235,166.90200000000002,1530.0,6470.0,300.0
Province 5,Pyuthan,Pyuthan Nagarpalika,28.14,82.88,6.52,2.08,0.1,183.95,394.92,46.5,14.05,39.84,10.44,1.08,2.67,direct_overlay,False,0,direct_overlay,21.285766182382012,41.2,91.975,118.476,1648.0,6352.0,298.41537981646525
Province 5,Pyuthan,Jhimruk Gaunpalika,28.14,82.92,6.34,2.18,0.1,171.14,479.81,45.35,12.53,43.15,10.44,1.08,2.67,direct_overlay,False,0,direct_overlay,18.66619300220021,42.7,85.57,143.94299999999998,1708.0,6292.0,300.0
Province 5,Pyuthan,Jhimruk Gaunpalika,28.14,82.98,6.06,2.43,0.11,179.53,486.85,43.64,12.35,44.41,10.44,1.08,2.67,direct_overlay,False,0,direct_overlay,17.23801268217435,47.45,89.765,146.055,1898.0,6102.0,300.0
Province 5,Pyuthan,Jhimruk Gaunpalika,28.14,83.0,6.08,3.12,0.15,194.27,440.77,50.17,13.1,38.47,10.44,1.08,2.67,direct_overlay,False,0,direct_overlay,33.345002566031056,61.800000000000004,97.135,132.231,2472.0,5528.0,165.78196355070725
Province 5,Pyuthan,Jhimruk Gaunpalika,28.14,83.02,6.01,2.73,0.12,174.19,455.92,45.35,12.81,42.81,10.44,1.08,2.67,direct_overlay,False,0,direct_overlay,17.985553521926555,52.95,87.095,136.776,2118.0,5882.0,300.0
Province 5,Pyuthan,Jhimruk Gaunpalika,28.14,83.04,5.99,2.77,0.14,168.63,327.76,50.15,9.95,40.65,10.44,1.08,2.67,direct_overlay,False,0,direct_overlay,21.89837441843919,55.55,84.315,98.32799999999999,2222.0,5778.0,263.85520174204
Province 5,Gulmi,Isma Gaunpalika,28.14,83.16,6.05,3.14,0.15,172.91,216.91,51.57,8.2,40.24,10.44,1.08,3.34,direct_overlay,False,0,direct_overlay,32.62975236471536,62.1,86.455,65.073,2484.0,5516.0,169.04817230439065
Province 5,Gulmi,Isma Gaunpalika,28.14,83.18,6.14,2.86,0.13,174.61,205.35,48.02,7.59,43.19,10.44,1.08,3.34,direct_overlay,False,0,direct_overlay,16.00325449898729,55.9,87.305,61.605,2236.0,5764.0,300.0
Province 5,Gulmi,Musikot Nagarpalika,28.14,83.32,6.92,2.17,0.08,178.17,224.93,27.46,15.23,55.91,10.44,1.08,3.34,direct_overlay,False,0,direct_overlay,21.286330144444367,40.55,89.085,67.479,1622.0,6378.0,299.6289147410705
Province 5,Gulmi,Chandrakot Gaunpalika,28.14,83.4,6.63,2.56,0.12,133.4,226.69,33.21,13.61,51.73,10.44,1.08,3.34,direct_overlay,False,0,direct_overlay,14.604420458662236,50.4,66.7,68.00699999999999,2016.0,5984.0,300.0
Province 5,Bardiya,Gulariya Nagarpalika,28.16,81.34,7.92,1.36,0.1,91.82,303.0,35.11,23.76,40.31,9.6,3.25,2.5,direct_overlay,False,0,direct_overlay,25.412990560890908,30.400000000000002,45.91,90.89999999999999,1216.0,6784.0,266.95008538035563
Province 5,Bardiya,Gulariya Nagarpalika,28.16,81.36,7.94,1.41,0.1,104.42,289.8,34.26,23.5,40.68,9.6,3.25,2.5,direct_overlay,False,0,direct_overlay,26.509988920795166,31.15,52.21,86.94,1246.0,6754.0,254.7718907080333
Province 5,Bardiya,Badhaiyatal Gaunpalika,28.16,81.46,6.71,1.58,0.08,116.44,230.49,35.94,23.91,37.75,10.44,1.08,3.34,direct_overlay,False,0,direct_overlay,21.944650135540687,31.700000000000003,58.22,69.147,1268.0,6732.0,300.0
Province 5,Bardiya,Badhaiyatal Gaunpalika,28.16,81.48,6.93,1.64,0.09,111.75,214.63,32.62,24.85,42.75,9.6,3.25,3.34,direct_overlay,False,0,direct_overlay,20.794527919132616,33.599999999999994,55.875,64.389,1343.9999999999998,6656.0,300.0
Province 5,Bardiya,Badhaiyatal Gaunpalika,28.16,81.5,6.84,1.63,0.09,114.0,248.18,32.34,23.43,44.07,10.44,1.08,3.34,direct_overlay,False,0,direct_overlay,19.84855170211474,33.45,57.0,74.454,1338.0,6662.0,300.0
Province 5,Banke,Khajura Gaunpalika,28.16,81.54,6.9,1.73,0.09,72.76,220.85,29.0,25.45,44.58,9.6,3.25,3.34,direct_overlay,False,0,direct_overlay,11.89443251191917,34.95,36.38,66.255,1398.0,6602.0,300.0
Province 5,Banke,Khajura Gaunpalika,28.16,81.56,6.46,1.58,0.08,42.47,101.79,39.88,22.3,39.23,9.17,4.34,3.34,direct_overlay,False,0,direct_overlay,9.119593434447477,31.700000000000003,21.235,30.537,1268.0,6732.0,300.0
Province 5,Banke,Khajura Gaunpalika,28.16,81.58,6.94,1.5,0.08,80.2,163.02,37.15,18.89,43.93,9.510000000000002,3.47,3.34,direct_overlay,False,0,direct_overlay,28.73857732755177,30.5,40.1,48.906,1220.0,6780.0,235.91982034197605
Province 5,Banke,Baijanath Gaunpalika,28.16,81.6,7.03,1.37,0.08,72.77,152.4,33.83,20.44,45.8,9.6,3.25,3.34,direct_overlay,False,0,direct_overlay,13.540167793308735,28.55,36.385,45.72,1142.0,6858.0,300.0
Province 5,Banke,Baijanath Gaunpalika,28.16,81.62,7.29,1.4,0.08,90.51,185.64,32.96,19.71,44.84,9.510000000000002,3.47,3.34,direct_overlay,False,0,direct_overlay,21.94818129366653,29.0,45.255,55.69199999999999,1160.0,6840.0,300.0
Province 5,Banke,Khajura Gaunpalika,28.16,81.64,6.28,2.24,0.11,54.1,124.21,28.72,25.33,45.91,9.17,4.34,3.34,direct_overlay,False,0,direct_overlay,12.757143883250217,44.6,27.05,37.263,1784.0,6216.0,300.0
Province 5,Banke,Kohalpur Nagarpalika,28.16,81.66,6.73,2.72,0.14,84.71,157.27,31.23,26.6,43.78,9.6,3.25,3.34,direct_overlay,False,0,direct_overlay,21.87137099407157,54.800000000000004,42.355,47.181000000000004,2192.0,5808.0,265.5526259224587
Province 5,Banke,Kohalpur Nagarpalika,28.16,81.68,6.62,4.56,0.24,126.86,168.24,29.04,36.81,38.15,7.74,1.08,3.34,direct_overlay,False,0,direct_overlay,30.187783075136537,92.39999999999999,63.43,50.472,3695.9999999999995,4304.0,142.5742324067808
Province 5,Dang,Babai Gaunpalika,28.16,82.14,6.78,2.69,0.15,329.32,696.75,46.91,16.87,36.01,10.02,1.08,0.83,direct_overlay,False,0,direct_overlay,14.845898150684208,55.35,164.66,209.025,2214.0,5786.0,300.0
Province 5,Dang,Shantinagar Gaunpalika,28.16,82.2,6.95,2.96,0.19,296.7,667.17,42.17,18.64,39.83,10.02,1.08,0.83,direct_overlay,False,0,direct_overlay,15.8779484731763,63.4,148.35,200.15099999999998,2536.0,5464.0,300.0
Province 5,Dang,Tulsipur Upamahanagarpalika,28.16,82.26,6.69,2.84,0.13,233.29,509.27,46.64,17.14,36.33,12.63,1.08,0.83,direct_overlay,False,0,direct_overlay,10.184438963116923,55.599999999999994,116.645,152.78099999999998,2224.0,5776.0,300.0
Province 5,Dang,Tulsipur Upamahanagarpalika,28.16,82.28,6.69,2.66,0.13,216.86,548.81,48.2,16.53,35.87,12.63,1.08,0.83,direct_overlay,False,0,direct_overlay,4.6175807971873715,52.900000000000006,108.43,164.64299999999997,2116.0,5884.0,300.0
Province 5,Dang,Tulsipur Upamahanagarpalika,28.16,82.34,6.66,2.51,0.12,211.5,537.27,46.24,18.22,36.9,12.63,1.08,0.83,direct_overlay,False,0,direct_overlay,6.212805628768686,49.65,105.75,161.18099999999998,1986.0,6014.0,300.0
Province 5,Dang,Tulsipur Upamahanagarpalika,28.16,82.38,6.7,2.45,0.12,178.68,519.6,44.35,15.82,38.9,12.63,1.08,0.83,direct_overlay,False,0,direct_overlay,7.05896657140497,48.75,89.34,155.88,1950.0,6050.0,300.0
Province 5,Rolpa,Runtigadi Gaunpalika,28.16,82.44,6.79,2.29,0.11,195.88,609.52,41.69,16.89,45.23,10.44,1.08,0.83,direct_overlay,False,0,direct_overlay,-2.9105112830295066,45.35,97.94,182.856,1814.0,6186.0,-2125.3997660373566
Province 5,Rolpa,Runtigadi Gaunpalika,28.16,82.54,6.8,2.24,0.12,207.49,577.4,41.52,17.73,41.1,10.44,1.08,0.83,direct_overlay,False,0,direct_overlay,2.988809567614181,45.6,103.745,173.22,1824.0,6176.0,300.0
Province 5,Pyuthan,Sworgadwary Nagarpalika,28.16,82.7,6.87,2.02,0.1,155.14,470.07,44.01,14.76,43.77,10.44,1.08,2.67,direct_overlay,False,0,direct_overlay,13.13204511149234,40.3,77.57,141.021,1612.0,6388.0,300.0
Province 5,Pyuthan,Pyuthan Nagarpalika,28.16,82.82,6.66,2.68,0.13,177.73,506.09,45.93,16.21,38.79,10.44,1.08,0.83,direct_overlay,False,0,direct_overlay,6.470380771780238,53.2,88.865,151.827,2128.0,5872.0,300.0
Province 5,Pyuthan,Jhimruk Gaunpalika,28.16,82.92,6.1,2.13,0.1,181.22,416.32,40.16,12.45,47.61,10.44,1.08,2.67,direct_overlay,False,0,direct_overlay,18.126798013853133,41.95,90.61,124.89599999999999,1678.0,6322.0,300.0
Province 5,Pyuthan,Jhimruk Gaunpalika,28.16,83.0,5.99,2.75,0.12,163.3,338.51,47.32,10.66,41.97,10.44,1.08,2.67,direct_overlay,False,0,direct_overlay,20.210637639418,53.25,81.65,101.553,2130.0,5870.0,290.44110852551194
Province 5,Gulmi,Musikot Nagarpalika,28.16,83.3,6.79,2.3,0.09,163.89,227.14,28.81,14.76,54.96,10.44,1.08,3.34,direct_overlay,False,0,direct_overlay,17.323065190003096,43.5,81.945,68.142,1740.0,6260.0,300.0
Province 5,Bardiya,Gulariya Nagarpalika,28.18,81.34,7.6,1.49,0.1,99.33,212.95,34.79,24.46,39.61,9.6,3.25,3.34,direct_overlay,False,0,direct_overlay,25.074641518020254,32.35,49.665,63.88499999999999,1294.0,6706.0,267.4415103873224
Province 5,Bardiya,Gulariya Nagarpalika,28.18,81.38,7.68,1.58,0.09,94.37,242.71,33.04,24.95,40.8,9.6,3.25,3.34,direct_overlay,False,0,direct_overlay,25.074641518020254,32.7,47.185,72.813,1308.0,6692.0,266.8831773802508
Province 5,Bardiya,Gulariya Nagarpalika,28.18,81.4,7.18,1.52,0.08,116.68,230.4,34.47,24.16,40.68,10.44,1.08,3.34,direct_overlay,False,0,direct_overlay,20.45155853972203,30.8,58.34,69.12,1232.0,6768.0,300.0
Province 5,Bardiya,Badhaiyatal Gaunpalika,28.18,81.42,7.04,1.5,0.08,134.57,265.57,36.11,22.97,40.16,10.44,1.08,3.34,direct_overlay,False,0,direct_overlay,20.873428872991944,30.5,67.285,79.67099999999999,1220.0,6780.0,300.0
Province 5,Bardiya,Badhaiyatal Gaunpalika,28.18,81.44,6.89,1.56,0.08,223.15,253.11,32.87,23.75,44.54,10.44,1.08,3.34,direct_overlay,False,0,direct_overlay,28.52202759038827,31.400000000000002,111.575,75.933,1256.0,6744.0,236.4488281426627
Province 5,Bardiya,Badhaiyatal Gaunpalika,28.18,81.46,6.88,1.53,0.08,110.72,200.39,27.33,25.54,46.74,9.6,3.25,3.34,direct_overlay,False,0,direct_overlay,19.840694695782695,30.95,55.36,60.11699999999999,1238.0,6762.0,300.0
Province 5,Bardiya,Badhaiyatal Gaunpalika,28.18,81.48,6.98,1.51,0.08,154.79,289.53,36.6,22.33,40.77,10.44,1.08,2.5,direct_overlay,False,0,direct_overlay,30.048291701985605,30.65,77.395,86.859,1226.0,6774.0,225.43710861114846
Province 5,Bardiya,Badhaiyatal Gaunpalika,28.18,81.5,6.81,1.65,0.09,104.5,223.84,27.3,29.21,42.73,9.6,3.25,3.34,direct_overlay,False,0,direct_overlay,19.79842535503358,33.75,52.25,67.152,1350.0,6650.0,300.0
Province 5,Bardiya,Badhaiyatal Gaunpalika,28.18,81.52,6.78,1.65,0.09,119.86,199.28,34.46,23.59,42.56,10.44,1.08,3.34,direct_overlay,False,0,direct_overlay,18.43818624465906,33.75,59.93,59.784,1350.0,6650.0,300.0
Province 5,Banke,Baijanath Gaunpalika,28.18,81.54,6.89,1.58,0.09,72.88,183.06,33.26,23.54,42.55,9.6,3.25,3.34,direct_overlay,False,0,direct_overlay,12.724432511919169,32.7,36.44,54.918,1308.0,6692.0,300.0
Province 5,Banke,Baijanath Gaunpalika,28.18,81.56,6.8,1.6,0.09,67.08,198.63,30.7,25.8,44.56,9.6,3.25,3.34,direct_overlay,False,0,direct_overlay,9.425655573665686,33.0,33.54,59.589,1320.0,6680.0,300.0
Province 5,Banke,Khajura Gaunpalika,28.18,81.58,6.63,1.35,0.08,52.27,129.3,33.22,19.56,48.04,9.17,4.34,3.34,direct_overlay,False,0,direct_overlay,8.667093434447477,28.25,26.135,38.79,1130.0,6870.0,300.0
Province 5,Banke,Baijanath Gaunpalika,28.18,81.62,7.08,1.47,0.08,76.38,145.32,33.61,20.15,45.27,9.6,3.25,3.34,direct_overlay,False,0,direct_overlay,16.694909472781944,30.05,38.19,43.596,1202.0,6798.0,300.0
Province 5,Banke,Kohalpur Nagarpalika,28.18,81.64,6.89,1.85,0.1,82.21,157.73,33.09,26.33,42.12,9.6,3.25,3.34,direct_overlay,False,0,direct_overlay,21.34990018154687,37.75,41.105,47.318999999999996,1510.0,6490.0,300.0
Province 5,Banke,Kohalpur Nagarpalika,28.18,81.66,7.01,2.34,0.12,86.61,174.42,30.97,29.97,41.66,9.6,3.25,3.34,direct_overlay,False,0,direct_overlay,18.84423357290627,47.099999999999994,43.305,52.32599999999999,1883.9999999999998,6116.0,300.0
Province 5,Banke,Kohalpur Nagarpalika,28.18,81.7,6.83,4.38,0.22,122.66,214.6,32.92,36.28,34.86,7.74,1.08,3.34,direct_overlay,False,0,direct_overlay,29.404638624527134,87.7,61.33,64.38,3508.0,4492.0,152.76501294095524
Province 5,Banke,Rapti sonari Gaunpalika,28.18,81.76,6.99,2.64,0.13,206.37,402.75,39.72,26.32,35.31,10.44,1.08,2.5,direct_overlay,False,0,direct_overlay,26.774863062601284,52.6,103.185,120.82499999999999,2104.0,5896.0,220.20654171843148
Province 5,Dang,Babai Gaunpalika,28.18,82.1,6.8,2.54,0.14,209.8,486.26,47.86,18.47,34.82,12.63,1.08,2.67,direct_overlay,False,0,direct_overlay,13.036760890845315,52.1,104.9,145.878,2084.0,5916.0,300.0
Province 5,Dang,Babai Gaunpalika,28.18,82.14,6.8,2.75,0.15,311.43,641.33,47.9,16.89,35.51,10.02,1.08,0.83,direct_overlay,False,0,direct_overlay,15.148447653179284,56.25,155.715,192.399,2250.0,5750.0,300.0
Province 5,Dang,Shantinagar Gaunpalika,28.18,82.2,6.72,2.9,0.15,265.05,705.15,43.53,19.36,37.36,10.02,1.08,0.83,direct_overlay,False,0,direct_overlay,21.369945227856498,58.5,132.525,211.545,2340.0,5660.0,264.8579553971895
Province 5,Dang,Shantinagar Gaunpalika,28.18,82.22,6.66,3.19,0.13,301.32,548.99,47.48,17.03,35.4,12.63,1.08,0.83,direct_overlay,False,0,direct_overlay,7.1912506128894975,60.85,150.66,164.697,2434.0,5566.0,300.0
Province 5,Dang,Tulsipur Upamahanagarpalika,28.18,82.34,6.66,2.63,0.12,181.74,519.83,43.94,18.54,37.99,12.63,1.08,0.83,direct_overlay,False,0,direct_overlay,7.215161162043456,51.449999999999996,90.87,155.949,2058.0,5942.0,300.0
Province 5,Dang,Tulsipur Upamahanagarpalika,28.18,82.38,6.71,2.73,0.14,198.63,622.92,44.38,17.43,39.03,12.63,1.08,0.83,direct_overlay,False,0,direct_overlay,10.517583758358398,54.95,99.315,186.87599999999998,2198.0,5802.0,300.0
Province 5,Rolpa,Runtigadi Gaunpalika,28.18,82.46,6.76,2.16,0.1,199.68,607.81,40.35,16.66,44.97,10.44,1.08,0.83,direct_overlay,False,0,direct_overlay,-0.348521565357981,42.400000000000006,99.84,182.343,1696.0000000000002,6304.0,-18087.833369865933
Province 5,Rolpa,Runtigadi Gaunpalika,28.18,82.48,6.93,2.37,0.11,154.52,562.42,39.17,19.51,43.42,10.44,1.08,0.83,direct_overlay,False,0,direct_overlay,0.04067562841096702,46.550000000000004,77.26,168.72599999999997,1862.0000000000002,6138.0,300.0
Province 5,Rolpa,Runtigadi Gaunpalika,28.18,82.52,6.82,2.6,0.14,166.66,526.52,41.86,19.99,38.62,10.44,1.08,0.83,direct_overlay,False,0,direct_overlay,13.763181528602756,53.0,83.33,157.956,2120.0,5880.0,300.0
Province 5,Rolpa,Runtigadi Gaunpalika,28.18,82.54,6.86,2.16,0.12,186.6,576.34,41.53,16.67,40.22,10.44,1.08,0.83,direct_overlay,False,0,direct_overlay,1.8094785209752202,44.400000000000006,93.3,172.90200000000002,1776.0000000000002,6224.0,300.0
Province 5,Rolpa,Runtigadi Gaunpalika,28.18,82.56,6.81,2.39,0.13,168.33,541.3,43.99,18.85,38.37,10.44,1.08,0.83,direct_overlay,False,0,direct_overlay,5.381325068190294,48.85,84.165,162.39,1954.0,6046.0,300.0
Province 5,Rolpa,Runtigadi Gaunpalika,28.18,82.58,6.64,2.47,0.13,198.97,567.06,44.15,18.19,39.64,10.44,1.08,0.83,direct_overlay,False,0,direct_overlay,-2.7269729396209836,50.050000000000004,99.485,170.11799999999997,2002.0000000000002,5998.0,-2199.508441339227
Province 5,Rolpa,Runtigadi Gaunpalika,28.18,82.6,6.85,2.26,0.12,167.36,553.93,42.53,17.47,39.85,10.44,1.08,0.83,direct_overlay,False,0,direct_overlay,6.689572968623195,45.9,83.68,166.17899999999997,1836.0,6164.0,300.0
Province 5,Pyuthan,Sworgadwary Nagarpalika,28.18,82.7,6.89,2.19,0.1,129.29,484.67,44.53,17.24,37.24,10.44,1.08,2.67,direct_overlay,False,0,direct_overlay,7.373050949378875,42.85,64.645,145.401,1714.0,6286.0,300.0
Province 5,Pyuthan,Sworgadwary Nagarpalika,28.18,82.76,6.7,2.28,0.13,198.37,619.65,43.03,20.34,38.46,10.44,1.08,0.83,direct_overlay,False,0,direct_overlay,-2.30113004337344,47.199999999999996,99.185,185.89499999999998,1887.9999999999998,6112.0,-2656.0863075082243
Province 5,Rolpa,Suwarnabati Gaunpalika,28.18,82.78,6.65,2.23,0.11,181.43,588.49,43.01,18.52,38.85,10.44,1.08,0.83,direct_overlay,False,0,direct_overlay,-0.6993727570091037,44.45,90.715,176.547,1778.0,6222.0,-8896.543277734521
Province 5,Pyuthan,Pyuthan Nagarpalika,28.18,82.8,6.56,2.32,0.12,172.52,658.28,44.49,16.95,39.45,10.44,1.08,0.83,direct_overlay,False,0,direct_overlay,1.0955930882479175,46.8,86.26,197.48399999999998,1872.0,6128.0,300.0
Province 5,Pyuthan,Naubahini Gaunpalika,28.18,82.86,6.32,2.24,0.11,177.07,426.77,46.05,13.11,40.46,10.44,1.08,2.67,direct_overlay,False,0,direct_overlay,16.11985766741721,44.6,88.535,128.03099999999998,1784.0,6216.0,300.0
Province 5,Pyuthan,Naubahini Gaunpalika,28.18,82.9,6.05,2.25,0.11,173.15,426.43,46.57,12.43,42.45,10.44,1.08,2.67,direct_overlay,False,0,direct_overlay,16.24712552456007,44.75,86.575,127.929,1790.0,6210.0,300.0
Province 5,Pyuthan,Naubahini Gaunpalika,28.18,82.92,6.07,2.43,0.12,171.96,478.37,47.31,12.79,41.11,10.44,1.08,2.67,direct_overlay,False,0,direct_overlay,18.100877547039218,48.45,85.98,143.511,1938.0,6062.0,300.0
Province 5,Pyuthan,Jhimruk Gaunpalika,28.18,82.94,6.01,2.74,0.14,191.39,438.89,47.97,12.86,38.53,10.44,1.08,2.67,direct_overlay,False,0,direct_overlay,28.26932168755879,55.1,95.695,131.667,2204.0,5796.0,205.02791202630078
Province 5,Pyuthan,Jhimruk Gaunpalika,28.18,82.96,5.88,2.19,0.11,173.25,443.66,46.21,11.14,42.28,10.44,1.08,2.67,direct_overlay,False,0,direct_overlay,17.931609638864515,43.85,86.625,133.098,1754.0,6246.0,300.0
Province 5,Gulmi,Madane Gaunpalika,28.18,83.12,6.08,3.17,0.14,153.81,237.21,55.56,7.06,39.4,10.44,1.08,3.34,direct_overlay,False,0,direct_overlay,27.69490709508942,61.55,76.905,71.163,2462.0,5538.0,199.96456319515664
Province 5,Gulmi,Madane Gaunpalika,28.18,83.1,5.87,3.84,0.17,165.04,257.0,60.38,4.8,34.96,8.28,1.08,3.34,direct_overlay,False,0,direct_overlay,24.928382368040857,74.6,82.52,77.1,2984.0,5016.0,201.21642575695984
Province 5,Gulmi,Isma Gaunpalika,28.18,83.2,6.12,3.5,0.16,173.36,229.3,53.58,7.21,41.89,8.28,1.08,3.34,direct_overlay,False,0,direct_overlay,32.78793011728033,68.5,86.68,68.79,2740.0,5260.0,160.42488748711236
Province 5,Gulmi,Isma Gaunpalika,28.18,83.22,6.05,3.2,0.15,176.37,263.11,51.1,9.1,42.14,10.44,1.08,3.34,direct_overlay,False,0,direct_overlay,25.57866362191726,63.0,88.185,78.933,2520.0,5480.0,214.24105969728703
Province 5,Bardiya,Gulariya Nagarpalika,28.2,81.34,7.85,1.58,0.11,135.0,301.09,34.11,21.97,40.93,10.44,1.08,2.5,direct_overlay,False,0,direct_overlay,23.21294529230906,34.7,67.5,90.32699999999998,1388.0,6612.0,284.8410624648608
Province 5,Bardiya,Gulariya Nagarpalika,28.2,81.38,7.65,1.59,0.09,92.11,228.29,31.64,24.65,42.56,9.6,3.25,3.34,direct_overlay,False,0,direct_overlay,24.788152201786914,32.85,46.055,68.487,1314.0,6686.0,269.7256312440273
Province 5,Bardiya,Gulariya Nagarpalika,28.2,81.4,7.17,1.65,0.1,174.17,346.47,33.61,25.24,43.99,10.44,1.08,2.5,direct_overlay,False,0,direct_overlay,30.165482036224745,34.75,87.085,103.941,1390.0,6610.0,219.12462701780353
Province 5,Bardiya,Badhaiyatal Gaunpalika,28.2,81.42,6.82,1.72,0.09,114.14,210.58,33.25,24.71,39.75,10.44,1.08,3.34,direct_overlay,False,0,direct_overlay,19.265943006462564,34.8,57.07,63.174,1392.0,6608.0,300.0
Province 5,Bardiya,Badhaiyatal Gaunpalika,28.2,81.46,6.75,1.59,0.09,165.67,273.79,36.35,20.39,41.58,10.44,1.08,3.34,direct_overlay,False,0,direct_overlay,26.7203352010352,32.85,82.835,82.137,1314.0,6686.0,250.22141188337227
Province 5,Bardiya,Badhaiyatal Gaunpalika,28.2,81.5,6.82,1.48,0.08,128.52,237.37,35.98,21.1,42.74,10.44,1.08,3.34,direct_overlay,False,0,direct_overlay,17.9930031281397,30.2,64.26,71.211,1208.0,6792.0,300.0
Province 5,Bardiya,Badhaiyatal Gaunpalika,28.2,81.48,6.84,1.63,0.09,123.56,238.17,34.51,22.12,43.63,10.44,1.08,3.34,direct_overlay,False,0,direct_overlay,18.230650186963228,33.45,61.78,71.451,1338.0,6662.0,300.0
Province 5,Bardiya,Badhaiyatal Gaunpalika,28.2,81.52,6.95,1.54,0.09,124.98,220.46,32.83,23.56,44.56,10.44,1.08,3.34,direct_overlay,False,0,direct_overlay,19.3776264039811,32.1,62.49,66.138,1284.0,6716.0,300.0
Province 5,Banke,Baijanath Gaunpalika,28.2,81.54,7.0,1.59,0.09,102.93,258.13,35.73,19.83,43.62,9.510000000000002,3.47,3.34,direct_overlay,False,0,direct_overlay,23.266143989204302,32.85,51.465,77.439,1314.0,6686.0,287.3703525217743
Province 5,Banke,Baijanath Gaunpalika,28.2,81.56,6.93,1.52,0.09,93.41,199.35,37.38,20.37,41.38,9.6,3.25,3.34,direct_overlay,False,0,direct_overlay,21.530185443855903,31.8,46.705,59.80499999999999,1272.0,6728.0,300.0
Province 5,Banke,Baijanath Gaunpalika,28.2,81.58,6.96,1.61,0.09,80.23,165.36,34.35,20.61,44.84,9.6,3.25,3.34,direct_overlay,False,0,direct_overlay,28.796470184690342,33.150000000000006,40.115,49.608000000000004,1326.0000000000002,6674.0,231.76451687291296
Province 5,Banke,Baijanath Gaunpalika,28.2,81.62,6.79,1.64,0.09,101.54,228.63,34.85,19.09,46.59,9.510000000000002,3.47,3.34,direct_overlay,False,0,direct_overlay,19.914242257475536,33.599999999999994,50.77,68.589,1343.9999999999998,6656.0,300.0
Province 5,Banke,Baijanath Gaunpalika,28.2,81.6,6.83,1.62,0.09,73.74,189.66,32.87,21.02,45.6,9.6,3.25,3.34,direct_overlay,False,0,direct_overlay,9.461502676103343,33.3,36.87,56.897999999999996,1332.0,6668.0,300.0
Province 5,Banke,Kohalpur Nagarpalika,28.2,81.64,6.64,1.49,0.09,66.9,134.14,33.14,19.52,46.69,9.510000000000002,3.47,3.34,direct_overlay,False,0,direct_overlay,8.785731331237,31.35,33.45,40.242,1254.0,6746.0,300.0
Province 5,Banke,Kohalpur Nagarpalika,28.2,81.66,6.96,2.01,0.13,140.52,238.8,33.83,22.2,42.23,10.44,1.08,3.34,direct_overlay,False,0,direct_overlay,13.77056653595215,43.15,70.26,71.64,1726.0,6274.0,300.0
Province 5,Banke,Kohalpur Nagarpalika,28.2,81.7,7.34,2.29,0.13,142.02,254.17,35.63,23.75,36.12,10.44,1.08,3.34,direct_overlay,False,0,direct_overlay,14.996942455866757,47.35,71.01,76.25099999999999,1894.0,6106.0,300.0
Province 5,Banke,Kohalpur Nagarpalika,28.2,81.72,7.18,2.67,0.14,140.22,250.98,36.38,30.9,34.58,10.44,1.08,3.34,direct_overlay,False,0,direct_overlay,20.877298787861704,54.05,70.11,75.294,2162.0,5838.0,279.63387693595104
Province 5,Dang,Babai Gaunpalika,28.2,81.98,7.0,2.54,0.13,122.13,360.27,48.26,20.15,33.72,12.63,1.08,2.5,direct_overlay,False,0,direct_overlay,21.904144674006243,51.1,61.065,108.08099999999999,2044.0,5956.0,271.9120097425221
Province 5,Dang,Babai Gaunpalika,28.2,82.04,6.9,2.59,0.13,147.45,400.19,48.27,19.52,34.27,12.63,1.08,2.67,direct_overlay,False,0,direct_overlay,15.174195264859772,51.849999999999994,73.725,120.05699999999999,2074.0,5926.0,300.0
Province 5,Dang,Babai Gaunpalika,28.2,82.06,6.73,2.67,0.13,157.46,447.71,46.19,19.49,33.77,12.63,1.08,2.67,direct_overlay,False,0,direct_overlay,17.656167050805895,53.05,78.73,134.313,2122.0,5878.0,300.0
Province 5,Dang,Babai Gaunpalika,28.2,82.1,6.77,2.87,0.15,172.64,458.32,48.17,19.49,35.12,12.63,1.08,2.67,direct_overlay,False,0,direct_overlay,15.365661878419262,58.050000000000004,86.32,137.49599999999998,2322.0,5678.0,300.0
Province 5,Dang,Babai Gaunpalika,28.2,82.14,6.88,2.84,0.15,263.56,573.33,47.71,16.57,36.3,10.02,1.08,0.83,direct_overlay,False,0,direct_overlay,19.812369992386518,57.599999999999994,131.78,171.999,2304.0,5696.0,287.49715466594125
Province 5,Dang,Shantinagar Gaunpalika,28.2,82.18,6.68,2.97,0.15,231.53,584.04,47.35,16.72,35.75,10.02,1.08,0.83,direct_overlay,False,0,direct_overlay,10.690913820597796,59.550000000000004,115.765,175.212,2382.0,5618.0,300.0
Province 5,Dang,Shantinagar Gaunpalika,28.2,82.24,6.67,3.31,0.17,219.09,454.59,47.58,16.58,35.57,10.02,1.08,2.67,direct_overlay,False,0,direct_overlay,34.826412488859965,66.65,109.545,136.37699999999998,2666.0,5334.0,153.1596170494507
Province 5,Dang,Tulsipur Upamahanagarpalika,28.2,82.34,6.68,2.94,0.14,172.57,479.92,45.8,15.65,36.59,12.63,1.08,2.67,direct_overlay,False,0,direct_overlay,15.305105125544596,58.1,86.285,143.976,2324.0,5676.0,300.0
Karnali,Salyan,Kapurkot Gaunpalika,28.2,82.38,6.76,2.78,0.13,174.62,516.86,48.04,15.2,37.52,10.44,1.08,0.83,direct_overlay,False,0,direct_overlay,6.125609576366951,54.699999999999996,87.31,155.058,2188.0,5812.0,300.0
Province 5,Rolpa,Runtigadi Gaunpalika,28.2,82.42,6.86,2.34,0.11,199.55,639.2,39.64,18.28,43.6,10.44,1.08,0.83,direct_overlay,False,0,direct_overlay,-0.7792972237426108,46.099999999999994,99.775,191.76000000000002,1843.9999999999998,6156.0,-7899.425036362284
Province 5,Rolpa,Runtigadi Gaunpalika,28.2,82.46,6.86,2.49,0.12,156.5,531.95,38.22,19.05,45.66,10.44,1.08,0.83,direct_overlay,False,0,direct_overlay,9.437480781120628,49.35,78.25,159.585,1974.0,6026.0,300.0
Province 5,Rolpa,Runtigadi Gaunpalika,28.2,82.52,6.85,2.36,0.12,165.22,530.38,43.09,16.16,40.62,10.44,1.08,0.83,direct_overlay,False,0,direct_overlay,7.921417925333154,47.4,82.61,159.114,1896.0,6104.0,300.0
Province 5,Rolpa,Runtigadi Gaunpalika,28.2,82.5,6.99,2.48,0.12,165.64,523.7,44.93,19.05,37.47,10.44,1.08,0.83,direct_overlay,False,0,direct_overlay,6.91023215731213,49.2,82.82,157.11,1968.0,6032.0,300.0
Province 5,Rolpa,Runtigadi Gaunpalika,28.2,82.62,6.8,2.28,0.13,197.36,589.58,45.05,18.32,37.33,10.44,1.08,0.83,direct_overlay,False,0,direct_overlay,-1.4638772992896691,47.199999999999996,98.68,176.874,1887.9999999999998,6112.0,-4175.213320792516
Province 5,Rolpa,Suwarnabati Gaunpalika,28.2,82.66,6.8,2.27,0.11,131.64,453.66,45.87,15.67,38.98,10.44,1.08,2.67,direct_overlay,False,0,direct_overlay,9.903736897006443,45.05,65.82,136.098,1802.0,6198.0,300.0
Province 5,Rolpa,Suwarnabati Gaunpalika,28.2,82.68,6.72,2.11,0.1,153.43,500.48,44.91,15.1,41.23,10.44,1.08,0.83,direct_overlay,False,0,direct_overlay,8.827647261099736,41.65,76.715,150.144,1666.0,6334.0,300.0
Province 5,Pyuthan,Sworgadwary Nagarpalika,28.2,82.74,6.68,2.42,0.11,188.39,665.39,43.22,18.95,38.15,10.44,1.08,0.83,direct_overlay,False,0,direct_overlay,-3.6524704063821556,47.3,94.195,199.617,1892.0,6108.0,-1672.2928101832576
Province 5,Rolpa,Suwarnabati Gaunpalika,28.2,82.76,6.92,2.26,0.11,164.27,517.17,43.92,16.86,40.32,10.44,1.08,0.83,direct_overlay,False,0,direct_overlay,7.8080671076320805,44.9,82.135,155.15099999999998,1796.0,6204.0,300.0
Province 5,Pyuthan,Gaumukhi Gaunpalika,28.2,82.98,5.86,2.98,0.15,194.77,405.26,51.16,10.99,36.93,10.44,1.08,2.67,direct_overlay,False,0,direct_overlay,33.39592949175859,59.7,97.385,121.57799999999999,2388.0,5612.0,168.04443192350504
Province 5,Gulmi,Madane Gaunpalika,28.2,83.06,5.57,4.95,0.21,169.21,269.08,61.0,5.02,36.26,8.28,1.08,3.34,direct_overlay,False,0,direct_overlay,28.024534768851318,95.25,84.605,80.72399999999999,3810.0,4190.0,149.51184861977075
Province 5,Gulmi,Malika Gaunpalika,28.2,83.12,6.02,4.28,0.18,172.48,263.03,56.93,7.15,38.24,8.28,1.08,3.34,direct_overlay,False,0,direct_overlay,28.507583805561342,82.2,86.24,78.90899999999999,3288.0,4712.0,165.28935009500066
Province 5,Gulmi,Malika Gaunpalika,28.2,83.14,6.06,4.3,0.19,185.72,254.17,57.92,5.79,37.34,8.28,1.08,3.34,direct_overlay,False,0,direct_overlay,30.347574185308144,83.5,92.86,76.25099999999999,3340.0,4660.0,153.5542831708769
Province 5,Gulmi,Malika Gaunpalika,28.2,83.16,6.04,4.02,0.17,178.2,260.44,55.48,7.08,40.06,8.28,1.08,3.34,direct_overlay,False,0,direct_overlay,29.48487167214944,77.3,89.1,78.13199999999999,3092.0,4908.0,166.45824525110467
Province 5,Gulmi,Malika Gaunpalika,28.2,83.18,6.16,3.73,0.16,161.97,248.99,49.08,7.63,45.36,8.28,1.08,3.34,direct_overlay,False,0,direct_overlay,28.257734357516316,71.95,80.985,74.697,2878.0,5122.0,181.26010865544114
Province 5,Gulmi,Isma Gaunpalika,28.2,83.2,6.03,3.49,0.16,140.6,240.64,56.39,6.89,37.04,8.28,1.08,3.34,direct_overlay,False,0,direct_overlay,26.616213358828453,68.35,70.3,72.192,2734.0,5266.0,197.8493307446116
Province 5,Gulmi,Isma Gaunpalika,28.2,83.22,6.18,3.25,0.15,159.7,227.91,50.1,9.12,41.74,8.28,1.08,3.34,direct_overlay,False,0,direct_overlay,26.269652189304523,63.75,79.85,68.37299999999999,2550.0,5450.0,207.46372889622512
Province 5,Bardiya,Gulariya Nagarpalika,28.22,81.32,7.82,1.52,0.11,107.39,241.86,34.47,21.94,40.14,9.6,3.25,3.34,direct_overlay,False,0,direct_overlay,22.788099674365622,33.8,53.695,72.558,1352.0,6648.0,291.73121475672446
Province 5,Bardiya,Gulariya Nagarpalika,28.22,81.38,7.76,1.49,0.09,87.81,207.72,36.52,21.35,39.97,9.6,3.25,3.34,direct_overlay,False,0,direct_overlay,24.968441464611914,31.35,43.905,62.315999999999995,1254.0,6746.0,270.1810607426655
Province 5,Bardiya,Gulariya Nagarpalika,28.22,81.36,7.8,1.56,0.1,93.1,220.03,35.12,22.37,41.27,9.6,3.25,3.34,direct_overlay,False,0,direct_overlay,25.074641518020254,33.400000000000006,46.55,66.009,1336.0000000000002,6664.0,265.76651136610747
Province 5,Bardiya,Badhaiyatal Gaunpalika,28.22,81.4,7.25,1.61,0.09,109.0,202.16,34.09,21.67,42.57,9.6,3.25,3.34,direct_overlay,False,0,direct_overlay,22.275549142872407,33.150000000000006,54.5,60.647999999999996,1326.0000000000002,6674.0,299.611020010948
Province 5,Bardiya,Bansagadhi Nagarpalika,28.22,81.42,7.0,1.58,0.08,136.55,227.4,34.01,22.27,42.89,10.44,1.08,3.34,direct_overlay,False,0,direct_overlay,21.92840759927987,31.700000000000003,68.275,68.22,1268.0,6732.0,300.0
Province 5,Bardiya,Bansagadhi Nagarpalika,28.22,81.48,6.64,1.51,0.08,115.0,208.08,35.23,23.49,42.11,10.44,1.08,3.34,direct_overlay,False,0,direct_overlay,17.258785788796875,30.65,57.5,62.424,1226.0,6774.0,300.0
Province 5,Bardiya,Badhaiyatal Gaunpalika,28.22,81.5,6.75,1.46,0.08,95.96,192.27,33.33,24.05,42.21,9.6,3.25,3.34,direct_overlay,False,0,direct_overlay,20.051562168014506,29.9,47.98,57.681,1196.0,6804.0,300.0
Province 5,Bardiya,Badhaiyatal Gaunpalika,28.22,81.54,6.61,1.63,0.09,92.52,207.86,33.44,21.45,45.62,9.6,3.25,3.34,direct_overlay,False,0,direct_overlay,17.655904276943843,33.45,46.26,62.358000000000004,1338.0,6662.0,300.0
Province 5,Banke,Baijanath Gaunpalika,28.22,81.58,6.88,1.57,0.09,95.04,236.72,35.74,19.3,45.76,9.510000000000002,3.47,3.34,direct_overlay,False,0,direct_overlay,20.30492716393785,32.55,47.52,71.01599999999999,1302.0,6698.0,300.0
Province 5,Banke,Baijanath Gaunpalika,28.22,81.6,7.0,1.68,0.09,104.37,225.87,35.9,19.82,44.27,9.510000000000002,3.47,3.34,direct_overlay,False,0,direct_overlay,22.302987681594086,34.2,52.185,67.761,1368.0,6632.0,297.35926391033115
Province 5,Banke,Baijanath Gaunpalika,28.22,81.62,7.19,1.66,0.09,100.11,222.6,35.61,17.93,44.52,9.510000000000002,3.47,3.34,direct_overlay,False,0,direct_overlay,22.137525856551857,33.9,50.055,66.78,1356.0,6644.0,300.0
Province 5,Banke,Baijanath Gaunpalika,28.22,81.64,7.16,1.78,0.1,91.72,208.54,36.37,18.49,44.96,9.510000000000002,3.47,3.34,direct_overlay,False,0,direct_overlay,22.32403654031852,36.7,45.86,62.562,1468.0,6532.0,292.5994135604833
Province 5,Banke,Baijanath Gaunpalika,28.22,81.66,6.84,2.42,0.15,109.94,287.6,33.57,20.34,44.45,9.6,3.25,2.5,direct_overlay,False,0,direct_overlay,20.29379128493369,51.3,54.97,86.28,2052.0,5948.0,293.09456850558297
Province 5,Banke,Kohalpur Nagarpalika,28.22,81.68,7.39,2.25,0.13,125.73,248.23,37.55,19.46,42.44,10.44,1.08,3.34,direct_overlay,False,0,direct_overlay,14.391721827463202,46.75,62.865,74.469,1870.0,6130.0,300.0
Province 5,Banke,Kohalpur Nagarpalika,28.22,81.72,7.23,2.31,0.12,147.07,249.14,34.74,30.26,36.38,10.44,1.08,3.34,direct_overlay,False,0,direct_overlay,13.102914678100086,46.65,73.535,74.74199999999999,1866.0,6134.0,300.0
Province 5,Dang,Babai Gaunpalika,28.22,82.12,6.86,3.02,0.15,208.04,515.31,50.31,15.11,34.28,10.02,1.08,0.83,direct_overlay,False,0,direct_overlay,17.110150449149582,60.3,104.02,154.593,2412.0,5588.0,300.0
Province 5,Dang,Babai Gaunpalika,28.22,82.14,6.84,2.72,0.14,232.72,559.11,50.35,15.19,34.86,12.63,1.08,0.83,direct_overlay,False,0,direct_overlay,15.036022160763023,54.800000000000004,116.36,167.733,2192.0,5808.0,300.0
Province 5,Dang,Shantinagar Gaunpalika,28.22,82.22,6.7,3.14,0.14,201.99,494.46,47.69,16.57,35.67,12.63,1.08,2.67,direct_overlay,False,0,direct_overlay,14.589767406089038,61.1,100.995,148.338,2444.0,5556.0,300.0
Province 5,Dang,Tulsipur Upamahanagarpalika,28.22,82.3,6.61,3.37,0.15,204.39,521.77,47.65,16.62,35.42,10.02,1.08,0.83,direct_overlay,False,0,direct_overlay,18.450652541684263,65.55000000000001,102.195,156.53099999999998,2622.0000000000005,5378.0,291.4802058003023
Province 5,Rolpa,Runtigadi Gaunpalika,28.22,82.44,6.76,2.5,0.11,198.25,623.47,42.43,18.25,40.23,10.44,1.08,0.83,direct_overlay,False,0,direct_overlay,-1.3406374988493648,48.5,99.125,187.041,1940.0,6060.0,-4520.237577422044
Province 5,Rolpa,Runtigadi Gaunpalika,28.22,82.48,6.61,2.48,0.13,176.81,550.18,39.61,19.77,41.15,10.44,1.08,0.83,direct_overlay,False,0,direct_overlay,6.323603039453479,50.2,88.405,165.05399999999997,2008.0,5992.0,300.0
Province 5,Rolpa,Runtigadi Gaunpalika,28.22,82.54,6.77,2.28,0.12,161.12,568.16,45.05,18.78,36.78,10.44,1.08,0.83,direct_overlay,False,0,direct_overlay,-1.1710189862736335,46.199999999999996,80.56,170.44799999999998,1847.9999999999998,6152.0,-5253.544197072868
Province 5,Rolpa,Runtigadi Gaunpalika,28.22,82.56,6.69,2.56,0.13,154.24,446.97,45.88,17.61,37.23,10.44,1.08,2.67,direct_overlay,False,0,direct_overlay,17.732723931794602,51.4,77.12,134.091,2056.0,5944.0,300.0
Province 5,Rolpa,Suwarnabati Gaunpalika,28.22,82.68,6.8,2.25,0.11,203.7,613.56,43.0,17.99,39.82,10.44,1.08,0.83,direct_overlay,False,0,direct_overlay,-0.7083570990524863,44.75,101.85,184.06799999999998,1790.0,6210.0,-8766.764684516651
Province 5,Rolpa,Suwarnabati Gaunpalika,28.22,82.7,7.12,2.38,0.11,141.54,479.0,48.52,16.92,36.14,10.44,1.08,2.67,direct_overlay,False,0,direct_overlay,3.910432491939506,46.699999999999996,70.77,143.7,1867.9999999999998,6132.0,300.0
Province 5,Rolpa,Lungri Gaunpalika,28.22,82.8,6.55,2.1,0.12,186.87,472.4,47.19,16.36,35.62,10.44,1.08,2.67,direct_overlay,False,0,direct_overlay,9.278155113935801,43.5,93.435,141.72,1740.0,6260.0,300.0
Province 5,Pyuthan,Naubahini Gaunpalika,28.22,82.86,6.08,2.6,0.14,181.43,492.2,49.09,14.4,39.03,10.44,1.08,2.67,direct_overlay,False,0,direct_overlay,15.299027596771726,53.0,90.715,147.66,2120.0,5880.0,300.0
Province 5,Pyuthan,Naubahini Gaunpalika,28.22,82.9,6.03,2.37,0.12,163.26,344.26,47.56,11.76,40.77,10.44,1.08,2.67,direct_overlay,False,0,direct_overlay,20.180536805030545,47.550000000000004,81.63,103.27799999999999,1902.0000000000002,6098.0,300.0
Province 5,Pyuthan,Naubahini Gaunpalika,28.22,82.94,5.86,2.42,0.13,178.45,382.92,49.43,10.28,40.24,10.44,1.08,2.67,direct_overlay,False,0,direct_overlay,19.116005789525246,49.3,89.225,114.876,1972.0,6028.0,300.0
Province 5,Gulmi,Madane Gaunpalika,28.22,83.04,5.58,4.68,0.21,190.59,324.23,53.55,7.26,38.25,8.28,1.08,2.67,direct_overlay,False,0,direct_overlay,36.87441050059877,91.19999999999999,95.295,97.269,3647.9999999999995,4352.0,118.02222573644484
Province 5,Bardiya,Madhuwan Nagarpalika,28.24,81.28,7.06,1.45,0.08,127.78,226.6,35.56,24.38,41.15,10.44,1.08,3.34,direct_overlay,False,0,direct_overlay,19.75911157002506,29.75,63.89,67.97999999999999,1190.0,6810.0,300.0
Province 5,Bardiya,Gulariya Nagarpalika,28.24,81.3,7.77,1.34,0.09,92.32,216.41,35.12,22.72,40.23,9.6,3.25,3.34,direct_overlay,False,0,direct_overlay,25.074641518020254,29.1,46.16,64.923,1164.0,6836.0,272.6260311672735
Province 5,Bardiya,Gulariya Nagarpalika,28.24,81.32,7.85,1.49,0.1,77.96,207.94,34.17,21.52,41.11,9.6,3.25,3.34,direct_overlay,False,0,direct_overlay,19.927540809187477,32.35,38.98,62.382,1294.0,6706.0,300.0
Province 5,Bardiya,Gulariya Nagarpalika,28.24,81.36,7.68,1.58,0.1,83.24,216.15,32.95,22.53,42.17,9.6,3.25,3.34,direct_overlay,False,0,direct_overlay,24.34950026967274,33.7,41.62,64.845,1348.0,6652.0,273.1883581317295
Province 5,Bardiya,Gulariya Nagarpalika,28.24,81.34,7.78,1.59,0.1,77.84,212.86,34.02,21.94,41.75,9.6,3.25,3.34,direct_overlay,False,0,direct_overlay,19.927540809187477,33.85,38.92,63.858000000000004,1354.0,6646.0,300.0
Province 5,Bardiya,Barbardiya Nagarpalika,28.24,81.4,7.27,1.53,0.09,80.33,193.27,36.52,20.31,42.1,9.6,3.25,3.34,direct_overlay,False,0,direct_overlay,29.77569832321848,31.95,40.165,57.981,1278.0,6722.0,225.7545709602492
Province 5,Bardiya,Bansagadhi Nagarpalika,28.24,81.46,6.93,1.5,0.09,98.27,200.24,34.38,19.83,42.97,9.510000000000002,3.47,3.34,direct_overlay,False,0,direct_overlay,21.530185443855903,31.5,49.135,60.072,1260.0,6740.0,300.0
Province 5,Bardiya,Bansagadhi Nagarpalika,28.24,81.48,6.32,1.32,0.08,76.7,162.1,38.37,19.33,41.12,9.510000000000002,3.47,3.34,direct_overlay,False,0,direct_overlay,11.470661382964536,27.8,38.35,48.629999999999995,1112.0,6888.0,300.0
Province 5,Bardiya,Bansagadhi Nagarpalika,28.24,81.5,6.71,1.51,0.09,100.74,198.93,36.37,21.32,42.96,9.6,3.25,3.34,direct_overlay,False,0,direct_overlay,23.460459226838033,31.65,50.37,59.679,1266.0,6734.0,287.0361545308761
Province 5,Bardiya,Bansagadhi Nagarpalika,28.24,81.56,6.81,1.69,0.09,113.12,232.51,35.72,21.87,42.85,10.44,1.08,3.34,direct_overlay,False,0,direct_overlay,18.901943006462563,34.349999999999994,56.56,69.753,1373.9999999999998,6626.0,300.0
Province 5,Bardiya,Bansagadhi Nagarpalika,28.24,81.58,6.54,1.63,0.09,83.03,199.01,33.8,23.34,43.74,9.6,3.25,3.34,direct_overlay,False,0,direct_overlay,16.943701303001113,33.45,41.515,59.702999999999996,1338.0,6662.0,300.0
Province 5,Bardiya,Bansagadhi Nagarpalika,28.24,81.6,6.78,1.65,0.09,77.85,293.99,34.79,20.86,44.14,9.6,3.25,2.5,direct_overlay,False,0,direct_overlay,12.382419068120678,33.75,38.925,88.197,1350.0,6650.0,300.0
Province 5,Banke,Baijanath Gaunpalika,28.24,81.62,7.09,1.86,0.11,129.53,296.02,39.08,17.79,42.68,10.44,1.08,2.67,direct_overlay,False,0,direct_overlay,18.00124648113263,38.900000000000006,64.765,88.806,1556.0000000000002,6444.0,300.0
Province 5,Banke,Baijanath Gaunpalika,28.24,81.64,7.36,1.86,0.13,123.94,247.4,38.57,18.59,42.6,10.44,1.08,3.34,direct_overlay,False,0,direct_overlay,17.10967424406579,40.900000000000006,61.97,74.22,1636.0000000000002,6364.0,300.0
Province 5,Banke,Baijanath Gaunpalika,28.24,81.66,7.02,1.89,0.12,115.86,232.22,35.33,20.42,44.51,10.44,1.08,3.34,direct_overlay,False,0,direct_overlay,19.31932816867568,40.349999999999994,57.93,69.666,1613.9999999999998,6386.0,300.0
Province 5,Banke,Baijanath Gaunpalika,28.24,81.68,7.4,2.08,0.13,136.49,265.02,36.43,20.54,43.72,10.44,1.08,3.34,direct_overlay,False,0,direct_overlay,13.67006970677795,44.2,68.245,79.50599999999999,1768.0,6232.0,300.0
Province 5,Banke,Kohalpur Nagarpalika,28.24,81.72,7.39,2.24,0.12,162.17,281.94,36.54,27.16,37.45,10.44,1.08,2.5,direct_overlay,False,0,direct_overlay,18.637230079190193,45.6,81.085,84.582,1824.0,6176.0,300.0
Karnali,Salyan,Kalimati Gaunpalika,28.24,82.0,6.63,2.7,0.14,98.07,370.56,50.34,14.48,33.87,9.74,2.89,2.67,direct_overlay,False,0,direct_overlay,18.49577505243021,54.5,49.035,111.16799999999999,2180.0,5820.0,300.0
Province 5,Dang,Shantinagar Gaunpalika,28.24,82.22,6.73,3.41,0.15,204.06,481.82,47.72,16.36,36.19,12.63,1.08,2.67,direct_overlay,False,0,direct_overlay,16.688962803664882,66.15,102.03,144.546,2646.0,5354.0,300.0
Karnali,Salyan,Kapurkot Gaunpalika,28.24,82.38,6.58,3.54,0.15,214.11,521.78,45.0,19.67,33.65,10.44,1.08,0.83,direct_overlay,False,0,direct_overlay,20.504929395630114,68.1,107.055,156.534,2724.0,5276.0,257.3039827742293
Province 5,Rolpa,Runtigadi Gaunpalika,28.24,82.44,6.51,2.82,0.14,185.33,558.77,40.28,19.9,39.29,10.44,1.08,0.83,direct_overlay,False,0,direct_overlay,14.120170282105851,56.3,92.665,167.631,2252.0,5748.0,300.0
Karnali,Salyan,Kapurkot Gaunpalika,28.24,82.42,6.7,2.89,0.13,200.13,546.53,43.45,20.1,37.71,10.44,1.08,0.83,direct_overlay,False,0,direct_overlay,4.925794736435841,56.35,100.065,163.95899999999997,2254.0,5746.0,300.0
Province 5,Rolpa,Runtigadi Gaunpalika,28.24,82.54,6.5,1.86,0.09,131.02,649.65,39.22,17.57,43.92,10.44,1.08,0.83,direct_overlay,False,0,direct_overlay,18.844788953527267,36.900000000000006,65.51,194.89499999999998,1476.0000000000002,6524.0,300.0
Province 5,Rolpa,Suwarnabati Gaunpalika,28.24,82.68,6.89,2.5,0.12,146.01,476.97,47.55,18.29,35.25,10.44,1.08,2.67,direct_overlay,False,0,direct_overlay,2.8894597726292863,49.5,73.005,143.091,1980.0,6020.0,300.0
Province 5,Rolpa,Lungri Gaunpalika,28.24,82.78,6.51,2.25,0.13,170.12,489.21,46.74,17.74,37.51,10.44,1.08,2.67,direct_overlay,False,0,direct_overlay,12.914709748179655,46.75,85.06,146.76299999999998,1870.0,6130.0,300.0
Province 5,Rolpa,Lungri Gaunpalika,28.24,82.84,6.18,2.51,0.16,171.08,468.04,43.42,16.21,39.77,8.28,1.08,2.67,direct_overlay,False,0,direct_overlay,17.04971853534767,53.65,85.54,140.412,2146.0,5854.0,300.0
Province 5,Pyuthan,Naubahini Gaunpalika,28.24,82.9,6.02,2.23,0.12,170.02,487.21,48.31,11.84,40.42,10.44,1.08,2.67,direct_overlay,False,0,direct_overlay,18.43555744944248,45.45,85.01,146.16299999999998,1818.0,6182.0,300.0
Province 5,Pyuthan,Naubahini Gaunpalika,28.24,82.92,5.95,2.49,0.13,206.89,487.34,45.32,12.03,42.82,10.44,1.08,2.67,direct_overlay,False,0,direct_overlay,22.63625907448501,50.35,103.445,146.202,2014.0,5986.0,264.44298858318245
Province 5,Pyuthan,Naubahini Gaunpalika,28.24,82.94,5.72,2.46,0.12,197.06,435.47,49.89,10.21,40.75,10.44,1.08,2.67,direct_overlay,False,0,direct_overlay,14.491687956312783,48.9,98.53,130.641,1956.0,6044.0,300.0
Province 5,Pyuthan,Gaumukhi Gaunpalika,28.24,83.02,5.82,3.1,0.15,186.32,378.94,51.31,8.35,39.1,8.28,1.08,2.67,direct_overlay,False,0,direct_overlay,26.958412285686613,61.5,93.16,113.682,2460.0,5540.0,205.5017165436492
Province 5,Gulmi,Malika Gaunpalika,28.24,83.12,5.7,4.04,0.18,151.93,231.77,58.2,5.31,37.05,8.28,1.08,3.34,direct_overlay,False,0,direct_overlay,29.866776436469824,78.6,75.965,69.531,3144.0,4856.0,162.58868814749016
Province 5,Gulmi,Malika Gaunpalika,28.24,83.16,5.85,3.78,0.18,160.7,255.08,56.97,6.41,36.87,8.28,1.08,3.34,direct_overlay,False,0,direct_overlay,25.352563375245282,74.69999999999999,80.35,76.524,2987.9999999999995,5012.0,197.69204106965415
Province 5,Gulmi,Malika Gaunpalika,28.24,83.18,6.13,3.33,0.16,131.09,255.75,44.51,9.55,45.48,8.28,1.08,3.34,direct_overlay,False,0,direct_overlay,20.511227239311925,65.95,65.545,76.725,2638.0,5362.0,261.41780486557934
Province 5,Gulmi,Musikot Nagarpalika,28.24,83.22,6.3,2.56,0.12,112.84,266.75,33.02,13.49,54.28,10.44,1.08,3.34,direct_overlay,False,0,direct_overlay,18.998951361743583,50.4,56.42,80.02499999999999,2016.0,5984.0,300.0
Province 5,Bardiya,Madhuwan Nagarpalika,28.26,81.26,6.59,1.78,0.09,163.49,266.5,37.59,25.43,40.23,10.44,1.08,3.34,direct_overlay,False,0,direct_overlay,15.548553750263022,35.7,81.745,79.95,1428.0,6572.0,300.0
Province 5,Bardiya,Gulariya Nagarpalika,28.26,81.3,7.38,1.53,0.09,103.0,215.97,32.58,24.52,42.58,9.6,3.25,3.34,direct_overlay,False,0,direct_overlay,22.21888673809541,31.95,51.5,64.791,1278.0,6722.0,300.0
Province 5,Bardiya,Gulariya Nagarpalika,28.26,81.32,7.76,1.48,0.1,90.39,200.47,31.37,22.77,42.65,9.6,3.25,3.34,direct_overlay,False,0,direct_overlay,25.057938259482754,32.2,45.195,60.141,1288.0,6712.0,267.8592281014962
Province 5,Bardiya,Gulariya Nagarpalika,28.26,81.34,7.73,1.57,0.09,84.5,215.01,35.03,20.68,43.45,9.6,3.25,3.34,direct_overlay,False,0,direct_overlay,25.387774797945248,32.55,42.25,64.503,1302.0,6698.0,263.8277695980705
Province 5,Bardiya,Gulariya Nagarpalika,28.26,81.36,7.25,1.65,0.1,109.83,249.91,35.8,21.13,42.44,9.6,3.25,3.34,direct_overlay,False,0,direct_overlay,22.06801308517657,34.75,54.915,74.973,1390.0,6610.0,299.5285517770533
Province 5,Bardiya,Barbardiya Nagarpalika,28.26,81.38,7.46,1.56,0.1,88.64,208.25,36.15,19.39,42.74,9.510000000000002,3.47,3.34,direct_overlay,False,0,direct_overlay,22.297934498795698,33.400000000000006,44.32,62.474999999999994,1336.0000000000002,6664.0,298.86176230179166
Province 5,Bardiya,Barbardiya Nagarpalika,28.26,81.4,7.6,1.75,0.1,88.07,234.5,35.26,20.43,42.86,9.6,3.25,3.34,direct_overlay,False,0,direct_overlay,24.479832768959742,36.25,44.035,70.35,1450.0,6550.0,267.5671873177726
Province 5,Bardiya,Barbardiya Nagarpalika,28.26,81.42,6.94,1.5,0.09,109.68,228.28,38.57,18.7,43.26,9.510000000000002,3.47,3.34,direct_overlay,False,0,direct_overlay,20.794527919132616,31.5,54.84,68.484,1260.0,6740.0,300.0
Province 5,Bardiya,Bansagadhi Nagarpalika,28.26,81.48,7.15,1.52,0.09,107.53,214.41,35.8,20.4,42.56,9.6,3.25,3.34,direct_overlay,False,0,direct_overlay,21.898886738095413,31.8,53.765,64.323,1272.0,6728.0,300.0
Province 5,Bardiya,Bansagadhi Nagarpalika,28.26,81.46,7.06,1.58,0.09,93.7,186.78,32.62,21.18,44.41,9.6,3.25,3.34,direct_overlay,False,0,direct_overlay,22.563670609899862,32.7,46.85,56.034,1308.0,6692.0,296.582950340707
Province 5,Bardiya,Bansagadhi Nagarpalika,28.26,81.5,6.84,1.8,0.1,108.45,197.0,36.64,18.86,43.63,9.510000000000002,3.47,3.34,direct_overlay,False,0,direct_overlay,20.203479064158397,37.0,54.225,59.099999999999994,1480.0,6520.0,300.0
Province 5,Bardiya,Bansagadhi Nagarpalika,28.26,81.52,7.34,1.63,0.09,117.58,223.79,36.97,18.75,43.12,10.44,1.08,3.34,direct_overlay,False,0,direct_overlay,20.55011157002506,33.45,58.79,67.137,1338.0,6662.0,300.0
Province 5,Bardiya,Bansagadhi Nagarpalika,28.26,81.54,7.02,1.8,0.1,126.91,250.08,38.61,19.87,41.84,10.44,1.08,3.34,direct_overlay,False,0,direct_overlay,21.00121251352373,37.0,63.455,75.024,1480.0,6520.0,300.0
Province 5,Banke,Baijanath Gaunpalika,28.26,81.64,7.19,1.97,0.12,128.75,227.05,37.79,19.34,42.51,10.44,1.08,3.34,direct_overlay,False,0,direct_overlay,17.062477274368817,41.55,64.375,68.115,1662.0,6338.0,300.0
Province 5,Banke,Baijanath Gaunpalika,28.26,81.66,7.24,2.07,0.13,149.17,260.53,38.6,20.58,42.22,10.44,1.08,3.34,direct_overlay,False,0,direct_overlay,19.458006106522692,44.05,74.585,78.15899999999999,1762.0,6238.0,300.0
Province 5,Banke,Baijanath Gaunpalika,28.26,81.68,7.47,2.14,0.13,126.08,229.34,38.47,21.91,42.2,10.44,1.08,3.34,direct_overlay,False,0,direct_overlay,12.161830470194017,45.1,63.04,68.80199999999999,1804.0,6196.0,300.0
Karnali,Salyan,Kalimati Gaunpalika,28.26,82.08,6.88,3.03,0.14,153.69,369.89,52.63,14.87,31.77,10.44,1.08,2.67,direct_overlay,False,0,direct_overlay,22.351751122604718,59.449999999999996,76.845,110.967,2378.0,5622.0,251.52391726097795
Karnali,Salyan,Tribeni Gaunpalika,28.26,82.2,6.6,3.36,0.16,199.54,489.81,47.44,18.58,33.43,8.28,1.08,2.67,direct_overlay,False,0,direct_overlay,15.709967443590731,66.4,99.77,146.94299999999998,2656.0,5344.0,300.0
Karnali,Salyan,Tribeni Gaunpalika,28.26,82.22,6.5,3.4,0.17,196.9,473.84,48.83,17.15,33.81,8.28,1.08,2.67,direct_overlay,False,0,direct_overlay,12.537749952267088,68.0,98.45,142.152,2720.0,5280.0,300.0
Karnali,Salyan,Kapurkot Gaunpalika,28.26,82.3,6.37,3.25,0.14,174.84,476.72,47.76,17.86,32.38,10.44,1.08,2.67,direct_overlay,False,0,direct_overlay,17.788910015594983,62.75,87.42,143.016,2510.0,5490.0,300.0
Karnali,Salyan,Kapurkot Gaunpalika,28.26,82.38,6.65,3.21,0.14,236.93,655.29,45.63,17.84,34.9,10.44,1.08,0.83,direct_overlay,False,0,direct_overlay,11.167427641197708,62.15,118.465,196.587,2486.0,5514.0,300.0
Province 5,Rolpa,Suwarnabati Gaunpalika,28.26,82.72,6.91,2.46,0.1,139.46,417.51,49.56,21.23,28.76,10.44,1.08,2.5,direct_overlay,False,0,direct_overlay,14.495881383493192,46.9,69.73,125.25299999999999,1876.0,6124.0,300.0
Province 5,Rolpa,Lungri Gaunpalika,28.26,82.76,6.62,2.74,0.13,163.06,390.41,46.32,17.33,35.82,10.44,1.08,2.67,direct_overlay,False,0,direct_overlay,17.957808428870315,54.1,81.53,117.123,2164.0,5836.0,300.0
Province 5,Rolpa,Lungri Gaunpalika,28.26,82.8,6.39,2.56,0.18,138.63,408.06,42.73,18.84,38.7,8.28,1.08,2.67,direct_overlay,False,0,direct_overlay,18.95058941916577,56.4,69.315,122.41799999999999,2256.0,5744.0,300.0
Province 5,Bardiya,Madhuwan Nagarpalika,28.28,81.26,6.51,1.83,0.09,147.65,232.92,34.83,24.8,42.09,10.44,1.08,3.34,direct_overlay,False,0,direct_overlay,14.507133863521986,36.45,73.825,69.87599999999999,1458.0,6542.0,300.0
Province 5,Bardiya,Madhuwan Nagarpalika,28.28,81.28,6.4,1.74,0.08,151.71,225.05,35.07,24.04,42.2,10.44,1.08,3.34,direct_overlay,False,0,direct_overlay,18.254101810846134,34.1,75.855,67.515,1364.0,6636.0,300.0
Province 5,Bardiya,Barbardiya Nagarpalika,28.28,81.34,7.81,1.68,0.1,87.02,243.31,36.08,19.65,43.33,9.510000000000002,3.47,3.34,direct_overlay,False,0,direct_overlay,24.479832768959742,35.2,43.51,72.993,1408.0,6592.0,269.28288531278736
Province 5,Bardiya,Barbardiya Nagarpalika,28.28,81.36,7.55,1.66,0.1,78.04,180.56,35.31,21.73,41.83,9.6,3.25,3.34,direct_overlay,False,0,direct_overlay,19.777932113535304,34.9,39.02,54.168,1396.0,6604.0,300.0
Province 5,Bardiya,Barbardiya Nagarpalika,28.28,81.38,7.42,1.95,0.12,67.7,159.05,34.08,24.09,39.71,9.6,3.25,3.34,direct_overlay,False,0,direct_overlay,11.445971761557312,41.25,33.85,47.715,1650.0,6350.0,300.0
Province 5,Bardiya,Barbardiya Nagarpalika,28.28,81.4,7.23,1.79,0.12,93.18,202.95,35.14,22.87,41.85,9.6,3.25,3.34,direct_overlay,False,0,direct_overlay,19.633662653587404,38.85,46.59,60.88499999999999,1554.0,6446.0,300.0
Province 5,Bardiya,Bansagadhi Nagarpalika,28.28,81.46,7.08,1.43,0.09,92.32,190.18,39.3,18.68,42.06,9.510000000000002,3.47,3.34,direct_overlay,False,0,direct_overlay,22.563670609899862,30.45,46.16,57.054,1218.0,6782.0,300.0
Province 5,Bardiya,Bansagadhi Nagarpalika,28.28,81.52,7.36,1.73,0.09,108.83,206.68,35.68,22.49,42.08,9.6,3.25,3.34,direct_overlay,False,0,direct_overlay,21.700857113886897,34.95,54.415,62.004,1398.0,6602.0,300.0
Province 5,Bardiya,Bansagadhi Nagarpalika,28.28,81.58,7.27,1.99,0.11,112.59,230.95,36.45,22.69,41.64,10.44,1.08,3.34,direct_overlay,False,0,direct_overlay,20.189216370153556,40.85,56.295,69.285,1634.0,6366.0,300.0
Province 5,Bardiya,Bansagadhi Nagarpalika,28.28,81.6,7.31,1.97,0.11,110.65,208.29,35.17,22.26,41.63,9.6,3.25,3.34,direct_overlay,False,0,direct_overlay,19.01004970348689,40.55,55.325,62.486999999999995,1622.0,6378.0,300.0
Province 5,Banke,Baijanath Gaunpalika,28.28,81.66,7.14,2.23,0.12,148.08,276.01,35.72,24.34,40.1,10.44,1.08,3.34,direct_overlay,False,0,direct_overlay,15.60820574518759,45.45,74.04,82.803,1818.0,6182.0,300.0
Karnali,Salyan,Kalimati Gaunpalika,28.28,81.88,7.19,2.45,0.12,113.95,321.27,47.11,17.72,35.64,10.510000000000002,0.9,2.67,direct_overlay,False,0,direct_overlay,18.000022153394973,48.75,56.975,96.38099999999999,1950.0,6050.0,300.0
Karnali,Salyan,Kalimati Gaunpalika,28.28,82.06,6.95,2.92,0.13,148.86,310.37,51.97,12.86,33.76,10.44,1.08,2.67,direct_overlay,False,0,direct_overlay,17.696463564433568,56.8,74.43,93.111,2272.0,5728.0,300.0
Karnali,Salyan,Kalimati Gaunpalika,28.28,82.08,6.83,3.02,0.14,151.76,315.28,49.23,14.37,36.18,10.44,1.08,2.67,direct_overlay,False,0,direct_overlay,20.79650787662105,59.3,75.88,94.58399999999999,2372.0,5628.0,270.6223580126578
Karnali,Salyan,Tribeni Gaunpalika,28.28,82.18,6.72,2.69,0.13,159.14,394.01,49.57,18.41,32.09,10.44,1.08,2.67,direct_overlay,False,0,direct_overlay,20.53480523731425,53.35,79.57,118.20299999999999,2134.0,5866.0,285.66134093839673
Karnali,Salyan,Tribeni Gaunpalika,28.28,82.16,6.71,2.72,0.12,150.58,383.85,50.99,17.78,31.33,10.44,1.08,2.67,direct_overlay,False,0,direct_overlay,24.813599930870595,52.800000000000004,75.29,115.155,2112.0,5888.0,237.28922914867908
Karnali,Salyan,Tribeni Gaunpalika,28.28,82.26,6.52,2.83,0.13,192.49,434.46,46.69,19.68,32.65,10.44,1.08,2.67,direct_overlay,False,0,direct_overlay,3.3861411593620847,55.45,96.245,130.338,2218.0,5782.0,300.0
Karnali,Salyan,Tribeni Gaunpalika,28.28,82.3,6.49,3.07,0.13,177.04,466.45,48.19,17.49,33.58,10.44,1.08,2.67,direct_overlay,False,0,direct_overlay,13.666924577728974,59.05,88.52,139.935,2362.0,5638.0,300.0
Karnali,Salyan,Kapurkot Gaunpalika,28.28,82.32,6.58,2.73,0.12,159.13,530.36,45.04,20.74,34.05,10.44,1.08,0.83,direct_overlay,False,0,direct_overlay,9.50459501858091,52.95,79.565,159.108,2118.0,5882.0,300.0
Karnali,Salyan,Kapurkot Gaunpalika,28.28,82.38,6.64,3.23,0.13,167.48,477.49,43.37,19.17,35.78,10.44,1.08,2.67,direct_overlay,False,0,direct_overlay,6.354295579496908,61.45,83.74,143.24699999999999,2458.0,5542.0,300.0
Karnali,Salyan,Kapurkot Gaunpalika,28.28,82.36,6.51,3.38,0.14,193.38,584.68,43.62,20.75,34.8,10.44,1.08,0.83,direct_overlay,False,0,direct_overlay,11.762147269466569,64.7,96.69,175.40399999999997,2588.0,5412.0,300.0
Province 5,Rolpa,Tribeni Gaunpalika,28.28,82.48,6.86,2.68,0.13,141.43,549.41,42.46,22.28,36.18,10.44,1.08,0.83,direct_overlay,False,0,direct_overlay,4.242838500575873,53.2,70.715,164.82299999999998,2128.0,5872.0,300.0
Province 5,Rolpa,Tribeni Gaunpalika,28.28,82.42,6.61,2.79,0.14,172.5,505.88,39.64,21.99,38.93,10.44,1.08,0.83,direct_overlay,False,0,direct_overlay,16.456537329267782,55.85,86.25,151.76399999999998,2234.0,5766.0,300.0
Province 5,Rolpa,Tribeni Gaunpalika,28.28,82.5,6.83,2.63,0.15,167.77,485.63,46.17,22.55,34.96,10.44,1.08,2.5,direct_overlay,False,0,direct_overlay,13.915524543856097,54.449999999999996,83.885,145.689,2178.0,5822.0,300.0
Province 5,Rolpa,Rolpa Nagarpalika,28.28,82.7,6.92,2.43,0.11,169.08,559.83,47.85,18.36,34.04,10.44,1.08,0.83,direct_overlay,False,0,direct_overlay,3.8108412339105966,47.45,84.54,167.949,1898.0,6102.0,300.0
Province 5,Rolpa,Rolpa Nagarpalika,28.28,82.68,6.81,2.41,0.12,176.56,525.75,46.35,17.7,35.2,10.44,1.08,0.83,direct_overlay,False,0,direct_overlay,7.344310782476011,48.150000000000006,88.28,157.725,1926.0000000000002,6074.0,300.0
Province 5,Rolpa,Suwarnabati Gaunpalika,28.28,82.74,6.58,2.83,0.17,128.98,408.99,45.17,19.47,36.13,8.28,1.08,2.67,direct_overlay,False,0,direct_overlay,17.905328166133675,59.45,64.49,122.697,2378.0,5622.0,300.0
Province 5,Rolpa,Lungri Gaunpalika,28.28,82.8,6.38,2.59,0.15,158.02,477.49,42.84,16.95,40.54,8.28,1.08,2.67,direct_overlay,False,0,direct_overlay,15.435878940502405,53.849999999999994,79.01,143.24699999999999,2154.0,5846.0,300.0
Province 5,Rolpa,Lungri Gaunpalika,28.28,82.86,6.19,2.37,0.13,148.7,462.97,48.77,14.94,38.09,10.44,1.08,2.67,direct_overlay,False,0,direct_overlay,18.45691661586513,48.550000000000004,74.35,138.891,1942.0000000000002,6058.0,300.0
Province 5,Pyuthan,Naubahini Gaunpalika,28.28,82.92,5.99,2.26,0.11,190.04,472.09,46.61,11.46,43.81,10.510000000000002,0.9,2.67,direct_overlay,False,0,direct_overlay,15.459332285310063,44.9,95.02,141.62699999999998,1796.0,6204.0,300.0
Province 5,Pyuthan,Gaumukhi Gaunpalika,28.28,83.0,5.65,2.16,0.1,192.21,553.61,47.12,9.67,42.32,10.510000000000002,0.9,0.83,direct_overlay,False,0,direct_overlay,17.784038269684675,42.400000000000006,96.105,166.083,1696.0000000000002,6304.0,300.0
Province 5,Pyuthan,Gaumukhi Gaunpalika,28.28,83.02,5.78,2.18,0.1,180.66,426.42,47.11,9.81,43.22,10.510000000000002,0.9,2.67,direct_overlay,False,0,direct_overlay,16.60534976189738,42.7,90.33,127.926,1708.0,6292.0,300.0
Province 5,Pyuthan,Gaumukhi Gaunpalika,28.28,83.04,5.73,2.26,0.12,193.79,385.55,48.94,9.41,41.66,10.510000000000002,0.9,2.67,direct_overlay,False,0,direct_overlay,19.52189059399287,45.9,96.895,115.66499999999999,1836.0,6164.0,300.0
Province 5,Pyuthan,Gaumukhi Gaunpalika,28.28,83.06,5.82,2.03,0.1,187.07,296.81,42.66,10.09,45.78,10.510000000000002,0.9,2.67,direct_overlay,False,0,direct_overlay,18.46331562563859,40.449999999999996,93.535,89.04299999999999,1617.9999999999998,6382.0,300.0
Province 5,Bardiya,Madhuwan Nagarpalika,28.3,81.28,7.2,2.16,0.11,141.84,330.86,35.44,25.14,41.6,10.44,1.08,2.5,direct_overlay,False,0,direct_overlay,16.12499494829742,43.400000000000006,70.92,99.258,1736.0000000000002,6264.0,300.0
Province 5,Bardiya,Madhuwan Nagarpalika,28.3,81.26,6.27,1.7,0.08,123.57,193.3,33.11,24.84,43.04,10.44,1.08,3.34,direct_overlay,False,0,direct_overlay,14.512611635689023,33.5,61.785,57.99,1340.0,6660.0,300.0
Province 5,Bardiya,Madhuwan Nagarpalika,28.3,81.24,6.3,1.69,0.09,144.63,257.3,35.86,24.76,41.79,10.44,1.08,3.34,direct_overlay,False,0,direct_overlay,15.766518831801864,34.349999999999994,72.315,77.19,1373.9999999999998,6626.0,300.0
Province 5,Bardiya,Madhuwan Nagarpalika,28.3,81.3,7.36,1.99,0.11,135.86,287.86,35.0,24.77,42.8,10.44,1.08,2.5,direct_overlay,False,0,direct_overlay,20.223122768036426,40.85,67.93,86.358,1634.0,6366.0,300.0
Province 5,Bardiya,Barbardiya Nagarpalika,28.3,81.32,7.69,2.03,0.12,78.54,202.28,31.26,26.15,41.97,9.6,3.25,3.34,direct_overlay,False,0,direct_overlay,16.993646987645874,42.449999999999996,39.27,60.684,1697.9999999999998,6302.0,300.0
Province 5,Bardiya,Barbardiya Nagarpalika,28.3,81.34,7.62,1.99,0.12,81.33,215.09,33.25,24.25,42.66,9.6,3.25,3.34,direct_overlay,False,0,direct_overlay,31.987637630676137,41.85,40.665,64.527,1674.0,6326.0,197.76390094945202
Province 5,Bardiya,Barbardiya Nagarpalika,28.3,81.36,7.63,2.01,0.12,88.2,195.44,34.36,23.84,41.72,9.6,3.25,3.34,direct_overlay,False,0,direct_overlay,20.450007348668024,42.15,44.1,58.632,1686.0,6314.0,300.0
Province 5,Bardiya,Barbardiya Nagarpalika,28.3,81.38,7.5,2.07,0.13,67.42,169.89,34.39,26.71,39.51,9.6,3.25,3.34,direct_overlay,False,0,direct_overlay,12.315016285140603,44.05,33.71,50.96699999999999,1762.0,6238.0,300.0
Province 5,Bardiya,Barbardiya Nagarpalika,28.3,81.4,7.46,1.66,0.11,67.95,163.3,33.61,22.06,43.97,9.6,3.25,3.34,direct_overlay,False,0,direct_overlay,11.453388428223978,35.9,33.975,48.99,1436.0,6564.0,300.0
Province 5,Bardiya,Barbardiya Nagarpalika,28.3,81.42,7.1,1.63,0.1,94.89,203.4,40.88,19.81,36.96,9.510000000000002,3.47,3.34,direct_overlay,False,0,direct_overlay,22.563670609899862,34.45,47.445,61.019999999999996,1378.0,6622.0,293.48061822417236
Province 5,Bardiya,Bansagadhi Nagarpalika,28.3,81.52,7.14,2.0,0.11,115.58,245.21,37.08,22.45,43.08,10.44,1.08,3.34,direct_overlay,False,0,direct_overlay,17.21161756718659,41.0,57.79,73.563,1640.0,6360.0,300.0
Province 5,Bardiya,Bansagadhi Nagarpalika,28.3,81.56,7.31,2.01,0.12,106.72,200.44,38.64,20.34,41.62,9.6,3.25,3.34,direct_overlay,False,0,direct_overlay,17.600820004765787,42.15,53.36,60.132,1686.0,6314.0,300.0
Karnali,Salyan,Kalimati Gaunpalika,28.3,81.82,6.8,2.16,0.1,159.17,310.21,49.47,15.48,34.85,10.510000000000002,0.9,2.67,direct_overlay,False,0,direct_overlay,22.83076808171836,42.400000000000006,79.585,93.06299999999999,1696.0000000000002,6304.0,276.1186122795361
Karnali,Salyan,Kalimati Gaunpalika,28.3,82.1,6.68,3.63,0.17,176.89,361.36,50.91,14.51,35.88,8.28,1.08,2.67,direct_overlay,False,0,direct_overlay,32.43140728261807,71.44999999999999,88.445,108.408,2857.9999999999995,5142.0,158.55001157337708
Karnali,Salyan,Kalimati Gaunpalika,28.3,82.14,6.66,3.03,0.14,185.01,374.93,49.27,17.71,31.9,10.44,1.08,2.67,direct_overlay,False,0,direct_overlay,28.208399244731925,59.449999999999996,92.505,112.479,2378.0,5622.0,199.30234081077606
Karnali,Salyan,Tribeni Gaunpalika,28.3,82.18,6.63,3.03,0.15,203.99,394.81,48.67,18.49,31.98,10.44,1.08,2.67,direct_overlay,False,0,direct_overlay,44.56345157302508,60.449999999999996,101.995,118.443,2418.0,5582.0,125.25959733735858
Karnali,Salyan,Chhatreshwori Gaunpalika,28.3,82.2,6.57,3.01,0.13,229.27,395.47,48.37,18.91,32.38,10.44,1.08,2.67,direct_overlay,False,0,direct_overlay,17.64227440836042,58.15,114.635,118.641,2326.0,5674.0,300.0
Karnali,Salyan,Chhatreshwori Gaunpalika,28.3,82.22,6.53,3.07,0.15,225.9,406.51,48.29,17.93,33.59,8.28,1.08,2.67,direct_overlay,False,0,direct_overlay,93.15347908066776,61.05,112.95,121.95299999999999,2442.0,5558.0,59.66497499451373
Karnali,Salyan,Chhatreshwori Gaunpalika,28.3,82.24,6.34,2.92,0.15,175.58,414.4,48.65,18.09,33.33,8.28,1.08,2.67,direct_overlay,False,0,direct_overlay,24.135493940327343,58.8,87.79,124.32,2352.0,5648.0,234.012198547257
Karnali,Salyan,Tribeni Gaunpalika,28.3,82.26,6.56,2.93,0.13,205.26,391.59,49.49,17.66,31.53,10.44,1.08,2.67,direct_overlay,False,0,direct_overlay,22.99174499502799,56.95,102.63,117.47699999999999,2278.0,5722.0,248.87193213204975
Karnali,Salyan,Kapurkot Gaunpalika,28.3,82.36,6.57,2.98,0.12,181.52,512.02,45.08,19.13,33.09,10.44,1.08,0.83,direct_overlay,False,0,direct_overlay,9.211573968179017,56.7,90.76,153.606,2268.0,5732.0,300.0
Province 5,Rolpa,Tribeni Gaunpalika,28.3,82.38,6.69,2.83,0.11,224.82,629.87,40.89,19.24,39.25,10.44,1.08,0.83,direct_overlay,False,0,direct_overlay,-6.631761508120584,53.45,112.41,188.96099999999998,2138.0,5862.0,-883.9280472951249
Province 5,Rolpa,Tribeni Gaunpalika,28.3,82.4,6.75,2.55,0.12,187.98,556.98,40.89,21.59,38.79,10.44,1.08,0.83,direct_overlay,False,0,direct_overlay,6.363331212711224,50.25,93.99,167.094,2010.0,5990.0,300.0
Province 5,Rolpa,Tribeni Gaunpalika,28.3,82.46,6.83,2.54,0.12,150.65,502.85,40.65,19.48,37.12,10.44,1.08,0.83,direct_overlay,False,0,direct_overlay,9.02821960077673,50.1,75.325,150.855,2004.0,5996.0,300.0
Province 5,Rolpa,Rolpa Nagarpalika,28.3,82.58,6.89,1.83,0.09,184.78,608.43,46.37,17.76,35.25,10.44,1.08,0.83,direct_overlay,False,0,direct_overlay,9.148461215578301,36.45,92.39,182.52899999999997,1458.0,6542.0,300.0
Province 5,Rolpa,Rolpa Nagarpalika,28.3,82.6,6.71,2.08,0.11,194.69,617.35,45.21,19.8,35.55,10.44,1.08,0.83,direct_overlay,False,0,direct_overlay,-1.3801016858434358,42.2,97.345,185.205,1688.0,6312.0,-4573.576037726873
Province 5,Rolpa,Suwarnabati Gaunpalika,28.3,82.7,6.73,1.83,0.1,204.0,632.96,42.75,14.21,42.85,10.44,1.08,0.83,direct_overlay,False,0,direct_overlay,10.500550378880426,37.45,102.0,189.888,1498.0,6502.0,300.0
Province 5,Rolpa,Sunchhahari Gaunpalika,28.3,82.74,6.62,2.5,0.16,129.92,443.52,44.02,17.52,38.54,8.28,1.08,2.67,direct_overlay,False,0,direct_overlay,22.061281164257945,53.5,64.96,133.05599999999998,2140.0,5860.0,265.6237394541682
Province 5,Rolpa,Sunchhahari Gaunpalika,28.3,82.76,6.57,2.63,0.18,139.14,456.34,42.43,18.33,39.25,8.28,1.08,2.67,direct_overlay,False,0,direct_overlay,18.248026479485837,57.449999999999996,69.57,136.902,2298.0,5702.0,300.0
Province 5,Rolpa,Lungri Gaunpalika,28.3,82.78,6.34,2.38,0.16,147.61,409.88,43.74,17.02,39.63,8.28,1.08,2.67,direct_overlay,False,0,direct_overlay,16.835615033755268,51.699999999999996,73.805,122.964,2068.0,5932.0,300.0
Province 5,Pyuthan,Naubahini Gaunpalika,28.3,82.94,5.8,1.89,0.08,212.42,494.15,47.34,12.03,44.38,10.510000000000002,0.9,2.67,direct_overlay,False,0,direct_overlay,24.047594395384102,36.349999999999994,106.21,148.24499999999998,1453.9999999999998,6546.0,272.21018004430806
Province 5,Pyuthan,Gaumukhi Gaunpalika,28.3,83.0,5.73,2.09,0.1,208.31,500.74,45.19,10.26,45.48,10.510000000000002,0.9,0.83,direct_overlay,False,0,direct_overlay,24.114816719992536,41.349999999999994,104.155,150.222,1653.9999999999998,6346.0,263.15771227648645
Province 5,Bardiya,Madhuwan Nagarpalika,28.32,81.26,7.07,1.76,0.09,123.95,228.73,32.78,24.93,42.04,10.44,1.08,3.34,direct_overlay,False,0,direct_overlay,20.578502874372884,35.4,61.975,68.619,1416.0,6584.0,300.0
Province 5,Bardiya,Madhuwan Nagarpalika,28.32,81.28,7.17,2.14,0.12,134.74,302.19,33.3,25.93,42.67,10.44,1.08,2.5,direct_overlay,False,0,direct_overlay,13.345220403243228,44.1,67.37,90.657,1764.0,6236.0,300.0
Province 5,Bardiya,Barbardiya Nagarpalika,28.32,81.32,7.58,2.01,0.12,123.6,271.44,33.51,23.92,42.66,10.44,1.08,3.34,direct_overlay,False,0,direct_overlay,19.160901414680442,42.15,61.8,81.432,1686.0,6314.0,300.0
Province 5,Bardiya,Barbardiya Nagarpalika,28.32,81.34,7.49,2.07,0.13,72.31,174.74,31.83,29.23,39.96,9.6,3.25,3.34,direct_overlay,False,0,direct_overlay,12.261764835144836,44.05,36.155,52.422000000000004,1762.0,6238.0,300.0
Province 5,Bardiya,Barbardiya Nagarpalika,28.32,81.38,7.36,1.84,0.12,92.96,171.89,33.77,27.04,42.16,9.6,3.25,3.34,direct_overlay,False,0,direct_overlay,19.87311719904195,39.6,46.48,51.56699999999999,1584.0,6416.0,300.0
Province 5,Bardiya,Barbardiya Nagarpalika,28.32,81.4,7.33,1.91,0.12,106.15,203.89,36.27,22.0,42.32,9.6,3.25,3.34,direct_overlay,False,0,direct_overlay,19.49151224207619,40.65,53.075,61.166999999999994,1626.0,6374.0,300.0
Province 5,Bardiya,Barbardiya Nagarpalika,28.32,81.42,7.5,1.89,0.12,64.41,159.14,35.32,21.96,42.91,9.6,3.25,3.34,direct_overlay,False,0,direct_overlay,14.89221025363748,40.349999999999994,32.205,47.742,1613.9999999999998,6386.0,300.0
Karnali,Salyan,Kalimati Gaunpalika,28.32,81.8,7.13,2.26,0.11,144.86,335.11,49.64,16.42,35.1,10.510000000000002,0.9,2.67,direct_overlay,False,0,direct_overlay,19.622636545597626,44.9,72.43,100.533,1796.0,6204.0,300.0
Karnali,Salyan,Kalimati Gaunpalika,28.32,81.86,6.77,3.05,0.15,138.09,382.88,46.48,17.35,36.94,8.35,0.9,2.67,direct_overlay,False,0,direct_overlay,16.952002059463368,60.75,69.045,114.86399999999999,2430.0,5570.0,300.0
Karnali,Salyan,Kalimati Gaunpalika,28.32,82.04,6.51,3.63,0.18,133.37,371.98,50.32,14.61,36.01,8.28,1.08,2.67,direct_overlay,False,0,direct_overlay,28.666299400256126,72.44999999999999,66.685,111.59400000000001,2897.9999999999995,5102.0,177.979024385492
Karnali,Salyan,Kalimati Gaunpalika,28.32,82.06,6.56,3.44,0.17,164.19,404.58,48.83,14.69,36.09,8.28,1.08,2.67,direct_overlay,False,0,direct_overlay,18.59966414274025,68.6,82.095,121.374,2744.0,5256.0,282.5857477674672
Karnali,Salyan,Kalimati Gaunpalika,28.32,82.12,6.68,3.16,0.12,166.02,342.88,48.34,17.24,33.2,10.44,1.08,2.67,direct_overlay,False,0,direct_overlay,17.896506131500175,59.400000000000006,83.01,102.86399999999999,2376.0,5624.0,300.0
Karnali,Salyan,Sharada Nagarpalika,28.32,82.14,6.54,3.14,0.15,190.78,342.06,51.65,15.69,32.83,8.28,1.08,2.67,direct_overlay,False,0,direct_overlay,32.51100832992388,62.1,95.39,102.618,2484.0,5516.0,169.66560815411395
Karnali,Salyan,Tribeni Gaunpalika,28.32,82.16,6.49,2.94,0.14,181.63,330.82,49.12,17.55,33.68,10.44,1.08,2.67,direct_overlay,False,0,direct_overlay,26.622411488465147,58.1,90.815,99.246,2324.0,5676.0,213.20382650006272
Karnali,Salyan,Tribeni Gaunpalika,28.32,82.32,6.55,3.01,0.13,208.26,494.91,47.4,19.76,30.99,10.44,1.08,2.67,direct_overlay,False,0,direct_overlay,10.958181327875845,58.15,104.13,148.473,2326.0,5674.0,300.0
Province 5,Rolpa,Tribeni Gaunpalika,28.32,82.44,6.86,2.85,0.14,128.32,477.36,47.2,18.25,35.35,10.44,1.08,2.67,direct_overlay,False,0,direct_overlay,13.473029463005208,56.75,64.16,143.208,2270.0,5730.0,300.0
Province 5,Rolpa,Tribeni Gaunpalika,28.32,82.46,6.79,2.74,0.13,128.41,469.0,46.19,18.05,36.42,10.44,1.08,2.67,direct_overlay,False,0,direct_overlay,5.397064610269959,54.1,64.205,140.7,2164.0,5836.0,300.0
Province 5,Rolpa,Tribeni Gaunpalika,28.32,82.5,6.79,2.66,0.14,153.55,566.0,43.26,18.08,38.01,10.44,1.08,0.83,direct_overlay,False,0,direct_overlay,10.102431550697013,53.900000000000006,76.775,169.79999999999998,2156.0,5844.0,300.0
Province 5,Rolpa,Rolpa Nagarpalika,28.32,82.58,6.87,2.1,0.12,169.31,589.39,48.54,16.94,34.27,10.44,1.08,0.83,direct_overlay,False,0,direct_overlay,2.0688370842320887,43.5,84.655,176.81699999999998,1740.0,6260.0,300.0
Province 5,Rolpa,Rolpa Nagarpalika,28.32,82.62,6.75,2.28,0.13,163.44,522.53,50.42,16.51,33.6,10.44,1.08,0.83,direct_overlay,False,0,direct_overlay,7.2552408258525904,47.199999999999996,81.72,156.759,1887.9999999999998,6112.0,300.0
Province 5,Rolpa,Suwarnabati Gaunpalika,28.32,82.7,6.58,2.72,0.15,152.81,419.51,48.08,16.37,36.24,8.28,1.08,2.67,direct_overlay,False,0,direct_overlay,16.777626818552978,55.800000000000004,76.405,125.853,2232.0,5768.0,300.0
Province 5,Rolpa,Suwarnabati Gaunpalika,28.32,82.72,6.6,2.55,0.14,165.39,436.91,47.37,15.48,38.01,10.44,1.08,2.67,direct_overlay,False,0,direct_overlay,16.08618933086713,52.25,82.695,131.073,2090.0,5910.0,300.0
Province 5,Rolpa,Sunchhahari Gaunpalika,28.32,82.74,6.38,2.92,0.18,134.86,387.14,48.56,19.48,34.88,8.28,1.08,2.67,direct_overlay,False,0,direct_overlay,19.13209409689832,61.8,67.43,116.142,2472.0,5528.0,288.93857473219276
Province 5,Pyuthan,Naubahini Gaunpalika,28.32,82.96,5.96,2.14,0.1,204.3,491.43,42.95,12.27,46.15,10.510000000000002,0.9,2.67,direct_overlay,False,0,direct_overlay,20.192064147528775,42.1,102.15,147.429,1684.0,6316.0,300.0
Province 5,Bardiya,Madhuwan Nagarpalika,28.34,81.28,7.29,1.79,0.09,141.87,250.82,33.6,24.6,42.45,10.44,1.08,3.34,direct_overlay,False,0,direct_overlay,21.60426410107815,35.85,70.935,75.246,1434.0,6566.0,300.0
Province 5,Bardiya,Barbardiya Nagarpalika,28.34,81.32,7.7,1.92,0.13,72.59,237.04,27.91,27.33,43.24,9.6,3.25,3.34,direct_overlay,False,0,direct_overlay,14.88471938061339,41.8,36.295,71.112,1672.0,6328.0,300.0
Province 5,Bardiya,Barbardiya Nagarpalika,28.34,81.4,7.55,1.94,0.12,89.06,178.43,34.53,23.62,42.29,9.6,3.25,3.34,direct_overlay,False,0,direct_overlay,21.86309234369891,41.099999999999994,44.53,53.529,1643.9999999999998,6356.0,290.71825248141727
Province 5,Bardiya,Barbardiya Nagarpalika,28.34,81.42,7.58,2.08,0.13,76.34,158.23,35.19,23.14,42.75,9.6,3.25,3.34,direct_overlay,False,0,direct_overlay,16.23153887076276,44.2,38.17,47.468999999999994,1768.0,6232.0,300.0
Province 5,Bardiya,Barbardiya Nagarpalika,28.34,81.44,7.44,1.97,0.12,100.84,175.31,35.5,21.85,42.9,9.6,3.25,3.34,direct_overlay,False,0,direct_overlay,19.84808672027572,41.55,50.42,52.592999999999996,1662.0,6338.0,300.0
Karnali,Salyan,Kalimati Gaunpalika,28.34,82.02,6.55,3.35,0.16,117.34,371.14,47.36,14.38,37.43,8.28,1.08,2.67,direct_overlay,False,0,direct_overlay,19.428538091373294,66.25,58.67,111.342,2650.0,5350.0,275.3681195589039
Karnali,Salyan,Sharada Nagarpalika,28.34,82.1,6.43,3.52,0.15,185.11,331.12,52.8,15.04,32.57,10.44,1.08,2.67,direct_overlay,False,0,direct_overlay,29.097731783323557,67.8,92.555,99.336,2712.0,5288.0,181.73237829591412
Karnali,Salyan,Sharada Nagarpalika,28.34,82.08,6.51,3.46,0.17,152.71,364.71,50.63,15.0,34.71,8.28,1.08,2.67,direct_overlay,False,0,direct_overlay,23.342608265054118,68.9,76.355,109.413,2756.0,5244.0,224.65355801094074
Karnali,Salyan,Sharada Nagarpalika,28.34,82.12,6.27,3.53,0.16,168.66,368.12,48.6,17.43,33.78,8.28,1.08,2.67,direct_overlay,False,0,direct_overlay,26.526721620795776,68.94999999999999,84.33,110.43599999999999,2757.9999999999995,5242.0,197.6120560593701
Karnali,Salyan,Chhatreshwori Gaunpalika,28.34,82.24,6.69,2.86,0.11,182.55,352.95,47.48,20.77,33.12,10.44,1.08,2.5,direct_overlay,False,0,direct_overlay,18.49955494459644,53.9,91.275,105.88499999999999,2156.0,5844.0,300.0
Karnali,Salyan,Sharada Nagarpalika,28.34,82.18,6.36,3.46,0.13,205.49,348.67,48.43,16.46,34.29,10.44,1.08,2.67,direct_overlay,False,0,direct_overlay,24.255376908961786,64.9,102.745,104.601,2596.0,5404.0,222.79596067638718
Karnali,Salyan,Chhatreshwori Gaunpalika,28.34,82.3,6.53,3.16,0.13,158.03,327.78,48.35,17.03,34.15,10.44,1.08,2.67,direct_overlay,False,0,direct_overlay,20.914874132790686,60.400000000000006,79.015,98.33399999999999,2416.0,5584.0,266.98702390206176
Province 5,Rolpa,Tribeni Gaunpalika,28.34,82.42,6.65,2.39,0.11,173.0,700.81,45.39,18.0,36.54,10.44,1.08,0.83,direct_overlay,False,0,direct_overlay,-3.9225015958455445,46.85,86.5,210.24299999999997,1874.0,6126.0,-1561.7584468259379
Province 5,Rolpa,Tribeni Gaunpalika,28.34,82.46,6.76,2.85,0.13,185.84,592.89,48.11,18.16,34.71,10.44,1.08,0.83,direct_overlay,False,0,direct_overlay,-2.4352662347643848,55.75,92.92,177.867,2230.0,5770.0,-2369.350799362705
Province 5,Rolpa,Rolpa Nagarpalika,28.34,82.56,6.65,2.27,0.11,177.06,584.8,47.24,18.43,33.42,10.44,1.08,0.83,direct_overlay,False,0,direct_overlay,-1.3698727570091038,45.05,88.53,175.43999999999997,1802.0,6198.0,-4524.507818910373
Province 5,Rolpa,Rolpa Nagarpalika,28.34,82.6,6.79,2.56,0.15,179.7,397.96,47.03,18.25,33.66,8.28,1.08,2.67,direct_overlay,False,0,direct_overlay,20.610021037839573,53.4,89.85,119.38799999999999,2136.0,5864.0,284.5217862336878
Province 5,Bardiya,Madhuwan Nagarpalika,28.36,81.26,7.44,1.85,0.1,107.52,257.75,32.19,25.94,43.2,9.6,3.25,3.34,direct_overlay,False,0,direct_overlay,22.60692622911852,37.75,53.76,77.325,1510.0,6490.0,287.0801600458469
Province 5,Bardiya,Madhuwan Nagarpalika,28.36,81.28,7.54,1.99,0.11,137.4,324.62,32.11,24.29,42.72,10.44,1.08,2.5,direct_overlay,False,0,direct_overlay,29.70339962259519,40.85,68.7,97.386,1634.0,6366.0,214.3189022430087
Province 5,Bardiya,Barbardiya Nagarpalika,28.36,81.32,7.67,1.98,0.13,78.03,227.52,29.29,28.25,42.49,9.6,3.25,3.34,direct_overlay,False,0,direct_overlay,18.68226544686864,42.7,39.015,68.256,1708.0,6292.0,300.0
Province 5,Bardiya,Barbardiya Nagarpalika,28.36,81.4,7.48,1.89,0.1,78.72,154.41,36.03,24.0,40.71,9.6,3.25,3.34,direct_overlay,False,0,direct_overlay,17.24319363426834,38.349999999999994,39.36,46.323,1533.9999999999998,6466.0,300.0
Province 5,Bardiya,Barbardiya Nagarpalika,28.36,81.42,7.54,2.11,0.12,79.89,141.02,34.2,25.46,41.64,9.6,3.25,3.34,direct_overlay,False,0,direct_overlay,17.376291548563177,43.65,39.945,42.306000000000004,1746.0,6254.0,300.0
Karnali,Salyan,Sharada Nagarpalika,28.36,82.12,6.59,3.44,0.15,200.32,364.45,47.59,17.78,34.27,8.28,1.08,2.67,direct_overlay,False,0,direct_overlay,48.24949562110634,66.6,100.16,109.335,2664.0,5336.0,110.5918296411333
Karnali,Salyan,Sharada Nagarpalika,28.36,82.16,6.49,2.89,0.13,184.53,341.95,49.48,16.07,35.77,10.44,1.08,2.67,direct_overlay,False,0,direct_overlay,18.874793715495358,56.35,92.265,102.585,2254.0,5746.0,300.0
Karnali,Salyan,Sharada Nagarpalika,28.36,82.18,6.33,3.15,0.14,183.09,288.61,47.45,16.16,36.18,10.44,1.08,2.67,direct_overlay,False,0,direct_overlay,28.097276221337644,61.25,91.545,86.583,2450.0,5550.0,197.52804351139264
Karnali,Salyan,Sharada Nagarpalika,28.36,82.2,6.56,2.66,0.1,140.9,223.27,47.62,16.2,35.82,10.44,1.08,3.34,direct_overlay,False,0,direct_overlay,15.92798373818602,49.900000000000006,70.45,66.981,1996.0000000000002,6004.0,300.0
Karnali,Salyan,Chhatreshwori Gaunpalika,28.36,82.3,6.41,2.98,0.13,172.12,494.33,47.03,18.34,36.82,10.44,1.08,2.67,direct_overlay,False,0,direct_overlay,17.78334011425579,57.7,86.06,148.29899999999998,2308.0,5692.0,300.0
Karnali,Salyan,Chhatreshwori Gaunpalika,28.36,82.26,6.43,3.23,0.15,178.28,440.68,48.92,17.85,32.78,8.28,1.08,2.67,direct_overlay,False,0,direct_overlay,28.119230020835754,63.45,89.14,132.204,2538.0,5462.0,194.24429459671455
Karnali,Salyan,Chhatreshwori Gaunpalika,28.36,82.34,6.44,3.29,0.17,175.24,434.49,50.53,17.53,35.07,8.28,1.08,2.67,direct_overlay,False,0,direct_overlay,22.898325891777205,66.35,87.62,130.347,2654.0,5346.0,233.4668492913602
Province 5,Rolpa,Tribeni Gaunpalika,28.36,82.4,6.7,2.43,0.11,204.04,661.5,45.31,18.04,34.96,10.44,1.08,0.83,direct_overlay,False,0,direct_overlay,-2.8748393705532833,47.45,102.02,198.45,1898.0,6102.0,-2122.553372025661
Province 5,Rolpa,Madi Gaunpalika,28.36,82.52,6.56,2.56,0.13,166.59,678.7,45.66,18.35,35.94,10.44,1.08,0.83,direct_overlay,False,0,direct_overlay,-0.2874115393400702,51.4,83.295,203.61,2056.0,5944.0,-20681.145975029758
Province 5,Rolpa,Rolpa Nagarpalika,28.36,82.58,6.61,2.45,0.14,147.33,518.47,46.84,17.23,34.68,10.44,1.08,0.83,direct_overlay,False,0,direct_overlay,18.98771768736772,50.75,73.665,155.541,2030.0,5970.0,300.0
Province 5,Rolpa,Rolpa Nagarpalika,28.36,82.62,6.56,2.33,0.14,169.93,549.36,47.31,16.61,34.21,10.44,1.08,0.83,direct_overlay,False,0,direct_overlay,14.833429343796787,48.95,84.965,164.808,1958.0,6042.0,300.0
Province 5,Rolpa,Sunchhahari Gaunpalika,28.36,82.74,6.34,2.16,0.12,182.68,593.05,50.78,14.9,34.64,10.44,1.08,0.83,direct_overlay,False,0,direct_overlay,16.75527592113285,44.400000000000006,91.34,177.915,1776.0000000000002,6224.0,300.0
Province 5,Rolpa,Sunchhahari Gaunpalika,28.36,82.78,6.32,2.23,0.12,163.77,546.43,49.38,16.85,32.84,10.510000000000002,0.9,0.83,direct_overlay,False,0,direct_overlay,19.099837119830102,45.45,81.885,163.92899999999997,1818.0,6182.0,300.0
Province 5,Rolpa,Sunchhahari Gaunpalika,28.36,82.86,5.98,2.22,0.12,194.72,421.82,49.3,14.67,34.94,10.510000000000002,0.9,2.67,direct_overlay,False,0,direct_overlay,13.114058237414602,45.300000000000004,97.36,126.54599999999999,1812.0000000000002,6188.0,300.0
Province 5,Rolpa,Sunchhahari Gaunpalika,28.36,82.88,6.06,2.26,0.13,207.24,451.15,51.84,15.23,32.75,10.510000000000002,0.9,2.67,direct_overlay,False,0,direct_overlay,26.20597765999089,46.9,103.62,135.345,1876.0,6124.0,233.68714113458222
Province 5,Bardiya,Rajapur Nagarpalika,28.38,81.12,7.61,1.76,0.09,60.44,205.17,34.44,19.95,44.75,9.510000000000002,3.47,3.34,direct_overlay,False,0,direct_overlay,16.34387692033748,35.4,30.22,61.550999999999995,1416.0,6584.0,300.0
Province 5,Bardiya,Rajapur Nagarpalika,28.38,81.14,7.6,1.66,0.09,74.33,206.98,36.84,17.48,44.72,9.510000000000002,3.47,3.34,direct_overlay,False,0,direct_overlay,16.351636047280046,33.9,37.165,62.093999999999994,1356.0,6644.0,300.0
Province 5,Bardiya,Rajapur Nagarpalika,28.38,81.16,7.56,1.69,0.09,67.01,211.3,35.61,20.63,45.51,9.6,3.25,3.34,direct_overlay,False,0,direct_overlay,15.402126920337478,34.349999999999994,33.505,63.39,1373.9999999999998,6626.0,300.0
Province 5,Bardiya,Rajapur Nagarpalika,28.38,81.18,7.48,1.7,0.09,75.2,216.71,33.48,23.26,45.4,9.6,3.25,3.34,direct_overlay,False,0,direct_overlay,13.189802329920518,34.5,37.6,65.013,1380.0,6620.0,300.0
Province 5,Bardiya,Madhuwan Nagarpalika,28.38,81.22,7.48,1.51,0.09,103.07,249.44,34.29,21.92,45.02,9.6,3.25,3.34,direct_overlay,False,0,direct_overlay,22.31288673809541,31.65,51.535,74.832,1266.0,6734.0,300.0
Province 5,Bardiya,Madhuwan Nagarpalika,28.38,81.24,7.71,1.74,0.09,90.08,263.36,32.04,24.73,44.66,9.6,3.25,3.34,direct_overlay,False,0,direct_overlay,24.738570604385504,35.1,45.04,79.008,1404.0,6596.0,266.62817773435546
Province 5,Bardiya,Madhuwan Nagarpalika,28.38,81.28,7.26,2.34,0.12,153.22,411.08,32.73,26.95,42.51,10.44,1.08,2.5,direct_overlay,False,0,direct_overlay,23.604474063136866,47.099999999999994,76.61,123.32399999999998,1883.9999999999998,6116.0,259.1034218191442
Province 5,Bardiya,Thakurbaba Nagarpalika,28.38,81.3,7.62,2.32,0.14,134.88,322.67,31.11,30.83,41.82,10.44,1.08,2.5,direct_overlay,False,0,direct_overlay,25.32272459252218,48.8,67.44,96.801,1952.0,6048.0,238.83685888152726
Province 5,Bardiya,Barbardiya Nagarpalika,28.38,81.34,7.61,2.0,0.12,111.82,245.63,34.94,24.21,42.39,9.6,3.25,3.34,direct_overlay,False,0,direct_overlay,21.516077916458833,42.0,55.91,73.689,1680.0,6320.0,293.73383125581097
Province 5,Bardiya,Bansagadhi Nagarpalika,28.38,81.72,6.85,3.19,0.16,119.92,368.9,46.72,16.62,39.16,8.28,1.08,2.67,direct_overlay,False,0,direct_overlay,18.943990963723163,63.85,59.96,110.66999999999999,2554.0,5446.0,287.47902226245935
Karnali,Salyan,Kalimati Gaunpalika,28.38,81.82,6.9,3.38,0.16,109.22,359.73,48.62,15.71,39.0,7.57,2.89,2.67,direct_overlay,False,0,direct_overlay,20.344129273104624,66.69999999999999,54.61,107.919,2667.9999999999995,5332.0,262.0903518858887
Karnali,Surkhet,Gurbhakot Nagarpalika,28.38,81.96,6.57,3.43,0.17,128.99,411.85,48.61,14.75,38.97,10.02,1.08,2.67,direct_overlay,False,0,direct_overlay,18.006584732765763,68.45,64.495,123.555,2738.0,5262.0,292.2264315023036
Karnali,Surkhet,Gurbhakot Nagarpalika,28.38,81.92,6.95,3.1,0.14,91.64,364.03,47.77,14.27,39.12,11.7,3.47,2.67,direct_overlay,False,0,direct_overlay,21.701602741936735,60.5,45.82,109.20899999999999,2420.0,5580.0,257.1238662118289
Karnali,Salyan,Bangad kupinde Nagarpalika,28.38,81.98,6.63,3.44,0.16,112.54,393.05,47.56,14.65,37.43,8.28,1.08,2.67,direct_overlay,False,0,direct_overlay,17.034123406405136,67.6,56.27,117.91499999999999,2704.0,5296.0,300.0
Karnali,Salyan,Bangad kupinde Nagarpalika,28.38,82.0,6.57,3.31,0.15,143.14,350.02,51.35,13.41,35.92,8.28,1.08,2.67,direct_overlay,False,0,direct_overlay,21.068305687690458,64.65,71.57,105.00599999999999,2586.0,5414.0,256.9736779148419
Karnali,Salyan,Bangad kupinde Nagarpalika,28.38,82.06,6.48,3.34,0.15,159.16,386.74,49.91,15.75,34.96,8.28,1.08,2.67,direct_overlay,False,0,direct_overlay,18.085398045185737,65.1,79.58,116.02199999999999,2604.0,5396.0,298.3622470745892
Karnali,Salyan,Sharada Nagarpalika,28.38,82.1,6.4,2.86,0.12,170.14,321.53,48.1,16.0,36.41,10.44,1.08,2.67,direct_overlay,False,0,direct_overlay,14.992003566375901,54.9,85.07,96.45899999999999,2196.0,5804.0,300.0
Karnali,Salyan,Sharada Nagarpalika,28.38,82.14,6.31,2.89,0.13,175.02,329.64,45.69,17.02,37.5,10.44,1.08,2.67,direct_overlay,False,0,direct_overlay,17.640438888282628,56.35,87.51,98.892,2254.0,5746.0,300.0
Karnali,Salyan,Sharada Nagarpalika,28.38,82.12,6.45,2.71,0.12,178.9,291.58,44.91,16.8,38.23,10.44,1.08,2.67,direct_overlay,False,0,direct_overlay,16.038401189269177,52.65,89.45,87.47399999999999,2106.0,5894.0,300.0
Karnali,Salyan,Sharada Nagarpalika,28.38,82.22,6.36,3.36,0.15,184.04,295.87,49.23,16.51,34.51,10.44,1.08,2.67,direct_overlay,False,0,direct_overlay,26.660856180791455,65.4,92.02,88.761,2616.0,5384.0,201.94400222897008
Province 5,Rolpa,Madi Gaunpalika,28.38,82.48,6.72,2.71,0.13,148.97,558.62,44.34,18.64,35.12,10.44,1.08,0.83,direct_overlay,False,0,direct_overlay,5.5567645504851875,53.65,74.485,167.58599999999998,2146.0,5854.0,300.0
Province 5,Rolpa,Rolpa Nagarpalika,28.38,82.64,6.39,2.9,0.16,139.82,406.83,46.63,17.79,34.87,8.28,1.08,2.67,direct_overlay,False,0,direct_overlay,18.98715899140625,59.5,69.91,122.04899999999999,2380.0,5620.0,295.9895159957137
Province 5,Rolpa,Rolpa Nagarpalika,28.38,82.58,6.58,2.27,0.13,169.2,507.77,49.2,17.07,33.74,10.44,1.08,0.83,direct_overlay,False,0,direct_overlay,8.415754805033977,47.05,84.6,152.331,1882.0,6118.0,300.0
Province 5,Rolpa,Rolpa Nagarpalika,28.38,82.62,6.54,2.3,0.12,169.66,543.55,49.54,16.19,33.5,10.44,1.08,0.83,direct_overlay,False,0,direct_overlay,8.67700167067419,46.5,84.83,163.06499999999997,1860.0,6140.0,300.0
Province 5,Rolpa,Sunchhahari Gaunpalika,28.38,82.74,6.3,2.16,0.11,190.15,478.85,48.76,16.89,33.43,10.44,1.08,2.67,direct_overlay,False,0,direct_overlay,15.365255633036126,43.400000000000006,95.075,143.655,1736.0000000000002,6264.0,300.0
Province 5,Rolpa,Sunchhahari Gaunpalika,28.38,82.82,6.17,2.14,0.11,186.83,482.29,50.38,14.24,34.45,10.510000000000002,0.9,2.67,direct_overlay,False,0,direct_overlay,17.657980743202145,43.1,93.415,144.687,1724.0,6276.0,300.0
Province 5,Rolpa,Sunchhahari Gaunpalika,28.38,82.84,6.23,2.29,0.12,205.74,396.67,48.25,15.04,35.02,10.510000000000002,0.9,2.67,direct_overlay,False,0,direct_overlay,24.82961745804438,46.35,102.87,119.001,1854.0,6146.0,247.52697098073088
Province 5,Rolpa,Sunchhahari Gaunpalika,28.38,82.86,6.06,2.45,0.14,184.01,418.25,49.57,16.36,34.52,10.510000000000002,0.9,2.67,direct_overlay,False,0,direct_overlay,24.01708890980045,50.75,92.005,125.475,2030.0,5970.0,248.5730065963104
Province 5,Rolpa,Sunchhahari Gaunpalika,28.38,82.92,5.96,1.85,0.1,339.09,536.19,53.9,12.69,33.88,10.510000000000002,0.9,0.83,direct_overlay,False,0,direct_overlay,-28.440850646842986,37.75,169.545,160.857,1510.0,6490.0,-228.19289340490974
Province 5,Bardiya,Rajapur Nagarpalika,28.4,81.08,7.62,1.6,0.08,57.29,229.76,37.05,17.19,46.44,9.510000000000002,3.47,3.34,direct_overlay,False,0,direct_overlay,16.38412692033748,32.0,28.645,68.928,1280.0,6720.0,300.0
Province 5,Bardiya,Rajapur Nagarpalika,28.4,81.1,7.57,1.78,0.09,66.94,212.77,36.36,18.59,46.72,9.510000000000002,3.47,3.34,direct_overlay,False,0,direct_overlay,16.34387692033748,35.7,33.47,63.831,1428.0,6572.0,300.0
Province 5,Bardiya,Rajapur Nagarpalika,28.4,81.12,7.59,1.73,0.09,77.85,213.23,38.67,16.29,44.15,9.510000000000002,3.47,3.34,direct_overlay,False,0,direct_overlay,19.5629321135353,34.95,38.925,63.968999999999994,1398.0,6602.0,300.0
Province 5,Bardiya,Rajapur Nagarpalika,28.4,81.14,7.57,1.73,0.09,69.79,200.75,34.99,19.47,46.94,9.510000000000002,3.47,3.34,direct_overlay,False,0,direct_overlay,16.20138604728005,34.95,34.895,60.224999999999994,1398.0,6602.0,300.0
Province 5,Bardiya,Rajapur Nagarpalika,28.4,81.16,7.53,1.81,0.09,75.71,213.63,33.22,21.0,47.03,9.6,3.25,3.34,direct_overlay,False,0,direct_overlay,18.609932113535304,36.150000000000006,37.855,64.089,1446.0000000000002,6554.0,300.0
Province 5,Bardiya,Rajapur Nagarpalika,28.4,81.18,7.56,1.78,0.09,75.28,229.0,34.49,19.59,46.16,9.510000000000002,3.47,3.34,direct_overlay,False,0,direct_overlay,16.717290809187475,35.7,37.64,68.7,1428.0,6572.0,300.0
Province 5,Bardiya,Thakurbaba Nagarpalika,28.4,81.3,7.66,2.2,0.13,96.04,286.16,30.11,26.01,43.4,9.6,3.25,2.5,direct_overlay,False,0,direct_overlay,19.86784154348069,46.0,48.02,85.848,1840.0,6160.0,300.0
Province 5,Bardiya,Barbardiya Nagarpalika,28.4,81.34,7.6,2.17,0.12,136.75,327.45,35.99,23.86,42.05,10.44,1.08,2.5,direct_overlay,False,0,direct_overlay,21.69577424027158,44.55,68.375,98.235,1782.0,6218.0,286.59958990807445
Province 5,Bardiya,Thakurbaba Nagarpalika,28.4,81.32,7.26,2.35,0.13,180.75,346.51,33.63,24.81,42.85,10.44,1.08,2.5,direct_overlay,False,0,direct_overlay,24.599664760378246,48.25,90.375,103.95299999999999,1930.0,6070.0,246.7513301147388
Karnali,Surkhet,Bheriganga Nagarpalika,28.4,81.74,7.25,2.65,0.15,79.75,274.5,48.2,13.54,38.33,9.09,3.47,3.34,direct_overlay,False,0,direct_overlay,9.319234775076477,54.75,39.875,82.35,2190.0,5810.0,300.0
Karnali,Surkhet,Gurbhakot Nagarpalika,28.4,81.84,7.23,2.98,0.15,93.79,263.98,47.22,13.44,41.95,9.09,3.47,3.34,direct_overlay,False,0,direct_overlay,18.224559966809963,59.7,46.895,79.194,2388.0,5612.0,300.0
Karnali,Surkhet,Gurbhakot Nagarpalika,28.4,81.86,7.16,2.74,0.15,88.51,315.41,46.83,13.51,40.53,11.7,3.47,2.67,direct_overlay,False,0,direct_overlay,18.29613489388067,56.1,44.255,94.623,2244.0,5756.0,300.0
Karnali,Surkhet,Gurbhakot Nagarpalika,28.4,81.88,7.07,3.03,0.16,82.38,331.93,46.8,14.15,41.17,9.09,3.47,2.67,direct_overlay,False,0,direct_overlay,20.255200094772302,61.449999999999996,41.19,99.579,2458.0,5542.0,273.6087510402005
Karnali,Surkhet,Gurbhakot Nagarpalika,28.4,81.94,6.74,3.85,0.18,130.49,422.28,47.27,13.85,39.18,10.02,1.08,2.67,direct_overlay,False,0,direct_overlay,23.369466601026307,75.75,65.245,126.68399999999998,3030.0,4970.0,212.6706648829432
Karnali,Salyan,Bangad kupinde Nagarpalika,28.4,82.04,6.26,2.73,0.13,118.15,355.57,43.96,18.12,38.31,10.44,1.08,2.67,direct_overlay,False,0,direct_overlay,18.012479846337886,53.95,59.075,106.67099999999999,2158.0,5842.0,300.0
Karnali,Salyan,Sharada Nagarpalika,28.4,82.12,6.31,2.96,0.15,181.81,343.81,46.7,15.57,39.67,8.28,1.08,2.67,direct_overlay,False,0,direct_overlay,25.106313150119032,59.4,90.905,103.143,2376.0,5624.0,224.0074026947814
Karnali,Salyan,Sharada Nagarpalika,28.4,82.18,6.43,2.9,0.11,184.48,251.35,47.35,16.24,35.88,10.44,1.08,3.34,direct_overlay,False,0,direct_overlay,14.166836641979145,54.5,92.24,75.405,2180.0,5820.0,300.0
Karnali,Salyan,Sharada Nagarpalika,28.4,82.24,6.23,2.94,0.13,154.2,301.39,49.75,16.97,35.03,10.44,1.08,2.67,direct_overlay,False,0,direct_overlay,17.68086244434203,57.1,77.1,90.41699999999999,2284.0,5716.0,300.0
Karnali,Salyan,Chhatreshwori Gaunpalika,28.4,82.28,6.36,2.99,0.14,138.33,344.35,42.74,19.27,34.53,10.44,1.08,2.67,direct_overlay,False,0,direct_overlay,20.168109460999773,58.85,69.165,103.305,2354.0,5646.0,279.94691376095477
Karnali,Salyan,Sharada Nagarpalika,28.4,82.26,6.45,2.97,0.13,183.53,314.54,48.58,16.66,36.42,10.44,1.08,2.67,direct_overlay,False,0,direct_overlay,16.119470973812692,57.550000000000004,91.765,94.36200000000001,2302.0,5698.0,300.0
Karnali,Salyan,Chhatreshwori Gaunpalika,28.4,82.3,6.28,3.22,0.14,177.71,449.19,47.22,17.35,37.15,10.44,1.08,2.67,direct_overlay,False,0,direct_overlay,37.856711954940366,62.300000000000004,88.855,134.757,2492.0,5508.0,145.49599570496235
Karnali,Salyan,Chhatreshwori Gaunpalika,28.4,82.32,6.42,2.96,0.17,132.97,383.1,45.42,22.98,32.94,7.74,1.08,2.5,direct_overlay,False,0,direct_overlay,17.9869142522386,61.4,66.485,114.93,2456.0,5544.0,300.0
Karnali,Salyan,Chhatreshwori Gaunpalika,28.4,82.36,6.29,2.83,0.13,152.42,509.33,44.52,20.47,35.95,10.44,1.08,0.83,direct_overlay,False,0,direct_overlay,19.00119018902535,55.45,76.21,152.79899999999998,2218.0,5782.0,300.0
Province 5,Rolpa,Sukidaha Gaunpalika,28.4,82.38,6.37,3.31,0.18,145.46,474.41,46.82,19.52,35.65,8.28,1.08,2.67,direct_overlay,False,0,direct_overlay,16.04493542233518,67.65,72.73,142.323,2706.0,5294.0,300.0
Province 5,Rolpa,Sukidaha Gaunpalika,28.4,82.4,6.66,2.87,0.14,162.48,551.06,45.13,19.83,34.3,10.44,1.08,0.83,direct_overlay,False,0,direct_overlay,10.472751162373305,57.050000000000004,81.24,165.31799999999998,2282.0,5718.0,300.0
Province 5,Rolpa,Madi Gaunpalika,28.4,82.46,6.47,2.49,0.12,168.28,584.55,48.37,18.32,32.93,10.44,1.08,0.83,direct_overlay,False,0,direct_overlay,15.552197394013353,49.35,84.14,175.36499999999998,1974.0,6026.0,300.0
Province 5,Rolpa,Madi Gaunpalika,28.4,82.48,6.6,2.89,0.15,171.25,473.34,48.71,20.68,32.95,7.74,1.08,2.5,direct_overlay,False,0,direct_overlay,15.540589579205799,58.35,85.625,142.00199999999998,2334.0,5666.0,300.0
Province 5,Rolpa,Sukidaha Gaunpalika,28.4,82.42,6.57,2.64,0.14,165.29,535.71,45.84,18.55,34.39,10.44,1.08,0.83,direct_overlay,False,0,direct_overlay,14.929812711107566,53.6,82.645,160.713,2144.0,5856.0,300.0
Province 5,Rolpa,Madi Gaunpalika,28.4,82.5,6.77,2.57,0.13,170.25,602.52,44.76,20.38,34.19,10.44,1.08,0.83,direct_overlay,False,0,direct_overlay,-3.3370701136081227,51.55,85.125,180.756,2062.0,5938.0,-1779.4052260950812
Province 5,Rolpa,Madi Gaunpalika,28.4,82.54,6.59,2.19,0.12,150.01,589.25,44.14,18.98,36.66,10.44,1.08,0.83,direct_overlay,False,0,direct_overlay,4.804126351651181,44.85,75.005,176.775,1794.0,6206.0,300.0
Province 5,Rolpa,Madi Gaunpalika,28.4,82.56,6.55,2.39,0.14,140.35,563.53,44.77,18.92,35.12,10.44,1.08,0.83,direct_overlay,False,0,direct_overlay,16.370880560466652,49.85,70.175,169.059,1994.0,6006.0,300.0
Province 5,Rolpa,Rolpa Nagarpalika,28.4,82.6,6.39,2.62,0.14,168.6,469.33,44.85,17.35,36.67,10.44,1.08,2.67,direct_overlay,False,0,direct_overlay,15.267424864903207,53.300000000000004,84.3,140.79899999999998,2132.0,5868.0,300.0
Province 5,Rolpa,Thawang Gaunpalika,28.4,82.82,6.13,2.75,0.14,208.8,414.09,49.41,15.03,38.06,10.510000000000002,0.9,2.67,direct_overlay,False,0,direct_overlay,102.92049053567564,55.25,104.4,124.22699999999999,2210.0,5790.0,56.257019082055336
Province 5,Bardiya,Rajapur Nagarpalika,28.42,81.08,7.57,1.76,0.1,67.94,207.59,37.06,15.97,46.94,9.510000000000002,3.47,3.34,direct_overlay,False,0,direct_overlay,16.327386047280047,36.4,33.97,62.277,1456.0,6544.0,300.0
Province 5,Bardiya,Rajapur Nagarpalika,28.42,81.1,7.54,1.76,0.09,65.57,218.73,35.38,20.72,45.31,9.6,3.25,3.34,direct_overlay,False,0,direct_overlay,16.34387692033748,35.4,32.785,65.619,1416.0,6584.0,300.0
Province 5,Bardiya,Rajapur Nagarpalika,28.42,81.12,7.55,1.76,0.1,79.61,226.42,37.79,20.39,45.56,9.6,3.25,3.34,direct_overlay,False,0,direct_overlay,20.277184791302393,36.4,39.805,67.92599999999999,1456.0,6544.0,300.0
Province 5,Bardiya,Rajapur Nagarpalika,28.42,81.14,7.57,1.84,0.09,75.13,206.34,34.21,20.55,47.45,9.6,3.25,3.34,direct_overlay,False,0,direct_overlay,16.717290809187475,36.6,37.565,61.902,1464.0,6536.0,300.0
Province 5,Bardiya,Rajapur Nagarpalika,28.42,81.16,7.6,1.72,0.09,78.27,217.76,34.85,18.73,46.83,9.510000000000002,3.47,3.34,direct_overlay,False,0,direct_overlay,19.5629321135353,34.8,39.135,65.32799999999999,1392.0,6608.0,300.0
Province 5,Bardiya,Geruwa Gaunpalika,28.42,81.18,7.58,1.78,0.09,83.31,239.96,33.19,19.63,47.58,9.510000000000002,3.47,3.34,direct_overlay,False,0,direct_overlay,24.224891574020567,35.7,41.655,71.988,1428.0,6572.0,271.291203922167
Province 5,Bardiya,Geruwa Gaunpalika,28.42,81.2,7.54,1.86,0.1,106.02,257.54,35.64,19.56,45.67,9.510000000000002,3.47,3.34,direct_overlay,False,0,direct_overlay,26.466433194934737,37.900000000000006,53.01,77.262,1516.0000000000002,6484.0,244.98956668029362
Province 5,Bardiya,Madhuwan Nagarpalika,28.42,81.24,7.64,1.84,0.1,117.42,339.4,31.9,19.18,49.59,10.44,1.08,2.67,direct_overlay,False,0,direct_overlay,30.757399348784237,37.6,58.71,101.82,1504.0,6496.0,211.20121133572923
Province 5,Bardiya,Thakurbaba Nagarpalika,28.42,81.32,7.76,2.22,0.12,139.45,331.11,33.41,23.51,44.61,10.44,1.08,2.5,direct_overlay,False,0,direct_overlay,23.24388940706457,45.300000000000004,69.725,99.333,1812.0000000000002,6188.0,266.2205060276731
Province 5,Bardiya,Thakurbaba Nagarpalika,28.42,81.34,7.67,2.39,0.12,160.77,362.95,34.41,23.15,42.66,10.44,1.08,2.5,direct_overlay,False,0,direct_overlay,30.214649294285014,47.85,80.385,108.88499999999999,1914.0,6086.0,201.42547215172024
Province 5,Bardiya,Thakurbaba Nagarpalika,28.42,81.3,7.69,2.16,0.12,141.68,350.71,33.71,24.46,42.84,10.44,1.08,2.5,direct_overlay,False,0,direct_overlay,25.53305822561611,44.400000000000006,70.84,105.213,1776.0000000000002,6224.0,243.76241752959132
Karnali,Surkhet,Bheriganga Nagarpalika,28.42,81.7,7.46,2.7,0.14,87.53,268.23,47.04,13.39,38.75,11.7,3.47,3.34,direct_overlay,False,0,direct_overlay,14.718984160504961,54.5,43.765,80.46900000000001,2180.0,5820.0,300.0
Karnali,Surkhet,Bheriganga Nagarpalika,28.42,81.78,7.21,2.67,0.16,83.59,288.09,47.63,9.88,43.49,9.09,3.47,2.67,direct_overlay,False,0,direct_overlay,20.452027880431295,56.05,41.795,86.42699999999999,2242.0,5758.0,281.5368741751673
Karnali,Surkhet,Bheriganga Nagarpalika,28.42,81.8,7.04,2.28,0.14,89.75,255.39,46.6,12.63,42.7,11.7,3.47,3.34,direct_overlay,False,0,direct_overlay,14.06631634369763,48.199999999999996,44.875,76.61699999999999,1927.9999999999998,6072.0,300.0
Karnali,Surkhet,Gurbhakot Nagarpalika,28.42,81.84,7.13,2.81,0.17,71.12,317.27,44.56,13.03,42.99,9.09,3.47,2.67,direct_overlay,False,0,direct_overlay,10.191363233172655,59.15,35.56,95.181,2366.0,5634.0,300.0
Karnali,Surkhet,Gurbhakot Nagarpalika,28.42,81.86,7.16,2.96,0.16,88.78,343.01,43.49,13.75,43.75,9.09,3.47,2.67,direct_overlay,False,0,direct_overlay,19.34123420734509,60.4,44.39,102.90299999999999,2416.0,5584.0,288.7096004390145
Karnali,Surkhet,Gurbhakot Nagarpalika,28.42,81.9,7.07,3.12,0.16,81.31,369.33,45.55,13.9,41.55,9.09,3.47,2.67,direct_overlay,False,0,direct_overlay,38.18993092372267,62.800000000000004,40.655,110.79899999999999,2512.0,5488.0,143.70279985479067
Karnali,Salyan,Bangad kupinde Nagarpalika,28.42,82.0,6.77,2.94,0.13,147.53,411.01,45.14,17.15,39.04,10.44,1.08,2.67,direct_overlay,False,0,direct_overlay,10.956359450219672,57.1,73.765,123.303,2284.0,5716.0,300.0
Karnali,Salyan,Bangad kupinde Nagarpalika,28.42,82.04,6.45,3.33,0.16,161.4,442.23,47.51,15.88,37.52,8.28,1.08,2.67,direct_overlay,False,0,direct_overlay,22.15936189223664,65.95,80.7,132.669,2638.0,5362.0,241.97447679567594
Karnali,Salyan,Bangad kupinde Nagarpalika,28.42,82.12,6.24,2.89,0.14,153.48,372.41,47.98,17.84,35.45,10.44,1.08,2.67,direct_overlay,False,0,direct_overlay,21.931741671936948,57.35,76.74,111.723,2294.0,5706.0,260.17085580126036
Karnali,Salyan,Sharada Nagarpalika,28.42,82.14,6.34,3.21,0.14,226.02,358.08,46.58,16.88,36.67,10.44,1.08,2.67,direct_overlay,False,0,direct_overlay,95.19649562326795,62.15,113.01,107.42399999999999,2486.0,5514.0,57.92230022648299
Karnali,Salyan,Sharada Nagarpalika,28.42,82.2,6.29,3.05,0.13,186.88,358.83,49.36,17.75,35.45,10.44,1.08,2.67,direct_overlay,False,0,direct_overlay,18.822932220763818,58.75,93.44,107.64899999999999,2350.0,5650.0,300.0
Karnali,Salyan,Sharada Nagarpalika,28.42,82.24,6.21,3.18,0.14,162.43,338.62,48.53,16.83,36.42,10.44,1.08,2.67,direct_overlay,False,0,direct_overlay,20.349276917996214,61.7,81.215,101.586,2468.0,5532.0,271.8524113801649
Karnali,Salyan,Dhorchaur Gaunpalika,28.42,82.26,6.37,2.87,0.12,143.13,290.21,47.25,16.75,34.54,10.44,1.08,2.67,direct_overlay,False,0,direct_overlay,15.507283857064417,55.050000000000004,71.565,87.06299999999999,2202.0,5798.0,300.0
Karnali,Salyan,Bagchaur Nagarpalika,28.42,82.3,6.37,2.83,0.13,157.32,344.06,45.63,16.24,37.18,10.44,1.08,2.67,direct_overlay,False,0,direct_overlay,22.163107697280385,55.45,78.66,103.218,2218.0,5782.0,260.8839914949971
Karnali,Salyan,Bagchaur Nagarpalika,28.42,82.32,6.47,2.9,0.13,179.68,398.8,47.69,18.06,32.94,10.44,1.08,2.67,direct_overlay,False,0,direct_overlay,17.240502452334763,56.5,89.84,119.64,2260.0,5740.0,300.0
Province 5,Rolpa,Sukidaha Gaunpalika,28.42,82.4,6.28,2.73,0.12,165.06,586.94,45.91,17.73,35.97,10.44,1.08,0.83,direct_overlay,False,0,direct_overlay,14.824627144396558,52.95,82.53,176.08200000000002,2118.0,5882.0,300.0
Province 5,Rolpa,Madi Gaunpalika,28.42,82.46,6.5,2.42,0.11,175.54,574.0,48.7,19.68,32.66,10.44,1.08,0.83,direct_overlay,False,0,direct_overlay,10.549782140257783,47.3,87.77,172.2,1892.0,6108.0,300.0
Province 5,Rolpa,Madi Gaunpalika,28.42,82.48,6.58,2.31,0.11,165.62,623.17,43.74,19.47,36.78,10.44,1.08,0.83,direct_overlay,False,0,direct_overlay,0.9202282233830529,45.65,82.81,186.951,1826.0,6174.0,300.0
Province 5,Rolpa,Duikholi Gaunpalika,28.42,82.52,6.62,2.18,0.11,162.39,627.81,44.69,18.59,36.91,10.44,1.08,0.83,direct_overlay,False,0,direct_overlay,2.5144059609396137,43.7,81.195,188.343,1748.0,6252.0,300.0
Province 5,Rolpa,Madi Gaunpalika,28.42,82.54,6.27,2.54,0.18,147.42,529.85,45.58,22.25,29.21,7.74,1.08,0.83,direct_overlay,False,0,direct_overlay,16.289365656823872,56.1,73.71,158.955,2244.0,5756.0,300.0
