year,district,site,treatment_code,treatment_role,strategy,n_rate_kg_ha,grain_yield_t_ha,latitude,longitude
2017,Dang,Dhikpur,1,soil_background,0-0-0,0,5.04,28.02714833,82.37515833
2017,Dang,Dhikpur,1,soil_background,0-0-0,0,6.46,28.02572,82.377395
2017,Dang,Dhikpur,1,soil_background,0-0-0,0,4.14,28.092205,82.42721
2017,Dang,Dhikpur,10,ks_treatment,ks_treatment,120,7.64,28.02717333,82.37539333
2017,Dang,Dhikpur,10,ks_treatment,ks_treatment,120,8.62,28.02576833,82.37744
2017,Dang,Dhikpur,10,ks_treatment,ks_treatment,120,6.06,28.09231333,82.427235
2017,Dang,Dhikpur,2,n_omission,0-PK,0,5.0,28.02713167,82.37542667
2017,Dang,Dhikpur,2,n_omission,0-PK,0,4.13,28.02550667,82.37736667
2017,Dang,Dhikpur,2,n_omission,0-PK,0,4.05,28.09225167,82.42717667
2017,Dang,Dhikpur,3,p_omission,0-NK,120,6.54,28.02712833,82.37541167
2017,Dang,Dhikpur,3,p_omission,0-NK,120,8.49,28.02566,82.37724833
2017,Dang,Dhikpur,3,p_omission,0-NK,120,4.1,28.09230667,82.42718333
2017,Dang,Dhikpur,4,k_omission,0-NP,120,8.18,28.02720333,82.37545333
2017,Dang,Dhikpur,4,k_omission,0-NP,120,2.44,28.02555667,82.37725833
2017,Dang,Dhikpur,4,k_omission,0-NP,120,4.24,28.092295,82.42707333
2017,Dang,Dhikpur,5,n_rate_60,N60,60,7.51,28.02717,82.37521667
2017,Dang,Dhikpur,5,n_rate_60,N60,60,8.7,28.02576167,82.37743833
2017,Dang,Dhikpur,5,n_rate_60,N60,60,3.11,28.09230667,82.42715667
2017,Dang,Dhikpur,6,government_recommendation,GR,120,7.88,28.02723667,82.37530333
2017,Dang,Dhikpur,6,government_recommendation,GR,120,9.2,28.02583,82.37744832999999
2017,Dang,Dhikpur,6,government_recommendation,GR,120,7.88,28.09230833,82.42696333
2017,Dang,Dhikpur,7,n_rate_180,N180,180,8.12,28.02706,82.37537667
2017,Dang,Dhikpur,7,n_rate_180,N180,180,9.12,28.02572833,82.37743667
2017,Dang,Dhikpur,7,n_rate_180,N180,180,6.61,28.09231,82.427185
2017,Dang,Dhikpur,8,n_rate_210,N210,210,6.87,28.02726,82.37525
2017,Dang,Dhikpur,8,n_rate_210,N210,210,8.68,28.02572167,82.37750667
2017,Dang,Dhikpur,8,n_rate_210,N210,210,5.7,28.09231,82.42695667
2017,Dang,Dhikpur,9,micronutrients,micronutrients,120,8.6,28.02724667,82.37528333
2017,Dang,Dhikpur,9,micronutrients,micronutrients,120,7.46,28.025785,82.37751
2017,Dang,Dhikpur,9,micronutrients,micronutrients,120,8.6,28.09232833,82.42716333
2017,Dang,Dhuruwa,1,soil_background,0-0-0,0,7.18,28.02137333,82.32474333
2017,Dang,Dhuruwa,1,soil_background,0-0-0,0,7.58,28.03805,82.32935833
2017,Dang,Dhuruwa,1,soil_background,0-0-0,0,7.48,28.02261667,82.32327
2017,Dang,Dhuruwa,10,ks_treatment,ks_treatment,120,6.88,28.02139,82.324585
2017,Dang,Dhuruwa,10,ks_treatment,ks_treatment,120,5.52,28.037865,82.32924833
2017,Dang,Dhuruwa,10,ks_treatment,ks_treatment,120,5.83,28.02262,82.32328
2017,Dang,Dhuruwa,2,n_omission,0-PK,0,4.46,28.02122333,82.32465667
2017,Dang,Dhuruwa,2,n_omission,0-PK,0,5.33,28.03780667,82.329305
2017,Dang,Dhuruwa,2,n_omission,0-PK,0,6.11,28.02267833,82.323265
2017,Dang,Dhuruwa,3,p_omission,0-NK,120,6.46,28.02138333,82.32457833
2017,Dang,Dhuruwa,3,p_omission,0-NK,120,4.81,28.03809,82.32956167
2017,Dang,Dhuruwa,3,p_omission,0-NK,120,6.87,28.02252333,82.32322
2017,Dang,Dhuruwa,4,k_omission,0-NP,120,7.41,28.02143167,82.324665
2017,Dang,Dhuruwa,4,k_omission,0-NP,120,6.82,28.037935,82.329285
2017,Dang,Dhuruwa,4,k_omission,0-NP,120,4.84,28.022535,82.32320167
2017,Dang,Dhuruwa,5,n_rate_60,N60,60,7.08,28.02136,82.32462
2017,Dang,Dhuruwa,5,n_rate_60,N60,60,6.9,28.03802333,82.32942833
2017,Dang,Dhuruwa,5,n_rate_60,N60,60,6.5,28.02264167,82.32322
2017,Dang,Dhuruwa,6,government_recommendation,GR,120,6.53,28.021435,82.324685
2017,Dang,Dhuruwa,6,government_recommendation,GR,120,6.38,28.038065,82.329445
2017,Dang,Dhuruwa,6,government_recommendation,GR,120,7.07,28.02267833,82.32328
2017,Dang,Dhuruwa,7,n_rate_180,N180,180,5.7,28.02135667,82.324565
2017,Dang,Dhuruwa,7,n_rate_180,N180,180,7.93,28.038075,82.329345
2017,Dang,Dhuruwa,7,n_rate_180,N180,180,6.61,28.02261833,82.32330833
2017,Dang,Dhuruwa,8,n_rate_210,N210,210,6.92,28.021525,82.324605
2017,Dang,Dhuruwa,8,n_rate_210,N210,210,5.85,28.03788333,82.329295
2017,Dang,Dhuruwa,8,n_rate_210,N210,210,8.36,28.02266833,82.32324833
2017,Dang,Dhuruwa,9,micronutrients,micronutrients,120,6.75,28.02155833,82.32454667
2017,Dang,Dhuruwa,9,micronutrients,micronutrients,120,6.12,28.037905,82.32924667
2017,Dang,Dhuruwa,9,micronutrients,micronutrients,120,6.38,28.02245333,82.32329167
2017,Dang,Hapur,1,soil_background,0-0-0,0,3.49,28.09140667,82.42664333
2017,Dang,Hapur,1,soil_background,0-0-0,0,3.95,28.09373,82.428285
2017,Dang,Hapur,10,ks_treatment,ks_treatment,120,3.59,28.09135667,82.42627667
2017,Dang,Hapur,10,ks_treatment,ks_treatment,120,4.85,28.093505,82.42844167
2017,Dang,Hapur,2,n_omission,0-PK,0,3.49,28.09141,82.42659333
2017,Dang,Hapur,2,n_omission,0-PK,0,4.71,28.093595,82.42830167
2017,Dang,Hapur,3,p_omission,0-NK,120,3.26,28.09156333,82.42653167
2017,Dang,Hapur,3,p_omission,0-NK,120,3.86,28.093515,82.42828667
2017,Dang,Hapur,4,k_omission,0-NP,120,4.51,28.09138,82.42654
2017,Dang,Hapur,4,k_omission,0-NP,120,3.96,28.09362333,82.42826833
2017,Dang,Hapur,5,n_rate_60,N60,60,5.44,28.09135,82.426685
2017,Dang,Hapur,5,n_rate_60,N60,60,4.54,28.09362167,82.428475
2017,Dang,Hapur,6,government_recommendation,GR,120,7.91,28.09142,82.42652667
2017,Dang,Hapur,6,government_recommendation,GR,120,7.85,28.09343833,82.42835167
2017,Dang,Hapur,7,n_rate_180,N180,180,5.8,28.09130333,82.42668833
2017,Dang,Hapur,7,n_rate_180,N180,180,3.96,28.09355,82.428395
2017,Dang,Hapur,8,n_rate_210,N210,210,6.12,28.09199667,82.42631667
2017,Dang,Hapur,8,n_rate_210,N210,210,5.16,28.09355333,82.42846333
2017,Dang,Hapur,9,micronutrients,micronutrients,120,3.57,28.09152167,82.42655167
2017,Dang,Hapur,9,micronutrients,micronutrients,120,4.57,28.09352167,82.42832667
2017,Dang,Laxmipur,1,soil_background,0-0-0,0,4.45,27.98058167,82.46868667
2017,Dang,Laxmipur,1,soil_background,0-0-0,0,5.54,27.99098667,82.51826167
2017,Dang,Laxmipur,1,soil_background,0-0-0,0,5.39,27.967785,82.48898667
2017,Dang,Laxmipur,10,ks_treatment,ks_treatment,120,6.17,27.98073667,82.46855833
2017,Dang,Laxmipur,10,ks_treatment,ks_treatment,120,8.41,27.99118,82.51851833
2017,Dang,Laxmipur,10,ks_treatment,ks_treatment,120,6.17,27.96775833,82.48901833
2017,Dang,Laxmipur,2,n_omission,0-PK,0,7.36,27.98071,82.46870833
2017,Dang,Laxmipur,2,n_omission,0-PK,0,3.93,27.990925,82.51826
2017,Dang,Laxmipur,2,n_omission,0-PK,0,6.23,27.96782,82.489
2017,Dang,Laxmipur,3,p_omission,0-NK,120,8.61,27.98068333,82.46869667
2017,Dang,Laxmipur,3,p_omission,0-NK,120,6.38,27.99095167,82.518245
2017,Dang,Laxmipur,3,p_omission,0-NK,120,6.84,27.96780333,82.48905167
2017,Dang,Laxmipur,4,k_omission,0-NP,120,4.83,27.98074667,82.468625
2017,Dang,Laxmipur,4,k_omission,0-NP,120,5.45,27.990985,82.51819333
2017,Dang,Laxmipur,4,k_omission,0-NP,120,7.18,27.967715,82.48896667
2017,Dang,Laxmipur,5,n_rate_60,N60,60,5.76,27.98076,82.46850833
2017,Dang,Laxmipur,5,n_rate_60,N60,60,6.6,27.99107667,82.51842167
2017,Dang,Laxmipur,5,n_rate_60,N60,60,7.17,27.967755,82.48899667
2017,Dang,Laxmipur,6,government_recommendation,GR,120,7.08,27.98060333,82.46865167
2017,Dang,Laxmipur,6,government_recommendation,GR,120,7.69,27.99098833,82.51835333
2017,Dang,Laxmipur,6,government_recommendation,GR,120,7.04,27.96763167,82.488905
2017,Dang,Laxmipur,7,n_rate_180,N180,180,5.51,27.98074,82.46863167
2017,Dang,Laxmipur,7,n_rate_180,N180,180,6.91,27.99116667,82.51854
2017,Dang,Laxmipur,7,n_rate_180,N180,180,6.87,27.96773667,82.48896833
2017,Dang,Laxmipur,8,n_rate_210,N210,210,8.47,27.98071,82.46873667
2017,Dang,Laxmipur,8,n_rate_210,N210,210,7.84,27.99108,82.518285
2017,Dang,Laxmipur,8,n_rate_210,N210,210,7.8,27.96771333,82.48884167
2017,Dang,Laxmipur,9,micronutrients,micronutrients,120,6.19,27.98075167,82.468625
2017,Dang,Laxmipur,9,micronutrients,micronutrients,120,6.19,27.99104,82.51846667
2017,Dang,Laxmipur,9,micronutrients,micronutrients,120,6.95,27.96766833,82.48887667
2017,Dang,Panchakule,1,soil_background,0-0-0,0,6.88,28.13302667,82.10547167
2017,Dang,Panchakule,10,ks_treatment,ks_treatment,120,8.99,28.13456333,82.12129
2017,Dang,Panchakule,10,ks_treatment,ks_treatment,120,8.1,28.13325667,82.10538667
2017,Dang,Panchakule,2,n_omission,0-PK,0,8.2,28.13445833,82.1212
2017,Dang,Panchakule,2,n_omission,0-PK,0,8.02,28.13311,82.105505
2017,Dang,Panchakule,3,p_omission,0-NK,120,7.9,28.13448667,82.12124667
2017,Dang,Panchakule,3,p_omission,0-NK,120,7.58,28.132985,82.10536833
2017,Dang,Panchakule,4,k_omission,0-NP,120,7.77,28.13447167,82.12121833
2017,Dang,Panchakule,4,k_omission,0-NP,120,7.72,28.13308167,82.10536
2017,Dang,Panchakule,5,n_rate_60,N60,60,7.86,28.13447,82.12125667
2017,Dang,Panchakule,5,n_rate_60,N60,60,8.61,28.13314833,82.10539333
2017,Dang,Panchakule,6,government_recommendation,GR,120,8.81,28.13441667,82.12115
2017,Dang,Panchakule,6,government_recommendation,GR,120,8.2,28.133135,82.10542
2017,Dang,Panchakule,7,n_rate_180,N180,180,7.75,28.13447833,82.12133333
2017,Dang,Panchakule,7,n_rate_180,N180,180,7.31,28.13318667,82.10545833
2017,Dang,Panchakule,8,n_rate_210,N210,210,3.19,28.13446,82.12135
2017,Dang,Panchakule,8,n_rate_210,N210,210,8.22,28.133175,82.10541
2017,Dang,Panchakule,9,micronutrients,micronutrients,120,8.77,28.13441667,82.12123
2017,Dang,Panchakule,9,micronutrients,micronutrients,120,8.22,28.13316,82.10536167
2017,Dang,Pawannagar,1,soil_background,0-0-0,0,5.3,28.16120167,82.25547167
2017,Dang,Pawannagar,1,soil_background,0-0-0,0,5.9,28.15935167,82.25444833
2017,Dang,Pawannagar,1,soil_background,0-0-0,0,6.07,28.17071333,82.26032833
2017,Dang,Pawannagar,10,ks_treatment,ks_treatment,120,5.57,28.16115667,82.25554
2017,Dang,Pawannagar,10,ks_treatment,ks_treatment,120,8.93,28.15929833,82.25439833
2017,Dang,Pawannagar,10,ks_treatment,ks_treatment,120,5.86,28.16995167,82.26053833
2017,Dang,Pawannagar,2,n_omission,0-PK,0,4.89,28.16123333,82.25536
2017,Dang,Pawannagar,2,n_omission,0-PK,0,6.15,28.15931167,82.25437167
2017,Dang,Pawannagar,2,n_omission,0-PK,0,5.79,28.17067167,82.26006667
2017,Dang,Pawannagar,3,p_omission,0-NK,120,5.14,28.16127,82.25541833
2017,Dang,Pawannagar,3,p_omission,0-NK,120,7.2,28.159295,82.25447
2017,Dang,Pawannagar,3,p_omission,0-NK,120,6.07,28.17075667,82.26015167
2017,Dang,Pawannagar,4,k_omission,0-NP,120,5.68,28.16116167,82.25545667
2017,Dang,Pawannagar,4,k_omission,0-NP,120,7.75,28.15912167,82.2545
2017,Dang,Pawannagar,4,k_omission,0-NP,120,7.4,28.17065167,82.260205
2017,Dang,Pawannagar,5,n_rate_60,N60,60,3.88,28.16109833,82.25559
2017,Dang,Pawannagar,5,n_rate_60,N60,60,7.73,28.15930833,82.25446
2017,Dang,Pawannagar,5,n_rate_60,N60,60,7.7,28.17067,82.26011
2017,Dang,Pawannagar,6,government_recommendation,GR,120,5.45,28.16123833,82.25545833
2017,Dang,Pawannagar,6,government_recommendation,GR,120,7.09,28.15941,82.25444
2017,Dang,Pawannagar,6,government_recommendation,GR,120,6.96,28.17065,82.26013167
2017,Dang,Pawannagar,7,n_rate_180,N180,180,7.45,28.16122167,82.25545167
2017,Dang,Pawannagar,7,n_rate_180,N180,180,8.37,28.15926,82.25442167
2017,Dang,Pawannagar,7,n_rate_180,N180,180,8.25,28.170775,82.260105
2017,Dang,Pawannagar,8,n_rate_210,N210,210,5.81,28.16121,82.25546167
2017,Dang,Pawannagar,8,n_rate_210,N210,210,9.0,28.15932,82.25446333
2017,Dang,Pawannagar,8,n_rate_210,N210,210,6.71,28.17078,82.26013167
2017,Dang,Pawannagar,9,micronutrients,micronutrients,120,6.04,28.16118167,82.25554
2017,Dang,Pawannagar,9,micronutrients,micronutrients,120,2.78,28.15928667,82.25451833
2017,Dang,Pawannagar,9,micronutrients,micronutrients,120,7.31,28.17077833,82.26010333
2017,Dang,Purandhara,1,soil_background,0-0-0,0,6.51,28.19366167,82.09409
2017,Dang,Purandhara,1,soil_background,0-0-0,0,7.5,28.18310167,82.09845333
2017,Dang,Purandhara,10,ks_treatment,ks_treatment,120,8.23,28.19836,82.10409833
2017,Dang,Purandhara,10,ks_treatment,ks_treatment,120,6.77,28.19384167,82.09409
2017,Dang,Purandhara,10,ks_treatment,ks_treatment,120,8.4,28.18288167,82.09825667
2017,Dang,Purandhara,2,n_omission,0-PK,0,7.46,28.19831167,82.10394
2017,Dang,Purandhara,2,n_omission,0-PK,0,6.38,28.19368833,82.094185
2017,Dang,Purandhara,3,p_omission,0-NK,120,8.28,28.19847,82.10407
2017,Dang,Purandhara,3,p_omission,0-NK,120,6.27,28.19365833,82.09421
2017,Dang,Purandhara,3,p_omission,0-NK,120,8.89,28.182825,82.09840167
2017,Dang,Purandhara,4,k_omission,0-NP,120,6.29,28.19853167,82.10404333
2017,Dang,Purandhara,4,k_omission,0-NP,120,7.36,28.19369667,82.094035
2017,Dang,Purandhara,4,k_omission,0-NP,120,6.72,28.18281333,82.098295
2017,Dang,Purandhara,5,n_rate_60,N60,60,6.76,28.19829333,82.10390167
2017,Dang,Purandhara,5,n_rate_60,N60,60,6.2,28.193815,82.094045
2017,Dang,Purandhara,5,n_rate_60,N60,60,8.89,28.182795,82.09853333
2017,Dang,Purandhara,6,government_recommendation,GR,120,8.18,28.19844333,82.10414167
2017,Dang,Purandhara,6,government_recommendation,GR,120,5.72,28.19381667,82.09396167
2017,Dang,Purandhara,6,government_recommendation,GR,120,8.27,28.18305667,82.09859167
2017,Dang,Purandhara,7,n_rate_180,N180,180,7.24,28.19844167,82.10388
2017,Dang,Purandhara,7,n_rate_180,N180,180,7.56,28.193805,82.09411667
2017,Dang,Purandhara,7,n_rate_180,N180,180,8.09,28.183085,82.09852333
2017,Dang,Purandhara,8,n_rate_210,N210,210,7.5,28.19837667,82.10386333
2017,Dang,Purandhara,8,n_rate_210,N210,210,7.39,28.19380333,82.09407167
2017,Dang,Purandhara,8,n_rate_210,N210,210,7.51,28.18318167,82.09842167
2017,Dang,Purandhara,9,micronutrients,micronutrients,120,8.11,28.19832333,82.10405833
2017,Dang,Purandhara,9,micronutrients,micronutrients,120,6.18,28.19365333,82.09414667
2017,Dang,Purandhara,9,micronutrients,micronutrients,120,7.72,28.18272,82.09843833
2017,Dang,Shantinagar,1,soil_background,0-0-0,0,2.65,28.15926667,82.22875167
2017,Dang,Shantinagar,1,soil_background,0-0-0,0,3.17,28.167725,82.22625
2017,Dang,Shantinagar,10,ks_treatment,ks_treatment,120,10.24,28.16928167,82.23519333
2017,Dang,Shantinagar,10,ks_treatment,ks_treatment,120,8.18,28.159185,82.22877167
2017,Dang,Shantinagar,10,ks_treatment,ks_treatment,120,9.15,28.16775167,82.22619333
2017,Dang,Shantinagar,2,n_omission,0-PK,0,3.41,28.16917833,82.23504167
2017,Dang,Shantinagar,2,n_omission,0-PK,0,8.23,28.15920667,82.228755
2017,Dang,Shantinagar,3,p_omission,0-NK,120,9.77,28.16917333,82.235095
2017,Dang,Shantinagar,3,p_omission,0-NK,120,8.99,28.15929167,82.22872667
2017,Dang,Shantinagar,3,p_omission,0-NK,120,9.14,28.16783833,82.22627667
2017,Dang,Shantinagar,4,k_omission,0-NP,120,8.98,28.16909333,82.235045
2017,Dang,Shantinagar,4,k_omission,0-NP,120,9.12,28.15931167,82.22882833
2017,Dang,Shantinagar,4,k_omission,0-NP,120,8.11,28.167775,82.22629167
2017,Dang,Shantinagar,5,n_rate_60,N60,60,8.88,28.16912167,82.23516167
2017,Dang,Shantinagar,5,n_rate_60,N60,60,8.52,28.15925167,82.22883
2017,Dang,Shantinagar,6,government_recommendation,GR,120,9.31,28.15931667,82.22884167
2017,Dang,Shantinagar,6,government_recommendation,GR,120,8.84,28.16774,82.22640167
2017,Dang,Shantinagar,7,n_rate_180,N180,180,9.1,28.16922667,82.23515
2017,Dang,Shantinagar,7,n_rate_180,N180,180,8.66,28.15929667,82.228805
2017,Dang,Shantinagar,8,n_rate_210,N210,210,8.59,28.15921,82.22875833
2017,Dang,Shantinagar,8,n_rate_210,N210,210,8.49,28.16785667,82.22621167
2017,Dang,Shantinagar,9,micronutrients,micronutrients,120,10.07,28.16926167,82.234965
2017,Dang,Shantinagar,9,micronutrients,micronutrients,120,7.52,28.15927333,82.22874167
2017,Dang,Shantinagar,9,micronutrients,micronutrients,120,8.61,28.16777,82.226335
2017,Dang,Shreegau,1,soil_background,0-0-0,0,4.06,28.09885833,82.16455
2017,Dang,Shreegau,1,soil_background,0-0-0,0,5.0,28.11214333,82.18997833
2017,Dang,Shreegau,1,soil_background,0-0-0,0,3.31,28.108055,82.18268833
2017,Dang,Shreegau,10,ks_treatment,ks_treatment,120,6.67,28.09880833,82.16453333
2017,Dang,Shreegau,10,ks_treatment,ks_treatment,120,6.52,28.11225167,82.18994
2017,Dang,Shreegau,10,ks_treatment,ks_treatment,120,6.69,28.10802833,82.18266333
2017,Dang,Shreegau,2,n_omission,0-PK,0,5.09,28.09895,82.164535
2017,Dang,Shreegau,2,n_omission,0-PK,0,6.69,28.11225333,82.18996167
2017,Dang,Shreegau,2,n_omission,0-PK,0,3.72,28.10806,82.18275333
2017,Dang,Shreegau,3,p_omission,0-NK,120,5.93,28.09889667,82.164565
2017,Dang,Shreegau,3,p_omission,0-NK,120,6.36,28.11209,82.19005333
2017,Dang,Shreegau,3,p_omission,0-NK,120,5.27,28.10801667,82.1828
2017,Dang,Shreegau,4,k_omission,0-NP,120,5.61,28.09896833,82.164575
2017,Dang,Shreegau,4,k_omission,0-NP,120,5.92,28.112235,82.19002833
2017,Dang,Shreegau,4,k_omission,0-NP,120,7.46,28.10803667,82.18280167
2017,Dang,Shreegau,5,n_rate_60,N60,60,5.64,28.09894333,82.16462833
2017,Dang,Shreegau,5,n_rate_60,N60,60,6.92,28.11216667,82.190005
2017,Dang,Shreegau,5,n_rate_60,N60,60,6.27,28.10803667,82.182595
2017,Dang,Shreegau,6,government_recommendation,GR,120,5.69,28.09899833,82.164525
2017,Dang,Shreegau,6,government_recommendation,GR,120,6.05,28.11215,82.18997333
2017,Dang,Shreegau,6,government_recommendation,GR,120,6.72,28.108095,82.18262
2017,Dang,Shreegau,7,n_rate_180,N180,180,6.94,28.09895333,82.16464667
2017,Dang,Shreegau,7,n_rate_180,N180,180,6.81,28.11210333,82.19006333
2017,Dang,Shreegau,7,n_rate_180,N180,180,6.43,28.10811,82.18265167
2017,Dang,Shreegau,8,n_rate_210,N210,210,7.18,28.09898833,82.164605
2017,Dang,Shreegau,8,n_rate_210,N210,210,6.58,28.11221,82.18994832999999
2017,Dang,Shreegau,8,n_rate_210,N210,210,5.55,28.10801,82.18283667
2017,Dang,Shreegau,9,micronutrients,micronutrients,120,5.94,28.09897,82.16454667
2017,Dang,Shreegau,9,micronutrients,micronutrients,120,6.08,28.11217667,82.19013167
2017,Dang,Shreegau,9,micronutrients,micronutrients,120,6.14,28.10799833,82.18278667
2017,Surkhet,Babiyachaur,1,soil_background,0-0-0,0,7.17,28.8088505,81.3939897
2017,Surkhet,Babiyachaur,1,soil_background,0-0-0,0,7.75,28.8211626,81.4134021
2017,Surkhet,Babiyachaur,10,ks_treatment,ks_treatment,120,11.8,28.80886,81.393976
2017,Surkhet,Babiyachaur,10,ks_treatment,ks_treatment,120,11.73,28.8261408,81.4113582
2017,Surkhet,Babiyachaur,10,ks_treatment,ks_treatment,120,12.5,28.8211604,81.4134294
2017,Surkhet,Babiyachaur,2,n_omission,0-PK,0,7.68,28.8088475,81.3939939
2017,Surkhet,Babiyachaur,2,n_omission,0-PK,0,9.69,28.8211541,81.4133801
2017,Surkhet,Babiyachaur,3,p_omission,0-NK,120,7.48,28.8088521,81.3939841
2017,Surkhet,Babiyachaur,3,p_omission,0-NK,120,10.8,28.826074,81.4112482
2017,Surkhet,Babiyachaur,3,p_omission,0-NK,120,11.69,28.8211458,81.4133831
2017,Surkhet,Babiyachaur,4,k_omission,0-NP,120,11.94,28.8088469,81.3939938
2017,Surkhet,Babiyachaur,4,k_omission,0-NP,120,12.13,28.8260309,81.4111856
2017,Surkhet,Babiyachaur,4,k_omission,0-NP,120,11.26,28.82111,81.413371
2017,Surkhet,Babiyachaur,5,n_rate_60,N60,60,9.59,28.8088501,81.3939867
2017,Surkhet,Babiyachaur,5,n_rate_60,N60,60,11.43,28.8260665,81.4112789
2017,Surkhet,Babiyachaur,5,n_rate_60,N60,60,10.67,28.821164,81.4134161
2017,Surkhet,Babiyachaur,6,government_recommendation,GR,120,11.44,28.8087818,81.3939711
2017,Surkhet,Babiyachaur,6,government_recommendation,GR,120,10.83,28.8211421,81.4133375
2017,Surkhet,Babiyachaur,7,n_rate_180,N180,180,11.94,28.808847,81.3939854
2017,Surkhet,Babiyachaur,7,n_rate_180,N180,180,12.07,28.8261686,81.4112852
2017,Surkhet,Babiyachaur,7,n_rate_180,N180,180,10.92,28.8211589,81.4134189
2017,Surkhet,Babiyachaur,8,n_rate_210,N210,210,10.58,28.8088498,81.393989
2017,Surkhet,Babiyachaur,8,n_rate_210,N210,210,10.83,28.8261607,81.4113534
2017,Surkhet,Babiyachaur,8,n_rate_210,N210,210,10.96,28.8211589,81.413425
2017,Surkhet,Babiyachaur,9,micronutrients,micronutrients,120,10.65,28.8088282,81.3940206
2017,Surkhet,Babiyachaur,9,micronutrients,micronutrients,120,11.17,28.8260151,81.4111587
2017,Surkhet,Babiyachaur,9,micronutrients,micronutrients,120,11.73,28.8212308,81.4134017
2017,Surkhet,Gadhi,1,soil_background,0-0-0,0,7.02,28.65119517,81.60158525
2017,Surkhet,Gadhi,1,soil_background,0-0-0,0,2.14,28.6411379,81.6042313
2017,Surkhet,Gadhi,10,ks_treatment,ks_treatment,120,12.17,28.65120043,81.60159096
2017,Surkhet,Gadhi,10,ks_treatment,ks_treatment,120,11.22,28.6412447,81.6042166
2017,Surkhet,Gadhi,2,n_omission,0-PK,0,9.68,28.65118965,81.60158798
2017,Surkhet,Gadhi,2,n_omission,0-PK,0,4.55,28.6411182,81.6042125
2017,Surkhet,Gadhi,3,p_omission,0-NK,120,10.48,28.65118905,81.60159184
2017,Surkhet,Gadhi,3,p_omission,0-NK,120,11.17,28.6411095,81.6042155
2017,Surkhet,Gadhi,4,k_omission,0-NP,120,9.89,28.65119118,81.60159924
2017,Surkhet,Gadhi,4,k_omission,0-NP,120,13.0,28.6411099,81.6042283
2017,Surkhet,Gadhi,5,n_rate_60,N60,60,9.17,28.65119685,81.60158947
2017,Surkhet,Gadhi,5,n_rate_60,N60,60,11.67,28.641167,81.6042906
2017,Surkhet,Gadhi,6,government_recommendation,GR,120,10.35,28.65122691,81.60160623
2017,Surkhet,Gadhi,6,government_recommendation,GR,120,11.67,28.6410905,81.60421
2017,Surkhet,Gadhi,7,n_rate_180,N180,180,10.42,28.65119491,81.60158672
2017,Surkhet,Gadhi,7,n_rate_180,N180,180,12.33,28.6411939,81.6042881
2017,Surkhet,Gadhi,8,n_rate_210,N210,210,11.67,28.65119395,81.60158854
2017,Surkhet,Gadhi,8,n_rate_210,N210,210,12.0,28.6412356,81.6042663
2017,Surkhet,Gadhi,9,micronutrients,micronutrients,120,10.33,28.6511999,81.60159244
2017,Surkhet,Gadhi,9,micronutrients,micronutrients,120,11.83,28.6411006,81.6042232
2017,Surkhet,Ghumkhare,1,soil_background,0-0-0,0,7.76,28.4405855,81.897729
2017,Surkhet,Ghumkhare,10,ks_treatment,ks_treatment,120,10.91,28.4402143,81.8983721
2017,Surkhet,Ghumkhare,10,ks_treatment,ks_treatment,120,10.75,28.4374184,81.8966873
2017,Surkhet,Ghumkhare,10,ks_treatment,ks_treatment,120,10.25,28.4406258,81.8977755
2017,Surkhet,Ghumkhare,2,n_omission,0-PK,0,1.92,28.4373608,81.896523
2017,Surkhet,Ghumkhare,2,n_omission,0-PK,0,9.92,28.4405757,81.8977125
2017,Surkhet,Ghumkhare,3,p_omission,0-NK,120,10.47,28.4403378,81.8985227
2017,Surkhet,Ghumkhare,3,p_omission,0-NK,120,9.98,28.4373607,81.8964951
2017,Surkhet,Ghumkhare,3,p_omission,0-NK,120,11.16,28.440633,81.8976347
2017,Surkhet,Ghumkhare,4,k_omission,0-NP,120,10.57,28.4403528,81.8985279
2017,Surkhet,Ghumkhare,4,k_omission,0-NP,120,10.98,28.4373577,81.8965341
2017,Surkhet,Ghumkhare,4,k_omission,0-NP,120,9.92,28.4406521,81.8976365
2017,Surkhet,Ghumkhare,5,n_rate_60,N60,60,10.12,28.4402822,81.8985258
2017,Surkhet,Ghumkhare,5,n_rate_60,N60,60,10.45,28.4373558,81.8965774
2017,Surkhet,Ghumkhare,5,n_rate_60,N60,60,10.56,28.4405851,81.8977242
2017,Surkhet,Ghumkhare,6,government_recommendation,GR,120,10.5,28.4404686,81.8985371
2017,Surkhet,Ghumkhare,6,government_recommendation,GR,120,9.31,28.437459,81.8965866
2017,Surkhet,Ghumkhare,6,government_recommendation,GR,120,10.53,28.4407304,81.8975914
2017,Surkhet,Ghumkhare,7,n_rate_180,N180,180,9.87,28.4402503,81.8984343
2017,Surkhet,Ghumkhare,7,n_rate_180,N180,180,10.04,28.4373753,81.8966023
2017,Surkhet,Ghumkhare,7,n_rate_180,N180,180,10.14,28.4406072,81.8978186
2017,Surkhet,Ghumkhare,8,n_rate_210,N210,210,10.44,28.4402285,81.8983857
2017,Surkhet,Ghumkhare,8,n_rate_210,N210,210,10.51,28.4373568,81.896664
2017,Surkhet,Ghumkhare,8,n_rate_210,N210,210,9.53,28.4406231,81.897792
2017,Surkhet,Ghumkhare,9,micronutrients,micronutrients,120,9.82,28.4404023,81.8985183
2017,Surkhet,Ghumkhare,9,micronutrients,micronutrients,120,10.76,28.4374148,81.8965462
2017,Surkhet,Ghumkhare,9,micronutrients,micronutrients,120,11.16,28.4407207,81.8975823
2017,Surkhet,Guthu,1,soil_background,0-0-0,0,6.67,28.8512093,81.2906702
2017,Surkhet,Guthu,1,soil_background,0-0-0,0,6.83,28.8447252,81.3143365
2017,Surkhet,Guthu,10,ks_treatment,ks_treatment,120,8.33,28.8359241,81.3071581
2017,Surkhet,Guthu,10,ks_treatment,ks_treatment,120,13.33,28.8512077,81.2907456
2017,Surkhet,Guthu,10,ks_treatment,ks_treatment,120,8.4,28.8446947,81.3143243
2017,Surkhet,Guthu,2,n_omission,0-PK,0,6.67,28.8512097,81.2906681
2017,Surkhet,Guthu,2,n_omission,0-PK,0,7.07,28.8447134,81.3142826
2017,Surkhet,Guthu,3,p_omission,0-NK,120,15.0,28.8357039,81.3070809
2017,Surkhet,Guthu,3,p_omission,0-NK,120,11.67,28.8512909,81.2906287
2017,Surkhet,Guthu,3,p_omission,0-NK,120,8.17,28.8447068,81.314301
2017,Surkhet,Guthu,4,k_omission,0-NP,120,13.33,28.8357099,81.3070776
2017,Surkhet,Guthu,4,k_omission,0-NP,120,11.67,28.8513065,81.290645
2017,Surkhet,Guthu,4,k_omission,0-NP,120,8.53,28.8446832,81.3143124
2017,Surkhet,Guthu,5,n_rate_60,N60,60,9.35,28.8357872,81.307123
2017,Surkhet,Guthu,5,n_rate_60,N60,60,9.32,28.8511835,81.2906736
2017,Surkhet,Guthu,5,n_rate_60,N60,60,8.93,28.844704,81.3143314
2017,Surkhet,Guthu,6,government_recommendation,GR,120,15.0,28.8356823,81.3071318
2017,Surkhet,Guthu,6,government_recommendation,GR,120,11.67,28.851265,81.2907202
2017,Surkhet,Guthu,6,government_recommendation,GR,120,7.7,28.8447023,81.3142723
2017,Surkhet,Guthu,7,n_rate_180,N180,180,11.67,28.8357965,81.3071123
2017,Surkhet,Guthu,7,n_rate_180,N180,180,15.67,28.8512311,81.2907746
2017,Surkhet,Guthu,7,n_rate_180,N180,180,8.33,28.8446838,81.3143323
2017,Surkhet,Guthu,8,n_rate_210,N210,210,10.0,28.8358032,81.3071104
2017,Surkhet,Guthu,8,n_rate_210,N210,210,11.67,28.8512067,81.2907689
2017,Surkhet,Guthu,8,n_rate_210,N210,210,9.67,28.8447008,81.3143203
2017,Surkhet,Guthu,9,micronutrients,micronutrients,120,13.33,28.8356875,81.3070767
2017,Surkhet,Guthu,9,micronutrients,micronutrients,120,11.67,28.8512756,81.2906494
2017,Surkhet,Guthu,9,micronutrients,micronutrients,120,8.33,28.8446973,81.3143267
2017,Surkhet,Kalyan,1,soil_background,0-0-0,0,7.75,28.5031584,81.7380663
2017,Surkhet,Kalyan,1,soil_background,0-0-0,0,5.65,28.5036559,81.7378121
2017,Surkhet,Kalyan,1,soil_background,0-0-0,0,6.68,28.5019833,81.7370833
2017,Surkhet,Kalyan,10,ks_treatment,ks_treatment,120,12.5,28.5032603,81.7380041
2017,Surkhet,Kalyan,10,ks_treatment,ks_treatment,120,9.81,28.5037682,81.737802
2017,Surkhet,Kalyan,10,ks_treatment,ks_treatment,120,7.53,28.5020194,81.7370365
2017,Surkhet,Kalyan,2,n_omission,0-PK,0,9.69,28.5031478,81.7380709
2017,Surkhet,Kalyan,2,n_omission,0-PK,0,6.33,28.5036459,81.737812
2017,Surkhet,Kalyan,2,n_omission,0-PK,0,6.93,28.5019397,81.7371129
2017,Surkhet,Kalyan,3,p_omission,0-NK,120,11.69,28.5031646,81.7380525
2017,Surkhet,Kalyan,3,p_omission,0-NK,120,8.52,28.5036354,81.737807
2017,Surkhet,Kalyan,3,p_omission,0-NK,120,8.8,28.5019468,81.7371354
2017,Surkhet,Kalyan,4,k_omission,0-NP,120,11.26,28.5031423,81.7380956
2017,Surkhet,Kalyan,4,k_omission,0-NP,120,8.85,28.5036384,81.737801
2017,Surkhet,Kalyan,4,k_omission,0-NP,120,8.39,28.501959,81.7371378
2017,Surkhet,Kalyan,5,n_rate_60,N60,60,10.67,28.5031729,81.7380654
2017,Surkhet,Kalyan,5,n_rate_60,N60,60,9.19,28.503683,81.7378137
2017,Surkhet,Kalyan,5,n_rate_60,N60,60,8.44,28.5019005,81.7370448
2017,Surkhet,Kalyan,6,government_recommendation,GR,120,10.83,28.5030679,81.7380402
2017,Surkhet,Kalyan,6,government_recommendation,GR,120,9.54,28.5036159,81.7378842
2017,Surkhet,Kalyan,6,government_recommendation,GR,120,9.04,28.5019482,81.7372238
2017,Surkhet,Kalyan,7,n_rate_180,N180,180,10.92,28.503228,81.7380105
2017,Surkhet,Kalyan,7,n_rate_180,N180,180,11.29,28.5038875,81.7378327
2017,Surkhet,Kalyan,7,n_rate_180,N180,180,8.64,28.5019351,81.7370544
2017,Surkhet,Kalyan,8,n_rate_210,N210,210,10.96,28.5032536,81.7380044
2017,Surkhet,Kalyan,8,n_rate_210,N210,210,8.99,28.5037744,81.7378047
2017,Surkhet,Kalyan,8,n_rate_210,N210,210,9.64,28.5019708,81.7370549
2017,Surkhet,Kalyan,9,micronutrients,micronutrients,120,11.73,28.5031711,81.7380705
2017,Surkhet,Kalyan,9,micronutrients,micronutrients,120,8.85,28.5036597,81.7378024
2017,Surkhet,Kalyan,9,micronutrients,micronutrients,120,7.94,28.5019647,81.737189
2017,Surkhet,Lekhpharsa,1,soil_background,0-0-0,0,5.31,28.4743615,81.8018271
2017,Surkhet,Lekhpharsa,1,soil_background,0-0-0,0,7.17,28.4777842,81.8152825
2017,Surkhet,Lekhpharsa,1,soil_background,0-0-0,0,7.52,28.4694949,81.8085782
2017,Surkhet,Lekhpharsa,10,ks_treatment,ks_treatment,120,10.6,28.4743837,81.8017183
2017,Surkhet,Lekhpharsa,10,ks_treatment,ks_treatment,120,11.8,28.4777257,81.8152531
2017,Surkhet,Lekhpharsa,10,ks_treatment,ks_treatment,120,10.67,28.4694686,81.8085855
2017,Surkhet,Lekhpharsa,2,n_omission,0-PK,0,5.79,28.4743686,81.8018083
2017,Surkhet,Lekhpharsa,2,n_omission,0-PK,0,7.68,28.4777745,81.8153383
2017,Surkhet,Lekhpharsa,2,n_omission,0-PK,0,9.97,28.4694211,81.8085575
2017,Surkhet,Lekhpharsa,3,p_omission,0-NK,120,8.88,28.4743987,81.8018183
2017,Surkhet,Lekhpharsa,3,p_omission,0-NK,120,7.48,28.477777,81.8153445
2017,Surkhet,Lekhpharsa,3,p_omission,0-NK,120,10.79,28.4693786,81.8085697
2017,Surkhet,Lekhpharsa,4,k_omission,0-NP,120,8.59,28.4743871,81.8018858
2017,Surkhet,Lekhpharsa,4,k_omission,0-NP,120,11.94,28.4777829,81.8153468
2017,Surkhet,Lekhpharsa,4,k_omission,0-NP,120,10.33,28.4694382,81.8085568
2017,Surkhet,Lekhpharsa,5,n_rate_60,N60,60,7.09,28.474367,81.8018125
2017,Surkhet,Lekhpharsa,5,n_rate_60,N60,60,9.59,28.4777641,81.8152855
2017,Surkhet,Lekhpharsa,5,n_rate_60,N60,60,11.64,28.4695026,81.8086151
2017,Surkhet,Lekhpharsa,6,government_recommendation,GR,120,8.58,28.4744483,81.8018851
2017,Surkhet,Lekhpharsa,6,government_recommendation,GR,120,11.44,28.4777854,81.8152642
2017,Surkhet,Lekhpharsa,6,government_recommendation,GR,120,9.69,28.469482,81.8085511
2017,Surkhet,Lekhpharsa,7,n_rate_180,N180,180,10.37,28.4744016,81.8017761
2017,Surkhet,Lekhpharsa,7,n_rate_180,N180,180,11.94,28.4777382,81.815277
2017,Surkhet,Lekhpharsa,7,n_rate_180,N180,180,11.16,28.4694701,81.8086414
2017,Surkhet,Lekhpharsa,8,n_rate_210,N210,210,8.44,28.4743841,81.8017486
2017,Surkhet,Lekhpharsa,8,n_rate_210,N210,210,10.58,28.4777178,81.8152592
2017,Surkhet,Lekhpharsa,8,n_rate_210,N210,210,12.4,28.4694878,81.8085993
2017,Surkhet,Lekhpharsa,9,micronutrients,micronutrients,120,7.29,28.4743954,81.8018951
2017,Surkhet,Lekhpharsa,9,micronutrients,micronutrients,120,10.65,28.4777604,81.8153046
2017,Surkhet,Lekhpharsa,9,micronutrients,micronutrients,120,9.97,28.4694376,81.8085693
2017,Surkhet,Maintada-3,1,soil_background,0-0-0,0,3.18,28.43492997,81.81850476
2017,Surkhet,Maintada-3,1,soil_background,0-0-0,0,5.61,28.44871629,81.80507469
2017,Surkhet,Maintada-3,10,ks_treatment,ks_treatment,120,5.8,28.43493196,81.81849696
2017,Surkhet,Maintada-3,10,ks_treatment,ks_treatment,120,9.1,28.45075834,81.79220929
2017,Surkhet,Maintada-3,10,ks_treatment,ks_treatment,120,8.35,28.4487152,81.80505819
2017,Surkhet,Maintada-3,2,n_omission,0-PK,0,4.71,28.43495389,81.81847131
2017,Surkhet,Maintada-3,2,n_omission,0-PK,0,9.31,28.45073505,81.79222792
2017,Surkhet,Maintada-3,2,n_omission,0-PK,0,6.33,28.44871299,81.80507007
2017,Surkhet,Maintada-3,3,p_omission,0-NK,120,4.73,28.43493026,81.81849589
2017,Surkhet,Maintada-3,3,p_omission,0-NK,120,9.19,28.45076934,81.79221296
2017,Surkhet,Maintada-3,3,p_omission,0-NK,120,9.32,28.44872612,81.80507037
2017,Surkhet,Maintada-3,4,k_omission,0-NP,120,4.69,28.43493603,81.81848194
2017,Surkhet,Maintada-3,4,k_omission,0-NP,120,9.95,28.45076174,81.79223735
2017,Surkhet,Maintada-3,4,k_omission,0-NP,120,9.42,28.44871857,81.80508549
2017,Surkhet,Maintada-3,5,n_rate_60,N60,60,3.2,28.43494085,81.81848139
2017,Surkhet,Maintada-3,5,n_rate_60,N60,60,9.43,28.45073898,81.7922851
2017,Surkhet,Maintada-3,5,n_rate_60,N60,60,9.68,28.44871747,81.80507485
2017,Surkhet,Maintada-3,6,government_recommendation,GR,120,4.43,28.43486518,81.81861291
2017,Surkhet,Maintada-3,6,government_recommendation,GR,120,9.99,28.45081012,81.79245221
2017,Surkhet,Maintada-3,6,government_recommendation,GR,120,9.09,28.44871487,81.8051202
2017,Surkhet,Maintada-3,7,n_rate_180,N180,180,5.88,28.43494031,81.8184741
2017,Surkhet,Maintada-3,7,n_rate_180,N180,180,9.85,28.45076451,81.79222031
2017,Surkhet,Maintada-3,7,n_rate_180,N180,180,8.55,28.44870861,81.80506711
2017,Surkhet,Maintada-3,8,n_rate_210,N210,210,5.32,28.43496431,81.81842819
2017,Surkhet,Maintada-3,8,n_rate_210,N210,210,8.87,28.45077138,81.79234673
2017,Surkhet,Maintada-3,8,n_rate_210,N210,210,9.8,28.44871181,81.80506274
2017,Surkhet,Maintada-3,9,micronutrients,micronutrients,120,6.53,28.43486229,81.81861192
2017,Surkhet,Maintada-3,9,micronutrients,micronutrients,120,9.22,28.45069806,81.79236939
2017,Surkhet,Maintada-3,9,micronutrients,micronutrients,120,9.27,28.44873219,81.80510118
2017,Surkhet,Maintada-4,1,soil_background,0-0-0,0,6.7,28.42060723,81.79859145
2017,Surkhet,Maintada-4,1,soil_background,0-0-0,0,5.9,28.42142047,81.79066701
2017,Surkhet,Maintada-4,1,soil_background,0-0-0,0,5.83,28.41748338,81.79712142
2017,Surkhet,Maintada-4,10,ks_treatment,ks_treatment,120,8.0,28.42060517,81.79860588
2017,Surkhet,Maintada-4,10,ks_treatment,ks_treatment,120,8.9,28.42138532,81.79064334
2017,Surkhet,Maintada-4,10,ks_treatment,ks_treatment,120,9.23,28.41742097,81.7970787
2017,Surkhet,Maintada-4,2,n_omission,0-PK,0,8.37,28.42070244,81.79848167
2017,Surkhet,Maintada-4,2,n_omission,0-PK,0,6.27,28.42146073,81.7906461
2017,Surkhet,Maintada-4,2,n_omission,0-PK,0,5.8,28.41743858,81.79711098
2017,Surkhet,Maintada-4,3,p_omission,0-NK,120,9.13,28.42058798,81.79854022
2017,Surkhet,Maintada-4,3,p_omission,0-NK,120,8.0,28.42133,81.79064528
2017,Surkhet,Maintada-4,3,p_omission,0-NK,120,8.33,28.41745979,81.79710643
2017,Surkhet,Maintada-4,4,k_omission,0-NP,120,10.67,28.42062554,81.7985362
2017,Surkhet,Maintada-4,4,k_omission,0-NP,120,7.8,28.42130959,81.79066165
2017,Surkhet,Maintada-4,4,k_omission,0-NP,120,8.7,28.41742904,81.79714719
2017,Surkhet,Maintada-4,5,n_rate_60,N60,60,7.67,28.42136997,81.79065566
2017,Surkhet,Maintada-4,5,n_rate_60,N60,60,8.2,28.41743471,81.79708515
2017,Surkhet,Maintada-4,6,government_recommendation,GR,120,8.4,28.4206492,81.79850948
2017,Surkhet,Maintada-4,6,government_recommendation,GR,120,7.53,28.42129912,81.79061136
2017,Surkhet,Maintada-4,6,government_recommendation,GR,120,8.17,28.41740691,81.79703698
2017,Surkhet,Maintada-4,7,n_rate_180,N180,180,10.53,28.42068738,81.79856716
2017,Surkhet,Maintada-4,7,n_rate_180,N180,180,8.67,28.42137999,81.79066383
2017,Surkhet,Maintada-4,7,n_rate_180,N180,180,8.27,28.41744334,81.7970804
2017,Surkhet,Maintada-4,8,n_rate_210,N210,210,10.67,28.42067662,81.79857181
2017,Surkhet,Maintada-4,8,n_rate_210,N210,210,9.13,28.42138722,81.79062677
2017,Surkhet,Maintada-4,8,n_rate_210,N210,210,10.33,28.41743073,81.79707325
2017,Surkhet,Maintada-4,9,micronutrients,micronutrients,120,8.67,28.42057292,81.79853302
2017,Surkhet,Maintada-4,9,micronutrients,micronutrients,120,7.83,28.42129618,81.79066762
2017,Surkhet,Maintada-4,9,micronutrients,micronutrients,120,7.73,28.41740369,81.79715228
2017,Surkhet,Neta,1,soil_background,0-0-0,0,5.77,28.5514112,81.7951889
2017,Surkhet,Neta,1,soil_background,0-0-0,0,6.71,28.5487232,81.7925169
2017,Surkhet,Neta,10,ks_treatment,ks_treatment,120,14.05,28.551476,81.7953966
2017,Surkhet,Neta,10,ks_treatment,ks_treatment,120,10.46,28.5351432,81.7872539
2017,Surkhet,Neta,10,ks_treatment,ks_treatment,120,12.91,28.5487218,81.7924999
2017,Surkhet,Neta,2,n_omission,0-PK,0,10.01,28.5514111,81.7951858
2017,Surkhet,Neta,2,n_omission,0-PK,0,9.77,28.5487202,81.7925238
2017,Surkhet,Neta,3,p_omission,0-NK,120,12.41,28.5514118,81.7951984
2017,Surkhet,Neta,3,p_omission,0-NK,120,12.79,28.5351828,81.7872213
2017,Surkhet,Neta,3,p_omission,0-NK,120,12.67,28.5487245,81.7925209
2017,Surkhet,Neta,4,k_omission,0-NP,120,12.8,28.5514173,81.7952014
2017,Surkhet,Neta,4,k_omission,0-NP,120,11.03,28.5351988,81.7872069
2017,Surkhet,Neta,4,k_omission,0-NP,120,12.77,28.5487276,81.7925342
2017,Surkhet,Neta,5,n_rate_60,N60,60,11.44,28.5351554,81.7871592
2017,Surkhet,Neta,5,n_rate_60,N60,60,10.67,28.5487181,81.7925085
2017,Surkhet,Neta,6,government_recommendation,GR,120,13.17,28.551381,81.7952726
2017,Surkhet,Neta,6,government_recommendation,GR,120,13.17,28.535254,81.7872966
2017,Surkhet,Neta,6,government_recommendation,GR,120,12.06,28.54875,81.7925258
2017,Surkhet,Neta,7,n_rate_180,N180,180,13.29,28.5514874,81.7952279
2017,Surkhet,Neta,7,n_rate_180,N180,180,13.02,28.5351562,81.7872231
2017,Surkhet,Neta,7,n_rate_180,N180,180,13.17,28.5487239,81.7925095
2017,Surkhet,Neta,8,n_rate_210,N210,210,12.6,28.5514871,81.7952734
2017,Surkhet,Neta,8,n_rate_210,N210,210,10.97,28.5351457,81.7872272
2017,Surkhet,Neta,8,n_rate_210,N210,210,8.86,28.5487254,81.7925066
2017,Surkhet,Neta,9,micronutrients,micronutrients,120,12.44,28.5514134,81.7952201
2017,Surkhet,Neta,9,micronutrients,micronutrients,120,12.44,28.5352704,81.7872969
2017,Surkhet,Neta,9,micronutrients,micronutrients,120,10.45,28.5487329,81.7925464
2017,Surkhet,Ramghat,1,soil_background,0-0-0,0,2.7,28.4888079,81.7436679
2017,Surkhet,Ramghat,1,soil_background,0-0-0,0,4.43,28.4865092,81.7436874
2017,Surkhet,Ramghat,10,ks_treatment,ks_treatment,120,13.03,28.4934462,81.7414922
2017,Surkhet,Ramghat,10,ks_treatment,ks_treatment,120,9.25,28.4864734,81.7436879
2017,Surkhet,Ramghat,2,n_omission,0-PK,0,9.62,28.4934884,81.7414242
2017,Surkhet,Ramghat,2,n_omission,0-PK,0,6.33,28.4865407,81.7437029
2017,Surkhet,Ramghat,3,p_omission,0-NK,120,14.65,28.4886873,81.7436712
2017,Surkhet,Ramghat,3,p_omission,0-NK,120,10.93,28.4934886,81.7414354
2017,Surkhet,Ramghat,3,p_omission,0-NK,120,8.55,28.486536,81.743701
2017,Surkhet,Ramghat,4,k_omission,0-NP,120,14.63,28.4886847,81.7436749
2017,Surkhet,Ramghat,4,k_omission,0-NP,120,11.25,28.4934707,81.7414186
2017,Surkhet,Ramghat,4,k_omission,0-NP,120,8.39,28.4865312,81.7437037
2017,Surkhet,Ramghat,5,n_rate_60,N60,60,11.34,28.4934472,81.7414247
2017,Surkhet,Ramghat,5,n_rate_60,N60,60,8.59,28.4864966,81.7436865
2017,Surkhet,Ramghat,6,government_recommendation,GR,120,17.43,28.4886744,81.7436785
2017,Surkhet,Ramghat,6,government_recommendation,GR,120,11.2,28.4935624,81.7413548
2017,Surkhet,Ramghat,6,government_recommendation,GR,120,8.39,28.4866523,81.7435899
2017,Surkhet,Ramghat,7,n_rate_180,N180,180,10.67,28.4934338,81.7414195
2017,Surkhet,Ramghat,7,n_rate_180,N180,180,9.06,28.4864809,81.7436837
2017,Surkhet,Ramghat,8,n_rate_210,N210,210,10.58,28.4934907,81.7414839
2017,Surkhet,Ramghat,8,n_rate_210,N210,210,8.91,28.4864739,81.7436833
2017,Surkhet,Ramghat,9,micronutrients,micronutrients,120,19.1,28.4886803,81.7436774
2017,Surkhet,Ramghat,9,micronutrients,micronutrients,120,11.54,28.493443,81.7413792
2017,Surkhet,Ramghat,9,micronutrients,micronutrients,120,8.91,28.4865772,81.7436684
2018,Dang,Dhikpur,1,government_recommendation,GR,120,8.5,28.02591811,82.37744009
2018,Dang,Dhikpur,1,government_recommendation,GR,120,7.98,28.02224587,82.36637531
2018,Dang,Dhikpur,1,government_recommendation,GR,120,8.45,28.05341519,82.37637249
2018,Dang,Dhikpur,2,pcu_full_n,PCU_N120,120,8.47,28.02591564,82.37738016
2018,Dang,Dhikpur,2,pcu_full_n,PCU_N120,120,8.83,28.02229549,82.36624857
2018,Dang,Dhikpur,2,pcu_full_n,PCU_N120,120,7.91,28.05334504,82.3763486
2018,Dang,Dhikpur,3,pcu_half_n,PCU_N60,60,8.51,28.02600524,82.37724898
2018,Dang,Dhikpur,3,pcu_half_n,PCU_N60,60,9.18,28.02235211,82.36640532
2018,Dang,Dhikpur,3,pcu_half_n,PCU_N60,60,9.47,28.05340614,82.37640962
2018,Dang,Dhikpur,4,udp_reduced_n,UDP_N78,78,8.53,28.02592699,82.37743489
2018,Dang,Dhikpur,4,udp_reduced_n,UDP_N78,78,8.44,28.02229524,82.36626609
2018,Dang,Dhikpur,4,udp_reduced_n,UDP_N78,78,7.29,28.05337098,82.37637634
2018,Dang,Dhikpur,5,fym_half_n,FYM_N60,60,9.12,28.0259617,82.37733247
2018,Dang,Dhikpur,5,fym_half_n,FYM_N60,60,0.0,28.02224579,82.36632301
2018,Dang,Dhikpur,5,fym_half_n,FYM_N60,60,8.0,28.05328301,82.37644172
2018,Dang,Dhikpur,6,p_omission,0-NK,120,8.73,28.02593709,82.37736792
2018,Dang,Dhikpur,6,p_omission,0-NK,120,8.04,28.02234918,82.36633005
2018,Dang,Dhikpur,6,p_omission,0-NK,120,7.88,28.05336486,82.37643837
2018,Dang,Dhikpur,7,n_omission,0-PK,0,9.13,28.02594518,82.37739005
2018,Dang,Dhikpur,7,n_omission,0-PK,0,7.72,28.02234432,82.36631194
2018,Dang,Dhikpur,7,n_omission,0-PK,0,7.88,28.05330359,82.3763895
2018,Dang,Dhikpur,8,soil_background,0-0-0,0,6.95,28.02603797,82.37731428
2018,Dang,Dhikpur,8,soil_background,0-0-0,0,7.31,28.02234231,82.36645259
2018,Dang,Dhikpur,8,soil_background,0-0-0,0,6.4,28.05335811,82.37643879
2018,Dang,Dhikpur,9,n_timing_v6_v10,TIMING_V6_V10,120,8.69,28.02591145,82.37750924
2018,Dang,Dhikpur,9,n_timing_v6_v10,TIMING_V6_V10,120,9.01,28.02239314,82.36639006
2018,Dang,Dhikpur,9,n_timing_v6_v10,TIMING_V6_V10,120,8.32,28.05339583,82.37630426
2018,Dang,Dhuruwa,1,government_recommendation,GR,120,7.6,28.02165771,82.32455607
2018,Dang,Dhuruwa,1,government_recommendation,GR,120,5.91,28.02144033,82.32480668
2018,Dang,Dhuruwa,2,pcu_full_n,PCU_N120,120,7.35,28.02156044,82.32449303
2018,Dang,Dhuruwa,2,pcu_full_n,PCU_N120,120,6.63,28.02133778,82.32476922
2018,Dang,Dhuruwa,3,pcu_half_n,PCU_N60,60,6.93,28.02167741,82.32446068
2018,Dang,Dhuruwa,3,pcu_half_n,PCU_N60,60,5.18,28.02137277,82.32482202
2018,Dang,Dhuruwa,4,udp_reduced_n,UDP_N78,78,7.53,28.02160365,82.32455766
2018,Dang,Dhuruwa,4,udp_reduced_n,UDP_N78,78,6.71,28.02138228,82.32476301
2018,Dang,Dhuruwa,5,fym_half_n,FYM_N60,60,6.03,28.02155097,82.32444978
2018,Dang,Dhuruwa,5,fym_half_n,FYM_N60,60,0.0,28.02131447,82.32477793
2018,Dang,Dhuruwa,6,p_omission,0-NK,120,7.6,,
2018,Dang,Dhuruwa,6,p_omission,0-NK,120,5.34,28.02138044,82.32478682
2018,Dang,Dhuruwa,7,n_omission,0-PK,0,7.13,28.02167988,82.32444878
2018,Dang,Dhuruwa,7,n_omission,0-PK,0,0.0,28.02133409,82.32488338
2018,Dang,Dhuruwa,8,soil_background,0-0-0,0,7.53,28.02155143,82.32441039
2018,Dang,Dhuruwa,8,soil_background,0-0-0,0,8.48,28.02132877,82.32491632
2018,Dang,Dhuruwa,9,n_timing_v6_v10,TIMING_V6_V10,120,4.4,28.02160005,82.32436948
2018,Dang,Dhuruwa,9,n_timing_v6_v10,TIMING_V6_V10,120,4.68,28.02138329,82.32484298
2018,Dang,Hapur,1,government_recommendation,GR,120,6.05,28.08776428,82.42327477
2018,Dang,Hapur,1,government_recommendation,GR,120,5.86,28.09183805,82.41417973
2018,Dang,Hapur,1,government_recommendation,GR,120,5.1,28.09176496,82.42587433
2018,Dang,Hapur,2,pcu_full_n,PCU_N120,120,5.15,28.08774672,82.4232223
2018,Dang,Hapur,2,pcu_full_n,PCU_N120,120,5.67,28.09181265,82.41430638
2018,Dang,Hapur,2,pcu_full_n,PCU_N120,120,4.8,28.09180817,82.42594424
2018,Dang,Hapur,3,pcu_half_n,PCU_N60,60,5.52,28.08773058,82.42307905
2018,Dang,Hapur,3,pcu_half_n,PCU_N60,60,5.73,28.09191793,82.41413673
2018,Dang,Hapur,3,pcu_half_n,PCU_N60,60,5.99,28.09168575,82.42592085
2018,Dang,Hapur,4,udp_reduced_n,UDP_N78,78,9.16,28.08775107,82.42306061
2018,Dang,Hapur,4,udp_reduced_n,UDP_N78,78,6.65,28.09189806,82.41424126
2018,Dang,Hapur,4,udp_reduced_n,UDP_N78,78,8.49,28.09178185,82.42599998
2018,Dang,Hapur,5,fym_half_n,FYM_N60,60,4.06,28.08777509,82.42318986
2018,Dang,Hapur,5,fym_half_n,FYM_N60,60,6.39,28.09189073,82.41428451
2018,Dang,Hapur,6,p_omission,0-NK,120,5.59,28.08783971,82.42311769
2018,Dang,Hapur,6,p_omission,0-NK,120,6.06,28.09193188,82.4142027
2018,Dang,Hapur,6,p_omission,0-NK,120,4.58,28.09182024,82.42596142
2018,Dang,Hapur,7,n_omission,0-PK,0,4.53,28.08779965,82.42304645
2018,Dang,Hapur,7,n_omission,0-PK,0,6.13,28.09186018,82.41422835
2018,Dang,Hapur,7,n_omission,0-PK,0,5.34,28.09176286,82.42599646
2018,Dang,Hapur,8,soil_background,0-0-0,0,5.65,28.08769307,82.42310411
2018,Dang,Hapur,8,soil_background,0-0-0,0,3.92,28.09181693,82.41416255
2018,Dang,Hapur,8,soil_background,0-0-0,0,6.05,28.09175997,82.42595446
2018,Dang,Hapur,9,n_timing_v6_v10,TIMING_V6_V10,120,5.86,28.08781436,82.42315055
2018,Dang,Hapur,9,n_timing_v6_v10,TIMING_V6_V10,120,5.86,28.09186843,82.41426188
2018,Dang,Hapur,9,n_timing_v6_v10,TIMING_V6_V10,120,5.96,28.09180154,82.42587475
2018,Dang,Laxmipur,1,government_recommendation,GR,120,6.48,27.97637859,82.46335192
2018,Dang,Laxmipur,1,government_recommendation,GR,120,7.22,27.98061606,82.46868423
2018,Dang,Laxmipur,1,government_recommendation,GR,120,7.7,27.97637536,82.45890507
2018,Dang,Laxmipur,2,pcu_full_n,PCU_N120,120,7.19,27.97635076,82.46331168
2018,Dang,Laxmipur,2,pcu_full_n,PCU_N120,120,7.31,27.98065965,82.46857837
2018,Dang,Laxmipur,2,pcu_full_n,PCU_N120,120,6.22,27.97634762,82.45890792
2018,Dang,Laxmipur,3,pcu_half_n,PCU_N60,60,8.57,27.97635914,82.46336516
2018,Dang,Laxmipur,3,pcu_half_n,PCU_N60,60,7.23,27.98071819,82.46872162
2018,Dang,Laxmipur,3,pcu_half_n,PCU_N60,60,8.75,27.97639254,82.45883717
2018,Dang,Laxmipur,4,udp_reduced_n,UDP_N78,78,7.41,27.97635944,82.46332367
2018,Dang,Laxmipur,4,udp_reduced_n,UDP_N78,78,7.31,27.98068286,82.46877031
2018,Dang,Laxmipur,4,udp_reduced_n,UDP_N78,78,8.04,27.97634779,82.45888755
2018,Dang,Laxmipur,5,fym_half_n,FYM_N60,60,7.31,27.97640533,82.46336156
2018,Dang,Laxmipur,5,fym_half_n,FYM_N60,60,8.13,27.98061258,82.46870938
2018,Dang,Laxmipur,5,fym_half_n,FYM_N60,60,7.38,27.97630998,82.45880767
2018,Dang,Laxmipur,6,p_omission,0-NK,120,7.06,27.9763205,82.46329509
2018,Dang,Laxmipur,6,p_omission,0-NK,120,7.88,27.98069569,82.46870594
2018,Dang,Laxmipur,6,p_omission,0-NK,120,7.72,27.97645512,82.45888855
2018,Dang,Laxmipur,7,n_omission,0-PK,0,6.72,27.97640516,82.46336323
2018,Dang,Laxmipur,7,n_omission,0-PK,0,6.29,27.98064749,82.46882941
2018,Dang,Laxmipur,7,n_omission,0-PK,0,6.08,27.97633094,82.45876911
2018,Dang,Laxmipur,8,soil_background,0-0-0,0,3.26,27.97651597,82.46350346
2018,Dang,Laxmipur,8,soil_background,0-0-0,0,4.98,27.98068224,82.46866956
2018,Dang,Laxmipur,8,soil_background,0-0-0,0,5.66,27.97638286,82.45877925
2018,Dang,Laxmipur,9,n_timing_v6_v10,TIMING_V6_V10,120,7.66,27.97632352,82.46328595
2018,Dang,Laxmipur,9,n_timing_v6_v10,TIMING_V6_V10,120,8.35,27.9806899,82.46873729
2018,Dang,Laxmipur,9,n_timing_v6_v10,TIMING_V6_V10,120,7.56,27.97638634,82.4589059
2018,Dang,Panchakaule,1,government_recommendation,GR,120,7.78,28.1121886,82.17592816
2018,Dang,Panchakaule,1,government_recommendation,GR,120,8.12,28.10631594,82.17759088
2018,Dang,Panchakaule,1,government_recommendation,GR,120,8.12,28.11102628,82.18944649
2018,Dang,Panchakaule,1,government_recommendation,GR,120,9.07,28.13507371,82.12228507
2018,Dang,Panchakaule,2,pcu_full_n,PCU_N120,120,7.78,28.11210239,82.17595322
2018,Dang,Panchakaule,2,pcu_full_n,PCU_N120,120,7.76,28.10638262,82.17768677
2018,Dang,Panchakaule,2,pcu_full_n,PCU_N120,120,8.2,28.11107301,82.18935379
2018,Dang,Panchakaule,2,pcu_full_n,PCU_N120,120,8.48,28.13494584,82.12230669
2018,Dang,Panchakaule,3,pcu_half_n,PCU_N60,60,6.71,28.11221119,82.17596211
2018,Dang,Panchakaule,3,pcu_half_n,PCU_N60,60,8.29,28.10638958,82.17773655
2018,Dang,Panchakaule,3,pcu_half_n,PCU_N60,60,8.4,28.11104099,82.1894014
2018,Dang,Panchakaule,3,pcu_half_n,PCU_N60,60,8.19,28.13496973,82.1221958
2018,Dang,Panchakaule,4,udp_reduced_n,UDP_N78,78,6.88,28.11212016,82.17594283
2018,Dang,Panchakaule,4,udp_reduced_n,UDP_N78,78,8.09,28.10642574,82.17767537
2018,Dang,Panchakaule,4,udp_reduced_n,UDP_N78,78,8.3,28.11109618,82.18939167
2018,Dang,Panchakaule,4,udp_reduced_n,UDP_N78,78,9.49,28.13504387,82.12228859
2018,Dang,Panchakaule,5,fym_half_n,FYM_N60,60,7.31,28.11223164,82.17595481
2018,Dang,Panchakaule,5,fym_half_n,FYM_N60,60,7.66,28.10634029,82.17759532
2018,Dang,Panchakaule,5,fym_half_n,FYM_N60,60,8.29,28.11102238,82.18948388
2018,Dang,Panchakaule,5,fym_half_n,FYM_N60,60,9.23,28.13498695,82.12222036
2018,Dang,Panchakaule,6,p_omission,0-NK,120,6.34,28.11216584,82.17598029
2018,Dang,Panchakaule,6,p_omission,0-NK,120,7.97,28.1064231,82.17775214
2018,Dang,Panchakaule,6,p_omission,0-NK,120,6.61,28.11109824,82.18935379
2018,Dang,Panchakaule,6,p_omission,0-NK,120,8.22,28.13504148,82.1221834
2018,Dang,Panchakaule,7,n_omission,0-PK,0,5.71,28.11221194,82.17595917
2018,Dang,Panchakaule,7,n_omission,0-PK,0,8.23,28.10637738,82.17761359
2018,Dang,Panchakaule,7,n_omission,0-PK,0,8.55,28.11110599,82.18931783
2018,Dang,Panchakaule,7,n_omission,0-PK,0,7.85,28.13503582,82.12234718
2018,Dang,Panchakaule,8,soil_background,0-0-0,0,3.28,28.11207976,82.17598625
2018,Dang,Panchakaule,8,soil_background,0-0-0,0,6.07,28.10644745,82.17772549
2018,Dang,Panchakaule,8,soil_background,0-0-0,0,6.34,28.11101442,82.18944641
2018,Dang,Panchakaule,8,soil_background,0-0-0,0,7.94,28.1351105,82.122287
2018,Dang,Panchakaule,9,n_timing_v6_v10,TIMING_V6_V10,120,7.74,28.11215478,82.17595289
2018,Dang,Panchakaule,9,n_timing_v6_v10,TIMING_V6_V10,120,8.34,28.10638367,82.17762642
2018,Dang,Panchakaule,9,n_timing_v6_v10,TIMING_V6_V10,120,7.86,28.11107276,82.18939444
2018,Dang,Panchakaule,9,n_timing_v6_v10,TIMING_V6_V10,120,8.3,28.13501822,82.12235925
2018,Dang,Pawannagar,1,government_recommendation,GR,120,6.89,28.17022359,82.26103473
2018,Dang,Pawannagar,1,government_recommendation,GR,120,4.08,28.17092013,82.26028623
2018,Dang,Pawannagar,1,government_recommendation,GR,120,6.38,28.17028068,82.25943865
2018,Dang,Pawannagar,2,pcu_full_n,PCU_N120,120,6.92,28.17021517,82.26098662
2018,Dang,Pawannagar,2,pcu_full_n,PCU_N120,120,3.45,28.17090923,82.26048371
2018,Dang,Pawannagar,2,pcu_full_n,PCU_N120,120,7.24,28.17035967,82.25950529
2018,Dang,Pawannagar,3,pcu_half_n,PCU_N60,60,7.16,28.17016836,82.26097615
2018,Dang,Pawannagar,3,pcu_half_n,PCU_N60,60,6.91,28.17092063,82.26029889
2018,Dang,Pawannagar,3,pcu_half_n,PCU_N60,60,7.95,28.17035833,82.2594058
2018,Dang,Pawannagar,4,udp_reduced_n,UDP_N78,78,6.25,28.17020536,82.26101864
2018,Dang,Pawannagar,4,udp_reduced_n,UDP_N78,78,6.37,28.17097864,82.26035999
2018,Dang,Pawannagar,4,udp_reduced_n,UDP_N78,78,6.5,28.17032749,82.25954737
2018,Dang,Pawannagar,5,fym_half_n,FYM_N60,60,5.99,28.17011991,82.26089777
2018,Dang,Pawannagar,5,fym_half_n,FYM_N60,60,7.47,28.17095705,82.2603247
2018,Dang,Pawannagar,5,fym_half_n,FYM_N60,60,7.2,28.1702466,82.25951476
2018,Dang,Pawannagar,6,p_omission,0-NK,120,6.98,28.17022996,82.26104303
2018,Dang,Pawannagar,6,p_omission,0-NK,120,7.89,28.17085437,82.26039025
2018,Dang,Pawannagar,6,p_omission,0-NK,120,8.09,28.17038805,82.25948224
2018,Dang,Pawannagar,7,n_omission,0-PK,0,4.41,28.17022183,82.26104169
2018,Dang,Pawannagar,7,n_omission,0-PK,0,0.3,28.17083945,82.26036527
2018,Dang,Pawannagar,7,n_omission,0-PK,0,8.07,28.17027598,82.2594633
2018,Dang,Pawannagar,8,soil_background,0-0-0,0,5.07,28.17019049,82.26093063
2018,Dang,Pawannagar,8,soil_background,0-0-0,0,6.42,28.17088765,82.26043132
2018,Dang,Pawannagar,8,soil_background,0-0-0,0,6.32,28.17030632,82.25940471
2018,Dang,Pawannagar,9,n_timing_v6_v10,TIMING_V6_V10,120,6.8,28.17028072,82.26110045
2018,Dang,Pawannagar,9,n_timing_v6_v10,TIMING_V6_V10,120,8.26,28.17086217,82.26049201
2018,Dang,Pawannagar,9,n_timing_v6_v10,TIMING_V6_V10,120,8.89,28.17031684,82.25955985
2018,Dang,Purandhara,1,government_recommendation,GR,120,7.44,28.18209987,82.09935646
2018,Dang,Purandhara,1,government_recommendation,GR,120,6.54,28.19554092,82.10245022
2018,Dang,Purandhara,1,government_recommendation,GR,120,8.29,28.18520512,82.09244189
2018,Dang,Purandhara,2,pcu_full_n,PCU_N120,120,8.26,28.18211249,82.09935193
2018,Dang,Purandhara,2,pcu_full_n,PCU_N120,120,7.62,28.19552734,82.10244737
2018,Dang,Purandhara,2,pcu_full_n,PCU_N120,120,7.56,28.18516606,82.0925123
2018,Dang,Purandhara,3,pcu_half_n,PCU_N60,60,6.39,28.1821632,82.09931815
2018,Dang,Purandhara,3,pcu_half_n,PCU_N60,60,8.04,28.19547651,82.10247159
2018,Dang,Purandhara,3,pcu_half_n,PCU_N60,60,8.68,28.1852088,82.09243912
2018,Dang,Purandhara,4,udp_reduced_n,UDP_N78,78,7.35,28.18212682,82.09934388
2018,Dang,Purandhara,4,udp_reduced_n,UDP_N78,78,6.77,28.19542379,82.10242993
2018,Dang,Purandhara,4,udp_reduced_n,UDP_N78,78,6.65,28.18516191,82.09246066
2018,Dang,Purandhara,5,fym_half_n,FYM_N60,60,6.69,28.18212586,82.0992749
2018,Dang,Purandhara,5,fym_half_n,FYM_N60,60,7.17,28.19544189,82.10247092
2018,Dang,Purandhara,5,fym_half_n,FYM_N60,60,8.53,28.18517553,82.09246066
2018,Dang,Purandhara,6,p_omission,0-NK,120,7.85,28.18216186,82.09924338
2018,Dang,Purandhara,6,p_omission,0-NK,120,7.46,28.19539173,82.10244812
2018,Dang,Purandhara,6,p_omission,0-NK,120,8.46,28.18518098,82.09238405
2018,Dang,Purandhara,7,n_omission,0-PK,0,9.33,28.18215356,82.09927054
2018,Dang,Purandhara,7,n_omission,0-PK,0,7.04,28.19535476,82.10249003
2018,Dang,Purandhara,7,n_omission,0-PK,0,7.86,28.18520989,82.09240308
2018,Dang,Purandhara,8,soil_background,0-0-0,0,6.43,28.18212368,82.09919116
2018,Dang,Purandhara,8,soil_background,0-0-0,0,5.67,28.19538209,82.10246547
2018,Dang,Purandhara,8,soil_background,0-0-0,0,7.35,28.18522037,82.09231658
2018,Dang,Purandhara,9,n_timing_v6_v10,TIMING_V6_V10,120,8.99,28.18212971,82.09924162
2018,Dang,Purandhara,9,n_timing_v6_v10,TIMING_V6_V10,120,6.83,28.19528088,82.10252247
2018,Dang,Purandhara,9,n_timing_v6_v10,TIMING_V6_V10,120,9.03,28.18517586,82.09249109
2018,Dang,Shantinagar,1,government_recommendation,GR,120,6.47,28.16904862,82.22781231
2018,Dang,Shantinagar,1,government_recommendation,GR,120,7.85,28.15952841,82.22269943
2018,Dang,Shantinagar,1,government_recommendation,GR,120,7.96,28.16819865,82.22613651
2018,Dang,Shantinagar,2,pcu_full_n,PCU_N120,120,6.33,28.16894862,82.227572
2018,Dang,Shantinagar,2,pcu_full_n,PCU_N120,120,8.24,28.15943969,82.22277763
2018,Dang,Shantinagar,2,pcu_full_n,PCU_N120,120,6.74,28.16824991,82.22633131
2018,Dang,Shantinagar,3,pcu_half_n,PCU_N60,60,5.63,28.16910478,82.22770879
2018,Dang,Shantinagar,3,pcu_half_n,PCU_N60,60,7.87,28.15956936,82.22263573
2018,Dang,Shantinagar,3,pcu_half_n,PCU_N60,60,7.96,28.16818118,82.22611975
2018,Dang,Shantinagar,4,udp_reduced_n,UDP_N78,78,6.51,28.16890537,82.22773176
2018,Dang,Shantinagar,4,udp_reduced_n,UDP_N78,78,7.9,28.15952736,82.22269968
2018,Dang,Shantinagar,4,udp_reduced_n,UDP_N78,78,8.39,28.16826164,82.22625344
2018,Dang,Shantinagar,5,fym_half_n,FYM_N60,60,5.97,28.16896027,82.22761407
2018,Dang,Shantinagar,5,fym_half_n,FYM_N60,60,7.36,28.1594715,82.22253959
2018,Dang,Shantinagar,5,fym_half_n,FYM_N60,60,7.05,28.16816102,82.2261977
2018,Dang,Shantinagar,6,p_omission,0-NK,120,6.25,28.16912552,82.22759706
2018,Dang,Shantinagar,6,p_omission,0-NK,120,7.94,28.15942674,82.22259843
2018,Dang,Shantinagar,6,p_omission,0-NK,120,7.53,28.1681888,82.2261925
2018,Dang,Shantinagar,7,n_omission,0-PK,0,5.83,28.16893584,82.22765121
2018,Dang,Shantinagar,7,n_omission,0-PK,0,7.47,28.15940193,82.22264654
2018,Dang,Shantinagar,7,n_omission,0-PK,0,6.43,28.16830167,82.2261868
2018,Dang,Shantinagar,8,soil_background,0-0-0,0,5.66,28.16910721,82.22765582
2018,Dang,Shantinagar,8,soil_background,0-0-0,0,6.1,28.15941651,82.22264838
2018,Dang,Shantinagar,8,soil_background,0-0-0,0,6.2,28.16827996,82.22616342
2018,Dang,Shantinagar,9,n_timing_v6_v10,TIMING_V6_V10,120,6.59,28.1691298,82.22761483
2018,Dang,Shantinagar,9,n_timing_v6_v10,TIMING_V6_V10,120,7.49,28.15957497,82.22269775
2018,Dang,Shantinagar,9,n_timing_v6_v10,TIMING_V6_V10,120,8.57,28.16825867,82.22629384
2018,Doti,Chattiwan,1,government_recommendation,GR,120,7.43,29.08329117,80.59328898
2018,Doti,Chattiwan,1,government_recommendation,GR,120,6.28,29.08353038,80.59551555
2018,Doti,Chattiwan,1,government_recommendation,GR,120,6.18,29.07951778,80.59137803
2018,Doti,Chattiwan,2,pcu_full_n,PCU_N120,120,8.13,29.08327635,80.5932987
2018,Doti,Chattiwan,2,pcu_full_n,PCU_N120,120,4.77,29.08350202,80.59555287
2018,Doti,Chattiwan,2,pcu_full_n,PCU_N120,120,6.22,29.07951436,80.59140166
2018,Doti,Chattiwan,3,pcu_half_n,PCU_N60,60,7.1,29.08327673,80.59332831
2018,Doti,Chattiwan,3,pcu_half_n,PCU_N60,60,6.34,29.08351847,80.5955538
2018,Doti,Chattiwan,3,pcu_half_n,PCU_N60,60,6.14,29.079512,80.59141333
2018,Doti,Chattiwan,4,udp_reduced_n,UDP_N78,78,7.19,29.0832901,80.5933326
2018,Doti,Chattiwan,4,udp_reduced_n,UDP_N78,78,7.01,29.08354801,80.5955566
2018,Doti,Chattiwan,4,udp_reduced_n,UDP_N78,78,5.7,29.07950258,80.59139689
2018,Doti,Chattiwan,5,fym_half_n,FYM_N60,60,7.91,29.08328167,80.59332729
2018,Doti,Chattiwan,5,fym_half_n,FYM_N60,60,6.27,29.08356039,80.59555709
2018,Doti,Chattiwan,5,fym_half_n,FYM_N60,60,6.49,29.07950151,80.59141371
2018,Doti,Chattiwan,6,p_omission,0-NK,120,5.52,29.0832885,80.5933351
2018,Doti,Chattiwan,6,p_omission,0-NK,120,8.27,29.0835592,80.59555689
2018,Doti,Chattiwan,6,p_omission,0-NK,120,7.67,29.07950266,80.59144786
2018,Doti,Chattiwan,7,n_omission,0-PK,0,6.24,29.08328866,80.59333696
2018,Doti,Chattiwan,7,n_omission,0-PK,0,5.4,29.08355296,80.59553985
2018,Doti,Chattiwan,7,n_omission,0-PK,0,5.05,29.0795114,80.59146346
2018,Doti,Chattiwan,8,soil_background,0-0-0,0,4.92,29.08326987,80.59331328
2018,Doti,Chattiwan,8,soil_background,0-0-0,0,7.72,29.08356178,80.5955264
2018,Doti,Chattiwan,8,soil_background,0-0-0,0,4.43,29.07951102,80.59145253
2018,Doti,Chattiwan,9,n_timing_v6_v10,TIMING_V6_V10,120,7.72,29.08326724,80.59330328
2018,Doti,Chattiwan,9,n_timing_v6_v10,TIMING_V6_V10,120,7.83,29.08355348,80.59553606
2018,Doti,Chattiwan,9,n_timing_v6_v10,TIMING_V6_V10,120,7.01,29.07951271,80.59146397
2018,Doti,Ghantesori,1,government_recommendation,GR,120,7.74,29.14440826,80.6019709
2018,Doti,Ghantesori,1,government_recommendation,GR,120,8.46,29.1440473,80.60301944
2018,Doti,Ghantesori,1,government_recommendation,GR,120,8.77,29.14415823,80.60541769
2018,Doti,Ghantesori,2,pcu_full_n,PCU_N120,120,5.85,29.1444067,80.60198095
2018,Doti,Ghantesori,2,pcu_full_n,PCU_N120,120,8.57,29.14406642,80.60298455
2018,Doti,Ghantesori,2,pcu_full_n,PCU_N120,120,7.74,29.14420051,80.60545099
2018,Doti,Ghantesori,3,pcu_half_n,PCU_N60,60,5.4,29.14440539,80.6019589
2018,Doti,Ghantesori,3,pcu_half_n,PCU_N60,60,8.89,29.14402916,80.6029443
2018,Doti,Ghantesori,3,pcu_half_n,PCU_N60,60,6.83,29.14419953,80.60541185
2018,Doti,Ghantesori,4,udp_reduced_n,UDP_N78,78,8.22,29.14441456,80.60193439
2018,Doti,Ghantesori,4,udp_reduced_n,UDP_N78,78,8.99,29.14406162,80.60297787
2018,Doti,Ghantesori,4,udp_reduced_n,UDP_N78,78,7.94,29.14421015,80.60541811
2018,Doti,Ghantesori,5,fym_half_n,FYM_N60,60,8.51,29.14441108,80.60190207
2018,Doti,Ghantesori,5,fym_half_n,FYM_N60,60,8.89,29.14406546,80.6029904
2018,Doti,Ghantesori,5,fym_half_n,FYM_N60,60,8.96,29.1442015,80.60538843
2018,Doti,Ghantesori,6,p_omission,0-NK,120,7.16,29.14445984,80.60178671
2018,Doti,Ghantesori,6,p_omission,0-NK,120,8.95,29.14397863,80.60297518
2018,Doti,Ghantesori,6,p_omission,0-NK,120,6.26,29.14429276,80.60538251
2018,Doti,Ghantesori,7,n_omission,0-PK,0,7.29,29.14441114,80.60188293
2018,Doti,Ghantesori,7,n_omission,0-PK,0,8.71,29.14405423,80.60298751
2018,Doti,Ghantesori,7,n_omission,0-PK,0,7.94,29.14430126,80.60540403
2018,Doti,Ghantesori,8,soil_background,0-0-0,0,5.33,29.14446111,80.6017681
2018,Doti,Ghantesori,8,soil_background,0-0-0,0,7.72,29.14404606,80.60298644
2018,Doti,Ghantesori,8,soil_background,0-0-0,0,5.4,29.14428681,80.60539869
2018,Doti,Ghantesori,9,n_timing_v6_v10,TIMING_V6_V10,120,8.74,29.14448158,80.60181535
2018,Doti,Ghantesori,9,n_timing_v6_v10,TIMING_V6_V10,120,8.49,29.14404993,80.60295616
2018,Doti,Ghantesori,9,n_timing_v6_v10,TIMING_V6_V10,120,8.91,29.14427949,80.60539334
2018,Kavre,Anekot,1,government_recommendation,GR,120,4.77,27.65007995,85.59363208
2018,Kavre,Anekot,1,government_recommendation,GR,120,8.62,27.67026182,85.58068221
2018,Kavre,Anekot,1,government_recommendation,GR,120,6.47,27.66158589,85.59526126
2018,Kavre,Anekot,2,pcu_full_n,PCU_N120,120,5.84,27.65007897,85.59361875
2018,Kavre,Anekot,2,pcu_full_n,PCU_N120,120,8.09,27.6699683,85.58099852
2018,Kavre,Anekot,2,pcu_full_n,PCU_N120,120,4.94,27.66169643,85.59531521
2018,Kavre,Anekot,3,pcu_half_n,PCU_N60,60,5.35,27.65007923,85.59361339
2018,Kavre,Anekot,3,pcu_half_n,PCU_N60,60,6.52,27.67011617,85.58106151
2018,Kavre,Anekot,3,pcu_half_n,PCU_N60,60,4.72,27.66168304,85.59524301
2018,Kavre,Anekot,4,udp_reduced_n,UDP_N78,78,5.03,27.65008583,85.59361389
2018,Kavre,Anekot,4,udp_reduced_n,UDP_N78,78,8.23,27.67005164,85.5808474
2018,Kavre,Anekot,4,udp_reduced_n,UDP_N78,78,5.11,27.66163535,85.59492434
2018,Kavre,Anekot,5,fym_half_n,FYM_N60,60,5.35,27.65008951,85.59362833
2018,Kavre,Anekot,5,fym_half_n,FYM_N60,60,7.16,27.67006662,85.5810992
2018,Kavre,Anekot,5,fym_half_n,FYM_N60,60,5.18,27.66162521,85.59493641
2018,Kavre,Anekot,6,p_omission,0-NK,120,4.82,27.65009491,85.59363032
2018,Kavre,Anekot,6,p_omission,0-NK,120,8.06,27.67004168,85.58115009
2018,Kavre,Anekot,6,p_omission,0-NK,120,5.58,27.66161149,85.59493882
2018,Kavre,Anekot,7,n_omission,0-PK,0,2.28,27.65010726,85.59363155
2018,Kavre,Anekot,7,n_omission,0-PK,0,5.65,27.67004188,85.58090516
2018,Kavre,Anekot,7,n_omission,0-PK,0,7.08,27.66162987,85.5949651
2018,Kavre,Anekot,8,soil_background,0-0-0,0,3.53,27.65010811,85.59363108
2018,Kavre,Anekot,8,soil_background,0-0-0,0,4.79,27.67011176,85.58107345
2018,Kavre,Anekot,8,soil_background,0-0-0,0,4.73,,
2018,Kavre,Anekot,9,n_timing_v6_v10,TIMING_V6_V10,120,5.4,27.65009723,85.59362341
2018,Kavre,Anekot,9,n_timing_v6_v10,TIMING_V6_V10,120,8.16,27.67013182,85.58105466
2018,Kavre,Anekot,9,n_timing_v6_v10,TIMING_V6_V10,120,6.13,27.66162395,85.59497492
2018,Kavre,Bhakundebesi,1,government_recommendation,GR,120,8.98,27.56067273,85.66487296
2018,Kavre,Bhakundebesi,1,government_recommendation,GR,120,6.8,27.55477469,85.66746093
2018,Kavre,Bhakundebesi,1,government_recommendation,GR,120,8.65,27.55849285,85.66658275
2018,Kavre,Bhakundebesi,2,pcu_full_n,PCU_N120,120,7.18,27.56050845,85.6648662
2018,Kavre,Bhakundebesi,2,pcu_full_n,PCU_N120,120,9.13,27.55472657,85.66744222
2018,Kavre,Bhakundebesi,2,pcu_full_n,PCU_N120,120,6.92,27.55850759,85.66659705
2018,Kavre,Bhakundebesi,3,pcu_half_n,PCU_N60,60,6.66,27.56067362,85.66487197
2018,Kavre,Bhakundebesi,3,pcu_half_n,PCU_N60,60,8.6,27.55465296,85.66751449
2018,Kavre,Bhakundebesi,3,pcu_half_n,PCU_N60,60,6.66,27.55856394,85.6666829
2018,Kavre,Bhakundebesi,4,udp_reduced_n,UDP_N78,78,6.63,27.5605062,85.6648713
2018,Kavre,Bhakundebesi,4,udp_reduced_n,UDP_N78,78,9.55,27.5544684,85.66762976
2018,Kavre,Bhakundebesi,4,udp_reduced_n,UDP_N78,78,6.28,27.55867905,85.66662332
2018,Kavre,Bhakundebesi,5,fym_half_n,FYM_N60,60,8.3,27.5606008,85.66486519
2018,Kavre,Bhakundebesi,5,fym_half_n,FYM_N60,60,8.58,27.55441664,85.66764621
2018,Kavre,Bhakundebesi,5,fym_half_n,FYM_N60,60,6.93,27.55879113,85.66651052
2018,Kavre,Bhakundebesi,6,p_omission,0-NK,120,8.25,27.56058342,85.66486177
2018,Kavre,Bhakundebesi,6,p_omission,0-NK,120,8.94,27.55470088,85.6674945
2018,Kavre,Bhakundebesi,6,p_omission,0-NK,120,7.95,27.55879117,85.6665101
2018,Kavre,Bhakundebesi,7,n_omission,0-PK,0,7.39,27.56066755,85.66487803
2018,Kavre,Bhakundebesi,7,n_omission,0-PK,0,8.47,27.55468903,85.66737718
2018,Kavre,Bhakundebesi,7,n_omission,0-PK,0,8.05,27.55876872,85.66634087
2018,Kavre,Bhakundebesi,8,soil_background,0-0-0,0,6.8,27.56058799,85.66485975
2018,Kavre,Bhakundebesi,8,soil_background,0-0-0,0,6.55,27.55455024,85.66750406
2018,Kavre,Bhakundebesi,8,soil_background,0-0-0,0,6.48,27.55877039,85.66634072
2018,Kavre,Bhakundebesi,9,n_timing_v6_v10,TIMING_V6_V10,120,7.77,27.56058527,85.66485618
2018,Kavre,Bhakundebesi,9,n_timing_v6_v10,TIMING_V6_V10,120,9.72,27.55471127,85.66734462
2018,Kavre,Bhakundebesi,9,n_timing_v6_v10,TIMING_V6_V10,120,7.58,27.55877099,85.66633977
2018,Kavre,Rabiopi,1,government_recommendation,GR,120,9.1,27.6455971,85.55454796
2018,Kavre,Rabiopi,1,government_recommendation,GR,120,10.23,27.64692356,85.56242414
2018,Kavre,Rabiopi,1,government_recommendation,GR,120,8.6,27.65023801,85.57656571
2018,Kavre,Rabiopi,2,pcu_full_n,PCU_N120,120,10.0,27.64693343,85.5624482
2018,Kavre,Rabiopi,2,pcu_full_n,PCU_N120,120,10.12,27.65022523,85.57658286
2018,Kavre,Rabiopi,3,pcu_half_n,PCU_N60,60,9.98,27.64556336,85.55466565
2018,Kavre,Rabiopi,3,pcu_half_n,PCU_N60,60,10.12,27.64694629,85.56232825
2018,Kavre,Rabiopi,3,pcu_half_n,PCU_N60,60,10.12,27.6502128,85.57660026
2018,Kavre,Rabiopi,4,udp_reduced_n,UDP_N78,78,8.95,27.64557517,85.55466834
2018,Kavre,Rabiopi,4,udp_reduced_n,UDP_N78,78,8.85,27.64696562,85.56233618
2018,Kavre,Rabiopi,4,udp_reduced_n,UDP_N78,78,9.5,27.65019554,85.57663125
2018,Kavre,Rabiopi,5,fym_half_n,FYM_N60,60,7.93,27.64565601,85.55463457
2018,Kavre,Rabiopi,5,fym_half_n,FYM_N60,60,8.7,27.64697419,85.56234037
2018,Kavre,Rabiopi,5,fym_half_n,FYM_N60,60,10.23,27.65020033,85.57666488
2018,Kavre,Rabiopi,6,p_omission,0-NK,120,9.47,27.64564698,85.55463757
2018,Kavre,Rabiopi,6,p_omission,0-NK,120,8.6,27.64697788,85.56235148
2018,Kavre,Rabiopi,6,p_omission,0-NK,120,9.21,27.65017272,85.57666896
2018,Kavre,Rabiopi,7,n_omission,0-PK,0,8.7,27.64561833,85.554632
2018,Kavre,Rabiopi,7,n_omission,0-PK,0,8.75,27.64699402,85.5623446
2018,Kavre,Rabiopi,7,n_omission,0-PK,0,9.5,27.65016183,85.57668644
2018,Kavre,Rabiopi,8,soil_background,0-0-0,0,6.14,27.64560389,85.55464565
2018,Kavre,Rabiopi,8,soil_background,0-0-0,0,7.0,27.64701915,85.56237879
2018,Kavre,Rabiopi,8,soil_background,0-0-0,0,6.75,27.65015802,85.57668921
2018,Kavre,Rabiopi,9,n_timing_v6_v10,TIMING_V6_V10,120,9.56,27.64556738,85.55469123
2018,Kavre,Rabiopi,9,n_timing_v6_v10,TIMING_V6_V10,120,10.12,27.64703372,85.56239723
2018,Kavre,Rabiopi,9,n_timing_v6_v10,TIMING_V6_V10,120,10.08,27.65015014,85.57669031
2018,Surkhet,Babiyachaur,1,government_recommendation,GR,120,9.71,28.8044938,81.3983533
2018,Surkhet,Babiyachaur,1,government_recommendation,GR,120,9.15,28.80568144,81.40068262
2018,Surkhet,Babiyachaur,1,government_recommendation,GR,120,9.54,28.80437123,81.3997061
2018,Surkhet,Babiyachaur,2,pcu_full_n,PCU_N120,120,9.55,28.80449046,81.39834867
2018,Surkhet,Babiyachaur,2,pcu_full_n,PCU_N120,120,9.15,28.80570787,81.4005845
2018,Surkhet,Babiyachaur,2,pcu_full_n,PCU_N120,120,9.44,28.80444062,81.39973455
2018,Surkhet,Babiyachaur,3,pcu_half_n,PCU_N60,60,9.38,28.80449408,81.39835131
2018,Surkhet,Babiyachaur,3,pcu_half_n,PCU_N60,60,9.17,28.8056612,81.4003626
2018,Surkhet,Babiyachaur,3,pcu_half_n,PCU_N60,60,9.5,28.80445211,81.39975272
2018,Surkhet,Babiyachaur,4,udp_reduced_n,UDP_N78,78,9.47,28.80449498,81.3983582
2018,Surkhet,Babiyachaur,4,udp_reduced_n,UDP_N78,78,9.29,28.80566903,81.4003538
2018,Surkhet,Babiyachaur,4,udp_reduced_n,UDP_N78,78,9.27,28.80449265,81.39975146
2018,Surkhet,Babiyachaur,5,fym_half_n,FYM_N60,60,9.27,28.80449302,81.39837189
2018,Surkhet,Babiyachaur,5,fym_half_n,FYM_N60,60,8.84,28.80563723,81.40032049
2018,Surkhet,Babiyachaur,5,fym_half_n,FYM_N60,60,7.69,28.80450137,81.39976724
2018,Surkhet,Babiyachaur,6,p_omission,0-NK,120,8.76,28.80449044,81.39838616
2018,Surkhet,Babiyachaur,6,p_omission,0-NK,120,8.4,28.80567904,81.40030633
2018,Surkhet,Babiyachaur,6,p_omission,0-NK,120,9.38,28.80449957,81.39977796
2018,Surkhet,Babiyachaur,7,n_omission,0-PK,0,9.7,28.80448905,81.39839078
2018,Surkhet,Babiyachaur,7,n_omission,0-PK,0,8.74,28.8056378,81.40025781
2018,Surkhet,Babiyachaur,7,n_omission,0-PK,0,8.55,28.80450175,81.399783
2018,Surkhet,Babiyachaur,8,soil_background,0-0-0,0,7.52,28.80448862,81.39839939
2018,Surkhet,Babiyachaur,8,soil_background,0-0-0,0,6.2,28.80563497,81.40025471
2018,Surkhet,Babiyachaur,8,soil_background,0-0-0,0,8.04,28.80448923,81.39977757
2018,Surkhet,Babiyachaur,9,n_timing_v6_v10,TIMING_V6_V10,120,9.39,28.80448276,81.39841089
2018,Surkhet,Babiyachaur,9,n_timing_v6_v10,TIMING_V6_V10,120,9.54,28.80563956,81.40025307
2018,Surkhet,Babiyachaur,9,n_timing_v6_v10,TIMING_V6_V10,120,9.62,,
2018,Surkhet,Gadhi,1,government_recommendation,GR,120,8.74,28.64072541,81.59202004
2018,Surkhet,Gadhi,1,government_recommendation,GR,120,9.04,28.63686951,81.58274943
2018,Surkhet,Gadhi,1,government_recommendation,GR,120,9.02,28.64120778,81.60431514
2018,Surkhet,Gadhi,2,pcu_full_n,PCU_N120,120,8.86,28.64068164,81.59200141
2018,Surkhet,Gadhi,2,pcu_full_n,PCU_N120,120,8.98,28.63687903,81.58275475
2018,Surkhet,Gadhi,2,pcu_full_n,PCU_N120,120,9.2,28.64121919,81.60428305
2018,Surkhet,Gadhi,3,pcu_half_n,PCU_N60,60,8.95,28.64066059,81.59203411
2018,Surkhet,Gadhi,3,pcu_half_n,PCU_N60,60,9.16,28.63688923,81.58274865
2018,Surkhet,Gadhi,3,pcu_half_n,PCU_N60,60,8.89,28.64119652,81.60429267
2018,Surkhet,Gadhi,4,udp_reduced_n,UDP_N78,78,8.89,28.6406611,81.59204699
2018,Surkhet,Gadhi,4,udp_reduced_n,UDP_N78,78,7.7,28.63689108,81.58273642
2018,Surkhet,Gadhi,4,udp_reduced_n,UDP_N78,78,9.26,28.64119867,81.60430799
2018,Surkhet,Gadhi,5,fym_half_n,FYM_N60,60,5.37,28.64063646,81.59205303
2018,Surkhet,Gadhi,5,fym_half_n,FYM_N60,60,8.72,28.63690424,81.58272432
2018,Surkhet,Gadhi,5,fym_half_n,FYM_N60,60,8.58,28.64120594,81.60431453
2018,Surkhet,Gadhi,6,p_omission,0-NK,120,9.0,28.64062579,81.59205531
2018,Surkhet,Gadhi,6,p_omission,0-NK,120,7.03,28.6369143,81.58271777
2018,Surkhet,Gadhi,6,p_omission,0-NK,120,8.52,28.64121078,81.60435158
2018,Surkhet,Gadhi,7,n_omission,0-PK,0,6.39,28.6406211,81.59206093
2018,Surkhet,Gadhi,7,n_omission,0-PK,0,9.12,28.63693221,81.58270946
2018,Surkhet,Gadhi,7,n_omission,0-PK,0,6.2,28.6412057,81.60433914
2018,Surkhet,Gadhi,8,soil_background,0-0-0,0,5.86,28.6406062,81.5920645
2018,Surkhet,Gadhi,8,soil_background,0-0-0,0,5.25,28.63693923,81.58270607
2018,Surkhet,Gadhi,8,soil_background,0-0-0,0,6.23,28.64121304,81.60432963
2018,Surkhet,Gadhi,9,n_timing_v6_v10,TIMING_V6_V10,120,8.96,28.64059251,81.59206185
2018,Surkhet,Gadhi,9,n_timing_v6_v10,TIMING_V6_V10,120,8.22,28.63694382,81.58269912
2018,Surkhet,Gadhi,9,n_timing_v6_v10,TIMING_V6_V10,120,8.88,28.64122374,81.60433352
2018,Surkhet,Guthu,1,government_recommendation,GR,120,7.93,28.83349251,81.30619469
2018,Surkhet,Guthu,2,pcu_full_n,PCU_N120,120,9.17,28.83351748,81.30619414
2018,Surkhet,Guthu,3,pcu_half_n,PCU_N60,60,7.75,28.83351297,81.30618515
2018,Surkhet,Guthu,4,udp_reduced_n,UDP_N78,78,9.46,28.83352369,81.30618695
2018,Surkhet,Guthu,5,fym_half_n,FYM_N60,60,7.7,28.83351654,81.30618801
2018,Surkhet,Guthu,6,p_omission,0-NK,120,8.91,28.83356418,81.30618851
2018,Surkhet,Guthu,7,n_omission,0-PK,0,7.33,28.83355033,81.3062491
2018,Surkhet,Guthu,8,soil_background,0-0-0,0,5.74,28.83355282,81.30625304
2018,Surkhet,Guthu,9,n_timing_v6_v10,TIMING_V6_V10,120,9.52,28.83355295,81.30626154
2018,Surkhet,Kalyan,1,government_recommendation,GR,120,9.24,28.5041297,81.73587981
2018,Surkhet,Kalyan,1,government_recommendation,GR,120,8.73,28.50874994,81.72685574
2018,Surkhet,Kalyan,1,government_recommendation,GR,120,8.67,28.50195919,81.7479302
2018,Surkhet,Kalyan,2,pcu_full_n,PCU_N120,120,9.27,28.5041356,81.73588455
2018,Surkhet,Kalyan,2,pcu_full_n,PCU_N120,120,8.8,28.50854029,81.72662647
2018,Surkhet,Kalyan,2,pcu_full_n,PCU_N120,120,8.83,28.50199467,81.74801092
2018,Surkhet,Kalyan,3,pcu_half_n,PCU_N60,60,8.9,28.50412787,81.73591065
2018,Surkhet,Kalyan,3,pcu_half_n,PCU_N60,60,8.65,28.508464,81.72643415
2018,Surkhet,Kalyan,3,pcu_half_n,PCU_N60,60,8.85,28.5019896,81.74807538
2018,Surkhet,Kalyan,4,udp_reduced_n,UDP_N78,78,8.71,28.50403975,81.7360047
2018,Surkhet,Kalyan,4,udp_reduced_n,UDP_N78,78,8.95,28.50849933,81.726463
2018,Surkhet,Kalyan,4,udp_reduced_n,UDP_N78,78,8.8,28.50200085,81.74806402
2018,Surkhet,Kalyan,5,fym_half_n,FYM_N60,60,8.01,28.50407359,81.73592103
2018,Surkhet,Kalyan,5,fym_half_n,FYM_N60,60,8.64,28.50849671,81.72647665
2018,Surkhet,Kalyan,5,fym_half_n,FYM_N60,60,8.51,28.50200401,81.74805344
2018,Surkhet,Kalyan,6,p_omission,0-NK,120,8.58,28.50408635,81.73588991
2018,Surkhet,Kalyan,6,p_omission,0-NK,120,8.34,28.50847094,81.7264479
2018,Surkhet,Kalyan,6,p_omission,0-NK,120,8.88,28.50207584,81.74802
2018,Surkhet,Kalyan,7,n_omission,0-PK,0,6.87,28.50409123,81.73589973
2018,Surkhet,Kalyan,7,n_omission,0-PK,0,6.98,28.50844784,81.72646918
2018,Surkhet,Kalyan,7,n_omission,0-PK,0,9.34,28.5020624,81.74803725
2018,Surkhet,Kalyan,8,soil_background,0-0-0,0,6.43,28.50407675,81.73590332
2018,Surkhet,Kalyan,8,soil_background,0-0-0,0,6.66,28.50843152,81.72644885
2018,Surkhet,Kalyan,8,soil_background,0-0-0,0,8.39,28.50208136,81.74801401
2018,Surkhet,Kalyan,9,n_timing_v6_v10,TIMING_V6_V10,120,8.44,28.50407168,81.73591843
2018,Surkhet,Kalyan,9,n_timing_v6_v10,TIMING_V6_V10,120,8.83,28.50841116,81.7264388
2018,Surkhet,Kalyan,9,n_timing_v6_v10,TIMING_V6_V10,120,8.75,28.50206497,81.74798373
2018,Surkhet,Kunathari,1,government_recommendation,GR,120,8.9,28.71722115,81.51127924
2018,Surkhet,Kunathari,1,government_recommendation,GR,120,8.92,28.71299098,81.50798235
2018,Surkhet,Kunathari,1,government_recommendation,GR,120,9.12,28.70885508,81.5123433
2018,Surkhet,Kunathari,2,pcu_full_n,PCU_N120,120,8.9,28.71713224,81.51132247
2018,Surkhet,Kunathari,2,pcu_full_n,PCU_N120,120,8.92,28.71299711,81.50797833
2018,Surkhet,Kunathari,2,pcu_full_n,PCU_N120,120,9.12,28.70883261,81.51232295
2018,Surkhet,Kunathari,3,pcu_half_n,PCU_N60,60,8.57,28.7171583,81.51130287
2018,Surkhet,Kunathari,3,pcu_half_n,PCU_N60,60,9.13,28.71301296,81.50796627
2018,Surkhet,Kunathari,3,pcu_half_n,PCU_N60,60,9.06,28.70878642,81.51226419
2018,Surkhet,Kunathari,4,udp_reduced_n,UDP_N78,78,8.41,28.71712973,81.51132317
2018,Surkhet,Kunathari,4,udp_reduced_n,UDP_N78,78,7.98,28.71302066,81.50793093
2018,Surkhet,Kunathari,4,udp_reduced_n,UDP_N78,78,8.92,28.70869458,81.51227325
2018,Surkhet,Kunathari,5,fym_half_n,FYM_N60,60,9.12,28.71710817,81.5112749
2018,Surkhet,Kunathari,5,fym_half_n,FYM_N60,60,9.12,28.71310941,81.5079499
2018,Surkhet,Kunathari,5,fym_half_n,FYM_N60,60,7.39,28.70872008,81.51225606
2018,Surkhet,Kunathari,6,p_omission,0-NK,120,8.66,28.71710856,81.51125876
2018,Surkhet,Kunathari,6,p_omission,0-NK,120,8.77,28.71317402,81.50794605
2018,Surkhet,Kunathari,6,p_omission,0-NK,120,7.69,28.7087155,81.51220975
2018,Surkhet,Kunathari,7,n_omission,0-PK,0,8.07,28.71710327,81.51120466
2018,Surkhet,Kunathari,7,n_omission,0-PK,0,7.98,28.71306882,81.50799825
2018,Surkhet,Kunathari,7,n_omission,0-PK,0,8.24,28.70865621,81.51219817
2018,Surkhet,Kunathari,8,soil_background,0-0-0,0,6.12,28.71708589,81.51117943
2018,Surkhet,Kunathari,8,soil_background,0-0-0,0,7.26,28.71305566,81.50806219
2018,Surkhet,Kunathari,8,soil_background,0-0-0,0,6.23,28.70859683,81.51205312
2018,Surkhet,Kunathari,9,n_timing_v6_v10,TIMING_V6_V10,120,8.97,28.71710525,81.51115873
2018,Surkhet,Kunathari,9,n_timing_v6_v10,TIMING_V6_V10,120,9.15,28.71300754,81.50806932
2018,Surkhet,Kunathari,9,n_timing_v6_v10,TIMING_V6_V10,120,8.83,28.70858729,81.51206505
2018,Surkhet,Lekhpharsa,1,government_recommendation,GR,120,9.09,28.46672121,81.8021437
2018,Surkhet,Lekhpharsa,1,government_recommendation,GR,120,8.9,28.45905373,81.78538717
2018,Surkhet,Lekhpharsa,1,government_recommendation,GR,120,7.44,28.46921603,81.79777976
2018,Surkhet,Lekhpharsa,2,pcu_full_n,PCU_N120,120,9.15,28.46672185,81.80213932
2018,Surkhet,Lekhpharsa,2,pcu_full_n,PCU_N120,120,9.05,28.45905917,81.78540512
2018,Surkhet,Lekhpharsa,2,pcu_full_n,PCU_N120,120,7.79,28.46923501,81.79779305
2018,Surkhet,Lekhpharsa,3,pcu_half_n,PCU_N60,60,9.14,28.46672057,81.80213623
2018,Surkhet,Lekhpharsa,3,pcu_half_n,PCU_N60,60,9.09,28.45903128,81.78539608
2018,Surkhet,Lekhpharsa,3,pcu_half_n,PCU_N60,60,8.72,28.46922469,81.7977939
2018,Surkhet,Lekhpharsa,4,udp_reduced_n,UDP_N78,78,9.47,28.46672144,81.80213164
2018,Surkhet,Lekhpharsa,4,udp_reduced_n,UDP_N78,78,8.52,28.45900873,81.78539612
2018,Surkhet,Lekhpharsa,4,udp_reduced_n,UDP_N78,78,7.49,28.46931966,81.79767294
2018,Surkhet,Lekhpharsa,5,fym_half_n,FYM_N60,60,9.18,28.46671434,81.80212589
2018,Surkhet,Lekhpharsa,5,fym_half_n,FYM_N60,60,9.09,28.45898896,81.78540404
2018,Surkhet,Lekhpharsa,5,fym_half_n,FYM_N60,60,8.69,28.46931455,81.79764875
2018,Surkhet,Lekhpharsa,6,p_omission,0-NK,120,8.95,28.46663642,81.80204177
2018,Surkhet,Lekhpharsa,6,p_omission,0-NK,120,9.05,28.45893935,81.78539341
2018,Surkhet,Lekhpharsa,6,p_omission,0-NK,120,7.48,28.46931191,81.79762399
2018,Surkhet,Lekhpharsa,7,n_omission,0-PK,0,9.22,28.46665265,81.80203456
2018,Surkhet,Lekhpharsa,7,n_omission,0-PK,0,9.02,28.45894994,81.78541155
2018,Surkhet,Lekhpharsa,7,n_omission,0-PK,0,6.89,28.46931431,81.79762081
2018,Surkhet,Lekhpharsa,8,soil_background,0-0-0,0,7.48,28.46666504,81.80203798
2018,Surkhet,Lekhpharsa,8,soil_background,0-0-0,0,6.84,28.458972,81.78546624
2018,Surkhet,Lekhpharsa,8,soil_background,0-0-0,0,6.8,28.46930445,81.79762411
2018,Surkhet,Lekhpharsa,9,n_timing_v6_v10,TIMING_V6_V10,120,9.18,28.46666002,81.80204008
2018,Surkhet,Lekhpharsa,9,n_timing_v6_v10,TIMING_V6_V10,120,9.06,28.45895366,81.78544898
2018,Surkhet,Lekhpharsa,9,n_timing_v6_v10,TIMING_V6_V10,120,9.04,28.46930024,81.79764097
2018,Surkhet,Maintada-1,1,government_recommendation,GR,120,9.32,28.43685704,81.79975954
2018,Surkhet,Maintada-1,1,government_recommendation,GR,120,8.28,28.44930707,81.79298934
2018,Surkhet,Maintada-1,1,government_recommendation,GR,120,9.25,28.44637916,81.81801401
2018,Surkhet,Maintada-1,2,pcu_full_n,PCU_N120,120,8.18,28.43698379,81.79971291
2018,Surkhet,Maintada-1,2,pcu_full_n,PCU_N120,120,8.15,28.44931341,81.79298811
2018,Surkhet,Maintada-1,3,pcu_half_n,PCU_N60,60,8.31,28.43693805,81.79980323
2018,Surkhet,Maintada-1,3,pcu_half_n,PCU_N60,60,8.43,28.44930375,81.79298041
2018,Surkhet,Maintada-1,4,udp_reduced_n,UDP_N78,78,8.27,28.43691255,81.79985831
2018,Surkhet,Maintada-1,4,udp_reduced_n,UDP_N78,78,8.8,28.44927829,81.79298279
2018,Surkhet,Maintada-1,5,fym_half_n,FYM_N60,60,7.18,28.4369146,81.79987529
2018,Surkhet,Maintada-1,5,fym_half_n,FYM_N60,60,7.64,28.44926357,81.79297843
2018,Surkhet,Maintada-1,6,p_omission,0-NK,120,8.01,28.43690946,81.79987304
2018,Surkhet,Maintada-1,6,p_omission,0-NK,120,8.69,28.44925222,81.79296541
2018,Surkhet,Maintada-1,7,n_omission,0-PK,0,7.32,28.43692502,81.7999257
2018,Surkhet,Maintada-1,7,n_omission,0-PK,0,7.36,28.449255,81.79295056
2018,Surkhet,Maintada-1,8,soil_background,0-0-0,0,6.54,28.43690916,81.80009407
2018,Surkhet,Maintada-1,8,soil_background,0-0-0,0,6.54,28.44924491,81.79294438
2018,Surkhet,Maintada-1,9,n_timing_v6_v10,TIMING_V6_V10,120,8.18,28.43694028,81.80009716
2018,Surkhet,Maintada-1,9,n_timing_v6_v10,TIMING_V6_V10,120,7.82,28.44923314,81.79295449
2018,Surkhet,Maintada-10,9,n_timing_v6_v10,TIMING_V6_V10,120,9.32,28.43195848,81.80338907
2018,Surkhet,Maintada-2,1,government_recommendation,GR,120,9.15,28.43197148,81.80340531
2018,Surkhet,Maintada-2,1,government_recommendation,GR,120,9.21,28.41942099,81.79067174
2018,Surkhet,Maintada-2,1,government_recommendation,GR,120,7.93,28.42837279,81.80323101
2018,Surkhet,Maintada-2,2,pcu_full_n,PCU_N120,120,8.87,28.41941795,81.79062933
2018,Surkhet,Maintada-2,2,pcu_full_n,PCU_N120,120,9.17,28.42837826,81.80321651
2018,Surkhet,Maintada-2,2,pcu_full_n,PCU_N120,120,9.18,28.44639313,81.81801978
2018,Surkhet,Maintada-2,3,pcu_half_n,PCU_N60,60,9.29,28.4194278,81.79060241
2018,Surkhet,Maintada-2,3,pcu_half_n,PCU_N60,60,7.75,28.42837542,81.80322552
2018,Surkhet,Maintada-2,4,udp_reduced_n,UDP_N78,78,9.05,28.41943233,81.79058484
2018,Surkhet,Maintada-2,4,udp_reduced_n,UDP_N78,78,8.77,28.42836237,81.80324338
2018,Surkhet,Maintada-2,5,fym_half_n,FYM_N60,60,9.1,28.41943244,81.79057877
2018,Surkhet,Maintada-2,5,fym_half_n,FYM_N60,60,7.7,28.42836266,81.80325322
2018,Surkhet,Maintada-2,6,p_omission,0-NK,120,8.31,28.41946827,81.79056947
2018,Surkhet,Maintada-2,6,p_omission,0-NK,120,8.91,28.42835598,81.80326464
2018,Surkhet,Maintada-2,7,n_omission,0-PK,0,6.47,28.41949354,81.79053942
2018,Surkhet,Maintada-2,7,n_omission,0-PK,0,7.33,28.42833879,81.80326607
2018,Surkhet,Maintada-2,8,soil_background,0-0-0,0,6.22,28.41951416,81.79047363
2018,Surkhet,Maintada-2,8,soil_background,0-0-0,0,5.74,28.42833446,81.80325811
2018,Surkhet,Maintada-2,9,n_timing_v6_v10,TIMING_V6_V10,120,8.24,28.41952886,81.79045293
2018,Surkhet,Maintada-2,9,n_timing_v6_v10,TIMING_V6_V10,120,9.52,28.42832504,81.80326215
2018,Surkhet,Maintada-3,2,pcu_full_n,PCU_N120,120,9.25,28.43198338,81.80342707
2018,Surkhet,Maintada-3,3,pcu_half_n,PCU_N60,60,9.41,28.44635759,81.81801785
2018,Surkhet,Maintada-4,3,pcu_half_n,PCU_N60,60,8.42,28.43197913,81.80342308
2018,Surkhet,Maintada-4,4,udp_reduced_n,UDP_N78,78,7.84,28.44632369,81.81796125
2018,Surkhet,Maintada-5,4,udp_reduced_n,UDP_N78,78,8.31,28.43198418,81.8034312
2018,Surkhet,Maintada-5,5,fym_half_n,FYM_N60,60,8.42,28.44626985,81.81794102
2018,Surkhet,Maintada-6,5,fym_half_n,FYM_N60,60,9.23,28.43198282,81.803426
2018,Surkhet,Maintada-6,6,p_omission,0-NK,120,7.53,28.44630107,81.81800988
2018,Surkhet,Maintada-7,6,p_omission,0-NK,120,8.6,28.43198303,81.80341728
2018,Surkhet,Maintada-7,7,n_omission,0-PK,0,6.67,28.44627709,81.81803668
2018,Surkhet,Maintada-8,7,n_omission,0-PK,0,8.84,28.43198979,81.80341761
2018,Surkhet,Maintada-8,8,soil_background,0-0-0,0,6.37,28.44624253,81.81802132
2018,Surkhet,Maintada-9,8,soil_background,0-0-0,0,7.71,28.43196607,81.80337762
2018,Surkhet,Maintada-9,9,n_timing_v6_v10,TIMING_V6_V10,120,8.57,28.4462335,81.81801484
2018,Surkhet,Ramghat,1,government_recommendation,GR,120,9.11,28.48768366,81.73958759
2018,Surkhet,Ramghat,1,government_recommendation,GR,120,8.97,28.48749579,81.74486874
2018,Surkhet,Ramghat,1,government_recommendation,GR,120,8.63,28.49014764,81.74308792
2018,Surkhet,Ramghat,2,pcu_full_n,PCU_N120,120,8.66,28.48773343,81.73953019
2018,Surkhet,Ramghat,2,pcu_full_n,PCU_N120,120,8.85,28.48754924,81.74484507
2018,Surkhet,Ramghat,2,pcu_full_n,PCU_N120,120,9.18,28.49013158,81.74307377
2018,Surkhet,Ramghat,3,pcu_half_n,PCU_N60,60,9.04,28.48770862,81.73949639
2018,Surkhet,Ramghat,3,pcu_half_n,PCU_N60,60,9.28,28.48754767,81.74486049
2018,Surkhet,Ramghat,3,pcu_half_n,PCU_N60,60,8.48,28.4901182,81.74305859
2018,Surkhet,Ramghat,4,udp_reduced_n,UDP_N78,78,9.02,28.48771628,81.73950588
2018,Surkhet,Ramghat,4,udp_reduced_n,UDP_N78,78,9.32,28.48753404,81.74482885
2018,Surkhet,Ramghat,4,udp_reduced_n,UDP_N78,78,9.36,28.49011618,81.74305891
2018,Surkhet,Ramghat,5,fym_half_n,FYM_N60,60,8.73,28.48770621,81.73948884
2018,Surkhet,Ramghat,5,fym_half_n,FYM_N60,60,8.81,28.48766669,81.74479116
2018,Surkhet,Ramghat,5,fym_half_n,FYM_N60,60,8.95,28.49010247,81.74305249
2018,Surkhet,Ramghat,6,p_omission,0-NK,120,6.89,28.48770567,81.7394838
2018,Surkhet,Ramghat,6,p_omission,0-NK,120,8.96,28.48765505,81.7447936
2018,Surkhet,Ramghat,6,p_omission,0-NK,120,7.38,28.49009491,81.74304774
2018,Surkhet,Ramghat,7,n_omission,0-PK,0,8.11,28.48771163,81.73949259
2018,Surkhet,Ramghat,7,n_omission,0-PK,0,8.73,28.48759359,81.74483701
2018,Surkhet,Ramghat,7,n_omission,0-PK,0,7.53,28.49009298,81.74304654
2018,Surkhet,Ramghat,8,soil_background,0-0-0,0,6.54,28.48771316,81.73949597
2018,Surkhet,Ramghat,8,soil_background,0-0-0,0,7.7,28.48760256,81.74483375
2018,Surkhet,Ramghat,8,soil_background,0-0-0,0,6.45,28.49008993,81.74304734
2018,Surkhet,Ramghat,9,n_timing_v6_v10,TIMING_V6_V10,120,9.03,28.48769539,81.73948428
2018,Surkhet,Ramghat,9,n_timing_v6_v10,TIMING_V6_V10,120,8.95,28.48758668,81.74487291
2018,Surkhet,Ramghat,9,n_timing_v6_v10,TIMING_V6_V10,120,8.71,28.49008154,81.74305611
2019,Dang,Dhikpur,A1,demo_gr_hybrid,GR,120,10.33,28.026865809224542,82.37110865302384
2019,Dang,Dhikpur,A1,demo_gr_hybrid,GR,120,5.76,28.03020503371954,82.37675772048533
2019,Dang,Dhikpur,A2,demo_fym_hybrid,FYM_N60,120,12.49,28.026923267170787,82.37107403576374
2019,Dang,Dhikpur,A2,demo_fym_hybrid,FYM_N60,120,6.36,28.030160274356604,82.37680382095277
2019,Dang,Dhikpur,A3,demo_zn_hybrid,demo_zn_hybrid,120,8.64,28.02693973761052,82.37100530415773
2019,Dang,Dhikpur,A3,demo_zn_hybrid,demo_zn_hybrid,120,11.44,28.030122010968626,82.37686073407531
2019,Dang,Dhikpur,A4,demo_pcu_half_n_hybrid,PCU_N60,60,11.35,28.026944096200168,82.37097638659179
2019,Dang,Dhikpur,A4,demo_pcu_half_n_hybrid,PCU_N60,60,8.46,28.03007943090052,82.37690306268632
2019,Dang,Dhikpur,A5,demo_udp_reduced_n_hybrid,UDP_N78,78,9.65,28.02699744701385,82.37090698443353
2019,Dang,Dhikpur,A5,demo_udp_reduced_n_hybrid,UDP_N78,78,7.02,28.03011618554592,82.37693273462355
2019,Dang,Laxmipur,A1,demo_gr_hybrid,GR,120,12.8,27.97623605467379,82.46381275355816
2019,Dang,Laxmipur,A1,demo_gr_hybrid,GR,120,11.78,27.990604690276086,82.51853006891906
2019,Dang,Laxmipur,A2,demo_fym_hybrid,FYM_N60,120,13.57,27.97626094892621,82.46376128867269
2019,Dang,Laxmipur,A2,demo_fym_hybrid,FYM_N60,120,12.15,27.99057732336223,82.51858220435679
2019,Dang,Laxmipur,A3,demo_zn_hybrid,demo_zn_hybrid,120,11.43,27.97634807880968,82.46366917155683
2019,Dang,Laxmipur,A3,demo_zn_hybrid,demo_zn_hybrid,120,11.09,27.990593961440027,82.51861321739852
2019,Dang,Laxmipur,A4,demo_pcu_half_n_hybrid,PCU_N60,60,10.29,27.976401848718524,82.46342400088906
2019,Dang,Laxmipur,A4,demo_pcu_half_n_hybrid,PCU_N60,60,9.35,27.99054283183068,82.51862411387265
2019,Dang,Laxmipur,A5,demo_udp_reduced_n_hybrid,UDP_N78,78,9.67,27.976348791271448,82.4636291898787
2019,Dang,Laxmipur,A5,demo_udp_reduced_n_hybrid,UDP_N78,78,9.42,27.99054731614888,82.51865889877081
2019,Dang,Panchakule,A1,demo_gr_hybrid,GR,120,7.05,28.13416263554245,82.11803896352649
2019,Dang,Panchakule,A2,demo_fym_hybrid,FYM_N60,120,6.87,28.134349384345114,82.11804390884936
2019,Dang,Panchakule,A3,demo_zn_hybrid,demo_zn_hybrid,120,7.47,28.13441023696214,82.11811322718859
2019,Dang,Panchakule,A4,demo_pcu_half_n_hybrid,PCU_N60,60,10.49,28.13445889391005,82.11817977949977
2019,Dang,Panchakule,A5,demo_udp_reduced_n_hybrid,UDP_N78,78,6.54,28.13453085254877,82.11823996156454
2019,Dang,Purandhara,A1,demo_gr_hybrid,GR,120,7.16,28.13506666570902,82.12238506413996
2019,Dang,Purandhara,A1,demo_gr_hybrid,GR,120,6.3,28.06542268954217,82.44525656104088
2019,Dang,Purandhara,A2,demo_fym_hybrid,FYM_N60,120,11.23,28.135056104511023,82.1224589087069
2019,Dang,Purandhara,A2,demo_fym_hybrid,FYM_N60,120,5.95,28.06545692961663,82.44519621133804
2019,Dang,Purandhara,A3,demo_zn_hybrid,demo_zn_hybrid,120,8.9,28.134994371794164,82.12250106967986
2019,Dang,Purandhara,A3,demo_zn_hybrid,demo_zn_hybrid,120,7.34,28.06552461348474,82.4451123084873
2019,Dang,Purandhara,A4,demo_pcu_half_n_hybrid,PCU_N60,60,10.37,28.134966418147087,82.12254473939538
2019,Dang,Purandhara,A4,demo_pcu_half_n_hybrid,PCU_N60,60,5.53,28.06553919799626,82.4450584128499
2019,Dang,Purandhara,A5,demo_udp_reduced_n_hybrid,UDP_N78,78,8.2,28.13494827132672,82.12258304469287
2019,Dang,Purandhara,A5,demo_udp_reduced_n_hybrid,UDP_N78,78,5.37,28.0655768327415,82.4450409784913
2019,Dang,Shantinagar,A1,demo_gr_hybrid,GR,120,7.94,28.15802989527583,82.22683170810342
2019,Dang,Shantinagar,A1,demo_gr_hybrid,GR,120,8.79,28.174101314507425,82.22785983234644
2019,Dang,Shantinagar,A2,demo_fym_hybrid,FYM_N60,120,8.02,28.15802641678601,82.22684889100492
2019,Dang,Shantinagar,A2,demo_fym_hybrid,FYM_N60,120,7.54,28.17401657346636,82.22791842184961
2019,Dang,Shantinagar,A3,demo_zn_hybrid,demo_zn_hybrid,120,8.28,28.15800340846181,82.22690479829907
2019,Dang,Shantinagar,A3,demo_zn_hybrid,demo_zn_hybrid,120,7.71,28.17395940888673,82.2279879078269
2019,Dang,Shantinagar,A4,demo_pcu_half_n_hybrid,PCU_N60,60,7.72,28.157983417622745,82.22692240029573
2019,Dang,Shantinagar,A4,demo_pcu_half_n_hybrid,PCU_N60,60,7.2,28.173989919014275,82.22806351259351
2019,Dang,Shantinagar,A5,demo_udp_reduced_n_hybrid,UDP_N78,78,7.91,28.15798853058368,82.22696028649807
2019,Dang,Shantinagar,A5,demo_udp_reduced_n_hybrid,UDP_N78,78,8.58,28.173939040862024,82.22806711681187
2019,Dang,Shreegau,A1,demo_gr_hybrid,GR,120,9.38,28.10815690085292,82.18256000429392
2019,Dang,Shreegau,A1,demo_gr_hybrid,GR,120,10.28,28.111599013209343,82.18974279239774
2019,Dang,Shreegau,A2,demo_fym_hybrid,FYM_N60,120,8.04,28.10809789225459,82.18259076587856
2019,Dang,Shreegau,A2,demo_fym_hybrid,FYM_N60,120,8.41,28.111616699025035,82.18963835388422
2019,Dang,Shreegau,A3,demo_zn_hybrid,demo_zn_hybrid,120,8.13,28.10819109901786,82.1827008202672
2019,Dang,Shreegau,A3,demo_zn_hybrid,demo_zn_hybrid,120,9.63,28.111658105626702,82.1895098593086
2019,Dang,Shreegau,A4,demo_pcu_half_n_hybrid,PCU_N60,60,7.24,28.108129701577127,82.18275496736169
2019,Dang,Shreegau,A4,demo_pcu_half_n_hybrid,PCU_N60,60,8.76,28.111794143915176,82.18948588706553
2019,Dang,Shreegau,A5,demo_udp_reduced_n_hybrid,UDP_N78,78,6.73,28.1081129796803,82.18279100954533
2019,Dang,Shreegau,A5,demo_udp_reduced_n_hybrid,UDP_N78,78,8.53,28.111752863042057,82.18939930200577
2019,Doti,Chhatiwan,A1,demo_gr_hybrid,GR,120,7.37,29.08005500212312,80.59002564288676
2019,Doti,Chhatiwan,A2,demo_fym_hybrid,FYM_N60,120,6.54,29.080102150328457,80.58986630290747
2019,Doti,Chhatiwan,A3,demo_zn_hybrid,demo_zn_hybrid,120,7.16,29.08013136126101,80.58982397429645
2019,Doti,Chhatiwan,A4,demo_pcu_half_n_hybrid,PCU_N60,60,6.79,29.080242505297065,80.58977385051548
2019,Doti,Chhatiwan,A5,demo_udp_reduced_n_hybrid,UDP_N78,78,7.11,29.080344010144472,80.58960730209947
2019,Doti,Dipayal,A1,demo_gr_hybrid,GR,120,7.67,29.255790319293737,80.9320121537894
2019,Doti,Dipayal,A2,demo_fym_hybrid,FYM_N60,120,7.96,29.25574602093548,80.9319225512445
2019,Doti,Dipayal,A3,demo_zn_hybrid,demo_zn_hybrid,120,9.46,29.255823763087392,80.93188734725118
2019,Doti,Dipayal,A4,demo_pcu_half_n_hybrid,PCU_N60,60,6.68,29.255790319293737,80.9320121537894
2019,Doti,Dipayal,A5,demo_udp_reduced_n_hybrid,UDP_N78,78,7.9,29.25574602093548,80.9319225512445
2019,Doti,Ghanteshwor,A1,demo_gr_hybrid,GR,120,8.12,29.12981002125889,80.57959344238043
2019,Doti,Ghanteshwor,A1,demo_gr_hybrid,GR,120,6.96,29.126308523118496,80.57519964873791
2019,Doti,Ghanteshwor,A1,demo_gr_hybrid,GR,120,9.72,29.12532427813857,80.57615367695689
2019,Doti,Ghanteshwor,A2,demo_fym_hybrid,FYM_N60,120,8.08,29.129989058710635,80.57948833331466
2019,Doti,Ghanteshwor,A2,demo_fym_hybrid,FYM_N60,120,7.25,29.126279773190618,80.57517810724676
2019,Doti,Ghanteshwor,A2,demo_fym_hybrid,FYM_N60,120,8.06,29.125242428854108,80.57594706304371
2019,Doti,Ghanteshwor,A3,demo_zn_hybrid,demo_zn_hybrid,120,7.9,29.12981580477208,80.57950903661549
2019,Doti,Ghanteshwor,A3,demo_zn_hybrid,demo_zn_hybrid,120,7.75,29.12621175404638,80.5752432346344
2019,Doti,Ghanteshwor,A3,demo_zn_hybrid,demo_zn_hybrid,120,6.72,29.12522331811488,80.5759166367352
2019,Doti,Ghanteshwor,A4,demo_pcu_half_n_hybrid,PCU_N60,60,7.61,29.129920327104628,80.57955572381616
2019,Doti,Ghanteshwor,A4,demo_pcu_half_n_hybrid,PCU_N60,60,7.91,29.12617034744472,80.57527751661837
2019,Doti,Ghanteshwor,A4,demo_pcu_half_n_hybrid,PCU_N60,60,8.56,29.12542439997196,80.57614755816758
2019,Doti,Ghanteshwor,A5,demo_udp_reduced_n_hybrid,UDP_N78,78,7.91,29.130054521374404,80.57947584427893
2019,Doti,Ghanteshwor,A5,demo_udp_reduced_n_hybrid,UDP_N78,78,7.58,29.12617034744472,80.57527751661837
2019,Doti,Ghanteshwor,A5,demo_udp_reduced_n_hybrid,UDP_N78,78,9.23,29.12528731394559,80.57605879381299
2019,Kavre,Bhakundebesi,A1,demo_gr_hybrid,GR,120,5.44,27.562420489266515,85.64945865422487
2019,Kavre,Bhakundebesi,A2,demo_fym_hybrid,FYM_N60,120,4.94,27.56237514317036,85.64941506832838
2019,Kavre,Bhakundebesi,A3,demo_zn_hybrid,demo_zn_hybrid,120,5.69,27.5622373027727,85.64963425509632
2019,Kavre,Bhakundebesi,A4,demo_pcu_half_n_hybrid,PCU_N60,60,6.51,27.561757271178067,85.64877117052674
2019,Kavre,Bhakundebesi,A5,demo_udp_reduced_n_hybrid,UDP_N78,78,7.18,27.562298448756337,85.64976744353771
2019,Makwanpur,Radha Tiwari,A1,demo_gr_hybrid,GR,120,6.93,,
2019,Makwanpur,Radha Tiwari,A2,demo_fym_hybrid,FYM_N60,120,6.06,,
2019,Makwanpur,Radha Tiwari,A3,demo_zn_hybrid,demo_zn_hybrid,120,6.43,,
2019,Makwanpur,Radha Tiwari,A4,demo_pcu_half_n_hybrid,PCU_N60,60,6.61,,
2019,Makwanpur,Radha Tiwari,A5,demo_udp_reduced_n_hybrid,UDP_N78,78,6.76,,
2019,Nuwakot,Ramchandra Acharya,A1,demo_gr_hybrid,GR,120,6.53,27.88431666791439,85.1506984513253
2019,Nuwakot,Ramchandra Acharya,A1,demo_gr_hybrid,GR,120,6.53,,
2019,Nuwakot,Ramchandra Acharya,A2,demo_fym_hybrid,FYM_N60,120,9.17,27.8844232019037,85.1506929192692
2019,Nuwakot,Ramchandra Acharya,A2,demo_fym_hybrid,FYM_N60,120,9.17,,
2019,Nuwakot,Ramchandra Acharya,A3,demo_zn_hybrid,demo_zn_hybrid,120,7.35,27.88446791935712,85.15069920569658
2019,Nuwakot,Ramchandra Acharya,A3,demo_zn_hybrid,demo_zn_hybrid,120,7.35,,
2019,Nuwakot,Ramchandra Acharya,A4,demo_pcu_half_n_hybrid,PCU_N60,60,7.91,27.88451594766229,85.15072116628289
2019,Nuwakot,Ramchandra Acharya,A4,demo_pcu_half_n_hybrid,PCU_N60,60,7.91,,
2019,Nuwakot,Ramchandra Acharya,A5,demo_udp_reduced_n_hybrid,UDP_N78,78,8.27,27.884649764746428,85.15072426758707
2019,Nuwakot,Ramchandra Acharya,A5,demo_udp_reduced_n_hybrid,UDP_N78,78,8.27,,
2019,Palpa,Devinagar,A1,demo_gr_hybrid,GR,120,9.91,27.80849640257657,83.69880789890885
2019,Palpa,Devinagar,A2,demo_fym_hybrid,FYM_N60,120,10.08,27.80842704232782,83.69870329275727
2019,Palpa,Devinagar,A3,demo_zn_hybrid,demo_zn_hybrid,120,12.12,27.80851689632982,83.69864705018699
2019,Palpa,Devinagar,A4,demo_pcu_half_n_hybrid,PCU_N60,60,8.17,27.80753126833588,83.6996323429048
2019,Palpa,Devinagar,A5,demo_udp_reduced_n_hybrid,UDP_N78,78,10.13,27.807311075739563,83.70224179700017
2019,Salyan,Ajaya Gharti,A1,demo_gr_hybrid,GR,120,11.22,28.21758239530027,82.38460016436875
2019,Salyan,Ajaya Gharti,A2,demo_fym_hybrid,FYM_N60,120,10.79,28.21762681938708,82.38461106084287
2019,Salyan,Ajaya Gharti,A3,demo_zn_hybrid,demo_zn_hybrid,120,10.98,28.21763054933399,82.38454392179847
2019,Salyan,Ajaya Gharti,A4,demo_pcu_half_n_hybrid,PCU_N60,60,10.28,28.21767036337405,82.38450846634805
2019,Salyan,Ajaya Gharti,A5,demo_udp_reduced_n_hybrid,UDP_N78,78,11.11,28.217680673114955,82.38449103198946
2019,Salyan,Prem buda,A1,demo_gr_hybrid,GR,120,11.97,28.24857485946268,82.33078231103718
2019,Salyan,Prem buda,A2,demo_fym_hybrid,FYM_N60,120,11.4,28.24862238485366,82.33084609732032
2019,Salyan,Prem buda,A3,demo_zn_hybrid,demo_zn_hybrid,120,7.33,28.2486729696393,82.33093955554068
2019,Salyan,Prem buda,A4,demo_pcu_half_n_hybrid,PCU_N60,60,6.77,28.24870737735182,82.330974759534
2019,Salyan,Prem buda,A5,demo_udp_reduced_n_hybrid,UDP_N78,78,6.35,28.24842926580459,82.33088021166623
2019,Salyan,Tham kumari mahatara,A1,demo_gr_hybrid,GR,120,11.12,28.25883745215833,82.33735204674304
2019,Salyan,Tham kumari mahatara,A2,demo_fym_hybrid,FYM_N60,120,11.52,28.258865447714925,82.33737727627158
2019,Salyan,Tham kumari mahatara,A3,demo_zn_hybrid,demo_zn_hybrid,120,11.54,28.258859748020768,82.33739177696407
2019,Salyan,Tham kumari mahatara,A4,demo_pcu_half_n_hybrid,PCU_N60,60,9.48,28.25888522900641,82.33749621547759
2019,Salyan,Tham kumari mahatara,A5,demo_udp_reduced_n_hybrid,UDP_N78,78,12.02,28.258952074684203,82.33756083995104
2019,Surkhet,Babiyachaur,A1,demo_gr_hybrid,GR,120,12.84,28.805276309140027,81.40033137984574
2019,Surkhet,Babiyachaur,A2,demo_fym_hybrid,FYM_N60,120,13.01,28.805250409059227,81.40033565461636
2019,Surkhet,Babiyachaur,A3,demo_zn_hybrid,demo_zn_hybrid,120,14.04,28.80523880012333,81.40037840232253
2019,Surkhet,Babiyachaur,A4,demo_pcu_half_n_hybrid,PCU_N60,60,13.17,28.8052236288786,81.40040379948914
2019,Surkhet,Babiyachaur,A5,demo_udp_reduced_n_hybrid,UDP_N78,78,13.17,28.80520946346224,81.40041201375425
2019,Surkhet,Kalyan,A1,demo_gr_hybrid,GR,120,8.72,28.50374635308981,81.73832852393389
2019,Surkhet,Kalyan,A2,demo_fym_hybrid,FYM_N60,120,10.29,28.503612242639065,81.73836247064173
2019,Surkhet,Kalyan,A3,demo_zn_hybrid,demo_zn_hybrid,120,10.11,28.503653020597994,81.73830891028047
2019,Surkhet,Kalyan,A4,demo_pcu_half_n_hybrid,PCU_N60,60,10.62,28.50356169976294,81.73828736878932
2019,Surkhet,Kalyan,A5,demo_udp_reduced_n_hybrid,UDP_N78,78,9.67,28.50359702948481,81.73827169463038
2019,Surkhet,Kunathari,A1,demo_gr_hybrid,GR,120,8.21,28.71348860207945,81.50714138522744
2019,Surkhet,Kunathari,A2,demo_fym_hybrid,FYM_N60,120,8.94,28.71349337976426,81.50713962502778
2019,Surkhet,Kunathari,A3,demo_zn_hybrid,demo_zn_hybrid,120,9.92,28.71352271642536,81.50719553232193
2019,Surkhet,Kunathari,A4,demo_pcu_half_n_hybrid,PCU_N60,60,8.26,28.713520243763924,81.50713970884681
2019,Surkhet,Kunathari,A5,demo_udp_reduced_n_hybrid,UDP_N78,78,8.35,28.713521542958915,81.50715328752995
2019,Surkhet,Lekhpharsa,A1,demo_gr_hybrid,GR,120,9.17,28.461811440065503,81.78102308884263
2019,Surkhet,Lekhpharsa,A2,demo_fym_hybrid,FYM_N60,120,8.69,28.461795640178025,81.78097103722394
2019,Surkhet,Lekhpharsa,A3,demo_zn_hybrid,demo_zn_hybrid,120,6.46,28.46175318583846,81.78091496229172
2019,Surkhet,Lekhpharsa,A4,demo_pcu_half_n_hybrid,PCU_N60,60,7.27,28.461702768690884,81.78089761175215
2019,Surkhet,Lekhpharsa,A5,demo_udp_reduced_n_hybrid,UDP_N78,78,9.13,28.461660398170352,81.78084053099155
2019,Surkhet,Maintada-2,A1,demo_gr_hybrid,GR,120,3.64,28.44870310742408,81.79671191610396
2019,Surkhet,Maintada-2,A2,demo_fym_hybrid,FYM_N60,120,7.26,28.44869724009186,81.79670889861882
2019,Surkhet,Maintada-2,A3,demo_zn_hybrid,demo_zn_hybrid,120,8.06,28.44873093534261,81.79671887308359
2019,Surkhet,Maintada-2,A4,demo_pcu_half_n_hybrid,PCU_N60,60,7.32,28.448755997233093,81.79672113619745
2019,Surkhet,Maintada-2,A5,demo_udp_reduced_n_hybrid,UDP_N78,78,7.08,28.44878830946982,81.7967389896512
2019,Surkhet,Ramghat,A1,demo_gr_hybrid,GR,120,8.83,28.489830633625388,81.74146293662488
2019,Surkhet,Ramghat,A1,demo_gr_hybrid,GR,120,13.4,28.49197795148939,81.74336923286319
2019,Surkhet,Ramghat,A1,demo_gr_hybrid,GR,120,9.65,28.487914907746017,81.7440648470074
2019,Surkhet,Ramghat,A1,demo_gr_hybrid,GR,120,10.56,28.48777807317674,81.7445654142648
2019,Surkhet,Ramghat,A2,demo_fym_hybrid,FYM_N60,120,9.98,28.489910010248423,81.74147073179483
2019,Surkhet,Ramghat,A2,demo_fym_hybrid,FYM_N60,120,12.83,28.49198155570776,81.7433758545667
2019,Surkhet,Ramghat,A2,demo_fym_hybrid,FYM_N60,120,10.52,28.48792224191129,81.7441319860518
2019,Surkhet,Ramghat,A2,demo_fym_hybrid,FYM_N60,120,11.65,28.487758794799447,81.74448125995696
2019,Surkhet,Ramghat,A3,demo_zn_hybrid,demo_zn_hybrid,120,11.36,28.489922499284148,81.74147316254675
2019,Surkhet,Ramghat,A3,demo_zn_hybrid,demo_zn_hybrid,120,11.41,28.49198717158288,81.74341131001711
2019,Surkhet,Ramghat,A3,demo_zn_hybrid,demo_zn_hybrid,120,9.02,28.48795593716204,81.74411128275096
2019,Surkhet,Ramghat,A3,demo_zn_hybrid,demo_zn_hybrid,120,11.84,28.487752215005457,81.74448067322373
2019,Surkhet,Ramghat,A4,demo_pcu_half_n_hybrid,PCU_N60,60,14.1,28.48997421562672,81.74141163937747
2019,Surkhet,Ramghat,A4,demo_pcu_half_n_hybrid,PCU_N60,60,13.35,28.49204743746668,81.74342572689056
2019,Surkhet,Ramghat,A4,demo_pcu_half_n_hybrid,PCU_N60,60,9.47,28.487999229691923,81.7440939322114
2019,Surkhet,Ramghat,A4,demo_pcu_half_n_hybrid,PCU_N60,60,14.7,28.48774794023484,81.74442929215729
2019,Surkhet,Ramghat,A5,demo_udp_reduced_n_hybrid,UDP_N78,78,14.94,28.489961475133896,81.7414621822536
2019,Surkhet,Ramghat,A5,demo_udp_reduced_n_hybrid,UDP_N78,78,13.32,28.49202849436552,81.74340141937137
2019,Surkhet,Ramghat,A5,demo_udp_reduced_n_hybrid,UDP_N78,78,9.28,28.48803527187556,81.74417213536799
2019,Surkhet,Ramghat,A5,demo_udp_reduced_n_hybrid,UDP_N78,78,10.89,28.48772032186389,81.7443925794214
2019,Dang,Dhikpur,B1,demo_gr_opv,GR,120,9.7,28.027029717341065,82.3708741273731
2019,Dang,Dhikpur,B1,demo_gr_opv,GR,120,7.75,28.03008563350886,82.37662989646196
2019,Dang,Dhikpur,B2,demo_fym_opv,FYM_N60,120,11.31,28.02703290246427,82.3708223272115
2019,Dang,Dhikpur,B2,demo_fym_opv,FYM_N60,120,7.42,28.030072138644755,82.37666987814009
2019,Dang,Dhikpur,B3,demo_zn_opv,demo_zn_opv,120,9.72,,
2019,Dang,Dhikpur,B3,demo_zn_opv,demo_zn_opv,120,8.32,28.03005210589617,82.37671346403658
2019,Dang,Dhikpur,B4,demo_pcu_half_n_opv,PCU_N60,60,8.04,28.027059598825872,82.37078092060983
2019,Dang,Dhikpur,B4,demo_pcu_half_n_opv,PCU_N60,60,4.85,28.03005143534392,82.3767106141895
2019,Dang,Dhikpur,B5,demo_udp_reduced_n_opv,UDP_N78,78,6.11,28.027094090357423,82.37071017734706
2019,Dang,Dhikpur,B5,demo_udp_reduced_n_opv,UDP_N78,78,6.14,28.03001916501671,82.37676157616079
2019,Dang,Laxmipur,B1,demo_gr_opv,GR,120,10.0,27.97634107992053,82.46355844661593
2019,Dang,Laxmipur,B1,demo_gr_opv,GR,120,9.98,27.99053788650781,82.51870022155344
2019,Dang,Laxmipur,B2,demo_fym_opv,FYM_N60,120,10.54,27.9764004657045,82.4635253380984
2019,Dang,Laxmipur,B2,demo_fym_opv,FYM_N60,120,9.18,27.990504316985607,82.51872637309134
2019,Dang,Laxmipur,B3,demo_zn_opv,demo_zn_opv,120,9.84,27.976478207856417,82.46343615464866
2019,Dang,Laxmipur,B3,demo_zn_opv,demo_zn_opv,120,6.58,27.99048700835556,82.51874489709735
2019,Dang,Laxmipur,B4,demo_pcu_half_n_opv,PCU_N60,60,8.76,27.97630616929382,82.46368325315416
2019,Dang,Laxmipur,B4,demo_pcu_half_n_opv,PCU_N60,60,8.33,27.99046106636524,82.51876023598015
2019,Dang,Laxmipur,B5,demo_udp_reduced_n_opv,UDP_N78,78,8.72,27.97649459447712,82.46347739361227
2019,Dang,Laxmipur,B5,demo_udp_reduced_n_opv,UDP_N78,78,6.65,27.99041722901165,82.51883508637547
2019,Dang,Panchakule,B1,demo_gr_opv,GR,120,6.83,28.134468868374825,82.11838312447071
2019,Dang,Panchakule,B2,demo_fym_opv,FYM_N60,120,8.98,28.134450428187847,82.1184560470283
2019,Dang,Panchakule,B3,demo_zn_opv,demo_zn_opv,120,6.83,28.1344320718199,82.1185202524066
2019,Dang,Panchakule,B4,demo_pcu_half_n_opv,PCU_N60,60,8.5,28.13432008959353,82.11855864152312
2019,Dang,Panchakule,B5,demo_udp_reduced_n_opv,UDP_N78,78,8.95,28.134298087097704,82.11848261766136
2019,Dang,Purandhara,B1,demo_gr_opv,GR,120,10.42,28.13490334432572,82.1226383652538
2019,Dang,Purandhara,B1,demo_gr_opv,GR,120,4.13,28.06559036951512,82.44492002762854
2019,Dang,Purandhara,B2,demo_fym_opv,FYM_N60,120,6.69,28.13485410064459,82.12264741770923
2019,Dang,Purandhara,B2,demo_fym_opv,FYM_N60,120,5.25,28.065625824965537,82.44497551582754
2019,Dang,Purandhara,B3,demo_zn_opv,demo_zn_opv,120,10.61,28.134811017662287,82.12273333221674
2019,Dang,Purandhara,B3,demo_zn_opv,demo_zn_opv,120,4.12,28.065627124160528,82.44491131044924
2019,Dang,Purandhara,B4,demo_pcu_half_n_opv,PCU_N60,60,9.4,28.134755571372807,82.12277247570455
2019,Dang,Purandhara,B4,demo_pcu_half_n_opv,PCU_N60,60,3.12,28.06570314802229,82.44487602263689
2019,Dang,Purandhara,B5,demo_udp_reduced_n_opv,UDP_N78,78,7.1,28.134737885557115,82.12282486259937
2019,Dang,Purandhara,B5,demo_udp_reduced_n_opv,UDP_N78,78,3.19,28.06573638226837,82.44482967071235
2019,Dang,Shantinagar,B1,demo_gr_opv,GR,120,7.79,28.15772056113929,82.22713169641793
2019,Dang,Shantinagar,B1,demo_gr_opv,GR,120,7.24,28.17383212968707,82.22785891033709
2019,Dang,Shantinagar,B2,demo_fym_opv,FYM_N60,120,8.17,28.15769440960139,82.22725063562393
2019,Dang,Shantinagar,B2,demo_fym_opv,FYM_N60,120,6.09,28.17393711302429,82.22788564860821
2019,Dang,Shantinagar,B3,demo_zn_opv,demo_zn_opv,120,8.14,28.157677478156984,82.22728072665632
2019,Dang,Shantinagar,B3,demo_zn_opv,demo_zn_opv,120,6.67,28.173975124955177,82.22797374241054
2019,Dang,Shantinagar,B4,demo_pcu_half_n_opv,PCU_N60,60,7.29,28.157659666612744,82.22734719514847
2019,Dang,Shantinagar,B4,demo_pcu_half_n_opv,PCU_N60,60,7.91,28.173940465785563,82.22799771465361
2019,Dang,Shantinagar,B5,demo_udp_reduced_n_opv,UDP_N78,78,6.92,28.157635987736285,82.22738591954112
2019,Dang,Shantinagar,B5,demo_udp_reduced_n_opv,UDP_N78,78,7.7,28.173922528512776,82.2280532028526
2019,Dang,Shreegau,B1,demo_gr_opv,GR,120,7.64,28.108062730170783,82.18287424184382
2019,Dang,Shreegau,B1,demo_gr_opv,GR,120,7.13,28.111741631291807,82.18972804024816
2019,Dang,Shreegau,B2,demo_fym_opv,FYM_N60,120,7.85,28.10809080954641,82.18297063373029
2019,Dang,Shreegau,B2,demo_fym_opv,FYM_N60,120,1.67,28.11190713196993,82.18970884568989
2019,Dang,Shreegau,B3,demo_zn_opv,demo_zn_opv,120,8.21,28.107989304699004,82.18300181441009
2019,Dang,Shreegau,B3,demo_zn_opv,demo_zn_opv,120,7.01,28.11188445892185,82.1896494179964
2019,Dang,Shreegau,B4,demo_pcu_half_n_opv,PCU_N60,60,6.51,28.10802844818681,82.18311413191259
2019,Dang,Shreegau,B4,demo_pcu_half_n_opv,PCU_N60,60,6.72,28.11193181667477,82.18958294950426
2019,Dang,Shreegau,B5,demo_udp_reduced_n_opv,UDP_N78,78,7.52,28.10786177404225,82.18312745913863
2019,Dang,Shreegau,B5,demo_udp_reduced_n_opv,UDP_N78,78,6.96,28.11197309754789,82.18953676521778
2019,Doti,Chhatiwan,B1,demo_gr_opv,GR,120,3.9,29.07993044704199,80.59021390043199
2019,Doti,Chhatiwan,B2,demo_fym_opv,FYM_N60,120,3.56,29.079946749843657,80.59022915549576
2019,Doti,Chhatiwan,B3,demo_zn_opv,demo_zn_opv,120,3.82,29.080043602734804,80.59025413356721
2019,Doti,Chhatiwan,B4,demo_pcu_half_n_opv,PCU_N60,60,3.59,29.08000743482262,80.59020115993917
2019,Doti,Chhatiwan,B5,demo_udp_reduced_n_opv,UDP_N78,78,3.1,29.08010864630341,80.59022806584835
2019,Doti,Dipayal,B1,demo_gr_opv,GR,120,3.5,29.255880089476705,80.93197141773999
2019,Doti,Dipayal,B2,demo_fym_opv,FYM_N60,120,3.62,29.255899409763515,80.9320605173707
2019,Doti,Dipayal,B3,demo_zn_opv,demo_zn_opv,120,2.53,29.255880089476705,80.93197141773999
2019,Doti,Dipayal,B4,demo_pcu_half_n_opv,PCU_N60,60,2.34,29.255880089476705,80.93197141773999
2019,Doti,Dipayal,B5,demo_udp_reduced_n_opv,UDP_N78,78,3.29,29.25589006394148,80.93186597339809
2019,Doti,Ghanteshwor,B1,demo_gr_opv,GR,120,3.18,29.13013398181647,80.57939864695072
2019,Doti,Ghanteshwor,B1,demo_gr_opv,GR,120,3.93,29.12563780322671,80.57583508081734
2019,Doti,Ghanteshwor,B1,demo_gr_opv,GR,120,3.09,29.12533664144576,80.57594899088144
2019,Doti,Ghanteshwor,B2,demo_fym_opv,FYM_N60,120,3.66,29.12990804761648,80.57892037555575
2019,Doti,Ghanteshwor,B2,demo_fym_opv,FYM_N60,120,3.72,29.125577956438065,80.57577339001
2019,Doti,Ghanteshwor,B2,demo_fym_opv,FYM_N60,120,3.57,29.12530231755227,80.57588947936893
2019,Doti,Ghanteshwor,B3,demo_zn_opv,demo_zn_opv,120,3.86,29.129865299910307,80.57913654483855
2019,Doti,Ghanteshwor,B3,demo_zn_opv,demo_zn_opv,120,2.5,29.125590613111854,80.57575084269047
2019,Doti,Ghanteshwor,B3,demo_zn_opv,demo_zn_opv,120,2.24,29.12524674553424,80.57577959261835
2019,Doti,Ghanteshwor,B4,demo_pcu_half_n_opv,PCU_N60,60,3.84,29.129811278544366,80.57898122817278
2019,Doti,Ghanteshwor,B4,demo_pcu_half_n_opv,PCU_N60,60,2.9,29.12559509743005,80.57570063509047
2019,Doti,Ghanteshwor,B4,demo_pcu_half_n_opv,PCU_N60,60,2.33,29.12528752349317,80.57584497146308
2019,Doti,Ghanteshwor,B5,demo_udp_reduced_n_opv,UDP_N78,78,3.22,29.12999718915671,80.57903872802854
2019,Doti,Ghanteshwor,B5,demo_udp_reduced_n_opv,UDP_N78,78,2.95,29.125589397735894,80.57566761039197
2019,Doti,Ghanteshwor,B5,demo_udp_reduced_n_opv,UDP_N78,78,2.42,29.12536220625043,80.57589836418629
2019,Kavre,Bhakundebesi,B1,demo_gr_opv,GR,120,5.38,27.56216873880476,85.6495797727257
2019,Kavre,Bhakundebesi,B2,demo_fym_opv,FYM_N60,120,5.01,27.56221115123481,85.64973877742887
2019,Kavre,Bhakundebesi,B3,demo_zn_opv,demo_zn_opv,120,5.41,27.562290611676872,85.64945261925459
2019,Kavre,Bhakundebesi,B4,demo_pcu_half_n_opv,PCU_N60,60,4.99,27.562319529242814,85.64940677024424
2019,Kavre,Bhakundebesi,B5,demo_udp_reduced_n_opv,UDP_N78,78,5.18,27.56233595777303,85.6494539603591
2019,Makwanpur,Radha Tiwari,B1,demo_gr_opv,GR,120,5.19,,
2019,Makwanpur,Radha Tiwari,B2,demo_fym_opv,FYM_N60,120,5.09,,
2019,Makwanpur,Radha Tiwari,B3,demo_zn_opv,demo_zn_opv,120,4.92,,
2019,Makwanpur,Radha Tiwari,B4,demo_pcu_half_n_opv,PCU_N60,60,5.93,,
2019,Makwanpur,Radha Tiwari,B5,demo_udp_reduced_n_opv,UDP_N78,78,6.35,,
2019,Nuwakot,Ramchandra Acharya,B1,demo_gr_opv,GR,120,4.74,27.88439583498985,85.15062938444316
2019,Nuwakot,Ramchandra Acharya,B1,demo_gr_opv,GR,120,4.74,,
2019,Nuwakot,Ramchandra Acharya,B2,demo_fym_opv,FYM_N60,120,6.08,27.884557018987834,85.15062846243382
2019,Nuwakot,Ramchandra Acharya,B2,demo_fym_opv,FYM_N60,120,6.01,,
2019,Nuwakot,Ramchandra Acharya,B3,demo_zn_opv,demo_zn_opv,120,6.03,27.88455161266029,85.15063944272697
2019,Nuwakot,Ramchandra Acharya,B3,demo_zn_opv,demo_zn_opv,120,5.96,,
2019,Nuwakot,Ramchandra Acharya,B4,demo_pcu_half_n_opv,PCU_N60,60,6.11,27.884603748098016,85.15064187347889
2019,Nuwakot,Ramchandra Acharya,B4,demo_pcu_half_n_opv,PCU_N60,60,6.04,,
2019,Nuwakot,Ramchandra Acharya,B5,demo_udp_reduced_n_opv,UDP_N78,78,4.91,27.884665816091,85.15059032477438
2019,Nuwakot,Ramchandra Acharya,B5,demo_udp_reduced_n_opv,UDP_N78,78,4.86,,
2019,Palpa,Devinagar,B1,demo_gr_opv,GR,120,7.72,27.808596566319466,83.69854713790119
2019,Palpa,Devinagar,B2,demo_fym_opv,FYM_N60,120,8.77,27.80868507921696,83.6985617224127
2019,Palpa,Devinagar,B3,demo_zn_opv,demo_zn_opv,120,8.22,27.80876562930644,83.69851687923074
2019,Palpa,Devinagar,B4,demo_pcu_half_n_opv,PCU_N60,60,8.3,27.80877392739057,83.69840229861438
2019,Palpa,Devinagar,B5,demo_udp_reduced_n_opv,UDP_N78,78,8.84,27.80887769535184,83.69836734607816
2019,Salyan,Ajaya Gharti,B1,demo_gr_opv,GR,120,11.67,28.21768620517105,82.38448969088495
2019,Salyan,Ajaya Gharti,B2,demo_fym_opv,FYM_N60,120,10.85,28.2176551502198,82.3844676464796
2019,Salyan,Ajaya Gharti,B3,demo_zn_opv,demo_zn_opv,120,11.77,28.217664705589414,82.38441048189998
2019,Salyan,Ajaya Gharti,B4,demo_pcu_half_n_opv,PCU_N60,60,10.16,28.217687462456524,82.3843732662499
2019,Salyan,Ajaya Gharti,B5,demo_udp_reduced_n_opv,UDP_N78,78,8.14,28.217669944278896,82.38431928679347
2019,Salyan,Prem buda,B1,demo_gr_opv,GR,120,6.9,28.248560442589223,82.33078214339912
2019,Salyan,Prem buda,B2,demo_fym_opv,FYM_N60,120,5.32,28.248641160316765,82.33091575093567
2019,Salyan,Prem buda,B3,demo_zn_opv,demo_zn_opv,120,5.02,28.24866379145533,82.33086839318275
2019,Salyan,Prem buda,B4,demo_pcu_half_n_opv,PCU_N60,60,6.48,28.248787466436625,82.33105790801346
2019,Salyan,Prem buda,B5,demo_udp_reduced_n_opv,UDP_N78,78,6.87,28.248768816702068,82.33099672012031
2019,Salyan,Tham kumari mahatara,B1,demo_gr_opv,GR,120,11.3,28.25859274249524,82.33751515857875
2019,Salyan,Tham kumari mahatara,B2,demo_fym_opv,FYM_N60,120,11.7,28.25869315769524,82.33759361319244
2019,Salyan,Tham kumari mahatara,B3,demo_zn_opv,demo_zn_opv,120,10.55,28.25873075053096,82.33766242861748
2019,Salyan,Tham kumari mahatara,B4,demo_pcu_half_n_opv,PCU_N60,60,9.48,28.2589607918635,82.33757332898676
2019,Salyan,Tham kumari mahatara,B5,demo_udp_reduced_n_opv,UDP_N78,78,10.33,28.258966449648145,82.33764692209661
2019,Surkhet,Babiyachaur,B1,demo_gr_opv,GR,120,12.48,28.805264364928007,81.40046373009682
2019,Surkhet,Babiyachaur,B2,demo_fym_opv,FYM_N60,120,13.08,28.80525317508728,81.40041846781969
2019,Surkhet,Babiyachaur,B3,demo_zn_opv,demo_zn_opv,120,13.29,28.80524429026991,81.40048116445541
2019,Surkhet,Babiyachaur,B4,demo_pcu_half_n_opv,PCU_N60,60,13.3,28.805243535898622,81.40048041008413
2019,Surkhet,Babiyachaur,B5,demo_udp_reduced_n_opv,UDP_N78,78,12.9,28.80527928471565,81.40049943700433
2019,Surkhet,Kalyan,B1,demo_gr_opv,GR,120,8.28,28.50356698036194,81.7383087426424
2019,Surkhet,Kalyan,B2,demo_fym_opv,FYM_N60,120,7.69,28.503583283163607,81.73835291527212
2019,Surkhet,Kalyan,B3,demo_zn_opv,demo_zn_opv,120,8.88,28.50361073389649,81.73840488307178
2019,Surkhet,Kalyan,B4,demo_pcu_half_n_opv,PCU_N60,60,7.98,28.50377024151385,81.73840471543372
2019,Surkhet,Kalyan,B5,demo_udp_reduced_n_opv,UDP_N78,78,8.31,28.503744886256754,81.73845400102437
2019,Surkhet,Kunathari,B1,demo_gr_opv,GR,120,7.77,28.713545599021018,81.50714431889355
2019,Surkhet,Kunathari,B2,demo_fym_opv,FYM_N60,120,8.48,28.713538139127195,81.50715437717736
2019,Surkhet,Kunathari,B3,demo_zn_opv,demo_zn_opv,120,7.44,28.71349547524005,81.50716661475599
2019,Surkhet,Kunathari,B4,demo_pcu_half_n_opv,PCU_N60,60,7.4,28.71344681829214,81.50714750401676
2019,Surkhet,Kunathari,B5,demo_udp_reduced_n_opv,UDP_N78,78,8.1,28.71343797538429,81.50709084235132
2019,Surkhet,Lekhpharsa,B1,demo_gr_opv,GR,120,7.63,28.461620793677863,81.78076609969139
2019,Surkhet,Lekhpharsa,B2,demo_fym_opv,FYM_N60,120,9.03,28.461531149223447,81.78068831562996
2019,Surkhet,Lekhpharsa,B3,demo_zn_opv,demo_zn_opv,120,8.17,28.46148022916168,81.78062704391778
2019,Surkhet,Lekhpharsa,B4,demo_pcu_half_n_opv,PCU_N60,60,6.7,28.461375539191067,81.78056032396853
2019,Surkhet,Lekhpharsa,B5,demo_udp_reduced_n_opv,UDP_N78,78,9.83,28.46124662552029,81.78046552464366
2019,Surkhet,Maintada-2,B1,demo_gr_opv,GR,120,7.15,28.44886051956564,81.7967619560659
2019,Surkhet,Maintada-2,B2,demo_fym_opv,FYM_N60,120,6.77,28.44892128836364,81.79675525054336
2019,Surkhet,Maintada-2,B3,demo_zn_opv,demo_zn_opv,120,6.85,28.44895971938968,81.79673672653735
2019,Surkhet,Maintada-2,B4,demo_pcu_half_n_opv,PCU_N60,60,6.69,28.44900351483375,81.79672641679645
2019,Surkhet,Maintada-2,B5,demo_udp_reduced_n_opv,UDP_N78,78,6.31,28.44906499609351,81.79674309678376
2019,Surkhet,Ramghat,B1,demo_gr_opv,GR,120,11.3,28.489845260046422,81.74151733517647
2019,Surkhet,Ramghat,B1,demo_gr_opv,GR,120,9.75,28.49211897701025,81.74333956092596
2019,Surkhet,Ramghat,B1,demo_gr_opv,GR,120,9.89,28.488039462827143,81.74415042623878
2019,Surkhet,Ramghat,B1,demo_gr_opv,GR,120,13.4,28.48770619835705,81.74441169016063
2019,Surkhet,Ramghat,B2,demo_fym_opv,FYM_N60,120,11.27,28.489768020808697,81.74155253916979
2019,Surkhet,Ramghat,B2,demo_fym_opv,FYM_N60,120,13.42,28.49218909163028,81.74329991452396
2019,Surkhet,Ramghat,B2,demo_fym_opv,FYM_N60,120,10.14,28.48803736735136,81.74416551366448
2019,Surkhet,Ramghat,B2,demo_fym_opv,FYM_N60,120,8.68,28.48769823554904,81.74447522498667
2019,Surkhet,Ramghat,B3,demo_zn_opv,demo_zn_opv,120,10.76,28.489770451560616,81.74159889109433
2019,Surkhet,Ramghat,B3,demo_zn_opv,demo_zn_opv,120,10.28,28.492225678637624,81.74327669665217
2019,Surkhet,Ramghat,B3,demo_zn_opv,demo_zn_opv,120,9.66,28.488109703175724,81.74418068490922
2019,Surkhet,Ramghat,B3,demo_zn_opv,demo_zn_opv,120,9.32,28.48773863632232,81.74448410980403
2019,Surkhet,Ramghat,B4,demo_pcu_half_n_opv,PCU_N60,60,12.23,28.489708215929568,81.7416070215404
2019,Surkhet,Ramghat,B4,demo_pcu_half_n_opv,PCU_N60,60,12.41,28.49224738776684,81.74325590953231
2019,Surkhet,Ramghat,B4,demo_pcu_half_n_opv,PCU_N60,60,9.9,28.488172525539994,81.7442731373012
2019,Surkhet,Ramghat,B4,demo_pcu_half_n_opv,PCU_N60,60,9.83,28.48778159357608,81.74450950697064
2019,Surkhet,Ramghat,B5,demo_udp_reduced_n_opv,UDP_N78,78,14.56,28.48961379379034,81.74167298711836
2019,Surkhet,Ramghat,B5,demo_udp_reduced_n_opv,UDP_N78,78,13.96,28.492277059704065,81.74323059618473
2019,Surkhet,Ramghat,B5,demo_udp_reduced_n_opv,UDP_N78,78,13.17,28.4881920972839,81.74433189444244
2019,Surkhet,Ramghat,B5,demo_udp_reduced_n_opv,UDP_N78,78,10.29,28.48780502099544,81.74454160965979
2019,Dang,Dhikpur,T1,soil_background,0-0-0,0,5.15,28.027227194979787,82.3704420402646
2019,Dang,Dhikpur,T1,soil_background,0-0-0,0,6.2,28.053381540812552,82.37643694505095
2019,Dang,Dhikpur,T10,n_timing_v6_v10,TIMING_V6_V10,120,8.15,28.027206659317017,82.3704856261611
2019,Dang,Dhikpur,T10,n_timing_v6_v10,TIMING_V6_V10,120,9.6,28.053303128108382,82.37649687565863
2019,Dang,Dhikpur,T2,n_omission,0-PK,0,5.8,28.02741285413504,82.37051856704056
2019,Dang,Dhikpur,T2,n_omission,0-PK,0,8.66,28.05342990439385,82.37639226950705
2019,Dang,Dhikpur,T3,p_omission,0-NK,120,6.84,28.027340727858245,82.3706066608429
2019,Dang,Dhikpur,T3,p_omission,0-NK,120,8.85,28.053307360969484,82.37631817348301
2019,Dang,Dhikpur,T4,k_omission,0-NP,120,8.05,28.027188135311007,82.37052233889699
2019,Dang,Dhikpur,T4,k_omission,0-NP,120,7.05,28.05335861630737,82.37639956176281
2019,Dang,Dhikpur,T5,n_rate_60,N60,60,3.75,28.02732337731868,82.37064002081752
2019,Dang,Dhikpur,T5,n_rate_60,N60,60,6.83,28.053429694846272,82.37631632946432
2019,Dang,Dhikpur,T6,government_recommendation,GR,120,8.44,28.027192745357752,82.37055578269064
2019,Dang,Dhikpur,T6,government_recommendation,GR,120,9.12,28.053274545818567,82.37642873078585
2019,Dang,Dhikpur,T7,n_rate_180,N180,180,8.18,28.02731579169631,82.37066600471735
2019,Dang,Dhikpur,T7,n_rate_180,N180,180,7.21,28.053385480307043,82.37630610354245
2019,Dang,Dhikpur,T8,n_rate_210,N210,210,8.12,28.02716923411936,82.37061361782253
2019,Dang,Dhikpur,T8,n_rate_210,N210,210,6.76,28.053466575220227,82.37635086290538
2019,Dang,Dhikpur,T9,n_timing_v8,TIMING_V6_V10,120,7.45,28.02736344281584,82.37056223675609
2019,Dang,Dhikpur,T9,n_timing_v8,TIMING_V6_V10,120,8.63,28.05330011062324,82.37631507217884
2019,Dang,Laxmipur,T1,soil_background,0-0-0,0,6.4,27.97621116042137,82.46378995478153
2019,Dang,Laxmipur,T1,soil_background,0-0-0,0,5.44,27.98073340673,82.46873075142503
2019,Dang,Laxmipur,T10,n_timing_v6_v10,TIMING_V6_V10,120,11.94,27.976193223148584,82.46385977603495
2019,Dang,Laxmipur,T10,n_timing_v6_v10,TIMING_V6_V10,120,9.19,27.980669201351706,82.46866109780967
2019,Dang,Laxmipur,T2,n_omission,0-PK,0,9.89,27.97619762364775,82.4638696666807
2019,Dang,Laxmipur,T2,n_omission,0-PK,0,7.09,27.980776615440845,82.46860351413488
2019,Dang,Laxmipur,T3,p_omission,0-NK,120,14.27,27.97613559756428,82.46391375549138
2019,Dang,Laxmipur,T3,p_omission,0-NK,120,10.01,27.9807072551921,82.46862396597862
2019,Dang,Laxmipur,T4,k_omission,0-NP,120,12.94,27.976134256459773,82.46390495449305
2019,Dang,Laxmipur,T4,k_omission,0-NP,120,11.24,27.98077858518809,82.46864022687078
2019,Dang,Laxmipur,T5,n_rate_60,N60,60,9.3,27.9762122919783,82.46382222510874
2019,Dang,Laxmipur,T5,n_rate_60,N60,60,9.28,27.98066597431898,82.46868381276727
2019,Dang,Laxmipur,T6,government_recommendation,GR,120,12.05,27.976206340827048,82.46385675854981
2019,Dang,Laxmipur,T6,government_recommendation,GR,120,11.19,27.980769323185086,82.46867526322603
2019,Dang,Laxmipur,T7,n_rate_180,N180,180,12.36,27.97614775132388,82.46389389038086
2019,Dang,Laxmipur,T7,n_rate_180,N180,180,9.89,27.98067762516439,82.4687203578651
2019,Dang,Laxmipur,T8,n_rate_210,N210,210,12.43,27.97617650125176,82.46395264752209
2019,Dang,Laxmipur,T8,n_rate_210,N210,210,9.36,27.9808354144916,82.46856914833188
2019,Dang,Laxmipur,T9,n_timing_v8,TIMING_V6_V10,120,10.41,27.976181488484144,82.46384477242827
2019,Dang,Laxmipur,T9,n_timing_v8,TIMING_V6_V10,120,7.76,27.980744219385087,82.46855112724006
2019,Dang,Panchakule,T1,soil_background,0-0-0,0,6.43,28.133885068818927,82.11858672089875
2019,Dang,Panchakule,T1,soil_background,0-0-0,0,9.82,28.134659891948104,82.1230789180845
2019,Dang,Panchakule,T10,n_timing_v6_v10,TIMING_V6_V10,120,8.39,28.13380036968738,82.11869820021093
2019,Dang,Panchakule,T10,n_timing_v6_v10,TIMING_V6_V10,120,12.02,28.13469442538917,82.12284967303276
2019,Dang,Panchakule,T2,n_omission,0-PK,0,6.86,28.13387635163963,82.11869300343096
2019,Dang,Panchakule,T2,n_omission,0-PK,0,10.81,28.134833313524723,82.1229044906795
2019,Dang,Panchakule,T3,p_omission,0-NK,120,8.01,28.133917339146137,82.11868721991777
2019,Dang,Panchakule,T3,p_omission,0-NK,120,10.35,28.13478549476713,82.12295386008918
2019,Dang,Panchakule,T4,k_omission,0-NP,120,9.45,28.13374944962561,82.11875645443797
2019,Dang,Panchakule,T5,n_rate_60,N60,60,9.18,28.133959877304733,82.11860968731344
2019,Dang,Panchakule,T5,n_rate_60,N60,60,10.56,28.134709680452943,82.12299509905279
2019,Dang,Panchakule,T6,government_recommendation,GR,120,7.8,28.13386247958988,82.11866157129407
2019,Dang,Panchakule,T6,government_recommendation,GR,120,12.04,28.13471701461821,82.12279418483377
2019,Dang,Panchakule,T7,n_rate_180,N180,180,11.04,28.13474677037448,82.12300457060337
2019,Dang,Panchakule,T8,n_rate_210,N210,210,7.81,28.133891690522432,82.11874413304031
2019,Dang,Panchakule,T8,n_rate_210,N210,210,10.27,28.13471831381321,82.1228735614568
2019,Dang,Panchakule,T9,n_timing_v8,TIMING_V6_V10,120,6.7,28.13396050594747,82.11864120326936
2019,Dang,Panchakule,T9,n_timing_v8,TIMING_V6_V10,120,11.15,28.134639649651945,82.12292552925646
2019,Dang,Shantinagar,T1,soil_background,0-0-0,0,6.12,28.157768421806395,82.22700856626034
2019,Dang,Shantinagar,T1,soil_background,0-0-0,0,5.63,28.17370459903032,82.22814749926329
2019,Dang,Shantinagar,T10,n_timing_v6_v10,TIMING_V6_V10,120,9.53,28.157757902517915,82.22714577801526
2019,Dang,Shantinagar,T10,n_timing_v6_v10,TIMING_V6_V10,120,8.88,28.17385052796453,82.22816493362188
2019,Dang,Shantinagar,T2,n_omission,0-PK,0,8.44,28.157743820920587,82.22711727954447
2019,Dang,Shantinagar,T2,n_omission,0-PK,0,6.46,28.1738012842834,82.22801079042256
2019,Dang,Shantinagar,T3,p_omission,0-NK,120,9.1,28.15782537683845,82.22685945220292
2019,Dang,Shantinagar,T3,p_omission,0-NK,120,8.62,28.17375535145402,82.22813517786562
2019,Dang,Shantinagar,T4,k_omission,0-NP,120,8.35,28.15775815397501,82.22708542831242
2019,Dang,Shantinagar,T4,k_omission,0-NP,120,8.62,28.17380916327238,82.22798639908433
2019,Dang,Shantinagar,T5,n_rate_60,N60,60,9.25,28.157793399877846,82.22699481993914
2019,Dang,Shantinagar,T5,n_rate_60,N60,60,8.55,28.17382642999292,82.22800157032907
2019,Dang,Shantinagar,T6,government_recommendation,GR,120,9.69,28.157814270816743,82.22692298702896
2019,Dang,Shantinagar,T6,government_recommendation,GR,120,7.53,28.173849312588573,82.22800735384226
2019,Dang,Shantinagar,T7,n_rate_180,N180,180,10.22,28.15787449479103,82.22685232758522
2019,Dang,Shantinagar,T7,n_rate_180,N180,180,7.36,28.17381570115685,82.22811707295477
2019,Dang,Shantinagar,T8,n_rate_210,N210,210,10.27,28.1578329205513,82.22691988572478
2019,Dang,Shantinagar,T8,n_rate_210,N210,210,7.49,28.17386289127171,82.22802797332406
2019,Dang,Shantinagar,T9,n_timing_v8,TIMING_V6_V10,120,9.0,28.15778241958469,82.22700663842261
2019,Dang,Shantinagar,T9,n_timing_v8,TIMING_V6_V10,120,8.15,28.17379851825536,82.22812687978148
2019,Dang,Shreegau,T1,soil_background,0-0-0,0,4.59,28.112202384509143,82.18938488513231
2019,Dang,Shreegau,T1,soil_background,0-0-0,0,4.8,28.10725006274879,82.1829616650939
2019,Dang,Shreegau,T10,n_timing_v6_v10,TIMING_V6_V10,120,6.55,28.11210838146508,82.1892233658582
2019,Dang,Shreegau,T10,n_timing_v6_v10,TIMING_V6_V10,120,8.08,28.10725890565664,82.18296920880675
2019,Dang,Shreegau,T2,n_omission,0-PK,0,6.85,28.111956124193966,82.18922034837306
2019,Dang,Shreegau,T2,n_omission,0-PK,0,5.97,28.107286524027582,82.18289016745985
2019,Dang,Shreegau,T3,p_omission,0-NK,120,7.84,28.112067226320505,82.18944054096937
2019,Dang,Shreegau,T3,p_omission,0-NK,120,9.27,28.107426166534424,82.18281850218773
2019,Dang,Shreegau,T4,k_omission,0-NP,120,9.4,28.11188890133053,82.18928312882781
2019,Dang,Shreegau,T4,k_omission,0-NP,120,10.52,28.10730898752809,82.18278346583247
2019,Dang,Shreegau,T5,n_rate_60,N60,60,8.22,28.11198240146041,82.18948219902813
2019,Dang,Shreegau,T5,n_rate_60,N60,60,8.43,28.10739515349269,82.18274935148656
2019,Dang,Shreegau,T6,government_recommendation,GR,120,8.0,28.111779978498816,82.18925965949893
2019,Dang,Shreegau,T6,government_recommendation,GR,120,9.32,28.10741740744561,82.18286208808422
2019,Dang,Shreegau,T7,n_rate_180,N180,180,9.07,28.11203650664538,82.1894530300051
2019,Dang,Shreegau,T7,n_rate_180,N180,180,9.54,28.10733681544661,82.18278162181377
2019,Dang,Shreegau,T8,n_rate_210,N210,210,8.78,28.1118671502918,82.18924222514033
2019,Dang,Shreegau,T8,n_rate_210,N210,210,8.72,28.10737076215446,82.1828837133944
2019,Dang,Shreegau,T9,n_timing_v8,TIMING_V6_V10,120,9.22,28.112123049795628,82.18936652876437
2019,Dang,Shreegau,T9,n_timing_v8,TIMING_V6_V10,120,8.53,28.10738107189536,82.18297935090959
2019,Doti,Chhatiwan,T1,soil_background,0-0-0,0,6.84,29.08019632101059,80.59007694013417
2019,Doti,Chhatiwan,T1,soil_background,0-0-0,0,6.74,29.081268492154777,80.59117102995515
2019,Doti,Chhatiwan,T10,n_timing_v6_v10,TIMING_V6_V10,120,6.32,29.08027502708137,80.58997459709644
2019,Doti,Chhatiwan,T10,n_timing_v6_v10,TIMING_V6_V10,120,10.92,29.08129904419184,80.59114772826433
2019,Doti,Chhatiwan,T2,n_omission,0-PK,0,8.64,29.080195231363177,80.59006621129811
2019,Doti,Chhatiwan,T2,n_omission,0-PK,0,7.56,29.08129904419184,80.59114772826433
2019,Doti,Chhatiwan,T3,p_omission,0-NK,120,10.58,29.08020918723196,80.58999328874052
2019,Doti,Chhatiwan,T3,p_omission,0-NK,120,9.05,29.08124037086964,80.59117689728737
2019,Doti,Chhatiwan,T4,k_omission,0-NP,120,8.47,29.08034539315849,80.58986345306039
2019,Doti,Chhatiwan,T4,k_omission,0-NP,120,9.01,29.08136010635644,80.59109316207469
2019,Doti,Chhatiwan,T5,n_rate_60,N60,60,8.74,29.08037510700524,80.58986253105104
2019,Doti,Chhatiwan,T5,n_rate_60,N60,60,8.87,29.08134141471237,80.59110070578754
2019,Doti,Chhatiwan,T6,government_recommendation,GR,120,9.1,29.080267902463675,80.59000108391047
2019,Doti,Chhatiwan,T6,government_recommendation,GR,120,9.73,29.081393298693,80.59104111045599
2019,Doti,Chhatiwan,T7,n_rate_180,N180,180,9.61,29.080305621027943,80.58986856602132
2019,Doti,Chhatiwan,T7,n_rate_180,N180,180,9.31,29.08140453044325,80.59104127809405
2019,Doti,Chhatiwan,T8,n_rate_210,N210,210,11.39,29.08021170180291,80.58999965898693
2019,Doti,Chhatiwan,T8,n_rate_210,N210,210,8.49,29.08140453044325,80.59104127809405
2019,Doti,Chhatiwan,T9,n_timing_v8,TIMING_V6_V10,120,9.28,29.080305621027943,80.58986856602132
2019,Doti,Chhatiwan,T9,n_timing_v8,TIMING_V6_V10,120,9.69,29.081369787454605,80.59108595363796
2019,Doti,Dipayal,T1,soil_background,0-0-0,0,6.45,29.254670538939536,80.93258094973862
2019,Doti,Dipayal,T1,soil_background,0-0-0,0,8.65,29.254748364910483,80.93266183510423
2019,Doti,Dipayal,T1,soil_background,0-0-0,0,8.06,29.25473981536925,80.93242982402444
2019,Doti,Dipayal,T10,n_timing_v6_v10,TIMING_V6_V10,120,9.45,29.254702893085778,80.93269511125982
2019,Doti,Dipayal,T10,n_timing_v6_v10,TIMING_V6_V10,120,9.83,29.254681142047048,80.93251188285649
2019,Doti,Dipayal,T10,n_timing_v6_v10,TIMING_V6_V10,120,8.55,29.25477661192417,80.93259184621274
2019,Doti,Dipayal,T2,n_omission,0-PK,0,7.42,29.25459753256291,80.93237995170057
2019,Doti,Dipayal,T2,n_omission,0-PK,0,9.46,29.25473872572184,80.93260710127652
2019,Doti,Dipayal,T2,n_omission,0-PK,0,8.89,29.254757626913488,80.93254138715565
2019,Doti,Dipayal,T3,p_omission,0-NK,120,9.15,29.2546524759382,80.93253954313695
2019,Doti,Dipayal,T3,p_omission,0-NK,120,9.27,29.25464631523937,80.93239336274564
2019,Doti,Dipayal,T3,p_omission,0-NK,120,8.21,29.2547407373786,80.9324040915817
2019,Doti,Dipayal,T4,k_omission,0-NP,120,9.86,29.25468323752284,80.93263702467084
2019,Doti,Dipayal,T4,k_omission,0-NP,120,9.38,29.25471923779696,80.9325769264251
2019,Doti,Dipayal,T4,k_omission,0-NP,120,9.08,29.25476781092584,80.93248095363379
2019,Doti,Dipayal,T5,n_rate_60,N60,60,9.94,29.254667186178267,80.9324609208852
2019,Doti,Dipayal,T5,n_rate_60,N60,60,10.15,29.254629970528185,80.932463016361
2019,Doti,Dipayal,T5,n_rate_60,N60,60,9.54,29.254701635800306,80.93235556036234
2019,Doti,Dipayal,T6,government_recommendation,GR,120,8.77,29.254609309136868,80.93242546543479
2019,Doti,Dipayal,T6,government_recommendation,GR,120,8.14,29.25472275819629,80.93260081484914
2019,Doti,Dipayal,T6,government_recommendation,GR,120,8.61,29.25480565521866,80.93259327113628
2019,Doti,Dipayal,T7,n_rate_180,N180,180,6.16,29.254702893085778,80.93266828916967
2019,Doti,Dipayal,T7,n_rate_180,N180,180,9.36,29.254629551433027,80.93244968913496
2019,Doti,Dipayal,T7,n_rate_180,N180,180,11.64,29.25475385505706,80.93234441243112
2019,Doti,Dipayal,T8,n_rate_210,N210,210,10.13,29.2546524759382,80.93253954313695
2019,Doti,Dipayal,T8,n_rate_210,N210,210,9.54,29.254743293859065,80.93260240741074
2019,Doti,Dipayal,T8,n_rate_210,N210,210,8.7,29.254757626913488,80.93254138715565
2019,Doti,Dipayal,T9,n_timing_v8,TIMING_V6_V10,120,10.61,29.2546524759382,80.93253954313695
2019,Doti,Dipayal,T9,n_timing_v8,TIMING_V6_V10,120,11.57,29.254682189784944,80.9324820432812
2019,Doti,Dipayal,T9,n_timing_v8,TIMING_V6_V10,120,9.16,29.25481030717492,80.9326527826488
2019,Doti,Ghanteshwor,T1,soil_background,0-0-0,0,8.05,29.11762692499906,80.59968645684421
2019,Doti,Ghanteshwor,T1,soil_background,0-0-0,0,6.43,29.12973345257342,80.57958221063018
2019,Doti,Ghanteshwor,T1,soil_background,0-0-0,0,7.64,29.12357355002314,80.57457234710455
2019,Doti,Ghanteshwor,T1,soil_background,0-0-0,0,6.35,29.125495604239404,80.57586953043938
2019,Doti,Ghanteshwor,T1,soil_background,0-0-0,0,7.64,29.124924377538264,80.57595460675657
2019,Doti,Ghanteshwor,T10,n_timing_v6_v10,TIMING_V6_V10,120,11.03,29.117553373798728,80.59928420931101
2019,Doti,Ghanteshwor,T10,n_timing_v6_v10,TIMING_V6_V10,120,9.08,29.12969254888594,80.57953141629696
2019,Doti,Ghanteshwor,T10,n_timing_v6_v10,TIMING_V6_V10,120,11.35,29.12520311772824,80.57528799399734
2019,Doti,Ghanteshwor,T10,n_timing_v6_v10,TIMING_V6_V10,120,9.02,29.125382909551263,80.57583332061768
2019,Doti,Ghanteshwor,T10,n_timing_v6_v10,TIMING_V6_V10,120,10.39,29.1249453322962,80.57592677883804
2019,Doti,Ghanteshwor,T2,n_omission,0-PK,0,10.44,29.11754821892828,80.59964127838612
2019,Doti,Ghanteshwor,T2,n_omission,0-PK,0,7.57,29.12963810842484,80.57974104769528
2019,Doti,Ghanteshwor,T2,n_omission,0-PK,0,8.56,29.12406644783914,80.57480745948851
2019,Doti,Ghanteshwor,T2,n_omission,0-PK,0,7.13,29.12549153901637,80.57578621432185
2019,Doti,Ghanteshwor,T2,n_omission,0-PK,0,7.93,29.124933471903205,80.57591051794589
2019,Doti,Ghanteshwor,T3,p_omission,0-NK,120,9.36,29.117524581961334,80.59967279434204
2019,Doti,Ghanteshwor,T3,p_omission,0-NK,120,6.19,29.12964674178511,80.57965848594904
2019,Doti,Ghanteshwor,T3,p_omission,0-NK,120,9.09,29.12440063431859,80.57499747723341
2019,Doti,Ghanteshwor,T3,p_omission,0-NK,120,7.29,29.12544577382505,80.57585176080465
2019,Doti,Ghanteshwor,T3,p_omission,0-NK,120,10.4,29.125093021430075,80.57577942498028
2019,Doti,Ghanteshwor,T4,k_omission,0-NP,120,9.34,29.11759675014764,80.59954949654639
2019,Doti,Ghanteshwor,T4,k_omission,0-NP,120,9.42,29.12973043508828,80.57961179874837
2019,Doti,Ghanteshwor,T4,k_omission,0-NP,120,11.95,29.12592748180032,80.57585871778429
2019,Doti,Ghanteshwor,T4,k_omission,0-NP,120,10.72,29.125497448258105,80.57587271556258
2019,Doti,Ghanteshwor,T4,k_omission,0-NP,120,11.43,29.124845839105543,80.57600431144238
2019,Doti,Ghanteshwor,T5,n_rate_60,N60,60,9.77,29.117578603327274,80.59942879714072
2019,Doti,Ghanteshwor,T5,n_rate_60,N60,60,6.91,29.12975633516908,80.57964214123785
2019,Doti,Ghanteshwor,T5,n_rate_60,N60,60,8.79,29.125685496255755,80.57552872225642
2019,Doti,Ghanteshwor,T5,n_rate_60,N60,60,12.09,29.125382490456104,80.57584161870182
2019,Doti,Ghanteshwor,T5,n_rate_60,N60,60,11.63,29.12508447188884,80.57589115574956
2019,Doti,Ghanteshwor,T6,government_recommendation,GR,120,9.67,29.117636983282864,80.59960674494505
2019,Doti,Ghanteshwor,T6,government_recommendation,GR,120,7.57,29.12965512368828,80.57957022450864
2019,Doti,Ghanteshwor,T6,government_recommendation,GR,120,11.27,29.1258214507252,80.57585075497627
2019,Doti,Ghanteshwor,T6,government_recommendation,GR,120,7.46,29.12553512491285,80.57585343718529
2019,Doti,Ghanteshwor,T6,government_recommendation,GR,120,9.91,29.12505802698433,80.57584488764405
2019,Doti,Ghanteshwor,T7,n_rate_180,N180,180,11.15,29.117643018253148,80.59950783848763
2019,Doti,Ghanteshwor,T7,n_rate_180,N180,180,8.95,29.129675324074924,80.57948439382017
2019,Doti,Ghanteshwor,T7,n_rate_180,N180,180,11.27,29.125897642225027,80.57592367753386
2019,Doti,Ghanteshwor,T7,n_rate_180,N180,180,7.06,29.12532951682806,80.5758164729923
2019,Doti,Ghanteshwor,T7,n_rate_180,N180,180,8.92,29.12508677691221,80.57585360482335
2019,Doti,Ghanteshwor,T8,n_rate_210,N210,210,12.02,29.11772243678569,80.59970422647893
2019,Doti,Ghanteshwor,T8,n_rate_210,N210,210,9.7,29.12966736126691,80.57948741130531
2019,Doti,Ghanteshwor,T8,n_rate_210,N210,210,11.37,29.125435799360275,80.57578177191317
2019,Doti,Ghanteshwor,T8,n_rate_210,N210,210,7.89,29.12544577382505,80.57585176080465
2019,Doti,Ghanteshwor,T8,n_rate_210,N210,210,9.7,29.125142097473145,80.5758006311953
2019,Doti,Ghanteshwor,T9,n_timing_v8,TIMING_V6_V10,120,11.22,29.117597294971347,80.59946718625724
2019,Doti,Ghanteshwor,T9,n_timing_v8,TIMING_V6_V10,120,8.68,29.12972670514137,80.57955823838711
2019,Doti,Ghanteshwor,T9,n_timing_v8,TIMING_V6_V10,120,11.56,29.125633402727544,80.57555453851819
2019,Doti,Ghanteshwor,T9,n_timing_v8,TIMING_V6_V10,120,8.48,29.125330061651766,80.57582032866776
2019,Doti,Ghanteshwor,T9,n_timing_v8,TIMING_V6_V10,120,9.7,29.124871655367315,80.5759787466377
2019,Kavre,Bhakundebesi,T1,soil_background,0-0-0,0,3.17,,
2019,Kavre,Bhakundebesi,T1,soil_background,0-0-0,0,2.68,27.55687133409083,85.66755250096321
2019,Kavre,Bhakundebesi,T10,n_timing_v6_v10,TIMING_V6_V10,120,9.56,,
2019,Kavre,Bhakundebesi,T10,n_timing_v6_v10,TIMING_V6_V10,120,7.83,27.556987339630723,85.66747982986271
2019,Kavre,Bhakundebesi,T2,n_omission,0-PK,0,4.86,,
2019,Kavre,Bhakundebesi,T2,n_omission,0-PK,0,4.15,27.556984783150256,85.66748678684235
2019,Kavre,Bhakundebesi,T3,p_omission,0-NK,120,6.38,,
2019,Kavre,Bhakundebesi,T3,p_omission,0-NK,120,6.68,27.5570691889152,85.66758468747139
2019,Kavre,Bhakundebesi,T4,k_omission,0-NP,120,6.32,,
2019,Kavre,Bhakundebesi,T4,k_omission,0-NP,120,6.15,27.557067177258432,85.6676068995148
2019,Kavre,Bhakundebesi,T5,n_rate_60,N60,60,8.67,,
2019,Kavre,Bhakundebesi,T5,n_rate_60,N60,60,7.91,27.55704190582037,85.66755333915353
2019,Kavre,Bhakundebesi,T6,government_recommendation,GR,120,9.23,,
2019,Kavre,Bhakundebesi,T6,government_recommendation,GR,120,8.21,27.557002468965948,85.66745183430612
2019,Kavre,Bhakundebesi,T7,n_rate_180,N180,180,10.02,,
2019,Kavre,Bhakundebesi,T7,n_rate_180,N180,180,9.06,27.557131005451083,85.66742576658726
2019,Kavre,Bhakundebesi,T8,n_rate_210,N210,210,9.97,,
2019,Kavre,Bhakundebesi,T8,n_rate_210,N210,210,8.32,27.557053305208683,85.6675273552537
2019,Kavre,Bhakundebesi,T9,n_timing_v8,TIMING_V6_V10,120,8.7,,
2019,Kavre,Bhakundebesi,T9,n_timing_v8,TIMING_V6_V10,120,11.26,27.556996517814696,85.66747815348208
2019,Kavre,Rabiopi,T1,soil_background,0-0-0,0,3.42,27.65032968018204,85.57625262066722
2019,Kavre,Rabiopi,T1,soil_background,0-0-0,0,3.2,,
2019,Kavre,Rabiopi,T1,soil_background,0-0-0,0,3.2,,
2019,Kavre,Rabiopi,T1,soil_background,0-0-0,0,3.56,,
2019,Kavre,Rabiopi,T10,n_timing_v6_v10,TIMING_V6_V10,120,9.09,27.65026321168989,85.57618925347924
2019,Kavre,Rabiopi,T10,n_timing_v6_v10,TIMING_V6_V10,120,8.7,,
2019,Kavre,Rabiopi,T10,n_timing_v6_v10,TIMING_V6_V10,120,8.7,,
2019,Kavre,Rabiopi,T10,n_timing_v6_v10,TIMING_V6_V10,120,7.13,,
2019,Kavre,Rabiopi,T2,n_omission,0-PK,0,3.89,27.650303319096565,85.57623107917607
2019,Kavre,Rabiopi,T2,n_omission,0-PK,0,3.54,,
2019,Kavre,Rabiopi,T2,n_omission,0-PK,0,3.54,,
2019,Kavre,Rabiopi,T2,n_omission,0-PK,0,4.16,,
2019,Kavre,Rabiopi,T3,p_omission,0-NK,120,6.2,27.650258601643145,85.57617927901447
2019,Kavre,Rabiopi,T3,p_omission,0-NK,120,7.13,,
2019,Kavre,Rabiopi,T3,p_omission,0-NK,120,7.13,,
2019,Kavre,Rabiopi,T3,p_omission,0-NK,120,6.06,,
2019,Kavre,Rabiopi,T4,k_omission,0-NP,120,6.95,27.6502989185974,85.57615798898041
2019,Kavre,Rabiopi,T4,k_omission,0-NP,120,6.81,,
2019,Kavre,Rabiopi,T4,k_omission,0-NP,120,6.81,,
2019,Kavre,Rabiopi,T4,k_omission,0-NP,120,5.72,,
2019,Kavre,Rabiopi,T5,n_rate_60,N60,60,8.33,27.65030524693429,85.5761962942779
2019,Kavre,Rabiopi,T5,n_rate_60,N60,60,8.47,,
2019,Kavre,Rabiopi,T5,n_rate_60,N60,60,8.47,,
2019,Kavre,Rabiopi,T5,n_rate_60,N60,60,6.19,,
2019,Kavre,Rabiopi,T6,government_recommendation,GR,120,7.72,27.650272976607084,85.57618246413767
2019,Kavre,Rabiopi,T6,government_recommendation,GR,120,7.99,,
2019,Kavre,Rabiopi,T6,government_recommendation,GR,120,7.99,,
2019,Kavre,Rabiopi,T6,government_recommendation,GR,120,7.54,,
2019,Kavre,Rabiopi,T7,n_rate_180,N180,180,8.64,27.65023052226752,85.57623602449894
2019,Kavre,Rabiopi,T7,n_rate_180,N180,180,9.18,,
2019,Kavre,Rabiopi,T7,n_rate_180,N180,180,9.18,,
2019,Kavre,Rabiopi,T7,n_rate_180,N180,180,6.89,,
2019,Kavre,Rabiopi,T8,n_rate_210,N210,210,7.87,27.65030704904348,85.57620962150395
2019,Kavre,Rabiopi,T8,n_rate_210,N210,210,7.68,,
2019,Kavre,Rabiopi,T8,n_rate_210,N210,210,7.68,,
2019,Kavre,Rabiopi,T8,n_rate_210,N210,210,5.6,,
2019,Kavre,Rabiopi,T9,n_timing_v8,TIMING_V6_V10,120,9.65,27.650326997973025,85.57623208500445
2019,Kavre,Rabiopi,T9,n_timing_v8,TIMING_V6_V10,120,8.47,,
2019,Kavre,Rabiopi,T9,n_timing_v8,TIMING_V6_V10,120,8.47,,
2019,Kavre,Rabiopi,T9,n_timing_v8,TIMING_V6_V10,120,6.11,,
2019,Makwanpur,Radha Tiwari,T1,soil_background,0-0-0,0,2.74,,
2019,Makwanpur,Radha Tiwari,T10,n_timing_v6_v10,TIMING_V6_V10,120,7.27,,
2019,Makwanpur,Radha Tiwari,T2,n_omission,0-PK,0,4.57,,
2019,Makwanpur,Radha Tiwari,T3,p_omission,0-NK,120,6.06,,
2019,Makwanpur,Radha Tiwari,T4,k_omission,0-NP,120,6.31,,
2019,Makwanpur,Radha Tiwari,T5,n_rate_60,N60,60,5.56,,
2019,Makwanpur,Radha Tiwari,T6,government_recommendation,GR,120,6.7,,
2019,Makwanpur,Radha Tiwari,T7,n_rate_180,N180,180,7.4,,
2019,Makwanpur,Radha Tiwari,T8,n_rate_210,N210,210,5.93,,
2019,Makwanpur,Radha Tiwari,T9,n_timing_v8,TIMING_V6_V10,120,6.44,,
2019,Nuwakot,Dip Acharya,T1,soil_background,0-0-0,0,6.01,27.88490277249366,85.15011859126389
2019,Nuwakot,Dip Acharya,T10,n_timing_v6_v10,TIMING_V6_V10,120,8.5,27.884793849661943,85.14995958656073
2019,Nuwakot,Dip Acharya,T2,n_omission,0-PK,0,8.42,27.88494376000017,85.15008791349828
2019,Nuwakot,Dip Acharya,T3,p_omission,0-NK,120,9.9,,
2019,Nuwakot,Dip Acharya,T4,k_omission,0-NP,120,7.51,27.88483466953039,85.14994843862951
2019,Nuwakot,Dip Acharya,T5,n_rate_60,N60,60,8.73,27.884841333143413,85.1501045934856
2019,Nuwakot,Dip Acharya,T6,government_recommendation,GR,120,6.8,27.88490126375109,85.15014985576272
2019,Nuwakot,Dip Acharya,T7,n_rate_180,N180,180,7.85,27.884822976775467,85.14995656907558
2019,Nuwakot,Dip Acharya,T8,n_rate_210,N210,210,7.16,27.88483466953039,85.14994843862951
2019,Nuwakot,Dip Acharya,T9,n_timing_v8,TIMING_V6_V10,120,3.47,27.88480311166495,85.15006771311164
2019,Nuwakot,Ramchandra Acharya,T1,soil_background,0-0-0,0,1.62,27.88436595350504,85.15049275942147
2019,Nuwakot,Ramchandra Acharya,T10,n_timing_v6_v10,TIMING_V6_V10,120,6.88,27.88433326408267,85.15046568587422
2019,Nuwakot,Ramchandra Acharya,T2,n_omission,0-PK,0,1.77,27.884327019564807,85.15047105029225
2019,Nuwakot,Ramchandra Acharya,T3,p_omission,0-NK,120,6.91,27.88438292685896,85.15036032535136
2019,Nuwakot,Ramchandra Acharya,T4,k_omission,0-NP,120,8.17,27.884380035102367,85.15034993179142
2019,Nuwakot,Ramchandra Acharya,T5,n_rate_60,N60,60,6.12,27.884367713704705,85.150235183537
2019,Nuwakot,Ramchandra Acharya,T6,government_recommendation,GR,120,8.01,27.88433326408267,85.15046568587422
2019,Nuwakot,Ramchandra Acharya,T7,n_rate_180,N180,180,7.16,27.88433234207332,85.15045738779008
2019,Nuwakot,Ramchandra Acharya,T8,n_rate_210,N210,210,7.16,27.88436603732407,85.15039167366922
2019,Nuwakot,Ramchandra Acharya,T9,n_timing_v8,TIMING_V6_V10,120,10.4,27.88443363737315,85.15034188516438
2019,Palpa,Chidi pani,T1,soil_background,0-0-0,0,8.31,27.845119703561068,83.63194227218628
2019,Palpa,Chidi pani,T1,soil_background,0-0-0,0,8.2,27.88846591953188,83.46477535553277
2019,Palpa,Chidi pani,T10,n_timing_v6_v10,TIMING_V6_V10,120,6.71,27.84516559448093,83.63198032602668
2019,Palpa,Chidi pani,T10,n_timing_v6_v10,TIMING_V6_V10,120,9.35,27.88853175938129,83.46483503468335
2019,Palpa,Chidi pani,T2,n_omission,0-PK,0,8.95,27.84515746403485,83.63199164159596
2019,Palpa,Chidi pani,T2,n_omission,0-PK,0,8.78,27.88851055316627,83.46478004939854
2019,Palpa,Chidi pani,T3,p_omission,0-NK,120,9.2,27.845119535923004,83.63189089111984
2019,Palpa,Chidi pani,T3,p_omission,0-NK,120,10.3,27.88855786900968,83.46502555534244
2019,Palpa,Chidi pani,T4,k_omission,0-NP,120,9.18,27.845211569219828,83.63196012564003
2019,Palpa,Chidi pani,T4,k_omission,0-NP,120,9.69,27.88853880017996,83.46480175852776
2019,Palpa,Chidi pani,T5,n_rate_60,N60,60,9.08,27.845160104334354,83.63203053362668
2019,Palpa,Chidi pani,T5,n_rate_60,N60,60,9.48,27.88850145880133,83.46475347876549
2019,Palpa,Chidi pani,T6,government_recommendation,GR,120,5.79,27.84521508961916,83.63196649588645
2019,Palpa,Chidi pani,T6,government_recommendation,GR,120,9.91,27.88848247379065,83.46479706466198
2019,Palpa,Chidi pani,T7,n_rate_180,N180,180,5.36,27.84527870826423,83.6319346446544
2019,Palpa,Chidi pani,T7,n_rate_180,N180,180,9.53,27.88850045297295,83.4647387266159
2019,Palpa,Chidi pani,T8,n_rate_210,N210,210,4.04,27.845081314444545,83.63200589083135
2019,Palpa,Chidi pani,T8,n_rate_210,N210,210,9.0,27.888505314476788,83.46511222422123
2019,Palpa,Chidi pani,T9,n_timing_v8,TIMING_V6_V10,120,7.11,27.84514690283686,83.63187278620899
2019,Palpa,Chidi pani,T9,n_timing_v8,TIMING_V6_V10,120,9.45,27.888506990857422,83.46509386785328
2019,Palpa,Devinagar,T1,soil_background,0-0-0,0,4.95,27.808234803378586,83.69885492138565
2019,Palpa,Devinagar,T1,soil_background,0-0-0,0,6.63,27.81032185535878,83.69493051432073
2019,Palpa,Devinagar,T10,n_timing_v6_v10,TIMING_V6_V10,120,9.95,27.80855101067573,83.69879473932087
2019,Palpa,Devinagar,T10,n_timing_v6_v10,TIMING_V6_V10,120,7.97,27.810375206172463,83.69492607191205
2019,Palpa,Devinagar,T2,n_omission,0-PK,0,6.57,27.808432239107788,83.69881502352655
2019,Palpa,Devinagar,T2,n_omission,0-PK,0,9.18,27.81038052868098,83.69500033557415
2019,Palpa,Devinagar,T3,p_omission,0-NK,120,8.26,27.808419833891094,83.69874771684408
2019,Palpa,Devinagar,T3,p_omission,0-NK,120,9.5,27.810416319407523,83.69503134861588
2019,Palpa,Devinagar,T4,k_omission,0-NP,120,7.97,27.808345276862383,83.69880236685276
2019,Palpa,Devinagar,T4,k_omission,0-NP,120,8.24,27.808131161145862,83.69382192380726
2019,Palpa,Devinagar,T5,n_rate_60,N60,60,7.36,27.80844858381897,83.6988069768995
2019,Palpa,Devinagar,T5,n_rate_60,N60,60,9.61,27.810376212000847,83.695029001683
2019,Palpa,Devinagar,T6,government_recommendation,GR,120,8.25,27.80832901597023,83.69879105128348
2019,Palpa,Devinagar,T6,government_recommendation,GR,120,8.75,27.810349934734404,83.69500461034477
2019,Palpa,Devinagar,T7,n_rate_180,N180,180,9.31,27.80825596768409,83.69874813593924
2019,Palpa,Devinagar,T7,n_rate_180,N180,180,9.54,27.810435639694333,83.69504165835679
2019,Palpa,Devinagar,T8,n_rate_210,N210,210,9.87,27.808474022895098,83.69884788058698
2019,Palpa,Devinagar,T8,n_rate_210,N210,210,9.1,27.810400435701013,83.69508197531104
2019,Palpa,Devinagar,T9,n_timing_v8,TIMING_V6_V10,120,8.46,27.808364764787257,83.69871930219233
2019,Palpa,Devinagar,T9,n_timing_v8,TIMING_V6_V10,120,8.36,27.810372062958777,83.69509002193809
2019,Palpa,Khasyauli,T1,soil_background,0-0-0,0,6.01,,
2019,Palpa,Khasyauli,T1,soil_background,0-0-0,0,6.01,27.884576926007867,83.47849837504327
2019,Palpa,Khasyauli,T10,n_timing_v6_v10,TIMING_V6_V10,120,5.88,,
2019,Palpa,Khasyauli,T10,n_timing_v6_v10,TIMING_V6_V10,120,5.88,27.884679855778813,83.47841405309737
2019,Palpa,Khasyauli,T2,n_omission,0-PK,0,5.13,,
2019,Palpa,Khasyauli,T2,n_omission,0-PK,0,5.13,27.884704833850265,83.47849292680621
2019,Palpa,Khasyauli,T3,p_omission,0-NK,120,7.1,,
2019,Palpa,Khasyauli,T3,p_omission,0-NK,120,7.1,27.88476426154375,83.47864790819585
2019,Palpa,Khasyauli,T4,k_omission,0-NP,120,3.66,,
2019,Palpa,Khasyauli,T4,k_omission,0-NP,120,3.66,27.88487980607897,83.47851279191673
2019,Palpa,Khasyauli,T5,n_rate_60,N60,60,4.27,,
2019,Palpa,Khasyauli,T5,n_rate_60,N60,60,4.27,27.88472700398416,83.47844816744328
2019,Palpa,Khasyauli,T6,government_recommendation,GR,120,7.47,,
2019,Palpa,Khasyauli,T6,government_recommendation,GR,120,7.47,27.88466975558549,83.47847457043827
2019,Palpa,Khasyauli,T7,n_rate_180,N180,180,7.16,,
2019,Palpa,Khasyauli,T7,n_rate_180,N180,180,7.16,27.88475952576846,83.47840156406164
2019,Palpa,Khasyauli,T8,n_rate_210,N210,210,7.79,,
2019,Palpa,Khasyauli,T8,n_rate_210,N210,210,7.79,27.88472092710436,83.47849762067199
2019,Palpa,Khasyauli,T9,n_timing_v8,TIMING_V6_V10,120,3.63,,
2019,Palpa,Khasyauli,T9,n_timing_v8,TIMING_V6_V10,120,3.63,27.884761705063283,83.47858948633075
2019,Salyan,Jhuplal gharti,T1,soil_background,0-0-0,0,7.13,28.21787660010159,82.38465665839612
2019,Salyan,Jhuplal gharti,T10,n_timing_v6_v10,TIMING_V6_V10,120,9.78,28.217889424413443,82.38475707359612
2019,Salyan,Jhuplal gharti,T2,n_omission,0-PK,0,9.43,28.217884353362024,82.38481851294637
2019,Salyan,Jhuplal gharti,T3,p_omission,0-NK,120,9.49,28.21800563950092,82.38493535667658
2019,Salyan,Jhuplal gharti,T4,k_omission,0-NP,120,2.94,28.217901745811105,82.38466445356607
2019,Salyan,Jhuplal gharti,T5,n_rate_60,N60,60,10.26,28.218000107444823,82.38489453680813
2019,Salyan,Jhuplal gharti,T6,government_recommendation,GR,120,10.97,28.21790082380176,82.38477165810764
2019,Salyan,Jhuplal gharti,T7,n_rate_180,N180,180,9.85,28.21790413465351,82.3846975620836
2019,Salyan,Jhuplal gharti,T8,n_rate_210,N210,210,9.05,28.217951324768364,82.38487869501114
2019,Salyan,Jhuplal gharti,T9,n_timing_v8,TIMING_V6_V10,120,9.64,28.217903883196414,82.38486025482416
2019,Salyan,Sharadha sharma,T1,soil_background,0-0-0,0,11.86,28.229068159125745,82.35290978103876
2019,Salyan,Sharadha sharma,T10,n_timing_v6_v10,TIMING_V6_V10,120,16.05,28.229165263473988,82.35285999253392
2019,Salyan,Sharadha sharma,T2,n_omission,0-PK,0,11.23,28.22917909361422,82.35295621678233
2019,Salyan,Sharadha sharma,T3,p_omission,0-NK,120,12.65,28.229041462764144,82.35286384820938
2019,Salyan,Sharadha sharma,T4,k_omission,0-NP,120,11.49,28.22900190018117,82.3529542889446
2019,Salyan,Sharadha sharma,T5,n_rate_60,N60,60,12.26,28.22906233370304,82.35278078354895
2019,Salyan,Sharadha sharma,T7,n_rate_180,N180,180,11.2,28.229209394194186,82.35289704054594
2019,Salyan,Sharadha sharma,T8,n_rate_210,N210,210,12.77,28.229088485240936,82.35278279520571
2019,Salyan,Sharadha sharma,T9,n_timing_v8,TIMING_V6_V10,120,11.05,28.22917615994811,82.35290852375329
2019,Surkhet,Babiyachaur,T1,soil_background,0-0-0,0,9.55,28.80527019035071,81.40050471760333
2019,Surkhet,Babiyachaur,T1,soil_background,0-0-0,0,9.89,28.80510950926692,81.39931079931557
2019,Surkhet,Babiyachaur,T10,n_timing_v6_v10,TIMING_V6_V10,120,13.24,28.805210972204804,81.40039826743305
2019,Surkhet,Babiyachaur,T10,n_timing_v6_v10,TIMING_V6_V10,120,13.13,28.80511256866157,81.39950106851757
2019,Surkhet,Babiyachaur,T2,n_omission,0-PK,0,10.16,28.805238464847207,81.40049868263304
2019,Surkhet,Babiyachaur,T2,n_omission,0-PK,0,10.29,28.80516172852367,81.39931633137167
2019,Surkhet,Babiyachaur,T3,p_omission,0-NK,120,13.99,28.805212774313983,81.40049482695758
2019,Surkhet,Babiyachaur,T3,p_omission,0-NK,120,12.85,28.805126273073256,81.3993402197957
2019,Surkhet,Babiyachaur,T4,k_omission,0-NP,120,13.4,28.80519948899746,81.40049465931952
2019,Surkhet,Babiyachaur,T4,k_omission,0-NP,120,12.71,28.80511013790965,81.39939973130822
2019,Surkhet,Babiyachaur,T5,n_rate_60,N60,60,13.08,28.805215456523,81.40042576007545
2019,Surkhet,Babiyachaur,T5,n_rate_60,N60,60,12.74,28.80512199830264,81.3994564767927
2019,Surkhet,Babiyachaur,T6,government_recommendation,GR,120,12.9,28.80520581733436,81.40042810700834
2019,Surkhet,Babiyachaur,T6,government_recommendation,GR,120,12.86,28.80504517816007,81.39941272325814
2019,Surkhet,Babiyachaur,T7,n_rate_180,N180,180,13.18,28.805180420167744,81.40039449557662
2019,Surkhet,Babiyachaur,T7,n_rate_180,N180,180,13.31,28.805101923644543,81.3994974642992
2019,Surkhet,Babiyachaur,T8,n_rate_210,N210,210,13.21,28.80516013596207,81.40038762241602
2019,Surkhet,Babiyachaur,T8,n_rate_210,N210,210,13.47,28.805124680511653,81.39945337548852
2019,Surkhet,Babiyachaur,T9,n_timing_v8,TIMING_V6_V10,120,13.31,28.805193663574755,81.40040472149849
2019,Surkhet,Babiyachaur,T9,n_timing_v8,TIMING_V6_V10,120,13.17,28.805098864249885,81.39947206713259
2019,Surkhet,Kalyan,T1,soil_background,0-0-0,0,6.97,28.504110923968256,81.73823112621903
2019,Surkhet,Kalyan,T1,soil_background,0-0-0,0,7.3,28.498787744902074,81.74570887349546
2019,Surkhet,Kalyan,T10,n_timing_v6_v10,TIMING_V6_V10,120,8.49,28.50413556676358,81.73822140321136
2019,Surkhet,Kalyan,T10,n_timing_v6_v10,TIMING_V6_V10,120,8.92,28.498760838992894,81.74578439444304
2019,Surkhet,Kalyan,T2,n_omission,0-PK,0,7.25,28.504104427993298,81.7382484767586
2019,Surkhet,Kalyan,T2,n_omission,0-PK,0,8.85,28.498787409625947,81.74572127871215
2019,Surkhet,Kalyan,T3,p_omission,0-NK,120,8.23,28.50415559951216,81.7382069863379
2019,Surkhet,Kalyan,T3,p_omission,0-NK,120,10.33,28.4988184645772,81.7456963006407
2019,Surkhet,Kalyan,T4,k_omission,0-NP,120,8.88,28.504180451855063,81.7382069863379
2019,Surkhet,Kalyan,T4,k_omission,0-NP,120,8.87,28.498821440152824,81.74569864757359
2019,Surkhet,Kalyan,T5,n_rate_60,N60,60,9.48,28.504163939505816,81.73821922391653
2019,Surkhet,Kalyan,T5,n_rate_60,N60,60,9.7,28.49876968190074,81.74574877135456
2019,Surkhet,Kalyan,T6,government_recommendation,GR,120,9.1,28.504174542613328,81.73820069991052
2019,Surkhet,Kalyan,T6,government_recommendation,GR,120,9.87,28.498760000802577,81.74577039666474
2019,Surkhet,Kalyan,T7,n_rate_180,N180,180,7.45,28.504213308915496,81.73819558694959
2019,Surkhet,Kalyan,T7,n_rate_180,N180,180,9.62,28.498760000802577,81.74577039666474
2019,Surkhet,Kalyan,T8,n_rate_210,N210,210,8.77,28.50414478685707,81.73822458833456
2019,Surkhet,Kalyan,T8,n_rate_210,N210,210,10.91,28.49878309294581,81.74575983546674
2019,Surkhet,Kalyan,T9,n_timing_v8,TIMING_V6_V10,120,8.0,28.504194617271423,81.7382101714611
2019,Surkhet,Kalyan,T9,n_timing_v8,TIMING_V6_V10,120,11.04,28.498791977763176,81.74579269252717
2019,Surkhet,Kunathari,T1,soil_background,0-0-0,0,6.42,28.71532666962593,81.50968914851546
2019,Surkhet,Kunathari,T1,soil_background,0-0-0,0,7.31,28.71321028098464,81.50711867026985
2019,Surkhet,Kunathari,T10,n_timing_v6_v10,TIMING_V6_V10,120,8.06,28.71570171788335,81.50979450903833
2019,Surkhet,Kunathari,T10,n_timing_v6_v10,TIMING_V6_V10,120,10.67,28.712977808900177,81.50705572217703
2019,Surkhet,Kunathari,T2,n_omission,0-PK,0,6.89,28.71532189194113,81.50969065725803
2019,Surkhet,Kunathari,T2,n_omission,0-PK,0,8.19,28.713134760037065,81.5071140602231
2019,Surkhet,Kunathari,T3,p_omission,0-NK,120,9.04,28.71535416226834,81.50973994284868
2019,Surkhet,Kunathari,T3,p_omission,0-NK,120,11.06,28.71309129986912,81.50707391090691
2019,Surkhet,Kunathari,T4,k_omission,0-NP,120,8.12,28.71548412367701,81.50972502306104
2019,Surkhet,Kunathari,T4,k_omission,0-NP,120,0.78,28.713016659021378,81.50706008076668
2019,Surkhet,Kunathari,T5,n_rate_60,N60,60,7.98,28.71553651057184,81.5097373444587
2019,Surkhet,Kunathari,T5,n_rate_60,N60,60,9.98,28.712999559938908,81.50703988038003
2019,Surkhet,Kunathari,T6,government_recommendation,GR,120,8.5,28.71563889551908,81.50977950543165
2019,Surkhet,Kunathari,T6,government_recommendation,GR,120,9.38,28.712994656525552,81.50709092617035
2019,Surkhet,Kunathari,T7,n_rate_180,N180,180,8.68,28.71563881170005,81.50980942882597
2019,Surkhet,Kunathari,T7,n_rate_180,N180,180,9.27,28.71298891492188,81.50708371773362
2019,Surkhet,Kunathari,T8,n_rate_210,N210,210,7.87,28.71569744311273,81.50974245741963
2019,Surkhet,Kunathari,T8,n_rate_210,N210,210,9.07,28.71302256826312,81.50709888897836
2019,Surkhet,Kunathari,T9,n_timing_v8,TIMING_V6_V10,120,8.32,28.71573587413877,81.50974572636187
2019,Surkhet,Kunathari,T9,n_timing_v8,TIMING_V6_V10,120,9.54,28.71301691047848,81.50709587149322
2019,Surkhet,Lekhpharsa,T1,soil_background,0-0-0,0,6.81,28.462252663448453,81.78157168440521
2019,Surkhet,Lekhpharsa,T1,soil_background,0-0-0,0,5.39,28.467979137785733,81.79958498105407
2019,Surkhet,Lekhpharsa,T10,n_timing_v6_v10,TIMING_V6_V10,120,11.12,28.46185984555632,81.78106877021492
2019,Surkhet,Lekhpharsa,T10,n_timing_v6_v10,TIMING_V6_V10,120,10.7,28.46800717525184,81.79933687672019
2019,Surkhet,Lekhpharsa,T2,n_omission,0-PK,0,8.45,28.46216880250722,81.78147537633777
2019,Surkhet,Lekhpharsa,T2,n_omission,0-PK,0,6.44,28.467982490547,81.79963166825473
2019,Surkhet,Lekhpharsa,T3,p_omission,0-NK,120,10.42,28.46212492324412,81.7814094107598
2019,Surkhet,Lekhpharsa,T3,p_omission,0-NK,120,9.92,28.468067566864192,81.7995784431696
2019,Surkhet,Lekhpharsa,T4,k_omission,0-NP,120,7.11,28.46210296265781,81.78138292394578
2019,Surkhet,Lekhpharsa,T4,k_omission,0-NP,120,10.65,28.46799565013498,81.79955271072686
2019,Surkhet,Lekhpharsa,T5,n_rate_60,N60,60,9.83,28.46207006368786,81.78133900277317
2019,Surkhet,Lekhpharsa,T5,n_rate_60,N60,60,8.38,28.46801668871194,81.79957282729447
2019,Surkhet,Lekhpharsa,T6,government_recommendation,GR,120,12.89,28.4620231250301,81.78129315376282
2019,Surkhet,Lekhpharsa,T6,government_recommendation,GR,120,10.67,28.468034835532308,81.79948532022536
2019,Surkhet,Lekhpharsa,T7,n_rate_180,N180,180,10.45,28.46196738537401,81.78125367499888
2019,Surkhet,Lekhpharsa,T7,n_rate_180,N180,180,10.7,28.468055706471205,81.79945447482169
2019,Surkhet,Lekhpharsa,T8,n_rate_210,N210,210,11.11,28.46192124299705,81.78118117153645
2019,Surkhet,Lekhpharsa,T8,n_rate_210,N210,210,10.62,28.468078589066863,81.79943645372987
2019,Surkhet,Lekhpharsa,T9,n_timing_v8,TIMING_V6_V10,120,10.49,28.46189006231725,81.78111411631107
2019,Surkhet,Lekhpharsa,T9,n_timing_v8,TIMING_V6_V10,120,10.78,28.46804648637772,81.79935498163104
2019,Surkhet,Maintada-2,T1,soil_background,0-0-0,0,4.55,28.448478640057147,81.79668023250997
2019,Surkhet,Maintada-2,T1,soil_background,0-0-0,0,4.8,28.44709855969996,81.79615627974272
2019,Surkhet,Maintada-2,T10,n_timing_v6_v10,TIMING_V6_V10,120,8.71,28.44863119069487,81.7967151850462
2019,Surkhet,Maintada-2,T10,n_timing_v6_v10,TIMING_V6_V10,120,8.48,28.447116161696613,81.7961483169347
2019,Surkhet,Maintada-2,T2,n_omission,0-PK,0,5.77,28.44847763422877,81.79668501019478
2019,Surkhet,Maintada-2,T2,n_omission,0-PK,0,4.75,28.4470796585083,81.7961414437741
2019,Surkhet,Maintada-2,T3,p_omission,0-NK,120,7.36,28.448509192094207,81.7966766282916
2019,Surkhet,Maintada-2,T3,p_omission,0-NK,120,7.61,28.44710769597441,81.7961380071938
2019,Surkhet,Maintada-2,T4,k_omission,0-NP,120,6.54,28.4485147241503,81.79667009040713
2019,Surkhet,Maintada-2,T4,k_omission,0-NP,120,6.39,28.447096799500287,81.79615829139948
2019,Surkhet,Maintada-2,T5,n_rate_60,N60,60,8.44,28.44856191426516,81.79667377844453
2019,Surkhet,Maintada-2,T5,n_rate_60,N60,60,7.94,28.44711658079177,81.79613834246993
2019,Surkhet,Maintada-2,T6,government_recommendation,GR,120,7.99,28.448603320866823,81.79668132215738
2019,Surkhet,Maintada-2,T6,government_recommendation,GR,120,6.69,28.447080412879583,81.79614932276309
2019,Surkhet,Maintada-2,T7,n_rate_180,N180,180,7.32,28.44859150238335,81.79668819531798
2019,Surkhet,Maintada-2,T7,n_rate_180,N180,180,7.45,28.447099230252206,81.79613607935607
2019,Surkhet,Maintada-2,T8,n_rate_210,N210,210,7.05,28.448602482676502,81.79668492637575
2019,Surkhet,Maintada-2,T8,n_rate_210,N210,210,7.92,28.44710798934102,81.79613130167127
2019,Surkhet,Maintada-2,T9,n_timing_v8,TIMING_V6_V10,120,7.76,28.4486183244735,81.79669515229762
2019,Surkhet,Maintada-2,T9,n_timing_v8,TIMING_V6_V10,120,7.77,28.447097511962056,81.79614496417344
2019,Surkhet,Ramghat,T1,soil_background,0-0-0,0,6.39,28.488185559399422,81.7456082906574
2019,Surkhet,Ramghat,T1,soil_background,0-0-0,0,3.45,28.488267324864864,81.74409845843911
2019,Surkhet,Ramghat,T1,soil_background,0-0-0,0,3.54,28.492348263971508,81.74318784847856
2019,Surkhet,Ramghat,T1,soil_background,0-0-0,0,6.36,28.488538186065853,81.74532640725374
2019,Surkhet,Ramghat,T1,soil_background,0-0-0,0,8.48,28.492390592582524,81.7429508920759
2019,Surkhet,Ramghat,T10,n_timing_v6_v10,TIMING_V6_V10,120,11.11,28.48802688997239,81.74587818793952
2019,Surkhet,Ramghat,T10,n_timing_v6_v10,TIMING_V6_V10,120,9.53,28.48814377561212,81.74392721615732
2019,Surkhet,Ramghat,T10,n_timing_v6_v10,TIMING_V6_V10,120,9.04,28.49247097503394,81.74309221096337
2019,Surkhet,Ramghat,T10,n_timing_v6_v10,TIMING_V6_V10,120,6.9,28.48855314776301,81.74533814191818
2019,Surkhet,Ramghat,T10,n_timing_v6_v10,TIMING_V6_V10,120,10.7,28.49245081655681,81.74293563701212
2019,Surkhet,Ramghat,T2,n_omission,0-PK,0,8.08,28.48810940980912,81.74563670530915
2019,Surkhet,Ramghat,T2,n_omission,0-PK,0,7.17,28.488227846100926,81.7440785933286
2019,Surkhet,Ramghat,T2,n_omission,0-PK,0,6.43,28.492406769655645,81.74315012991428
2019,Surkhet,Ramghat,T2,n_omission,0-PK,0,9.15,28.488590279594064,81.74529841169715
2019,Surkhet,Ramghat,T2,n_omission,0-PK,0,11.19,28.49240509327501,81.74295701086521
2019,Surkhet,Ramghat,T3,p_omission,0-NK,120,10.74,28.48813551943749,81.74567953683436
2019,Surkhet,Ramghat,T3,p_omission,0-NK,120,6.77,28.488230067305267,81.7440106999129
2019,Surkhet,Ramghat,T3,p_omission,0-NK,120,8.16,28.49237772636116,81.74315826036036
2019,Surkhet,Ramghat,T3,p_omission,0-NK,120,11.5,28.48858525045216,81.74520000815392
2019,Surkhet,Ramghat,T3,p_omission,0-NK,120,9.39,28.49244809243828,81.7429197113961
2019,Surkhet,Ramghat,T4,k_omission,0-NP,120,9.9,28.48813665099442,81.7456775251776
2019,Surkhet,Ramghat,T4,k_omission,0-NP,120,10.91,28.488228474743664,81.74401086755097
2019,Surkhet,Ramghat,T4,k_omission,0-NP,120,10.68,28.49245890509337,81.74311693757772
2019,Surkhet,Ramghat,T4,k_omission,0-NP,120,11.81,28.48862854298204,81.74528089351952
2019,Surkhet,Ramghat,T4,k_omission,0-NP,120,12.48,28.49243962671608,81.74295701086521
2019,Surkhet,Ramghat,T5,n_rate_60,N60,60,11.95,28.48809197545052,81.74571893177927
2019,Surkhet,Ramghat,T5,n_rate_60,N60,60,12.56,28.48822994157672,81.74399410374463
2019,Surkhet,Ramghat,T5,n_rate_60,N60,60,12.57,28.4924153611064,81.74310721457005
2019,Surkhet,Ramghat,T5,n_rate_60,N60,60,9.47,28.48862431012094,81.74520880915225
2019,Surkhet,Ramghat,T5,n_rate_60,N60,60,10.81,28.49240794312209,81.74295893870294
2019,Surkhet,Ramghat,T6,government_recommendation,GR,120,12.64,28.4881032910198,81.74569965340197
2019,Surkhet,Ramghat,T6,government_recommendation,GR,120,12.27,28.488208819180727,81.74402168020606
2019,Surkhet,Ramghat,T6,government_recommendation,GR,120,9.28,28.49238242022693,81.7431475315243
2019,Surkhet,Ramghat,T6,government_recommendation,GR,120,11.23,28.488571462221444,81.7453286703676
2019,Surkhet,Ramghat,T6,government_recommendation,GR,120,12.44,28.492442057468,81.74290688708425
2019,Surkhet,Ramghat,T7,n_rate_180,N180,180,12.21,28.488045916892588,81.74578498117626
2019,Surkhet,Ramghat,T7,n_rate_180,N180,180,13.34,28.48817822523415,81.74397968687117
2019,Surkhet,Ramghat,T7,n_rate_180,N180,180,9.89,28.49242663476616,81.7431321926415
2019,Surkhet,Ramghat,T7,n_rate_180,N180,180,10.59,28.488610899075866,81.74526798538864
2019,Surkhet,Ramghat,T7,n_rate_180,N180,180,12.04,28.492462593130767,81.742924740538
2019,Surkhet,Ramghat,T8,n_rate_210,N210,210,12.69,28.48802500404417,81.74577970057726
2019,Surkhet,Ramghat,T8,n_rate_210,N210,210,8.73,28.488158653490245,81.74398647621274
2019,Surkhet,Ramghat,T8,n_rate_210,N210,210,8.52,28.49243321456015,81.74310319125652
2019,Surkhet,Ramghat,T8,n_rate_210,N210,210,10.52,28.48862850107253,81.74521492794156
2019,Surkhet,Ramghat,T8,n_rate_210,N210,210,10.37,28.49246397614479,81.74289733171463
2019,Surkhet,Ramghat,T9,n_timing_v8,TIMING_V6_V10,120,9.68,28.4880163287744,81.74572974443436
2019,Surkhet,Ramghat,T9,n_timing_v8,TIMING_V6_V10,120,7.2,28.4881593240425,81.74395060166717
2019,Surkhet,Ramghat,T9,n_timing_v8,TIMING_V6_V10,120,7.85,28.49242793396116,81.74315658397973
2019,Surkhet,Ramghat,T9,n_timing_v8,TIMING_V6_V10,120,8.65,28.488635625690225,81.7452332843095
2019,Surkhet,Ramghat,T9,n_timing_v8,TIMING_V6_V10,120,12.27,28.492417791858315,81.74292725510895
