province,district,palika,lat,lon,ph,om_pct,n_total_pct,p_olsen_mg_kg,k_exch_mg_kg,sand_pct,clay_pct,silt_pct,maize_urea_total,maize_dap,maize_mop,dsm_source,dsm_imputed,dsm_imputation_n_neighbors,dsm_imputation_method,OC,P_Olsen,Exch_K,n_supply,p_supply,k_supply,rec_N_kg_ha,rec_P2O5_kg_ha,rec_K2O_kg_ha
Province 5,Kapilbastu,Krishnanagar Nagarpalika,27.5,82.8,7.8,2.39,0.12,26.01,183.86,17.54,13.82,70.91,9.45,3.62,3.34,direct_overlay,False,0,direct_overlay,13.8631090487239,10.003846153846155,1.5011194176667322,113.12296983758702,1.993628413349993,7.25839776119966,173.75406032482596,435.17295466714256,466.4346774178968
Province 5,Kapilbastu,Krishnanagar Nagarpalika,27.5,82.85,7.79,2.45,0.12,24.86,183.96,14.61,15.82,69.9,9.45,3.62,3.34,direct_overlay,False,0,direct_overlay,14.211136890951277,9.561538461538461,1.501935864646862,115.72128770301626,1.7862339929502054,7.210093245597081,168.55742459396748,437.5476207807201,466.55157434565507
Province 5,Kapilbastu,Maharajgunj Nagarpalika,27.5,82.95,7.62,2.23,0.12,28.55,199.19,18.15,17.1,66.01,9.45,3.62,3.34,direct_overlay,False,0,direct_overlay,12.935034802784223,10.98076923076923,1.6262807397206371,101.59176334106729,4.076973362484382,10.490956016008898,196.81647331786542,411.31865499955387,458.61188644125843
Province 5,Kapilbastu,Yashodhara Gaunpalika,27.5,83.0,7.36,1.78,0.1,38.47,170.76,21.22,14.71,65.86,9.45,3.62,3.34,direct_overlay,False,0,direct_overlay,10.324825986078887,14.796153846153846,1.3941648632697226,76.52761020881671,7.669826343030518,14.074562644728678,246.94477958236658,370.1804883723005,449.9395583997566
Province 5,Kapilbastu,Yashodhara Gaunpalika,27.5,83.05,7.09,1.73,0.09,30.75,152.11,20.83,13.6,66.57,9.45,3.62,3.34,direct_overlay,False,0,direct_overlay,10.034802784222737,11.826923076923077,1.2418975014755065,69.77198375870069,7.339231405050866,15.873667696323052,260.45603248259863,373.9658004121676,445.5857241748982
Province 5,Kapilbastu,Mayadevi Gaunpalika,27.5,83.15,7.16,1.69,0.08,26.67,160.25,22.76,12.59,66.68,9.45,3.62,3.34,direct_overlay,False,0,direct_overlay,9.80278422273782,10.257692307692308,1.3083562856580757,69.32529002320186,6.2514610030340885,16.19955170369738,261.3494199535963,386.4207715152597,444.7970848770523
Province 5,Rupandehi,Rohini Gaunpalika,27.5,83.5,7.3,1.99,0.1,84.11,116.5,29.67,20.06,50.49,11.78,3.25,3.34,direct_overlay,False,0,direct_overlay,11.54292343387471,32.35,0.9511607318512687,84.37877030162413,16.801203596287706,9.21322840178811,231.24245939675174,265.6262188225058,461.70398726767274
Province 5,Kapilbastu,Mayadevi Gaunpalika,27.5,83.1,6.9,1.65,0.08,23.4,151.87,21.12,12.14,67.61,9.45,3.62,3.34,direct_overlay,False,0,direct_overlay,9.5707656612529,9.0,1.239938028723195,63.45417633410673,6.4931119489559155,18.691906538583776,273.09164733178653,383.6538681844548,438.76558617662727
Province 5,Rupandehi,Lumbini sanskritik Nagarpalika,27.5,83.3,6.72,1.55,0.09,37.92,130.93,27.09,16.71,57.21,11.36,4.34,3.34,direct_overlay,False,0,direct_overlay,8.990719257540604,14.584615384615384,1.0689740310840055,56.85730858468678,9.62342138140282,18.854937283987283,286.2853828306264,347.8118251829377,438.3710517727508
Province 5,Nawalparasi_w,Ramgram Nagarpalika,27.5,83.65,7.65,1.69,0.09,73.65,110.5,24.95,20.7,54.54,9.81,2.71,3.34,direct_overlay,False,0,direct_overlay,9.80278422273782,28.326923076923077,0.902173913043478,77.49100928074247,12.924022008299124,7.085677201060727,245.01798143851505,310.019948004975,466.85266117343303
Province 5,Rupandehi,Lumbini sanskritik Nagarpalika,27.5,83.25,6.35,1.62,0.08,31.48,129.1,29.35,13.45,60.8,11.36,4.34,3.34,direct_overlay,False,0,direct_overlay,9.396751740139212,12.107692307692307,1.054033051347629,53.514501160092806,9.141266397465644,21.671172110745065,292.9709976798144,353.3324997490184,431.5557634919969
Province 5,Nawalparasi_w,Ramgram Nagarpalika,27.5,83.7,7.4,1.35,0.08,34.47,92.31,27.7,20.93,52.07,9.45,3.62,3.34,direct_overlay,False,0,direct_overlay,7.830626450116009,13.257692307692308,0.7536622073578595,58.57308584686775,6.683660538996964,9.163001731205558,282.8538283062645,381.47208682848475,461.82553581048256
Province 5,Nawalparasi_w,Bardaghat Nagarpalika,27.5,83.8,6.64,2.86,0.09,77.76,113.64,49.0,19.23,29.66,9.74,2.89,3.34,direct_overlay,False,0,direct_overlay,16.589327146171694,29.907692307692308,0.9278103482195552,102.65475638051043,19.57098768516866,10.193071724731922,194.69048723897913,233.91219100481885,459.3327664261488
Province 5,Nawalparasi_w,Bardaghat Nagarpalika,27.5,83.75,6.99,1.77,0.08,43.09,117.6,31.72,38.19,31.7,9.45,3.62,3.34,direct_overlay,False,0,direct_overlay,10.266821345707658,16.573076923076925,0.9601416486326971,69.63984918793506,10.118986402373729,12.89854033123429,260.7203016241299,342.1376056928208,452.78553239841295
Province 5,Nawalparasi_w,Ramgram Nagarpalika,27.5,83.6,7.8,1.63,0.09,61.63,113.28,24.64,20.55,56.58,9.81,2.71,3.34,direct_overlay,False,0,direct_overlay,9.45475638051044,23.703846153846154,0.9248711390910879,77.1508120649652,9.800240942352312,6.160362571228193,245.6983758700696,345.787241210066,469.0919225776277
Province 5,Rupandehi,Siddharthanagar Nagarpalika,27.5,83.45,7.08,1.92,0.1,81.75,139.69,34.3,20.66,47.53,11.78,3.25,3.34,direct_overlay,False,0,direct_overlay,11.1368909512761,31.44230769230769,1.1404947865433797,77.24547563805103,17.345803498126003,13.469811255505189,245.50904872389793,259.39054994645727,451.4030567616774
Province 5,Rupandehi,Rohini Gaunpalika,27.5,83.55,7.49,1.86,0.1,70.43,118.38,27.85,20.28,52.59,11.78,3.25,3.34,direct_overlay,False,0,direct_overlay,10.788863109048725,27.08846153846154,0.96650993507771,82.35139211136892,13.128670734427985,8.33626787871364,235.29721577726215,307.67672009079956,463.826231733513
Province 5,Rupandehi,Siddharthanagar Nagarpalika,27.5,83.4,6.99,1.77,0.09,54.84,112.46,28.57,17.85,53.3,11.36,4.34,3.34,direct_overlay,False,0,direct_overlay,10.266821345707658,21.092307692307692,0.918176273854023,69.63984918793506,12.378601786989112,12.334777599069797,260.7203016241299,316.2650095389747,454.14983821025106
Province 5,Kapilbastu,Suddhodhan Gaunpalika,27.5,83.2,6.58,1.61,0.08,21.04,128.7,25.17,11.31,64.62,9.45,3.62,3.34,direct_overlay,False,0,direct_overlay,9.338747099767982,8.092307692307692,1.0507672634271097,56.83561484918794,6.764943289309299,19.389696194251343,286.3287703016241,380.5413993374085,437.0769352099117
Province 5,Kapilbastu,Krishnanagar Nagarpalika,27.55,82.75,7.77,1.86,0.1,24.42,185.96,22.34,13.65,68.49,9.45,3.62,3.34,direct_overlay,False,0,direct_overlay,10.788863109048725,9.392307692307693,1.5182648042494589,87.4868909512761,2.557180818311622,9.464863391341527,225.0262180974478,428.72027963033196,461.0950305929535
Province 5,Kapilbastu,Krishnanagar Nagarpalika,27.55,82.85,7.87,1.78,0.09,24.6,176.35,18.83,14.54,68.64,9.45,3.62,3.34,direct_overlay,False,0,direct_overlay,10.324825986078887,9.461538461538462,1.439804249458981,85.4792343387471,2.0261036275209703,8.03266997854113,229.0415313225058,434.8011134648849,464.5609386519305
Province 5,Kapilbastu,Maharajgunj Nagarpalika,27.55,82.95,7.51,2.16,0.11,63.29,243.19,22.65,19.09,57.76,9.74,2.89,3.34,direct_overlay,False,0,direct_overlay,12.529002320185615,24.342307692307692,1.9855174109777685,96.0598607888631,11.55701347492415,14.806019295527852,207.8802784222738,325.6721957121185,448.1694333048226
Province 5,Rupandehi,Gaidahawa Gaunpalika,27.55,83.25,6.5,1.63,0.09,47.85,119.82,30.5,14.49,56.12,11.36,4.34,3.34,direct_overlay,False,0,direct_overlay,9.45475638051044,18.403846153846153,0.9782667715915797,56.25580046403712,12.097442218454399,18.61719741940482,287.48839907192576,319.48428659869717,438.94638224504035
Province 5,Kapilbastu,Suddhodhan Gaunpalika,27.55,83.2,6.61,1.65,0.08,29.87,133.98,27.49,11.0,63.44,9.45,3.62,3.34,direct_overlay,False,0,direct_overlay,9.5707656612529,11.488461538461538,1.0938756639779657,58.73578886310905,8.470774417722648,19.478854019451543,282.52842227378187,361.00963291707563,436.86117327292726
Province 5,Kapilbastu,Mayadevi Gaunpalika,27.55,83.15,7.19,1.77,0.09,30.85,166.56,23.26,13.54,64.19,9.45,3.62,3.34,direct_overlay,False,0,direct_overlay,10.266821345707658,11.865384615384615,1.359874090104269,73.13056844547565,6.9817817798500785,15.848870059113851,253.7388631090487,378.05859862071657,445.6457344569444
Province 5,Rupandehi,Gaidahawa Gaunpalika,27.55,83.3,6.56,1.81,0.1,54.32,101.97,32.09,16.59,51.11,11.36,4.34,3.34,direct_overlay,False,0,direct_overlay,10.498839907192576,20.892307692307693,0.8325309856384023,63.538979118329465,13.54457147956452,14.107051541831867,272.9220417633411,302.9146565589863,449.86093526876687
Province 5,Kapilbastu,Maharajgunj Nagarpalika,27.55,82.9,7.97,2.0,0.1,23.48,182.95,19.77,14.51,67.28,9.45,3.62,3.34,direct_overlay,False,0,direct_overlay,11.600928074245939,9.03076923076923,1.4936897501475503,98.01624129930394,0.6968521327860095,6.363363476803515,203.96751740139212,450.02104307960025,468.6006603861355
Province 5,Kapilbastu,Krishnanagar Nagarpalika,27.55,82.8,7.9,2.12,0.1,29.7,209.1,19.02,13.34,69.19,9.45,3.62,3.34,direct_overlay,False,0,direct_overlay,12.296983758700698,11.423076923076922,1.7071906354515047,102.43387470997682,2.2468632875245373,7.8387695015582155,195.13225058004636,432.273415357844,465.0301778062291
Province 5,Kapilbastu,Kapilbastu Nagarpalika,27.55,83.05,6.93,1.82,0.1,71.16,206.07,27.83,15.37,57.58,9.74,2.89,3.34,direct_overlay,False,0,direct_overlay,10.556844547563806,27.369230769230768,1.6824522919535705,70.53027842227378,15.781653377654827,22.96681445221347,258.9394431554524,277.30006882585224,428.4203090256434
Province 5,Rupandehi,Siyari Gaunpalika,27.55,83.35,6.84,1.87,0.1,60.14,98.91,32.16,16.81,49.72,11.7,3.47,3.34,direct_overlay,False,0,direct_overlay,10.846867749419955,23.13076923076923,0.8075477080464292,70.80835266821346,14.022417097983222,11.396944140426033,258.3832946635731,297.4433242280921,456.419395180169
Province 5,Kapilbastu,Kapilbastu Nagarpalika,27.55,83.1,6.87,1.65,0.08,28.05,145.18,25.08,11.06,64.41,9.45,3.62,3.34,direct_overlay,False,0,direct_overlay,9.5707656612529,10.788461538461538,1.1853177257525083,62.96606728538282,7.476279058093877,18.20354709526526,274.06786542923436,372.39660478482506,439.94741602945805
Province 5,Rupandehi,Omsatiya Gaunpalika,27.55,83.5,6.82,1.96,0.1,83.79,116.93,32.53,19.59,46.81,11.7,3.47,3.34,direct_overlay,False,0,direct_overlay,11.368909512761022,32.22692307692308,0.9546714538658272,73.82969837587008,18.754800285561306,13.111883655447036,252.34060324825984,243.25753673032304,452.2692415538182
Province 5,Rupandehi,Siyari Gaunpalika,27.55,83.45,6.64,1.95,0.1,78.85,95.34,32.91,18.54,46.29,11.7,3.47,3.34,direct_overlay,False,0,direct_overlay,11.310904872389791,30.326923076923073,0.7784005508557937,69.99187935034803,18.311512582545063,11.887086114850087,260.01624129930394,248.33318092985903,455.23325160206275
Province 5,Nawalparasi_w,Ramgram Nagarpalika,27.55,83.6,7.01,1.69,0.09,74.84,139.69,28.01,16.8,57.16,9.74,2.89,3.34,direct_overlay,False,0,direct_overlay,9.80278422273782,28.784615384615385,1.1404947865433797,66.82558004640372,16.073313637783333,15.70188330947138,266.34883990719254,273.9605588473808,446.00144239107925
Province 5,Nawalparasi_w,Ramgram Nagarpalika,27.55,83.65,7.07,1.61,0.1,55.89,106.33,30.48,17.49,55.33,9.45,3.62,3.34,direct_overlay,False,0,direct_overlay,9.338747099767982,21.496153846153845,0.8681280739720636,64.61479118329467,12.145550385953952,11.93117127508533,270.77041763341066,318.93344808082725,455.12656551429353
Province 5,Rupandehi,Devdaha Nagarpalika,27.55,83.55,6.78,1.85,0.1,75.71,123.01,32.52,20.01,47.61,11.78,3.25,3.34,direct_overlay,False,0,direct_overlay,10.730858468677496,29.119230769230764,1.0043114302577216,68.9564965197216,17.172901347492413,14.817716180289658,262.0870069605568,261.3702795712119,448.141126843699
Province 5,Nawalparasi_w,Bardaghat Nagarpalika,27.55,83.75,6.88,1.58,0.11,24.01,96.74,47.25,22.57,26.61,9.45,3.62,3.34,direct_overlay,False,0,direct_overlay,9.164733178654293,9.234615384615385,0.7898308085776115,60.450580046403715,6.582959664465465,12.485299233983689,279.09883990719254,382.6251118418704,453.7855758537595
Province 5,Nawalparasi_w,Sunwal Nagarpalika,27.55,83.7,7.43,1.6,0.09,25.03,93.67,32.56,31.04,35.14,9.45,3.62,3.34,direct_overlay,False,0,direct_overlay,9.280742459396752,9.626923076923077,0.7647658862876254,69.89327146171694,4.74053810458683,7.904237646330438,260.2134570765661,403.72083870248076,464.87174489588034
Province 5,Kapilbastu,Shivaraj Nagarpalika,27.6,82.85,7.42,2.13,0.12,79.6,290.56,27.72,19.56,55.22,9.74,2.89,2.67,direct_overlay,False,0,direct_overlay,12.354988399071924,30.615384615384613,2.372268345465276,92.83538283062643,15.27223349098697,19.52857846754225,214.32923433874714,283.13292652819916,436.74084010854773
Province 5,Kapilbastu,Bijayanagar Gaunpalika,27.6,82.8,7.4,1.7,0.09,32.22,207.54,22.77,13.33,67.06,9.45,3.62,3.34,direct_overlay,False,0,direct_overlay,9.860788863109049,12.392307692307691,1.694454062561479,73.75870069605568,6.265179368195607,17.139762557294567,252.48259860788863,386.2636962341603,442.5217746113471
Province 5,Kapilbastu,Bijayanagar Gaunpalika,27.6,82.75,7.3,1.92,0.1,39.13,232.67,23.68,13.36,67.28,9.45,3.62,3.34,direct_overlay,False,0,direct_overlay,11.1368909512761,15.05,1.8996271886681093,81.41067285382829,8.12917633410673,18.959613700871213,237.17865429234342,364.9209309744779,438.11773484389164
Province 5,Kapilbastu,Shivaraj Nagarpalika,27.6,82.9,7.48,1.62,0.09,61.44,207.0,25.73,19.77,51.85,9.74,2.89,3.34,direct_overlay,False,0,direct_overlay,9.396751740139212,23.63076923076923,1.6900452488687783,71.56566125290024,11.502284847403173,16.48497209469029,256.8686774941995,326.29883849723365,444.1063675308495
Province 5,Kapilbastu,Buddhabhumi Nagarpalika,27.6,83.0,7.36,1.79,0.1,174.59,291.52,29.1,18.76,51.78,10.510000000000002,0.9,2.67,direct_overlay,False,0,direct_overlay,10.382830626450117,67.15,2.3801062364745227,76.95754060324826,33.84827610208817,23.917402561190116,246.08491879350348,70.43723863109044,426.11988580191996
Province 5,Kapilbastu,Maharajgunj Nagarpalika,27.6,82.95,7.56,1.57,0.09,118.63,278.44,29.69,20.55,47.19,10.510000000000002,0.9,3.34,direct_overlay,False,0,direct_overlay,9.106728538283063,45.62692307692307,2.273314971473539,70.5953596287703,22.122442976976618,20.958262089948555,258.8092807424594,204.6980279136177,433.28100574232445
Province 5,Rupandehi,Kanchan Gaunpalika,27.6,83.25,6.66,1.57,0.09,52.16,71.81,35.44,13.82,50.02,11.36,4.34,3.34,direct_overlay,False,0,direct_overlay,9.106728538283063,20.061538461538458,0.5862905764312414,56.662064965197224,12.523918302694982,10.580313544954636,286.67587006960554,314.60113543414246,458.39564122120976
Province 5,Kapilbastu,Banganga Nagarpalika,27.6,83.15,6.86,1.92,0.1,59.35,118.42,33.96,14.11,50.62,9.74,2.89,3.34,direct_overlay,False,0,direct_overlay,11.1368909512761,22.826923076923077,0.9668365138697619,73.08027842227378,13.869925575584507,13.187933644610231,253.83944315545244,299.1893521595574,452.0852005800432
Province 5,Kapilbastu,Banganga Nagarpalika,27.6,83.2,6.72,2.0,0.11,64.33,86.26,35.17,16.54,47.53,9.74,2.89,3.34,direct_overlay,False,0,direct_overlay,11.600928074245939,24.74230769230769,0.7042671650600039,73.36426914153131,15.379042477244333,10.076458106876792,253.27146171693738,281.9099636355524,459.61497138135815
Province 5,Rupandehi,Sudhdhodhan Gaunpalika,27.6,83.35,7.05,1.75,0.09,81.95,83.93,36.18,18.76,45.13,11.7,3.47,3.34,direct_overlay,False,0,direct_overlay,10.150812064965198,31.51923076923077,0.6852439504229786,69.88834106728538,17.35392730456898,8.922662919404942,260.22331786542924,259.29753236268516,462.40715573503996
Province 5,Rupandehi,Gaidahawa Gaunpalika,27.6,83.3,6.7,1.62,0.09,59.96,76.99,34.97,15.28,48.6,11.7,3.47,3.34,direct_overlay,False,0,direct_overlay,9.396751740139212,23.06153846153846,0.6285825300019672,59.10556844547565,14.013860878101017,10.81993181219272,281.7888631090487,297.54129294574335,457.8157650144936
Province 5,Rupandehi,Siyari Gaunpalika,27.6,83.4,6.71,1.85,0.11,77.28,99.65,34.57,20.04,45.13,11.78,3.25,3.34,direct_overlay,False,0,direct_overlay,10.730858468677496,29.723076923076924,0.8135894156993901,67.67952436194896,17.670689418615027,12.492309649077962,264.6409512761021,255.67060615685796,453.76861064923133
Province 5,Kapilbastu,Kapilbastu Nagarpalika,27.6,83.1,7.05,1.75,0.09,45.68,171.04,30.54,12.96,56.4,9.45,3.62,3.34,direct_overlay,False,0,direct_overlay,10.150812064965198,17.569230769230767,1.396450914814086,69.88834106728538,10.37892730456898,18.183394087156216,260.22331786542924,339.1612823626851,439.99618630908196
Province 5,Rupandehi,Tillotama Nagarpalika,27.6,83.5,6.51,1.89,0.1,80.25,58.61,36.22,16.67,46.78,11.7,3.47,3.34,direct_overlay,False,0,direct_overlay,10.962877030162412,30.865384615384613,0.4785195750541018,65.41548723897911,18.770696513028735,8.024664274673038,269.1690255220418,243.075524925821,464.5803124552913
Province 5,Rupandehi,Tillotama Nagarpalika,27.6,83.45,6.64,1.82,0.1,80.91,76.48,36.54,19.04,44.39,11.7,3.47,3.34,direct_overlay,False,0,direct_overlay,10.556844547563806,31.119230769230768,0.6244186504033051,65.32575406032483,18.497796359093343,10.098274264319414,269.3484918793504,246.20023168838122,459.56217628034705
Province 5,Nawalparasi_w,Sunwal Nagarpalika,27.6,83.65,7.15,1.64,0.09,45.67,102.15,36.39,15.68,47.85,9.45,3.62,3.34,direct_overlay,False,0,direct_overlay,9.51276102088167,17.565384615384616,0.8340005902026361,67.11252900232019,9.91054903623059,10.660440320944714,265.77494199535965,344.5242135351597,458.20173442331384
Province 5,Kapilbastu,Buddhabhumi Nagarpalika,27.6,83.05,7.07,1.87,0.1,158.34,297.27,31.89,17.61,50.5,10.510000000000002,0.9,2.67,direct_overlay,False,0,direct_overlay,10.846867749419955,60.9,2.4270519378319886,75.04947795823668,32.07315240719257,29.50714904515215,249.90104408352664,90.76240493764503,412.5926993107318
Province 5,Nawalparasi_w,Sunwal Nagarpalika,27.6,83.7,7.18,1.6,0.09,35.21,102.09,40.27,16.42,39.34,9.45,3.62,3.34,direct_overlay,False,0,direct_overlay,9.280742459396752,13.542307692307693,0.8335107220145583,65.94895591647331,7.757975191861504,10.627541908752185,268.10208816705335,369.17118405318575,458.28134858081967
Province 5,Kapilbastu,Bijayanagar Gaunpalika,27.65,82.8,7.17,1.77,0.1,76.07,270.95,29.65,15.32,59.37,9.74,2.89,3.34,direct_overlay,False,0,direct_overlay,10.266821345707658,29.257692307692302,2.2121630926618137,72.78149651972159,15.76273957031947,26.175626991568382,254.43700696055683,277.5166319198421,420.6549826804045
Province 5,Kapilbastu,Shivaraj Nagarpalika,27.65,82.85,7.32,1.77,0.1,80.69,288.95,27.01,18.2,56.63,9.74,2.89,2.67,direct_overlay,False,0,direct_overlay,10.266821345707658,31.034615384615382,2.3591235490851856,75.39953596287704,15.980135998572191,24.766292797889204,249.20092807424592,275.0274428163484,424.0655714291081
Province 5,Kapilbastu,Shivaraj Nagarpalika,27.65,82.9,7.35,1.71,0.1,112.62,358.49,32.15,18.31,49.27,10.510000000000002,0.9,2.67,direct_overlay,False,0,direct_overlay,9.918793503480279,43.315384615384616,2.9268807790674796,73.34947795823666,21.965794830894165,30.80387425724166,253.30104408352668,206.4916491862618,409.45462429747516
Province 5,Kapilbastu,Banganga Nagarpalika,27.65,83.15,7.23,2.34,0.13,104.73,137.69,35.97,19.53,43.77,9.74,2.89,3.34,direct_overlay,False,0,direct_overlay,13.57308584686775,40.28076923076923,1.1241658469407827,97.604060324826,21.297388385686236,10.043000810184033,204.791879350348,214.14490298389256,459.69593803935464
Province 5,Kapilbastu,Buddhabhumi Nagarpalika,27.65,83.0,7.2,1.96,0.11,188.6,330.88,35.25,21.44,47.34,10.510000000000002,0.9,2.5,direct_overlay,False,0,direct_overlay,11.368909512761022,72.53846153846153,2.70145976785363,81.17401392111368,37.383383901481345,28.71069628088747,237.65197215777263,29.9602543280386,414.5201150002523
Province 5,Rupandehi,Sudhdhodhan Gaunpalika,27.65,83.4,7.2,1.81,0.1,73.34,74.94,36.51,20.3,42.94,11.78,3.25,3.34,direct_overlay,False,0,direct_overlay,10.498839907192576,28.20769230769231,0.6118453669093055,74.96171693735499,15.132732464751026,6.947349459505189,250.07656612529001,284.73021327860073,467.18741430799747
Province 5,Rupandehi,Devdaha Nagarpalika,27.65,83.6,6.24,1.68,0.09,50.05,103.37,43.53,13.17,45.12,11.36,4.34,3.34,direct_overlay,False,0,direct_overlay,9.74477958236659,19.25,0.8439612433602202,53.674245939675174,12.93744547563805,17.709368563279956,292.6515081206496,309.8662493039443,441.14332807686253
Province 5,Rupandehi,Kanchan Gaunpalika,27.65,83.3,6.87,1.53,0.09,59.94,82.14,38.83,18.64,44.44,11.7,3.47,3.34,direct_overlay,False,0,direct_overlay,8.874709976798144,23.053846153846152,0.6706295494786543,58.38671693735498,13.457549672050686,10.945228885938871,283.22656612529005,303.9110562550197,457.51254609602796
Province 5,Rupandehi,Sudhdhodhan Gaunpalika,27.65,83.35,7.02,1.75,0.09,65.89,58.16,34.8,20.67,44.65,11.78,3.25,3.34,direct_overlay,False,0,direct_overlay,10.150812064965198,25.342307692307692,0.4748455636435175,69.37064965197214,14.375779716223454,6.310959227772205,261.2587006960557,293.3973222492414,468.72747866879126
Province 5,Kapilbastu,Banganga Nagarpalika,27.7,83.2,7.27,2.02,0.13,99.81,178.68,34.86,21.23,43.16,9.81,2.71,3.34,direct_overlay,False,0,direct_overlay,11.7169373549884,38.38846153846154,1.4588274640960062,85.05324825986078,19.987965398001073,14.303092353268278,229.89350348027844,229.1377961928877,449.38651650509075
Province 5,Kapilbastu,Banganga Nagarpalika,27.7,83.15,7.35,1.96,0.15,97.83,211.47,32.55,24.2,43.38,9.81,2.71,3.34,direct_overlay,False,0,direct_overlay,11.368909512761022,37.62692307692308,1.7265404288805821,84.07308584686776,19.16660829020168,16.232165469929065,231.8538283062645,238.54233507719078,444.71815956277163
Province 5,Rupandehi,Sainamaina Nagarpalika,27.7,83.3,7.31,1.83,0.1,73.99,114.85,38.24,18.79,45.36,11.7,3.47,3.34,direct_overlay,False,0,direct_overlay,10.614849187935036,28.457692307692305,0.9376893566791263,77.77499999999999,14.756218398625737,9.658228620286316,244.45000000000002,289.0412993357353,460.6270867389071
Province 5,Rupandehi,Sainamaina Nagarpalika,27.7,83.35,7.23,1.92,0.1,59.48,86.23,38.23,14.69,45.44,11.7,3.47,3.34,direct_overlay,False,0,direct_overlay,11.1368909512761,22.876923076923074,0.7040222309659648,80.08538283062644,12.387797965375688,7.436523515319179,239.8292343387471,316.15971329644833,466.0036130929276
Province 5,Palpa,Mathagadhi Gaunpalika,27.75,83.6,6.32,3.45,0.17,90.22,262.48,46.46,14.85,39.36,7.35,3.47,3.34,direct_overlay,False,0,direct_overlay,20.011600928074248,34.699999999999996,2.143010033444816,112.94547563805106,23.995452436194892,23.346621453117038,174.10904872389787,183.2520696055685,427.5011760834567
Province 5,Dang,Gadhawa Gaunpalika,27.8,82.55,7.33,1.88,0.11,142.85,272.26,46.05,16.54,36.22,12.63,1.08,3.34,direct_overlay,False,0,direct_overlay,10.904872389791183,54.942307692307686,2.2228585481015144,80.2707656612529,27.91217414777797,22.01337156424096,239.4584686774942,138.40560600794223,430.7276408145368
Province 5,Dang,Gadhawa Gaunpalika,27.8,82.6,7.37,2.17,0.11,148.9,311.55,42.78,21.81,35.8,12.63,1.08,2.5,direct_overlay,False,0,direct_overlay,12.587006960556844,57.26923076923077,2.5436405665945307,93.5088747099768,28.905770982063178,21.565484640064984,212.9822505800464,127.02892225537661,431.8115271710427
Province 5,Dang,Gadhawa Gaunpalika,27.8,82.7,7.39,2.45,0.12,135.36,340.78,45.44,24.97,32.04,12.63,1.08,2.5,direct_overlay,False,0,direct_overlay,14.211136890951277,52.06153846153847,2.782288018886484,106.05771461716937,26.199633064875965,20.88123634976049,187.88457076566127,158.0142014071702,433.4674080335796
Province 5,Arghakhanchi,Sitganga Nagarpalika,27.8,82.95,6.24,2.8,0.1,47.08,207.55,73.13,11.77,15.74,9.45,3.62,3.34,direct_overlay,False,0,direct_overlay,16.241299303944313,18.107692307692307,1.6945357072594924,89.45707656612528,14.574588613242904,23.046348101273114,221.08584686774944,291.12096037836875,428.22783759491904
Province 5,Palpa,Tinau Gaunpalika,27.8,83.45,6.4,3.45,0.14,112.92,311.83,47.87,12.47,39.87,10.44,1.08,2.67,direct_overlay,False,0,direct_overlay,20.011600928074248,43.43076923076923,2.545926618138894,115.66705336426917,28.15912011422452,26.718281431706316,168.66589327146167,135.57807469212923,419.3417589352707
Province 5,Palpa,Tinau Gaunpalika,27.8,83.4,6.24,3.05,0.12,87.66,235.9,56.32,11.24,31.95,9.510000000000002,3.47,3.34,direct_overlay,False,0,direct_overlay,17.691415313225058,33.715384615384615,1.925998426126303,97.44431554524361,22.87135820096377,24.286853866950423,205.11136890951278,196.12294859896485,425.22581364198
Province 5,Palpa,Tinau Gaunpalika,27.8,83.5,6.55,2.91,0.12,112.95,269.63,42.62,14.42,42.94,10.44,1.08,3.34,direct_overlay,False,0,direct_overlay,16.879350348027845,43.44230769230769,2.2013859925240995,101.86687935034803,26.735375858914868,24.970036539805367,196.26624129930394,151.87994641542474,423.572511573671
Province 5,Palpa,Purbakhola Gaunpalika,27.8,83.7,6.43,3.33,0.14,101.33,255.44,38.68,17.0,44.38,9.510000000000002,3.47,3.34,direct_overlay,False,0,direct_overlay,19.31554524361949,38.973076923076924,2.0855321660436745,112.62894431554523,25.621976541584864,22.271221887356333,174.74211136890955,164.62836859885329,430.1036430325977
Province 5,Palpa,Nisdi Gaunpalika,27.8,83.85,6.31,2.8,0.14,67.9,193.83,38.86,16.06,46.2,9.510000000000002,3.47,3.34,direct_overlay,False,0,direct_overlay,16.241299303944313,26.115384615384617,1.5825191815856778,91.38979118329463,18.469009013028735,20.85624169654992,217.22041763341073,246.529846800821,433.5278950943492
Province 5,Palpa,Rainadevi chhahara Gaunpalika,27.8,83.25,5.97,3.12,0.11,55.6,256.46,74.54,10.63,17.62,9.45,3.62,3.34,direct_overlay,False,0,direct_overlay,18.097447795823665,21.384615384615383,2.093859925240999,91.37401392111367,17.023564072818132,28.967364606451955,217.25197215777266,263.0801913662324,413.8989776523863
Province 5,Dang,Lamahi Nagarpalika,27.85,82.55,7.7,2.02,0.1,97.56,253.68,37.17,32.71,30.58,11.78,3.25,3.34,direct_overlay,False,0,direct_overlay,11.7169373549884,37.52307692307692,2.0711626991933896,93.61832946635731,16.936625468499017,13.207636372884783,212.76334106728538,264.07563838568626,452.0375199776188
Province 5,Dang,Lamahi Nagarpalika,27.85,82.5,7.47,2.18,0.12,100.25,225.4,37.25,25.19,35.94,11.78,3.25,3.34,direct_overlay,False,0,direct_overlay,12.645011600928076,38.55769230769231,1.8402714932126696,96.08944315545244,18.922794239693022,14.165974058989079,207.8211136890951,241.33400595551487,449.7183427772464
Province 5,Dang,Lamahi Nagarpalika,27.85,82.6,7.67,1.93,0.1,131.79,270.06,50.15,33.26,22.24,12.63,1.08,3.34,direct_overlay,False,0,direct_overlay,11.194895591647331,50.68846153846153,2.204896714538658,88.87627610208816,23.798691471086915,15.15530217488546,222.2474477958237,185.5049826560548,447.32416873677715
Province 5,Dang,Rapti Gaunpalika,27.85,82.65,7.58,1.94,0.11,151.7,257.39,48.42,20.8,30.94,12.63,1.08,3.34,direct_overlay,False,0,direct_overlay,11.252900232018561,58.34615384615384,2.101452882156207,87.61508120649651,28.195537479921466,15.941612719199902,224.76983758700698,135.1610958548992,445.42129721953626
Province 5,Arghakhanchi,Sitganga Nagarpalika,27.85,82.8,6.44,2.46,0.1,62.96,247.73,70.88,14.41,15.25,9.74,2.89,3.34,direct_overlay,False,0,direct_overlay,14.269141531322507,24.215384615384615,2.022584103875664,83.44593967517403,16.618453328573978,28.072088830186736,233.10812064965194,267.71870938782797,416.06554503094804
Province 5,Arghakhanchi,Sitganga Nagarpalika,27.85,83.05,5.96,3.25,0.09,40.99,256.53,80.32,9.76,11.32,9.45,3.62,3.34,direct_overlay,False,0,direct_overlay,18.85150812064965,15.765384615384615,2.09443143812709,94.86078886310905,14.475441727645904,28.048906631295495,210.2784222737819,292.2561922184544,416.1216459522649
Province 5,Dang,Rapti Gaunpalika,27.85,82.7,7.28,2.13,0.11,143.95,300.62,47.51,26.49,22.52,12.63,1.08,2.5,direct_overlay,False,0,direct_overlay,12.354988399071924,55.365384615384606,2.454402911666339,89.89489559164733,28.464515973585574,22.823841878369322,220.21020881670535,132.0812921024452,428.76630265434625
Province 5,Arghakhanchi,Sitganga Nagarpalika,27.85,83.15,5.85,3.37,0.09,32.17,265.46,82.24,8.75,10.05,9.45,3.62,3.34,direct_overlay,False,0,direct_overlay,19.54756380510441,12.373076923076923,2.167340153452685,94.70794663573085,12.951217260842405,29.314080836828516,210.5841067285383,309.7085623633545,413.059924374875
Province 5,Palpa,Tansen Nagarpalika,27.85,83.55,6.56,2.74,0.13,104.8,265.06,42.15,13.99,43.5,9.510000000000002,3.47,3.34,direct_overlay,False,0,direct_overlay,15.893271461716939,40.30769230769231,2.1640743655321657,96.18607888631091,24.84426842762806,25.75023680085477,207.62784222737818,173.5331265036587,421.68442694193146
Province 5,Banke,Narainapur Gaunpalika,27.9,81.85,7.61,1.36,0.07,267.04,136.19,50.33,18.8,34.59,10.44,1.08,3.34,direct_overlay,False,0,direct_overlay,7.888631090487239,102.70769230769231,1.1119191422388353,61.8232018561485,50.53644592182759,10.875090866175272,276.353596287703,0.0,457.6822801038558
Province 5,Dang,Lamahi Nagarpalika,27.9,82.4,7.55,1.7,0.09,122.24,285.02,42.58,25.59,23.24,12.63,1.08,2.5,direct_overlay,False,0,direct_overlay,9.860788863109049,47.01538461538461,2.3270371827660825,76.27320185614849,22.813122992147065,20.328683048508047,247.45359628770302,196.78974173991608,434.8045870226105
Province 5,Arghakhanchi,Sandhikharka Nagarpalika,27.9,83.15,6.31,3.43,0.13,125.59,378.11,56.32,12.36,30.63,10.44,1.08,2.67,direct_overlay,False,0,direct_overlay,19.895591647331788,48.30384615384615,3.087067676568955,111.95249419953595,30.780786040960198,33.96296181871519,176.0950116009281,105.55999983100573,401.8096323987092
Province 5,Arghakhanchi,Panini Gaunpalika,27.9,83.3,6.54,3.17,0.13,126.06,307.77,45.79,12.43,40.76,10.44,1.08,2.67,direct_overlay,False,0,direct_overlay,18.387470997679813,48.48461538461538,2.5127788707456222,110.65580046403711,29.739609896484023,26.551942946414055,178.68839907192577,117.48146668525793,419.744298069678
Province 5,Palpa,Bagnaskali Gaunpalika,27.9,83.55,6.54,3.27,0.12,109.9,280.16,41.88,14.44,43.66,9.510000000000002,3.47,2.67,direct_overlay,False,0,direct_overlay,18.96751740139211,42.26923076923077,2.2873578595317725,114.14651972157772,26.80533406210958,23.508345099070013,171.70696055684456,151.0789249888453,427.1098048602505
Province 5,Palpa,Rambha Gaunpalika,27.9,83.65,6.63,2.8,0.13,83.54,233.79,37.73,16.35,46.86,9.510000000000002,3.47,3.34,direct_overlay,False,0,direct_overlay,16.241299303944313,32.13076923076923,1.9087713948455634,100.22505800464035,20.621759325361413,21.48020777860484,199.5498839907193,221.8808557246118,432.0178971757763
Province 5,Arghakhanchi,Panini Gaunpalika,27.9,83.25,6.43,2.8,0.11,103.07,314.03,47.53,12.61,39.94,9.510000000000002,3.47,2.67,direct_overlay,False,0,direct_overlay,16.241299303944313,39.64230769230769,2.56388845170175,94.70301624129928,24.980080760306976,31.938346271359258,210.59396751740144,171.97807529448514,406.7092020233106
Province 5,Banke,Duduwa Gaunpalika,27.95,81.75,7.85,1.72,0.1,153.43,306.83,44.18,21.24,37.68,10.44,1.08,2.5,direct_overlay,False,0,direct_overlay,9.976798143851509,59.011538461538464,2.505104269132402,82.25870069605568,27.0221700428342,14.831043131814068,235.48259860788863,148.5961530095484,448.10887562101
Province 5,Banke,Narainapur Gaunpalika,27.95,81.8,7.69,1.69,0.09,174.9,293.2,46.34,21.29,35.12,10.44,1.08,2.5,direct_overlay,False,0,direct_overlay,9.80278422273782,67.26923076923077,2.393822545740704,78.15759860788864,32.165986759325364,17.91633377518567,243.6848027842227,89.69945160572459,440.64247226405064
Province 5,Dang,Banglachuli Gaunpalika,27.95,82.75,6.49,2.51,0.1,134.61,343.51,51.71,17.23,27.06,12.63,1.08,2.67,direct_overlay,False,0,direct_overlay,14.559164733178653,51.77307692307693,2.804577021444029,86.37952436194894,30.37050641397466,37.324419993043655,227.24095127610212,110.25770155999015,393.67490361683434
Province 5,Arghakhanchi,Bhumekasthan Nagarpalika,27.95,83.1,6.39,2.97,0.11,143.11,400.36,52.07,13.2,34.09,10.44,1.08,2.67,direct_overlay,False,0,direct_overlay,17.227378190255223,55.042307692307695,3.2687271296478455,99.28138051044083,33.09218647376406,39.40106221715217,201.43723897911835,79.09446487540153,388.6494294344917
Province 5,Arghakhanchi,Bhumekasthan Nagarpalika,27.95,83.05,6.53,2.64,0.1,142.08,464.01,50.8,12.75,36.72,10.44,1.08,2.67,direct_overlay,False,0,direct_overlay,15.31322505800464,54.64615384615385,3.7883956325004915,91.89466357308585,31.929945832589684,47.28922492924421,216.2106728538283,92.4021202168481,369.560075671229
Province 5,Arghakhanchi,Sandhikharka Nagarpalika,27.95,83.15,6.54,2.78,0.11,121.23,309.54,47.37,12.76,38.3,10.44,1.08,2.67,direct_overlay,False,0,direct_overlay,16.125290023201856,46.62692307692308,2.527229982293921,97.04199535962877,28.134439496698196,29.997229167382496,205.91600928074246,135.86066776280566,411.4067054149343
Province 5,Arghakhanchi,Sandhikharka Nagarpalika,27.95,83.2,6.49,2.52,0.11,129.48,271.84,45.6,14.16,39.8,10.44,1.08,3.34,direct_overlay,False,0,direct_overlay,14.617169373549885,49.8,2.219429470784969,86.72366589327146,29.401832366589325,29.43530227856286,226.55266821345708,121.34901940255223,412.7665684858779
Province 5,Arghakhanchi,Chhatradev Gaunpalika,27.95,83.25,6.8,2.8,0.11,130.69,286.83,41.08,12.9,45.83,10.44,1.08,2.67,direct_overlay,False,0,direct_overlay,16.241299303944313,50.26538461538461,2.3418148731064328,104.91879350348026,28.998121542031054,23.95766207100088,190.16241299303948,125.97150834374442,426.02245778817786
Province 5,Banke,Duduwa Gaunpalika,28.0,81.65,7.57,1.32,0.07,207.76,216.97,50.83,18.19,34.14,10.44,1.08,3.34,direct_overlay,False,0,direct_overlay,7.65661252900232,79.9076923076923,1.7714450127877235,59.484222737819024,39.330923300017844,18.52944427128659,281.0315545243619,7.660928214795689,439.15874486348645
Province 5,Banke,Duduwa Gaunpalika,28.0,81.7,7.76,1.57,0.09,138.85,257.76,46.87,21.38,35.0,10.44,1.08,3.34,direct_overlay,False,0,direct_overlay,9.106728538283063,53.40384615384615,2.1044737359826873,73.69164733178654,24.952702659289667,15.273656920111907,252.61670533642692,172.29155455113332,447.0377502533292
Province 5,Dang,Tulsipur Upamahanagarpalika,28.0,82.3,6.92,2.15,0.12,166.97,480.15,47.12,20.13,32.55,12.63,1.08,2.5,direct_overlay,False,0,direct_overlay,12.470997679814385,64.21923076923076,3.9201701750934483,83.10672853828305,34.62726039621631,46.83845049276489,233.7865429234339,61.51786846332328,370.650949807509
Province 5,Dang,Ghorahi Upamahanagarpalika,28.0,82.45,6.57,1.92,0.09,136.78,324.57,44.3,22.69,33.99,12.63,1.08,2.5,direct_overlay,False,0,direct_overlay,11.1368909512761,52.607692307692304,2.649941963407436,67.58979118329465,29.568542209530605,42.53765386764197,264.82041763341067,119.44019170087458,381.0588776403064
Province 5,Pyuthan,Ayirabati Gaunpalika,28.0,82.9,6.6,2.5,0.1,176.0,540.12,47.98,14.45,35.49,10.44,1.08,0.83,direct_overlay,False,0,direct_overlay,14.501160092807426,67.6923076923077,4.409793429077316,88.74709976798144,38.00798679278958,55.66794880640377,222.50580046403712,22.808551222559302,349.28356388850284
Province 5,Arghakhanchi,Bhumekasthan Nagarpalika,28.0,83.0,6.5,2.51,0.09,175.36,501.32,50.7,12.79,35.45,10.44,1.08,0.83,direct_overlay,False,0,direct_overlay,14.559164733178653,67.44615384615385,4.093012000786936,86.62703016241299,38.18182112261289,54.2004200734056,226.74593967517401,20.818148146082432,352.8349834223584
Province 5,Dang,Ghorahi Upamahanagarpalika,28.0,82.4,6.65,1.98,0.1,140.85,421.64,47.27,21.77,32.65,12.63,1.08,2.5,direct_overlay,False,0,direct_overlay,11.48491879350348,54.17307692307692,3.4424670470194765,71.2639211136891,30.257093855970012,51.62405679783673,257.4721577726218,111.55627534914336,359.06978254923513
Province 5,Gulmi,Ruru Gaunpalika,28.0,83.4,6.61,3.42,0.16,147.33,233.36,46.09,12.12,42.16,8.28,1.08,3.34,direct_overlay,False,0,direct_overlay,19.837587006960558,56.66538461538462,1.9052606728310053,121.74327146171694,33.98407368820275,18.137271140369382,156.5134570765661,68.88235627007853,440.1078038403061
Province 5,Banke,Janki Gaunpalika,28.05,81.55,7.26,1.44,0.07,145.1,301.56,39.28,20.74,39.11,10.44,1.08,2.5,direct_overlay,False,0,direct_overlay,8.352668213457076,55.80769230769231,2.462077513279559,60.49002320185613,28.506658218811353,32.077832915580885,279.01995359628773,131.59876339461002,406.3716443442943
Province 5,Banke,Nepalgunj Upamahanagarpalika,28.05,81.6,7.61,1.14,0.06,190.11,226.31,36.89,21.07,40.23,10.44,1.08,3.34,direct_overlay,False,0,direct_overlay,6.612529002320185,73.11923076923077,1.8477011607318512,51.8223897911833,35.87444166071747,20.681636657284205,296.3552204176334,47.23764298478494,433.95043928937224
Province 5,Banke,Nepalgunj Upamahanagarpalika,28.05,81.65,7.64,1.47,0.08,190.05,272.94,37.61,25.09,38.08,10.44,1.08,3.34,direct_overlay,False,0,direct_overlay,8.526682134570766,73.09615384615385,2.2284103875663974,67.25846867749419,35.51907692307693,19.81011138638591,265.4830626450116,51.30656923076915,436.0595304449461
Province 5,Banke,Duduwa Gaunpalika,28.05,81.7,7.81,1.55,0.09,159.68,265.57,35.93,26.71,38.49,10.44,1.08,3.34,direct_overlay,False,0,direct_overlay,8.990719257540604,61.41538461538462,2.1682382451308277,73.51711136890951,28.699907359896486,14.824976933428124,252.96577726218098,129.38606072918523,448.1235558211039
Province 5,Banke,Rapti sonari Gaunpalika,28.05,81.75,7.71,1.67,0.1,110.37,228.53,39.81,21.35,38.47,9.6,3.25,3.34,direct_overlay,False,0,direct_overlay,9.68677494199536,42.45,1.8658262836907338,77.56200696055684,19.658478973317866,13.75246652957804,244.8759860788863,232.91041575551043,450.71903099842115
Province 5,Banke,Rapti sonari Gaunpalika,28.05,81.85,7.78,1.56,0.09,94.66,181.46,38.59,22.09,39.63,9.6,3.25,3.34,direct_overlay,False,0,direct_overlay,9.048723897911833,36.40769230769231,1.4815246901436159,73.52993039443155,16.35365357844012,10.51570772747865,252.9401392111369,270.7506665268606,458.55198729950166
Province 5,Dang,Dangisharan Gaunpalika,28.05,82.2,7.03,2.32,0.12,179.56,460.58,45.75,19.65,32.86,12.63,1.08,2.67,direct_overlay,False,0,direct_overlay,13.45707656612529,69.06153846153846,3.7603915010820375,92.19443155452436,36.74233883633767,39.17249660211353,215.6111368909513,37.300220323933644,389.2025582228852
Province 5,Dang,Tulsipur Upamahanagarpalika,28.05,82.25,6.95,2.24,0.13,175.11,476.76,45.84,19.82,33.93,12.63,1.08,2.67,direct_overlay,False,0,direct_overlay,12.993039443155453,67.35000000000001,3.892492622467046,87.24825986078886,36.170475638051045,44.059296788192285,225.50348027842227,43.84805394431554,377.37650177257467
Province 5,Dang,Ghorahi Upamahanagarpalika,28.05,82.45,6.71,1.73,0.09,214.28,685.58,43.8,19.89,37.47,12.63,1.08,0.83,direct_overlay,False,0,direct_overlay,10.034802784222737,82.41538461538461,5.597397206374188,63.2895011600928,43.83462806755309,90.82629026702325,273.4209976798144,0.0,264.2003775538037
Province 5,Dang,Ghorahi Upamahanagarpalika,28.05,82.4,6.54,1.65,0.09,181.33,899.84,46.18,20.49,36.0,12.63,1.08,0.83,direct_overlay,False,0,direct_overlay,9.5707656612529,69.74230769230769,7.3467165060003925,57.59686774941994,37.73252565589863,135.66973954768585,284.8062645011601,25.962581239960723,155.67923029460025
Province 5,Dang,Ghorahi Upamahanagarpalika,28.05,82.5,6.61,1.72,0.08,175.85,621.27,48.02,17.31,35.26,12.63,1.08,0.83,direct_overlay,False,0,direct_overlay,9.976798143851509,67.63461538461539,5.072340153452685,61.227610208816714,36.65952288952347,87.31778456468768,277.5447795823666,38.24846291495624,272.6909613534558
Province 5,Dang,Tulsipur Upamahanagarpalika,28.05,82.3,6.75,2.14,0.12,155.83,488.18,42.52,25.17,34.83,12.63,1.08,2.5,direct_overlay,False,0,direct_overlay,12.412993039443156,59.934615384615384,3.985730867597875,79.13283062645013,33.08995125379261,52.95468569465732,241.73433874709974,79.12005814407459,355.8496606189293
Province 5,Dang,Ghorahi Upamahanagarpalika,28.05,82.35,6.51,1.95,0.1,144.04,595.57,42.82,22.79,36.51,12.63,1.08,0.83,direct_overlay,False,0,direct_overlay,11.310904872389791,55.4,4.862513279559315,67.49216937354988,31.143972592807422,79.44621420602395,265.01566125290026,101.40151381235502,291.74016162142203
Province 5,Gulmi,Satyawati Gaunpalika,28.05,83.45,6.61,3.4,0.23,181.07,254.17,45.33,11.43,42.72,8.28,1.08,3.34,direct_overlay,False,0,direct_overlay,19.721577726218097,69.64230769230768,2.0751632893960257,121.03132250580047,40.43948621274317,19.859107893669034,157.93735498839905,0.0,435.9409588973209
Province 5,Bardiya,Badhaiyatal Gaunpalika,28.1,81.5,7.17,1.65,0.09,168.97,298.29,35.98,20.92,42.85,10.44,1.08,2.5,direct_overlay,False,0,direct_overlay,9.5707656612529,64.98846153846154,2.435379697029313,67.8471577726218,33.55125005577369,30.517711306768216,264.3056844547564,73.83818686139122,410.1471386376209
Province 5,Banke,Janki Gaunpalika,28.1,81.6,6.86,1.75,0.09,76.98,182.89,24.58,27.85,43.8,9.6,3.25,3.34,direct_overlay,False,0,direct_overlay,10.150812064965198,29.607692307692307,1.4931998819594723,66.60962877030163,17.042810771015525,21.99090331418341,266.7807424593967,262.85981667187224,430.78201397967615
Province 5,Banke,Nepalgunj Upamahanagarpalika,28.1,81.65,6.72,2.18,0.12,148.19,192.37,33.25,29.5,35.57,10.44,1.08,3.34,direct_overlay,False,0,direct_overlay,12.645011600928076,56.996153846153845,1.5705990556757818,79.96705336426915,31.776675530965555,20.893570028322276,240.0658932714617,94.1570651704444,433.43756053146006
Province 5,Arghakhanchi,Malarani Gaunpalika,28.05,83.15,6.31,3.14,0.14,167.01,305.73,48.37,10.38,41.57,10.44,1.08,2.67,direct_overlay,False,0,direct_overlay,18.213457076566126,64.23461538461538,2.4961233523509736,102.48712296983757,38.185712854720684,29.722036975533744,195.02575406032486,20.773587813448167,412.0726705192083
Province 5,Banke,Rapti sonari Gaunpalika,28.1,81.8,7.36,2.06,0.11,146.54,271.64,39.64,20.28,37.23,10.44,1.08,3.34,direct_overlay,False,0,direct_overlay,11.948955916473318,56.36153846153846,2.2177965768247097,88.56566125290024,28.495265750490805,19.823397672495027,222.86867749419952,131.72920715688028,436.02737763256204
Province 5,Dang,Tulsipur Upamahanagarpalika,28.1,82.25,6.67,2.23,0.12,197.99,536.09,45.88,19.78,36.82,12.63,1.08,0.83,direct_overlay,False,0,direct_overlay,12.935034802784223,76.15,4.376890615778084,80.70168213457076,41.58611818445476,58.71562097767917,238.59663573085848,0.0,341.90819723401637
Province 5,Dang,Dangisharan Gaunpalika,28.1,82.2,6.85,2.27,0.13,195.36,492.69,41.99,21.8,35.69,12.63,1.08,2.5,direct_overlay,False,0,direct_overlay,13.16705336426914,75.13846153846154,4.022552626401731,86.17836426914151,40.51289013698019,47.920902927642004,227.64327146171698,0.0,368.0314149151063
Province 5,Dang,Tulsipur Upamahanagarpalika,28.1,82.35,6.58,2.0,0.11,221.36,666.27,44.95,19.18,37.27,12.63,1.08,0.83,direct_overlay,False,0,direct_overlay,11.600928074245939,85.13846153846154,5.439741294511115,70.60324825986079,45.94660895948599,83.951785080825,258.79350348027845,0.0,280.83668010440346
Province 5,Dang,Ghorahi Upamahanagarpalika,28.1,82.45,6.58,2.02,0.09,197.93,618.68,45.96,17.01,38.84,12.63,1.08,0.83,direct_overlay,False,0,direct_overlay,11.7169373549884,76.12692307692308,5.051194176667321,71.3092807424594,41.474613510619314,77.30653236685298,257.3814385150812,0.0,296.9181916722158
Province 5,Dang,Ghorahi Upamahanagarpalika,28.1,82.4,6.59,2.12,0.09,191.31,676.3,42.86,20.59,38.33,12.63,1.08,0.83,direct_overlay,False,0,direct_overlay,12.296983758700698,73.58076923076923,5.521630926618139,75.04849187935035,40.34522742280921,80.70777335052053,249.9030162412993,0.0,288.6871884917403
Province 5,Dang,Ghorahi Upamahanagarpalika,28.1,82.55,6.75,2.22,0.09,203.47,628.35,42.04,16.6,41.77,12.63,1.08,0.83,direct_overlay,False,0,direct_overlay,12.877030162412995,78.25769230769231,5.130144599645877,82.09106728538283,42.368224054078176,66.06473560325936,235.81786542923433,0.0,324.12333984011235
Province 5,Pyuthan,Pyuthan Nagarpalika,28.1,82.85,6.82,2.29,0.11,179.53,520.48,47.61,15.71,36.69,10.44,1.08,0.83,direct_overlay,False,0,direct_overlay,13.2830626450116,69.05,4.249443242179814,86.26020881670534,37.61105394431554,51.15864764814296,227.4795823665893,27.35343233758703,360.196072691494
Province 5,Pyuthan,Pyuthan Nagarpalika,28.1,82.95,6.55,2.81,0.14,182.92,442.8,47.51,14.09,39.64,10.44,1.08,2.67,direct_overlay,False,0,direct_overlay,16.299303944315547,70.35384615384615,3.6152272280149518,98.36629930394432,40.018835054881315,42.29128991280068,203.26740139211137,0.0,381.6550784110224
Province 5,Gulmi,Dhurkot Gaunpalika,28.1,83.15,6.34,3.56,0.17,177.16,218.48,54.35,6.81,38.54,8.28,1.08,3.34,direct_overlay,False,0,direct_overlay,20.649651972157773,68.13846153846154,1.783773362187684,117.24872389791183,40.87886650008924,18.717556912333702,165.50255220417634,0.0,438.70351227215247
Province 5,Gulmi,Resunga Nagarpalika,28.1,83.3,6.45,3.08,0.15,183.39,251.26,41.4,11.22,48.28,10.44,1.08,3.34,direct_overlay,False,0,direct_overlay,17.865429234338748,70.53461538461538,2.051404682274247,104.78074245939676,40.887101775834374,23.261275757487304,190.43851508120648,0.0,427.7077126668807
Province 5,Gulmi,Chandrakot Gaunpalika,28.1,83.35,6.71,2.83,0.12,167.11,273.86,35.92,13.32,50.23,10.44,1.08,3.34,direct_overlay,False,0,direct_overlay,16.415313225058007,64.27307692307693,2.2359216997835922,103.53138051044084,36.43378019587721,23.860449991922575,192.93723897911832,40.833216757205925,426.2577110195474
Province 5,Gulmi,Chandrakot Gaunpalika,28.1,83.5,6.71,3.7,0.16,152.54,286.33,39.28,13.24,49.35,8.28,1.08,2.67,direct_overlay,False,0,direct_overlay,21.461716937354993,58.669230769230765,2.3377326382057837,135.35904872389793,34.95291729876851,19.631406912478276,129.28190255220414,57.789096929100545,436.4919952718026
Province 5,Bardiya,Gulariya Nagarpalika,28.15,81.35,7.9,1.29,0.1,107.58,285.42,38.18,21.48,40.57,9.6,3.25,2.5,direct_overlay,False,0,direct_overlay,7.482598607888631,41.37692307692308,2.330302970686602,62.3300464037123,18.580239380688916,16.00787218009177,275.3399071925754,245.2562590911119,445.2609493241779
Province 5,Bardiya,Badhaiyatal Gaunpalika,28.15,81.5,6.82,1.66,0.09,127.79,300.56,32.35,20.8,45.28,10.44,1.08,2.5,direct_overlay,False,0,direct_overlay,9.62877030162413,49.15,2.4539130434782606,62.5292343387471,26.812052204176332,38.651932924118725,274.9415313225058,151.00200226218098,390.46232232363263
Province 5,Banke,Khajura Gaunpalika,28.15,81.55,6.87,1.73,0.09,79.16,218.61,28.03,26.56,44.89,9.6,3.25,3.34,direct_overlay,False,0,direct_overlay,10.034802784222737,30.446153846153845,1.784834743261853,66.01896751740139,17.406073007763695,26.37290886915026,267.9620649651972,258.7004640611057,420.17756053665636
Province 5,Banke,Baijanath Gaunpalika,28.15,81.6,6.55,1.62,0.09,65.0,134.45,34.76,20.4,44.41,9.6,3.25,3.34,direct_overlay,False,0,direct_overlay,9.396751740139212,25.0,1.0977129647845758,56.70939675174014,15.291422563805105,20.469777263217136,286.5812064965197,282.9132116444315,434.4631390230145
Province 5,Rolpa,Runtigadi Gaunpalika,28.15,82.5,6.68,2.34,0.1,152.82,552.6,42.27,18.08,41.66,10.44,1.08,0.83,direct_overlay,False,0,direct_overlay,13.57308584686775,58.77692307692307,4.511686012197521,84.91322505800464,33.04070747813671,57.76165728232379,230.17354988399072,79.68389937533468,344.2167893767764
Province 5,Rolpa,Runtigadi Gaunpalika,28.15,82.45,6.87,2.48,0.11,163.57,498.12,42.07,15.69,46.2,10.44,1.08,2.67,direct_overlay,False,0,direct_overlay,14.385150812064966,62.911538461538456,4.066885697422781,94.63990719257541,34.58515090130287,44.35127614111184,210.72018561484919,62.00002218008217,376.6699117385093
Province 5,Dang,Tulsipur Upamahanagarpalika,28.15,82.3,6.63,2.47,0.12,221.6,578.4,46.31,17.54,37.26,12.63,1.08,0.83,direct_overlay,False,0,direct_overlay,14.327146171693737,85.23076923076923,4.722329333071021,88.41281902552204,46.634758020257,59.288975349719585,223.17436194895592,0.0,340.5206796536786
Province 5,Pyuthan,Sworgadwary Nagarpalika,28.15,82.75,6.81,1.95,0.09,195.79,576.11,39.07,17.68,42.4,10.44,1.08,0.83,direct_overlay,False,0,direct_overlay,11.310904872389791,75.30384615384615,4.703632697226047,73.26073085846868,40.312049962073885,65.26486370763841,253.47853828306265,0.0,326.059029827515
Province 5,Pyuthan,Pyuthan Nagarpalika,28.15,82.85,6.57,2.31,0.11,193.17,552.31,45.08,16.07,39.75,10.44,1.08,0.83,direct_overlay,False,0,direct_overlay,13.399071925754061,74.29615384615384,4.509318315955143,81.31896751740139,41.07591436507228,61.90257042265807,237.36206496519722,0.0,334.19577957716746
Province 5,Gulmi,Dhurkot Gaunpalika,28.15,83.15,6.08,2.72,0.13,157.7,274.46,49.25,10.12,42.77,10.44,1.08,3.34,direct_overlay,False,0,direct_overlay,15.777262180974478,60.653846153846146,2.240820381664371,82.60974477958237,35.83129430662145,33.474942344365104,234.78051044083526,47.73168018918438,402.9906395266364
Province 5,Dang,Tulsipur Upamahanagarpalika,28.15,82.25,6.73,2.66,0.14,249.66,585.96,43.94,20.04,36.74,12.63,1.08,0.83,direct_overlay,False,0,direct_overlay,15.4292343387471,96.02307692307691,4.784052724768838,97.83677494199537,51.97287865875423,53.30232659769829,204.32645011600925,0.0,355.00836963357017
Province 5,Gulmi,Musikot Nagarpalika,28.15,83.3,6.53,2.4,0.1,149.15,219.4,30.87,13.76,54.53,10.44,1.08,3.34,direct_overlay,False,0,direct_overlay,13.921113689095128,57.36538461538461,1.791284674404879,83.54060324825987,32.870754952703905,24.288183942781064,232.91879350348026,81.6298557915403,425.2225948584698
Province 5,Gulmi,Chandrakot Gaunpalika,28.15,83.4,6.26,2.88,0.14,130.71,267.07,38.34,13.55,45.59,10.44,1.08,3.34,direct_overlay,False,0,direct_overlay,16.70533642691415,50.27307692307692,2.1804849498327754,92.58097447795822,30.785782081028017,28.672397030326273,214.83805104408356,105.5027951722292,414.6127991866104
Province 5,Bardiya,Gulariya Nagarpalika,28.2,81.35,7.8,1.68,0.12,144.47,342.97,33.36,22.9,41.32,10.44,1.08,2.5,direct_overlay,False,0,direct_overlay,9.74477958236659,55.565384615384616,2.800168207751328,79.51740139211138,25.66807513831876,18.199283676832724,240.96519721577724,164.1005396662502,439.9577335020648
Province 5,Bardiya,Gulariya Nagarpalika,28.2,81.4,7.17,1.65,0.1,174.17,346.47,33.61,25.24,43.99,10.44,1.08,2.5,direct_overlay,False,0,direct_overlay,9.5707656612529,66.98846153846154,2.8287438520558723,67.8471577726218,34.55125005577369,35.446952416963306,264.3056844547564,62.38818686139122,398.21837515094876
Province 5,Bardiya,Badhaiyatal Gaunpalika,28.2,81.45,6.99,1.56,0.08,166.24,285.46,39.19,21.83,39.61,10.44,1.08,2.5,direct_overlay,False,0,direct_overlay,9.048723897911833,63.93846153846154,2.3306295494786538,61.37749419953597,33.58426963233982,34.6934358896661,277.2450116009281,73.46011270970908,400.04188514700803
Province 5,Banke,Baijanath Gaunpalika,28.2,81.55,6.92,1.45,0.08,81.33,185.24,33.83,20.76,45.16,9.6,3.25,3.34,direct_overlay,False,0,direct_overlay,8.410672853828306,31.28076923076923,1.5123863859925242,56.04872389791183,17.338331251115473,24.97041777508034,287.90255220417635,259.4761071747278,423.57158898430555
Province 5,Bardiya,Badhaiyatal Gaunpalika,28.2,81.5,6.82,1.48,0.08,128.52,237.37,35.98,21.1,42.74,10.44,1.08,3.34,direct_overlay,False,0,direct_overlay,8.584686774941995,49.430769230769236,1.938000196734212,55.74895591647332,26.70986489380689,33.47488507755982,288.50208816705333,152.17204696591108,402.99077811230524
Province 5,Banke,Baijanath Gaunpalika,28.2,81.6,6.83,1.62,0.09,73.74,189.66,32.87,21.02,45.6,9.6,3.25,3.34,direct_overlay,False,0,direct_overlay,9.396751740139212,28.36153846153846,1.5484733425142632,61.182250580046414,16.33678344190612,24.729191429808974,277.6354988399072,270.9438295901749,424.15535673986227
Province 5,Banke,Kohalpur Nagarpalika,28.2,81.65,6.59,1.82,0.1,67.91,163.95,32.74,19.57,46.65,9.510000000000002,3.47,3.34,direct_overlay,False,0,direct_overlay,10.556844547563806,26.119230769230768,1.33856482392288,64.4284222737819,16.111414398536496,22.229573304449335,271.1431554524362,273.5243051367571,430.2044326032326
Province 5,Banke,Kohalpur Nagarpalika,28.2,81.7,7.34,2.29,0.13,142.02,254.17,35.63,23.75,36.12,10.44,1.08,3.34,direct_overlay,False,0,direct_overlay,13.2830626450116,54.62307692307692,2.0751632893960257,98.00243619489558,27.786673612350526,17.24995657438585,203.99512761020884,139.84258713858648,442.2551050899862
Province 5,Dang,Babai Gaunpalika,28.2,82.15,6.8,3.03,0.15,253.93,565.27,47.87,15.88,36.21,12.63,1.08,0.83,direct_overlay,False,0,direct_overlay,17.575406032482597,97.66538461538461,4.615129844579971,113.53712296983758,53.01563894342316,44.03288804119726,172.92575406032483,0.0,377.4404109403026
Province 5,Dang,Babai Gaunpalika,28.2,82.1,6.77,2.87,0.15,172.64,458.32,48.17,19.49,35.12,12.63,1.08,2.67,direct_overlay,False,0,direct_overlay,16.647331786542924,66.39999999999999,3.741939799331103,106.69274941995359,37.29928059744779,38.11875910342577,186.61450116009283,30.9232371592228,391.75260296970964
Province 5,Dang,Tulsipur Upamahanagarpalika,28.2,82.25,6.68,3.28,0.14,215.92,550.92,44.89,16.56,37.72,12.63,1.08,0.83,direct_overlay,False,0,direct_overlay,19.02552204176334,83.04615384615384,4.497969702931338,119.02366589327146,46.6424643940746,42.808752661652505,161.9526682134571,0.0,380.4028185588009
Province 5,Rolpa,Runtigadi Gaunpalika,28.2,82.5,6.99,2.48,0.12,165.64,523.7,44.93,19.05,37.47,10.44,1.08,0.83,direct_overlay,False,0,direct_overlay,14.385150812064966,63.7076923076923,4.275732834939996,97.57447795823667,34.42134383366053,43.19605225562398,204.85104408352666,63.87561310458694,379.46555354138997
Province 5,Gulmi,Isma Gaunpalika,28.2,83.2,6.03,3.49,0.16,140.6,240.64,56.39,6.89,37.04,8.28,1.08,3.34,direct_overlay,False,0,direct_overlay,20.24361948955917,54.07692307692307,1.9646980129844576,104.27488399071929,34.12053998973764,24.000901528290353,191.45023201856142,67.31981711750406,425.91781830153735
Province 5,Bardiya,Gulariya Nagarpalika,28.25,81.3,7.42,1.49,0.09,105.64,205.88,35.18,22.63,41.17,9.6,3.25,3.34,direct_overlay,False,0,direct_overlay,8.642691415313225,40.63076923076923,1.6809010426913236,64.94118329466356,20.29058009102267,18.56509235619782,270.11763341067285,225.67285795779043,439.07247649800127
Province 5,Bardiya,Gulariya Nagarpalika,28.25,81.35,7.71,1.58,0.09,93.86,224.08,32.1,22.03,42.97,9.6,3.25,3.34,direct_overlay,False,0,direct_overlay,9.164733178654293,36.1,1.8294943930749556,73.38201856148493,16.567902262180976,14.102887613721787,253.23596287703015,268.2975190980278,449.8710119747933
Province 5,Bardiya,Bansagadhi Nagarpalika,28.25,81.45,6.88,1.51,0.09,105.64,230.19,35.69,20.8,42.55,9.6,3.25,3.34,direct_overlay,False,0,direct_overlay,8.758700696055685,40.63076923076923,1.879379303560889,57.7723897911833,22.19395074067464,30.806907320865903,284.4552204176334,203.87926401927535,409.44728428350453
Province 5,Bardiya,Bansagadhi Nagarpalika,28.25,81.5,6.73,1.71,0.09,110.62,188.05,34.28,24.39,42.16,9.6,3.25,3.34,direct_overlay,False,0,direct_overlay,9.918793503480279,42.54615384615385,1.5353285461341726,62.89506960556845,23.81965276414421,24.870073001154598,274.2098607888631,185.2649758505488,423.8144233372059
Province 5,Bardiya,Bansagadhi Nagarpalika,28.25,81.55,6.74,1.56,0.09,100.01,227.53,38.19,20.22,41.52,9.6,3.25,3.34,direct_overlay,False,0,direct_overlay,9.048723897911833,38.465384615384615,1.8576618138894352,57.531786542923435,21.532606460824557,32.23119729057569,284.9364269141531,211.4516560235588,406.0005025568068
Province 5,Bardiya,Bansagadhi Nagarpalika,28.25,81.6,7.17,1.78,0.1,106.94,240.93,34.65,20.53,45.26,9.6,3.25,3.34,direct_overlay,False,0,direct_overlay,10.324825986078887,41.130769230769225,1.9670657092268344,73.19269141531322,21.705684209352132,23.16788733306138,253.61461716937356,209.46991580291808,427.93371265399145
Province 5,Banke,Baijanath Gaunpalika,28.25,81.65,7.47,2.0,0.13,112.14,227.49,36.82,18.92,43.51,10.44,1.08,3.34,direct_overlay,False,0,direct_overlay,11.600928074245939,43.13076923076923,1.857335235097383,88.15545243619488,21.23873148313404,15.377225492666563,223.68909512761024,214.81652451811524,446.78711430774695
Karnali,Salyan,Kapurkot Gaunpalika,28.25,82.35,6.46,3.59,0.17,184.96,499.18,46.53,20.26,29.5,7.74,1.08,2.5,direct_overlay,False,0,direct_overlay,20.82366589327146,71.13846153846154,4.075540035412158,122.48480278422272,42.08641348384794,40.08476783640903,155.03039443155456,0.0,386.99486183589016
Karnali,Salyan,Kapurkot Gaunpalika,28.25,82.4,6.65,3.13,0.13,185.36,573.94,41.94,19.91,39.62,10.44,1.08,0.83,direct_overlay,False,0,direct_overlay,18.155452436194896,71.2923076923077,4.68591579775723,112.65458236658932,40.6581934343209,47.26820116821717,174.69083526682135,0.0,369.61095317291444
Province 5,Bardiya,Madhuwan Nagarpalika,28.3,81.25,6.31,1.71,0.09,130.63,212.85,34.82,24.64,42.77,10.44,1.08,3.34,direct_overlay,False,0,direct_overlay,9.918793503480279,50.24230769230769,1.7378073972063741,55.813051044083515,28.425922262627164,34.829579024293956,288.37389791183296,132.52319009291895,399.7124187612086
Province 5,Bardiya,Barbardiya Nagarpalika,28.3,81.35,7.64,2.21,0.13,74.05,193.61,30.5,29.97,40.09,9.6,3.25,3.34,direct_overlay,False,0,direct_overlay,12.819025522041763,28.48076923076923,1.580722998229392,101.11647331786541,12.693384615384618,10.042176476539657,197.76705336426917,312.66074615384616,459.697932926774
Province 5,Bardiya,Madhuwan Nagarpalika,28.3,81.3,7.36,1.99,0.11,135.86,287.86,35.0,24.77,42.8,10.44,1.08,2.5,direct_overlay,False,0,direct_overlay,11.54292343387471,52.253846153846155,2.3502242770017703,85.55614849187936,26.43073282170266,21.62672902447886,228.8877030162413,155.36810919150454,431.6633157607611
Province 5,Bardiya,Barbardiya Nagarpalika,28.3,81.4,7.46,1.66,0.11,67.95,163.3,33.61,22.06,43.97,9.6,3.25,3.34,direct_overlay,False,0,direct_overlay,9.62877030162413,26.134615384615383,1.3332579185520363,73.00533642691416,12.845557112261288,13.00020729631857,253.9893271461717,310.9183710646082,452.53949834290904
Province 5,Rolpa,Rolpa Nagarpalika,28.3,82.6,6.71,2.08,0.11,194.69,617.35,45.21,19.8,35.55,10.44,1.08,0.83,direct_overlay,False,0,direct_overlay,12.064965197215777,74.88076923076923,5.040335431831594,76.0937354988399,40.59878136712476,70.16543454174946,247.8125290023202,0.0,314.1996484089663
Karnali,Salyan,Chhatreshwori Gaunpalika,28.3,82.2,6.57,3.01,0.13,229.27,395.47,48.37,18.91,32.38,10.44,1.08,2.67,direct_overlay,False,0,direct_overlay,17.459396751740137,88.18076923076923,3.228802872319496,105.96107888631089,49.208475827681596,35.17997371512903,188.07784222737823,0.0,398.86446360938777
Karnali,Salyan,Kalimati Gaunpalika,28.3,82.1,6.68,3.63,0.17,176.89,361.36,50.91,14.51,35.88,8.28,1.08,2.67,direct_overlay,False,0,direct_overlay,21.05568445475638,68.03461538461538,2.9503128073972062,131.7243619489559,39.68297126539353,25.630260505880894,136.5512761020882,3.6299790112440458,421.9747695757682
Province 5,Rolpa,Suwarnabati Gaunpalika,28.3,82.7,6.73,1.83,0.1,204.0,632.96,42.75,14.21,42.85,10.44,1.08,0.83,direct_overlay,False,0,direct_overlay,10.614849187935036,78.46153846153845,5.167782805429864,67.30875870069606,41.956052148402634,79.1715326594694,265.3824825986079,0.0,292.404890964084
Province 5,Rolpa,Tribeni Gaunpalika,28.3,82.45,6.75,2.69,0.13,165.96,607.02,39.78,19.71,39.44,10.44,1.08,0.83,direct_overlay,False,0,direct_overlay,15.60324825986079,63.830769230769235,4.955996458784182,99.47070765661253,35.84057675575585,54.06118054867261,201.05858468677494,47.62539614659555,353.1719430722123
Province 5,Rolpa,Lungri Gaunpalika,28.3,82.85,6.31,2.29,0.13,207.6,544.15,50.38,13.49,36.43,10.44,1.08,0.83,direct_overlay,False,0,direct_overlay,13.2830626450116,79.84615384615384,4.442696242376549,74.74379350348026,44.3487609427985,69.72178163133759,250.51241299303948,0.0,315.273288452163
Province 5,Pyuthan,Gaumukhi Gaunpalika,28.3,83.0,5.73,2.09,0.1,208.31,500.74,45.19,10.26,45.48,10.510000000000002,0.9,0.83,direct_overlay,False,0,direct_overlay,12.122969837587005,80.11923076923077,4.088276608302183,56.2627030162413,44.14799604006782,87.71445402738298,287.4745939675174,0.0,271.73102125373316
Province 5,Rolpa,Tribeni Gaunpalika,28.3,82.4,6.75,2.55,0.12,187.98,556.98,40.89,21.59,38.79,10.44,1.08,0.83,direct_overlay,False,0,direct_overlay,14.791183294663572,72.3,4.547446389927208,94.29379350348027,39.870907047563804,51.97229244037571,211.41241299303945,1.4781143053944406,358.22705229429073
Province 5,Bardiya,Madhuwan Nagarpalika,28.35,81.3,7.28,2.37,0.13,146.04,369.11,33.37,27.71,41.66,10.44,1.08,2.5,direct_overlay,False,0,direct_overlay,13.747099767981439,56.169230769230765,3.0135874483572684,100.02389791183295,28.954531857933247,25.580830609334367,199.9522041763341,126.47061022666432,422.09438992541084
Province 5,Bardiya,Barbardiya Nagarpalika,28.35,81.4,7.63,2.01,0.12,71.29,168.52,35.56,24.03,41.12,9.6,3.25,3.34,direct_overlay,False,0,direct_overlay,11.658932714617167,27.419230769230772,1.375876450914814,91.76745939675172,12.369333627074784,9.581435468465552,216.46508120649656,316.3711299699937,460.8129261663134
Province 5,Rolpa,Tribeni Gaunpalika,28.35,82.4,6.76,3.01,0.14,164.55,525.36,46.76,17.38,35.09,10.44,1.08,0.83,direct_overlay,False,0,direct_overlay,17.459396751740137,63.28846153846154,4.289285854810151,111.60046403712295,35.990223808673925,42.13382715248313,176.7990719257541,45.91193739068356,382.03613829099083
Province 5,Bardiya,Rajapur Nagarpalika,28.4,81.15,7.55,1.67,0.09,66.07,198.44,32.59,20.46,47.67,9.6,3.25,3.34,direct_overlay,False,0,direct_overlay,9.68677494199536,25.41153846153846,1.6201573873696635,74.9272041763341,12.023457020792433,14.360286659995856,250.1455916473318,320.3314171119266,449.24810628281
Province 5,Bardiya,Rajapur Nagarpalika,28.4,81.1,7.57,1.78,0.09,66.94,212.77,36.36,18.59,46.72,9.510000000000002,3.47,3.34,direct_overlay,False,0,direct_overlay,10.324825986078887,25.746153846153845,1.7371542396222701,80.21357308584687,12.033074892914508,14.306626954341349,239.57285382830625,320.22129247612884,449.3779627704939
Province 5,Bardiya,Madhuwan Nagarpalika,28.4,81.25,7.6,1.8,0.1,117.62,305.44,31.62,22.72,46.52,10.44,1.08,2.5,direct_overlay,False,0,direct_overlay,10.440835266821347,45.238461538461536,2.493755656108597,81.64733178654294,21.59602891308228,19.69315592435921,236.70533642691413,210.72546894520792,436.34256266305067
Province 5,Bardiya,Thakurbaba Nagarpalika,28.4,81.3,7.66,2.2,0.13,96.04,286.16,30.11,26.01,43.4,9.6,3.25,2.5,direct_overlay,False,0,direct_overlay,12.761020881670536,36.93846153846154,2.336344678339563,101.09280742459399,16.781840978047473,14.553513891019527,197.81438515081203,265.8479208013564,448.7804963837327
Province 5,Bardiya,Barbardiya Nagarpalika,28.4,81.35,7.54,2.32,0.13,166.65,400.82,33.51,24.49,42.77,10.44,1.08,2.5,direct_overlay,False,0,direct_overlay,13.45707656612529,64.09615384615384,3.2724827857564427,103.86171693735498,31.172963233981793,22.262783252788317,192.27656612529003,101.06957097090846,430.12406452825223
Karnali,Surkhet,Gurbhakot Nagarpalika,28.4,81.85,7.1,2.76,0.15,93.87,273.43,47.27,13.12,40.0,11.7,3.47,3.34,direct_overlay,False,0,direct_overlay,16.009280742459396,36.103846153846156,2.232410977769034,111.58468677494197,20.265206139568093,19.04746583690378,176.83062645011606,225.96338970194535,437.9051326746929
Karnali,Salyan,Bangad kupinde Nagarpalika,28.4,82.05,6.37,3.11,0.13,161.85,376.96,45.99,14.54,37.17,10.44,1.08,2.67,direct_overlay,False,0,direct_overlay,18.039443155452435,62.24999999999999,3.0776785362974612,103.347969837587,37.0066251450116,35.948867315696404,193.304060324826,34.274142089617214,397.00374109601466
Karnali,Salyan,Sharada Nagarpalika,28.4,82.15,6.53,3.1,0.12,179.76,240.43,49.17,15.86,36.38,10.44,1.08,3.34,direct_overlay,False,0,direct_overlay,17.98143851508121,69.13846153846153,1.962983474326185,107.90661252900235,39.97881168570408,21.267198909609967,184.1867749419953,0.24260619868827824,432.5333786387439
Karnali,Salyan,Sharada Nagarpalika,28.4,82.25,6.19,3.09,0.14,149.74,351.33,48.71,17.06,35.52,10.44,1.08,2.67,direct_overlay,False,0,direct_overlay,17.923433874709975,57.59230769230769,2.8684231752901823,97.19878190255221,34.95612440879886,36.545278617322374,205.60243619489557,57.752375519253086,395.5604257460799
Karnali,Salyan,Chhatreshwori Gaunpalika,28.4,82.3,6.28,3.22,0.14,177.71,449.19,47.22,17.35,37.15,10.44,1.08,2.67,direct_overlay,False,0,direct_overlay,18.677494199535964,68.35,3.667398190045249,104.14570765661254,40.45586774941995,43.2840747033316,191.7085846867749,0.0,379.2525392179375
Karnali,Salyan,Chhatreshwori Gaunpalika,28.4,82.35,6.32,2.87,0.13,185.97,556.93,47.5,17.63,35.98,10.44,1.08,0.83,direct_overlay,False,0,direct_overlay,16.647331786542924,71.52692307692307,4.547038166437142,93.95754060324826,41.29170747813671,58.36882465224411,212.08491879350348,0.0,342.74744434156923
Province 5,Rolpa,Sukidaha Gaunpalika,28.4,82.4,6.66,2.87,0.14,162.48,551.06,45.13,19.83,34.3,10.44,1.08,0.83,direct_overlay,False,0,direct_overlay,16.647331786542924,62.49230769230768,4.499112728703521,103.57969837587008,35.8036938693557,48.74617608267011,192.84060324825984,48.04770519587726,366.0342538799383
Province 5,Rolpa,Madi Gaunpalika,28.4,82.45,6.55,2.44,0.11,171.45,611.59,44.4,19.35,35.67,10.44,1.08,0.83,direct_overlay,False,0,direct_overlay,14.153132250580047,65.94230769230768,4.993308085776116,85.41415313225058,37.17551869534177,66.06778621993915,229.17169373549885,32.340310938336714,324.11595734774727
Province 5,Rolpa,Madi Gaunpalika,28.4,82.5,6.77,2.57,0.13,170.25,602.52,44.76,20.38,34.19,10.44,1.08,0.83,direct_overlay,False,0,direct_overlay,14.907192575406032,65.48076923076923,4.919256344678339,95.54019721577724,36.41116898313403,55.20272568714739,208.91960556844552,41.09211514311532,350.4094038371033
Province 5,Rolpa,Rolpa Nagarpalika,28.4,82.6,6.39,2.62,0.14,168.6,469.33,44.85,17.35,36.67,10.44,1.08,2.67,direct_overlay,False,0,direct_overlay,15.19721577726218,64.84615384615384,3.831830611843399,87.58155452436193,37.337590554167406,51.57177855137642,224.83689095127613,30.484588154783204,359.19629590566905
Province 5,Bardiya,Rajapur Nagarpalika,28.45,81.15,7.5,1.82,0.1,77.47,200.67,33.75,20.42,46.04,9.6,3.25,3.34,direct_overlay,False,0,direct_overlay,10.556844547563806,29.796153846153846,1.6383641550265589,80.75986078886311,14.436214974121006,14.2452078034385,238.48027842227378,292.70533854631447,449.52659711567884
Province 5,Bardiya,Geruwa Gaunpalika,28.45,81.2,7.55,2.02,0.1,90.1,255.51,31.83,19.1,48.96,9.510000000000002,3.47,3.34,direct_overlay,False,0,direct_overlay,11.7169373549884,34.65384615384615,2.086103678929766,90.63051044083527,16.501611301981082,15.797210122762943,218.73897911832947,269.0565505923166,445.77075150291364
Province 5,Bardiya,Thakurbaba Nagarpalika,28.45,81.25,7.6,2.14,0.12,207.19,401.28,31.67,22.98,46.49,10.44,1.08,2.5,direct_overlay,False,0,direct_overlay,12.412993039443156,79.68846153846154,3.27623844186504,97.06960556844548,38.62775745136534,22.385994215244818,205.86078886310904,15.712177181866851,429.82589399910756
Province 5,Bardiya,Rajapur Nagarpalika,28.45,81.1,7.51,1.76,0.09,66.35,174.95,37.67,17.14,45.83,9.510000000000002,3.47,3.34,direct_overlay,False,0,direct_overlay,10.208816705336428,25.519230769230766,1.4283739917371627,78.27099767981439,12.259204711761555,12.639421371512437,243.45800464037123,317.6321060503302,453.4126002809399
Karnali,Surkhet,Bheriganga Nagarpalika,28.45,81.8,6.19,2.41,0.12,192.44,220.22,46.91,12.74,40.13,12.63,1.08,3.34,direct_overlay,False,0,direct_overlay,13.979118329466358,74.01538461538462,1.7979795396419438,75.80875870069607,41.81207064295913,28.484150043168345,248.38248259860785,0.0,415.0683568955326
Karnali,Surkhet,Gurbhakot Nagarpalika,28.45,81.85,7.33,2.93,0.15,86.87,352.88,46.08,10.23,42.78,9.09,3.47,2.67,direct_overlay,False,0,direct_overlay,16.995359628770302,33.41153846153846,2.8810781034821953,125.10284222737819,17.393104062555775,19.489452749922396,149.79431554524362,258.8489584837364,436.83552434518776
Karnali,Surkhet,Gurbhakot Nagarpalika,28.45,81.9,7.04,3.4,0.16,105.31,349.21,45.37,14.5,41.14,9.09,3.47,2.67,direct_overlay,False,0,direct_overlay,19.721577726218097,40.503846153846155,2.85111449931143,135.44779582366587,23.42157504908085,21.077212286615474,129.10440835266826,189.82296568802425,432.99314626639057
Karnali,Salyan,Bangad kupinde Nagarpalika,28.45,82.0,6.89,3.29,0.14,165.33,493.45,45.43,15.8,39.36,10.44,1.08,2.67,direct_overlay,False,0,direct_overlay,19.083526682134572,63.588461538461544,4.028757623450717,126.19936194895591,35.82815434811708,33.82654973063931,147.60127610208818,47.76763271405942,402.13974965185287
Karnali,Surkhet,Simta Gaunpalika,28.45,81.95,6.94,3.12,0.14,142.57,433.08,45.12,15.27,41.54,12.63,1.08,2.67,direct_overlay,False,0,direct_overlay,18.097447795823665,54.83461538461538,3.5358685815463304,121.21670533642691,30.953006068177757,30.1620984456799,157.56658932714618,103.58808051936468,411.0077217614546
Karnali,Salyan,Bangad kupinde Nagarpalika,28.45,82.1,6.6,2.56,0.11,136.8,325.28,47.4,16.32,36.86,10.44,1.08,2.67,direct_overlay,False,0,direct_overlay,14.849187935034804,52.61538461538462,2.655738736966358,90.87703016241299,30.5694092450473,32.84180688163319,218.24593967517401,107.9802641442084,404.5228273464476
Karnali,Salyan,Bangad kupinde Nagarpalika,28.45,82.05,6.76,2.92,0.13,168.06,419.52,45.26,16.79,39.67,10.44,1.08,2.67,direct_overlay,False,0,direct_overlay,16.937354988399072,64.63846153846154,3.4251583710407236,108.26357308584686,36.53527717294307,34.56220759927717,183.47285382830628,39.67107636980187,400.35945760974926
Karnali,Salyan,Bagchaur Nagarpalika,28.45,82.35,6.31,2.96,0.14,165.02,359.21,47.22,15.92,34.47,10.44,1.08,2.67,direct_overlay,False,0,direct_overlay,17.16937354988399,63.46923076923077,2.9327591973244145,96.61206496519719,37.45515018739961,36.80141024677667,206.77587006960562,29.138530354274465,394.94058720280043
Province 5,Rolpa,Sukidaha Gaunpalika,28.45,82.4,6.26,2.6,0.13,172.74,540.52,50.44,17.08,34.04,10.44,1.08,0.83,direct_overlay,False,0,direct_overlay,15.081206496519721,66.43846153846154,4.413059216997835,83.58004640371229,38.31924237015885,63.476518034242986,232.83990719257542,19.244674861681204,330.38682635713195
Province 5,Rolpa,Duikholi Gaunpalika,28.45,82.55,6.34,2.61,0.16,164.58,559.91,46.16,19.82,35.0,8.28,1.08,0.83,direct_overlay,False,0,direct_overlay,15.139211136890951,63.300000000000004,4.571368286445012,85.96044083526682,36.642457656612535,63.19342222806218,228.07911832946635,38.44385983178647,331.07191820808947
Province 5,Bardiya,Geruwa Gaunpalika,28.5,81.2,7.43,2.02,0.11,72.59,204.58,35.27,19.64,44.9,9.510000000000002,3.47,3.34,direct_overlay,False,0,direct_overlay,11.7169373549884,27.91923076923077,1.6702872319496358,88.24025522041764,13.867549549348565,14.246095112968622,223.51948955916473,299.2165576599589,449.5244498266159
Province 5,Bardiya,Thakurbaba Nagarpalika,28.5,81.3,7.7,2.49,0.13,81.07,356.04,26.68,30.87,43.26,9.6,3.25,2.5,direct_overlay,False,0,direct_overlay,14.443155452436196,31.180769230769226,2.906877828054298,115.40081206496521,13.340863153667675,15.504547530561084,169.19837587006958,305.2471168905051,446.4789949760422
Karnali,Surkhet,Bheriganga Nagarpalika,28.5,81.6,7.35,2.45,0.14,82.04,301.6,47.19,13.34,40.35,11.7,3.47,2.67,direct_overlay,False,0,direct_overlay,14.211136890951277,31.553846153846155,2.462404092071611,105.09135730858469,16.218356516598256,19.14645208620745,189.81728538283062,272.29981788494996,437.6655859513779
Karnali,Surkhet,Lekbeshi Nagarpalika,28.5,81.8,7.36,4.25,0.21,124.3,510.21,43.0,12.37,45.2,10.02,1.08,0.83,direct_overlay,False,0,direct_overlay,24.651972157772622,47.80769230769231,4.165594137320479,182.72041763341068,24.552686061038724,19.633776425066355,34.55916473317865,176.8717446011066,436.48626105133945
Karnali,Surkhet,Gurbhakot Nagarpalika,28.5,81.85,6.8,4.14,0.2,145.21,468.5,44.88,13.1,42.72,10.02,1.08,2.67,direct_overlay,False,0,direct_overlay,24.013921113689094,55.85,3.8250541019083215,155.12993039443154,33.64031322505801,27.53873578135233,89.74013921113692,72.8184135730858,417.35625940912735
Karnali,Surkhet,Gurbhakot Nagarpalika,28.5,81.9,6.47,3.91,0.18,140.81,411.71,46.38,15.78,39.0,10.02,1.08,2.67,direct_overlay,False,0,direct_overlay,22.679814385150813,54.15769230769231,3.3613938618925827,133.78822505800463,34.14003626405497,30.446548284959636,132.42354988399075,67.0965847765706,410.31935315039766
Karnali,Salyan,Bangad kupinde Nagarpalika,28.5,82.1,6.52,2.7,0.11,182.97,307.43,47.14,15.42,38.83,10.44,1.08,2.67,direct_overlay,False,0,direct_overlay,15.661252900232018,70.37307692307692,2.5100029510131807,93.71693735498839,39.92688648938069,30.877703882595178,212.56612529002322,0.8371496965910759,409.2759566041197
Karnali,Salyan,Bagchaur Nagarpalika,28.5,82.4,6.28,3.46,0.13,156.59,349.87,47.61,18.59,33.6,10.44,1.08,2.67,direct_overlay,False,0,direct_overlay,20.069605568445475,60.22692307692308,2.8565030493802865,111.90812064965198,36.862468499018384,31.608179110767257,176.18375870069605,35.92473568623951,407.50820655194326
Province 5,Rolpa,Duikholi Gaunpalika,28.5,82.5,6.48,2.15,0.12,201.77,634.88,44.5,19.91,33.43,10.44,1.08,0.83,direct_overlay,False,0,direct_overlay,12.470997679814385,77.60384615384615,5.1834585874483565,73.7784222737819,42.66394163840799,79.17927389076735,252.4431554524362,0.0,292.386157184343
Province 5,Rolpa,Sukidaha Gaunpalika,28.5,82.45,6.62,2.43,0.12,182.66,666.09,53.28,18.64,29.21,10.44,1.08,0.83,direct_overlay,False,0,direct_overlay,14.095127610208817,70.25384615384615,5.438271689946881,86.74141531322506,39.11203850615742,69.61881325428797,226.51716937354988,10.16715910449756,315.5224719246231
Province 5,Bardiya,Geruwa Gaunpalika,28.55,81.2,7.36,2.2,0.12,92.29,176.48,39.16,18.56,42.55,9.510000000000002,3.47,3.34,direct_overlay,False,0,direct_overlay,12.761020881670536,35.496153846153845,1.4408656305331495,94.58468677494201,18.08394699268249,12.180917393430091,210.83062645011597,250.9388069337855,454.52217990789916
Karnali,Surkhet,Birendranagar Nagarpalika,28.55,81.6,6.8,2.11,0.11,146.31,336.23,41.67,10.07,47.38,12.63,1.08,2.67,direct_overlay,False,0,direct_overlay,12.238979118329464,56.27307692307692,2.745139681290576,79.06380510440833,31.049415491700874,35.85638371479819,241.87238979118334,102.48419262002498,397.22755141018837
Karnali,Salyan,Bangad kupinde Nagarpalika,28.55,82.05,6.4,3.1,0.14,186.63,409.25,47.11,17.28,38.07,10.44,1.08,2.67,direct_overlay,False,0,direct_overlay,17.98143851508121,71.78076923076922,3.341309266181389,103.9327146171694,41.68040781724076,38.58898834784704,192.1345707656612,0.0,390.61464819821015
Karnali,Surkhet,Simta Gaunpalika,28.55,82.0,6.69,2.46,0.11,142.08,466.81,46.16,15.39,39.72,12.63,1.08,2.67,direct_overlay,False,0,direct_overlay,14.269141531322507,54.64615384615385,3.811256147944127,89.51032482598609,31.128407259503838,46.478021472138366,220.97935034802782,101.57973687868106,371.5231880374251
Karnali,Surkhet,Birendranagar Nagarpalika,28.6,81.65,7.05,3.36,0.16,236.83,599.3,42.67,10.08,46.87,10.02,1.08,0.83,direct_overlay,False,0,direct_overlay,19.48955916473318,91.08846153846154,4.892966751918157,134.18561484918794,48.60530965554168,36.30799776313524,131.62877030162412,0.0,396.1346454132127
Karnali,Surkhet,Lekbeshi Nagarpalika,28.6,81.7,6.74,4.15,0.19,194.34,523.59,44.33,11.6,46.54,10.02,1.08,0.83,direct_overlay,False,0,direct_overlay,24.071925754060327,74.74615384615385,4.274834743261853,153.04930394431557,43.491438291986434,31.792917719973627,93.90139211136886,0.0,407.06113911766386
Karnali,Rukum_w,Chaurjahari Nagarpalika,28.6,82.3,6.52,2.48,0.11,125.46,345.84,53.54,17.03,29.39,10.44,1.08,2.67,direct_overlay,False,0,direct_overlay,14.385150812064966,48.25384615384615,2.823600236081054,86.08074245939675,28.4810205247189,37.404594372350964,227.8385150812065,131.8923149919686,393.48088161891064
Karnali,Rukum_w,Musikot Nagarpalika,28.6,82.45,6.77,3.01,0.15,125.21,371.67,61.76,17.41,21.15,8.28,1.08,2.67,direct_overlay,False,0,direct_overlay,17.459396751740137,48.1576923076923,3.0344884910485934,111.89727378190251,28.378091658486525,29.636592489102917,176.20545243619497,133.07085051032928,412.2794461763709
Province 5,Rukum_e,Putha uttarganga Gaunpalika,28.6,82.8,6.43,3.0,0.14,152.96,463.01,48.09,13.01,39.88,10.510000000000002,0.9,2.67,direct_overlay,False,0,direct_overlay,17.40139211136891,58.830769230769235,3.780231162699193,101.4675174013921,34.942806309120115,44.306474466964495,197.0649651972158,57.90486776057468,376.7783317899459
Karnali,Salyan,Bangad kupinde Nagarpalika,28.6,82.05,6.36,2.27,0.1,249.67,294.62,49.61,14.91,36.02,10.44,1.08,2.67,direct_overlay,False,0,direct_overlay,13.16705336426914,96.02692307692307,2.4054160928585477,75.21020881670533,52.32330144565411,37.16578405372564,249.57958236658934,0.0,394.05880258998394
Karnali,Surkhet,Birendranagar Nagarpalika,28.65,81.65,6.47,3.16,0.16,161.67,429.55,48.43,15.93,41.55,10.02,1.08,2.67,direct_overlay,False,0,direct_overlay,18.329466357308586,62.18076923076922,3.507048003147747,108.12552204176333,36.79712649473496,38.48998381076339,183.74895591647334,36.672901635284695,390.8542391779526
Karnali,Surkhet,Chingad Gaunpalika,28.65,81.85,6.39,2.9,0.14,124.26,307.35,46.97,12.86,39.99,12.63,1.08,2.67,direct_overlay,False,0,direct_overlay,16.82134570765661,47.792307692307695,2.5093497934290774,96.94141531322504,29.335882674460112,30.89248403468711,206.11716937354993,122.10414337743171,409.2401886360572
Karnali,Surkhet,Chingad Gaunpalika,28.65,81.8,6.44,2.81,0.15,147.09,345.6,49.13,12.64,39.31,10.02,1.08,2.67,direct_overlay,False,0,direct_overlay,16.299303944315547,56.573076923076925,2.821640763328743,95.31832946635733,33.439074424415494,34.869816523474924,209.36334106728535,75.1225978404426,399.6150440131907
Karnali,Jajarkot,Chhedagad Nagarpalika,28.65,82.05,6.86,2.82,0.13,177.2,372.53,49.15,19.79,31.4,10.44,1.08,2.67,direct_overlay,False,0,direct_overlay,16.357308584686773,68.15384615384615,3.0415099350777095,107.33665893271461,37.68485463144743,29.830177362429957,185.32668213457077,26.508414469926937,411.81097078291947
Karnali,Jajarkot,Bheri Nagarpalika,28.65,82.1,6.41,2.34,0.13,128.98,390.47,54.46,15.4,30.31,10.44,1.08,2.67,direct_overlay,False,0,direct_overlay,13.57308584686775,49.607692307692304,3.187980523313004,78.68317865429235,29.15513994734963,46.869609524973406,242.6336426914153,124.17364760284671,370.57554494956435
Karnali,Rukum_w,Chaurjahari Nagarpalika,28.65,82.25,6.6,2.58,0.13,92.49,437.01,57.38,17.78,22.78,9.510000000000002,3.47,2.67,direct_overlay,False,0,direct_overlay,14.965197215777263,35.57307692307692,3.5679549478654335,91.58700696055683,22.081550062466533,43.82478336293689,216.82598607888633,205.1662517847582,377.9440242616927
Karnali,Rukum_w,Sani bheri Gaunpalika,28.65,82.35,6.72,3.1,0.17,130.42,461.13,54.82,18.1,24.69,8.35,0.9,2.67,direct_overlay,False,0,direct_overlay,17.98143851508121,50.161538461538456,3.764881959472752,113.71461716937355,29.742996608959483,36.85520150144576,172.5707656612529,117.4426888274139,394.8104123665012
Karnali,Rukum_w,Sani bheri Gaunpalika,28.65,82.4,6.66,3.66,0.18,129.91,467.64,54.68,19.39,24.84,8.35,0.9,2.67,direct_overlay,False,0,direct_overlay,21.229698375870072,49.965384615384615,3.8180326578792045,132.0911832946636,30.794746832054255,33.28407847647052,135.81763341067278,105.40014877297878,403.45253008694135
Province 5,Rukum_e,Sisne Gaunpalika,28.65,82.5,6.66,3.53,0.18,128.54,539.29,60.64,16.53,23.13,8.35,0.9,0.83,direct_overlay,False,0,direct_overlay,20.475638051044083,49.43846153846153,4.403016919142238,127.3994199535963,30.324846198465103,39.65890780347049,145.2011600928074,110.78051102757458,388.0254431156014
Karnali,Rukum_w,Banfikot Gaunpalika,28.65,82.55,6.77,3.38,0.16,114.53,385.79,60.22,16.79,22.75,8.35,0.9,2.67,direct_overlay,False,0,direct_overlay,19.60556844547564,44.05,3.1497708046429267,125.65208816705336,26.852724187935035,27.73784817604706,148.69582366589327,150.53630804814384,416.8744074139661
Province 5,Rukum_e,Putha uttarganga Gaunpalika,28.65,82.75,6.66,3.37,0.16,154.91,471.87,47.2,13.29,39.24,8.35,0.9,2.67,direct_overlay,False,0,direct_overlay,19.54756380510441,59.58076923076923,3.852568365138697,121.62494199535965,35.14192115830805,36.180245322868025,156.7501160092807,55.62500273737282,396.44380631865937
Province 5,Rukum_e,Putha uttarganga Gaunpalika,28.65,82.9,6.1,3.17,0.16,218.65,429.18,50.24,11.82,38.42,8.35,0.9,2.67,direct_overlay,False,0,direct_overlay,18.387470997679813,84.09615384615384,3.504027149321267,96.9019721577726,48.451513698018914,45.3382410814675,206.1960556844548,0.0,374.2814565828486
Province 5,Rukum_e,Putha uttarganga Gaunpalika,28.65,82.95,6.15,3.33,0.17,141.1,309.3,53.79,13.69,33.17,8.35,0.9,2.67,direct_overlay,False,0,direct_overlay,19.31554524361949,54.26923076923077,2.5252705095416093,103.43474477958237,33.81900126048545,30.614881029256303,193.13051044083525,70.77243556744159,409.9119879091997
Karnali,Surkhet,Barahtal Gaunpalika,28.7,81.55,6.81,3.54,0.17,202.08,446.7,43.63,18.29,40.43,10.02,1.08,2.67,direct_overlay,False,0,direct_overlay,20.533642691415317,77.72307692307693,3.647068660240015,132.996403712297,43.69069188381225,30.095030490905433,134.007192575406,0.0,411.17002621200885
Karnali,Jajarkot,Shiwalaya Gaunpalika,28.7,81.9,6.43,2.54,0.15,119.69,374.71,50.17,16.35,33.36,10.44,1.08,2.67,direct_overlay,False,0,direct_overlay,14.733178654292345,46.034615384615385,3.05930847924454,85.90916473317866,27.69719139300375,41.4995171951893,228.1816705336427,140.8671585501071,383.5711683876419
Karnali,Jajarkot,Shiwalaya Gaunpalika,28.7,81.95,6.18,2.7,0.18,134.31,400.07,50.37,17.14,32.47,8.28,1.08,2.67,direct_overlay,False,0,direct_overlay,15.661252900232018,51.65769230769231,3.2663594334054684,84.66473317865429,31.221485364983046,47.08228520471091,230.67053364269142,100.51399257094413,370.06086980459963
Karnali,Jajarkot,Bheri Nagarpalika,28.7,82.15,6.58,2.71,0.15,127.79,473.69,53.38,15.44,31.51,10.44,1.08,2.67,direct_overlay,False,0,direct_overlay,15.719257540603248,49.15,3.8674277001770605,95.66740139211137,29.15134744779582,45.98568532869488,208.66519721577725,124.21707172273786,372.7146415045584
Karnali,Jajarkot,Bheri Nagarpalika,28.7,82.1,6.56,2.75,0.14,139.41,417.41,51.18,16.38,31.98,10.44,1.08,2.67,direct_overlay,False,0,direct_overlay,15.951276102088167,53.61923076923077,3.407931339759984,96.53712296983758,31.517155987863646,40.421415851151316,206.92575406032483,97.12856393896126,386.1801736402138
Karnali,Rukum_w,Banfikot Gaunpalika,28.7,82.45,6.53,3.49,0.17,111.08,418.71,57.34,17.47,24.57,7.57,2.89,2.67,direct_overlay,False,0,direct_overlay,20.24361948955917,42.723076923076924,3.418545150501672,121.48196055684458,27.451679557826164,33.30752344869417,157.03607888631083,143.67826906289042,403.39579325416014
Karnali,Rukum_w,Banfikot Gaunpalika,28.7,82.5,6.45,3.16,0.18,113.26,440.65,58.45,18.28,25.91,8.35,0.9,2.67,direct_overlay,False,0,direct_overlay,18.329466357308586,43.56153846153846,3.597673617942159,107.50232018561486,27.54653199179011,39.8736142139086,184.99535962877027,142.59220869400323,387.5058536023412
Province 5,Rukum_e,Putha uttarganga Gaunpalika,28.7,82.7,6.51,4.0,0.2,163.06,525.97,49.87,14.76,35.53,8.35,0.9,0.83,direct_overlay,False,0,direct_overlay,23.201856148491878,62.715384615384615,4.294266181388943,138.44547563805102,38.422251472425486,37.34687853493695,123.10904872389796,18.06522064072818,393.6205539454526
Province 5,Rukum_e,Putha uttarganga Gaunpalika,28.7,82.95,6.11,3.59,0.18,168.67,394.15,53.92,13.76,31.76,8.35,0.9,2.67,direct_overlay,False,0,direct_overlay,20.82366589327146,64.87307692307692,3.218025772181782,110.09472157772623,39.68072741165447,37.081001931503216,179.81055684454753,3.6556711365562813,394.2639753257622
Karnali,Dailekh,Gurans Gaunpalika,28.75,81.6,6.47,3.36,0.17,142.62,320.67,51.43,17.92,30.93,8.28,1.08,2.67,direct_overlay,False,0,direct_overlay,19.48955916473318,54.853846153846156,2.6181005311823724,114.96890951276102,33.494851151169016,27.19846470847058,170.06218097447797,74.48395431911477,418.1797154055012
Karnali,Dailekh,Gurans Gaunpalika,28.75,81.65,6.28,3.15,0.15,154.82,280.19,54.34,17.4,27.83,8.28,1.08,2.67,direct_overlay,False,0,direct_overlay,18.271461716937353,59.54615384615384,2.2876027936258114,101.88167053364269,35.91740406924861,27.534110384263766,196.23665893271462,46.7457234071034,417.3674528700817
Karnali,Jajarkot,Chhedagad Nagarpalika,28.75,81.95,6.35,2.65,0.15,113.82,357.95,51.67,17.44,31.98,8.28,1.08,2.67,direct_overlay,False,0,direct_overlay,15.37122969837587,43.776923076923076,2.9224719653747786,87.53915313225058,26.93887119623416,39.68215468846857,224.92169373549885,149.54992480311887,387.96918565390604
Karnali,Jajarkot,Chhedagad Nagarpalika,28.75,82.0,6.34,2.65,0.15,107.55,390.54,48.01,17.55,34.65,7.35,3.47,2.67,direct_overlay,False,0,direct_overlay,15.37122969837587,41.36538461538461,3.1885520361990944,87.27784222737819,25.751662725325716,43.49643788731641,225.44431554524363,163.14346179502056,378.7386203126943
Karnali,Jajarkot,Chhedagad Nagarpalika,28.75,82.1,6.22,2.89,0.15,127.98,383.81,49.74,15.37,35.41,8.28,1.08,2.67,direct_overlay,False,0,direct_overlay,16.763341067285385,49.223076923076924,3.1336051544363563,91.76252900232018,30.33672233624844,41.81317283130583,216.47494199535964,110.64452924995537,382.8121217482399
Karnali,Jajarkot,Chhedagad Nagarpalika,28.75,82.05,6.37,2.19,0.13,121.41,386.73,52.83,15.7,32.87,10.44,1.08,2.67,direct_overlay,False,0,direct_overlay,12.703016241299302,46.69615384615384,3.157445406256148,72.7755800464037,27.489800095930747,50.06701107704175,254.4488399071926,143.24178890159294,362.837833193559
Karnali,Dailekh,Dungeshwor Gaunpalika,28.75,81.7,6.23,2.94,0.15,123.37,285.42,55.1,16.05,26.76,10.44,1.08,2.67,direct_overlay,False,0,direct_overlay,17.053364269141532,47.45,2.330302970686602,93.64002320185617,29.53580597447796,30.492156178021247,212.71995359628767,119.81502159222737,410.2089820491886
Karnali,Jajarkot,Bheri Nagarpalika,28.75,82.2,6.37,3.75,0.21,164.51,471.62,52.34,16.27,31.74,8.35,0.9,2.67,direct_overlay,False,0,direct_overlay,21.751740139211137,63.273076923076914,3.8505272476883725,124.6157192575406,38.728530195877205,38.011715997584346,150.7685614849188,14.558329257206001,392.0116472858458
Karnali,Rukum_w,Aathbiskot Nagarpalika,28.75,82.3,6.63,3.33,0.18,137.82,441.29,52.38,16.77,31.53,8.35,0.9,2.67,direct_overlay,False,0,direct_overlay,19.31554524361949,53.0076923076923,3.6028988786149907,119.19622969837586,31.922677505354272,34.75765646295198,161.60754060324828,92.48534256369358,399.8864713596562
Karnali,Rukum_w,Aathbiskot Nagarpalika,28.75,82.4,6.32,3.21,0.17,110.66,451.09,54.06,18.68,27.73,7.57,2.89,2.67,direct_overlay,False,0,direct_overlay,18.619489559164734,42.56153846153846,3.682910682667715,105.08839907192576,27.463929323576654,42.80276107639222,189.82320185614847,143.5380092450473,380.4173181951308
Karnali,Surkhet,Panchpuri Nagarpalika,28.8,81.4,7.32,2.73,0.13,105.24,412.48,33.21,22.08,45.08,11.78,3.25,2.5,direct_overlay,False,0,direct_overlay,15.835266821345709,40.47692307692307,3.3676805036395825,116.29419953596289,20.9523153667678,24.45192305719205,167.41160092807422,218.09598905050868,424.8263462015952
Karnali,Surkhet,Panchpuri Nagarpalika,28.8,81.35,7.05,2.94,0.15,98.34,350.52,40.21,21.3,40.31,11.78,3.25,2.5,direct_overlay,False,0,direct_overlay,17.053364269141532,37.823076923076925,2.8618099547511306,117.41241299303945,21.589982487060507,23.91986266178571,165.1751740139211,210.7947005231572,426.11393235847856
Karnali,Dailekh,Dullu Nagarpalika,28.8,81.6,6.14,3.22,0.15,107.96,335.65,50.22,15.89,32.52,7.35,3.47,2.67,direct_overlay,False,0,direct_overlay,18.677494199535964,41.52307692307692,2.740404288805823,99.70046403712296,27.23459762627164,34.38299773531184,200.5990719257541,146.1638571791897,400.7931454805453
Karnali,Dailekh,Bhagawatimai Gaunpalika,28.8,81.8,6.05,2.67,0.14,103.84,345.66,52.02,15.26,31.95,9.510000000000002,3.47,2.67,direct_overlay,False,0,direct_overlay,15.48723897911833,39.93846153846154,2.8221306315168206,80.30133410672853,25.38298874486882,43.380578504260676,239.39733178654294,167.364778871252,379.01900001968914
Karnali,Jajarkot,Junichande Gaunpalika,28.8,82.0,6.26,3.03,0.15,135.58,376.13,51.59,18.77,31.19,8.28,1.08,2.67,direct_overlay,False,0,direct_overlay,17.575406032482597,52.14615384615385,3.0709020263623836,97.40290023201855,32.01655198108156,38.60631098810208,205.1941995359629,91.41047981661612,390.57272740879296
Karnali,Jajarkot,Chhedagad Nagarpalika,28.8,82.05,6.4,2.94,0.17,132.14,478.35,49.62,17.05,33.32,8.28,1.08,2.67,direct_overlay,False,0,direct_overlay,17.053364269141532,50.82307692307692,3.9054741294511115,98.56844547563806,30.90272175620203,47.27624227051222,202.86310904872389,104.16383589148674,369.5914937053604
Karnali,Dailekh,Bhagawatimai Gaunpalika,28.8,81.75,6.19,2.9,0.14,122.83,346.53,52.63,16.74,31.68,10.44,1.08,2.67,direct_overlay,False,0,direct_overlay,16.82134570765661,47.24230769230769,2.8292337202439497,91.22215777262181,29.40235599232554,38.13203444175007,217.55568445475637,121.34302388787258,391.72047665096477
Karnali,Jajarkot,Tribeni nalagad Nagarpalika,28.8,82.3,6.67,3.66,0.21,169.7,429.32,52.75,16.5,30.21,8.35,0.9,2.67,direct_overlay,False,0,direct_overlay,21.229698375870072,65.26923076923076,3.5051701750934483,132.45208816705338,38.39725778600749,30.390599892288165,135.09582366589325,18.3513983502142,410.45474826066265
Karnali,Jajarkot,Tribeni nalagad Nagarpalika,28.8,82.35,6.69,3.6,0.2,180.18,435.83,54.97,18.23,29.91,8.35,0.9,2.67,direct_overlay,False,0,direct_overlay,20.881670533642694,69.3,3.5583208734999006,130.99071925754063,40.218776102088164,30.97390868808309,138.01856148491873,0.0,409.0431409748389
Karnali,Jajarkot,Junichande Gaunpalika,28.8,81.95,6.08,2.97,0.15,112.43,380.55,47.23,18.15,33.71,10.44,1.08,2.67,direct_overlay,False,0,direct_overlay,17.227378190255223,43.24230769230769,3.1069889828841233,90.20255220417634,27.631441549170088,42.95382926539594,219.59489559164732,141.61999426200248,380.0517331777418
Karnali,Jajarkot,Kuse Gaunpalika,28.8,82.1,6.27,3.37,0.19,154.88,425.32,50.66,17.19,34.92,8.35,0.9,2.67,direct_overlay,False,0,direct_overlay,19.54756380510441,59.569230769230764,3.4725122958882544,108.6649071925754,36.37688467115831,39.52318956654718,182.6701856148492,41.484670515237376,388.3538812489558
Karnali,Surkhet,Panchpuri Nagarpalika,28.85,81.4,6.69,4.37,0.2,132.94,401.01,32.52,19.51,46.08,10.02,1.08,2.67,direct_overlay,False,0,direct_overlay,25.348027842227378,51.130769230769225,3.2740340350186896,159.00817865429235,32.32526005041941,23.882432007652802,81.9836426914153,87.87577242269776,426.20451454148025
Karnali,Dailekh,Dullu Nagarpalika,28.85,81.55,6.27,3.09,0.16,104.37,332.25,49.1,17.66,33.71,7.35,3.47,2.67,direct_overlay,False,0,direct_overlay,17.923433874709975,40.14230769230769,2.712645091481408,99.63636890951274,26.115697494645723,33.36367748129151,200.72726218097452,158.97526368630648,403.2599004952745
Karnali,Dailekh,Narayan Nagarpalika,28.85,81.7,5.94,2.69,0.14,98.82,283.39,49.1,17.98,33.25,9.510000000000002,3.47,2.67,direct_overlay,False,0,direct_overlay,15.60324825986079,38.0076923076923,2.313729096989966,77.98503480278423,24.455152998393714,36.92061807006794,244.02993039443155,177.98849816839197,394.6521042704356
Karnali,Jajarkot,Junichande Gaunpalika,28.85,81.95,6.38,3.05,0.17,141.64,380.46,50.59,18.08,31.9,8.28,1.08,2.67,direct_overlay,False,0,direct_overlay,17.691415313225058,54.47692307692307,3.106254180602006,101.65487238979118,32.98339483312511,36.74343413683299,196.69025522041764,80.34012916071748,395.08088938886414
Karnali,Jajarkot,Kuse Gaunpalika,28.85,82.1,6.22,3.85,0.22,193.52,524.28,54.52,15.07,30.06,8.35,0.9,0.83,direct_overlay,False,0,direct_overlay,22.331786542923435,74.43076923076923,4.280468227424748,122.24419953596286,44.842359673389254,44.16326859914694,155.51160092807427,0.0,377.1248899900644
Karnali,Jajarkot,Kuse Gaunpalika,28.85,82.15,6.26,3.96,0.19,219.37,534.12,53.16,15.15,31.25,8.35,0.9,0.83,direct_overlay,False,0,direct_overlay,22.96983758700696,84.37307692307692,4.360806610269525,127.29883990719257,49.954248438336606,43.08326989171725,145.40232018561485,0.0,379.7384868620443
Karnali,Jajarkot,Tribeni nalagad Nagarpalika,28.85,82.25,6.82,4.03,0.22,199.25,469.07,51.57,15.55,32.79,8.35,0.9,2.67,direct_overlay,False,0,direct_overlay,23.375870069605572,76.63461538461539,3.8297078496950614,151.8029002320186,43.748223585579154,27.927034189105175,96.3941995359628,0.0,416.4165772623655
Karnali,Jajarkot,Barekot Gaunpalika,28.85,82.3,6.8,3.92,0.24,178.02,451.18,53.97,15.83,30.07,8.35,0.9,2.67,direct_overlay,False,0,direct_overlay,22.737819025522043,68.46923076923078,3.683645484949833,146.8863109048724,39.64621631268964,27.87654458606426,106.2273781902552,4.050823219703639,416.5387621017245
Karnali,Surkhet,Panchpuri Nagarpalika,28.9,81.4,6.45,3.56,0.19,86.92,391.3,48.21,17.91,33.7,9.09,3.47,2.67,direct_overlay,False,0,direct_overlay,20.649651972157773,33.43076923076923,3.1947570332480817,121.11020881670535,23.210990763876495,31.816135896374462,157.7795823665893,192.23415575361415,407.00495113077375
Karnali,Dailekh,Chamunda bindrasaini Nagarpalika,28.9,81.5,6.14,3.24,0.17,98.16,392.72,50.08,17.48,34.57,7.35,3.47,2.67,direct_overlay,False,0,direct_overlay,18.793503480278424,37.753846153846155,3.2063505803659256,100.31972157772621,25.39018757808317,40.007011240493185,199.36055684454757,167.28235223094768,387.18303279800654
Karnali,Dailekh,Bhairabi Gaunpalika,28.9,81.65,5.84,2.54,0.12,61.46,297.76,50.11,16.35,30.9,9.510000000000002,3.47,2.67,direct_overlay,False,0,direct_overlay,14.733178654292345,23.638461538461538,2.431052528034625,71.13178654292344,16.90983865786186,42.37653156896117,257.7364269141531,264.38234736748166,381.4487936031139
Karnali,Dailekh,Mahabu Gaunpalika,28.9,81.7,5.82,2.65,0.12,69.27,342.35,52.85,15.61,32.41,9.510000000000002,3.47,2.67,direct_overlay,False,0,direct_overlay,15.37122969837587,26.64230769230769,2.7951062364745227,73.68967517401393,18.613929368195606,47.30853999013833,252.62064965197214,244.8705087341603,369.5133332238652
Karnali,Jajarkot,Junichande Gaunpalika,28.9,81.95,6.2,2.86,0.15,119.21,409.99,47.57,18.62,33.46,10.510000000000002,0.9,2.67,direct_overlay,False,0,direct_overlay,16.589327146171694,45.849999999999994,3.347350973834349,90.24593967517403,28.61513921113689,45.47387995562544,219.50812064965194,130.35665603248262,373.9532105073864
Karnali,Jajarkot,Tribeni nalagad Nagarpalika,28.9,82.5,7.15,3.63,0.2,207.76,445.93,50.68,13.51,34.78,8.35,0.9,2.67,direct_overlay,False,0,direct_overlay,21.05568445475638,79.9076923076923,3.6407820184930153,148.54785382830627,42.4502607420132,23.460756602914433,102.90429234338745,0.0,427.224969020947
Karnali,Dailekh,Chamunda bindrasaini Nagarpalika,28.95,81.6,6.06,2.84,0.14,81.29,383.69,55.06,15.42,31.15,9.510000000000002,3.47,2.67,direct_overlay,False,0,direct_overlay,16.473317865429234,31.265384615384615,3.1326254180602002,85.69419953596285,21.38797537033732,45.42738823288512,228.6116009280743,213.10768200963767,374.06572047641805
Karnali,Dailekh,Mahabu Gaunpalika,28.95,81.7,5.94,2.84,0.13,67.68,378.2,58.09,16.01,30.01,9.510000000000002,3.47,2.67,direct_overlay,False,0,direct_overlay,16.473317865429234,26.030769230769234,3.087802478851071,82.33364269141532,18.77066767802963,46.97956071518363,235.33271461716936,243.07585508656072,370.3094630692556
Karnali,Jajarkot,Barekot Gaunpalika,28.95,82.25,6.17,4.23,0.21,166.04,507.5,54.21,16.08,31.37,8.35,0.9,0.83,direct_overlay,False,0,direct_overlay,24.535962877030165,63.86153846153846,4.143468424158961,132.22430394431555,40.394265605479205,40.08859093013297,135.5513921113689,0.0,386.9856099490782
Karnali,Jajarkot,Tribeni nalagad Nagarpalika,28.95,82.5,7.03,3.48,0.23,196.16,531.18,52.75,11.69,35.51,8.35,0.9,0.83,direct_overlay,False,0,direct_overlay,20.185614849187935,75.44615384615385,4.336803069053707,138.29164733178655,41.04043133142959,31.611462499543894,123.4167053364269,0.0,407.5002607511037
Karnali,Dolpa,Thuli bheri Nagarpalika,28.95,82.85,6.76,4.23,0.23,159.05,469.73,52.82,14.18,30.88,8.35,0.9,2.67,direct_overlay,False,0,direct_overlay,24.535962877030165,61.17307692307693,3.8350963997639185,156.8338747099768,36.694030340888816,27.7093520308199,86.33225058004638,37.853352596823065,416.94336808541584
Karnali,Dolpa,Thuli bheri Nagarpalika,28.95,82.9,6.83,3.97,0.2,131.21,469.03,55.97,12.4,31.33,8.35,0.9,2.67,direct_overlay,False,0,direct_overlay,23.027842227378194,50.465384615384615,3.8293812709030095,149.93428074245944,30.516257997947527,28.141035860512098,100.13143851508113,108.58884592350081,415.8986932175607
Karnali,Dailekh,Naumule Gaunpalika,28.95,81.8,6.02,2.88,0.16,78.18,457.69,54.87,16.25,30.65,7.35,3.47,2.67,direct_overlay,False,0,direct_overlay,16.70533642691415,30.06923076923077,3.7367961833562853,85.76519721577725,20.880313760485453,54.40188919185327,228.4696055684455,218.92040744244153,352.347428155715
Karnali,Dailekh,Aathabis Nagarpalika,29.0,81.45,6.09,2.73,0.13,56.99,316.31,54.36,16.68,28.77,9.510000000000002,3.47,2.67,direct_overlay,False,0,direct_overlay,15.835266821345709,21.91923076923077,2.5825034428487115,83.182656612529,16.479512281367125,38.29641160855714,233.634686774942,269.3095843783464,391.32268390729166
Karnali,Dailekh,Thantikandh Gaunpalika,29.0,81.5,5.96,2.69,0.13,57.57,310.83,54.49,16.17,29.58,9.510000000000002,3.47,2.67,direct_overlay,False,0,direct_overlay,15.60324825986079,22.142307692307693,2.537762148337596,78.5155452436195,16.527921827592362,40.179184818440945,242.968909512761,268.7552950740675,386.7663727393729
Karnali,Dailekh,Thantikandh Gaunpalika,29.0,81.55,5.98,3.06,0.18,55.05,398.87,53.24,18.06,31.56,7.01,4.34,2.67,direct_overlay,False,0,direct_overlay,17.749419953596288,21.17307692307692,3.256562069643911,89.91856148491881,16.79759298590041,45.65660507398531,220.16287703016238,265.66756031144035,373.5110157209555
Karnali,Dailekh,Chamunda bindrasaini Nagarpalika,29.0,81.6,5.83,2.5,0.15,48.04,390.34,57.84,13.77,29.88,7.01,4.34,2.67,direct_overlay,False,0,direct_overlay,14.501160092807426,18.476923076923075,3.186919142238835,69.76508120649653,14.240527953774762,56.53477634213322,260.46983758700696,294.94595492927897,347.18584125203756
Karnali,Dailekh,Bhairabi Gaunpalika,29.0,81.65,5.91,2.37,0.13,59.67,397.22,57.84,16.18,27.46,9.74,2.89,2.67,direct_overlay,False,0,direct_overlay,13.747099767981439,22.95,3.2430906944717686,68.00690255220418,16.26699840487239,58.442646078487186,263.98619489559167,271.74286826421115,342.56879649006095
Karnali,Jajarkot,Tribeni nalagad Nagarpalika,29.0,82.55,6.58,4.09,0.21,165.84,451.37,57.29,12.34,31.26,8.35,0.9,2.67,direct_overlay,False,0,direct_overlay,23.723897911832946,63.784615384615385,3.685196734212079,144.3836426914153,38.799046091379616,30.300303060213412,111.23271461716939,13.750922253703402,410.6732665942835
Karnali,Dolpa,Tripurasundari Nagarpalika,29.0,82.65,6.69,4.31,0.22,157.2,480.29,58.73,12.38,29.62,8.35,0.9,2.67,direct_overlay,False,0,direct_overlay,25.0,60.46153846153845,3.92131320086563,156.82500000000002,36.89783173076923,28.969701606395056,86.34999999999997,35.519826682692354,413.89332211252395
Karnali,Dailekh,Aathabis Nagarpalika,29.05,81.5,6.1,3.21,0.15,49.73,346.24,56.38,15.15,29.95,7.01,4.34,2.67,direct_overlay,False,0,direct_overlay,18.619489559164734,19.126923076923074,2.8268660240015735,98.12470997679814,16.047698777440655,36.16933904665999,203.7505800464037,274.2538489983045,396.47019950708284
Karnali,Dolpa,Tripurasundari Nagarpalika,29.05,82.75,6.86,5.12,0.27,133.43,468.84,59.66,11.65,28.89,2.37,0.9,2.67,direct_overlay,False,0,direct_overlay,29.698375870069608,51.31923076923077,3.8278300216407626,194.88074245939677,32.210186150276634,21.851585951353215,10.238515081206458,89.19336857933254,431.1191619977252
Karnali,Kalikot,Kalika Gaunpalika,29.1,81.6,6.18,2.58,0.14,51.12,408.88,66.71,9.89,23.34,9.45,3.62,2.67,direct_overlay,False,0,direct_overlay,14.965197215777263,19.66153846153846,3.3382884123549075,80.90185614849187,14.983735588077813,50.06781684838636,238.19628770301625,286.436227516509,362.83588322690497
Karnali,Kalikot,Kalika Gaunpalika,29.1,81.65,6.43,2.85,0.15,33.04,438.69,63.73,10.35,26.5,9.45,3.62,2.67,direct_overlay,False,0,direct_overlay,16.531322505800464,12.707692307692307,3.5816712571316143,96.3941415313225,11.604896762894878,43.92686295243813,207.211716937355,325.12393206485365,377.69699165509974
Karnali,Kalikot,Mahawai Gaunpalika,29.1,81.75,6.53,3.5,0.17,51.4,390.69,60.43,10.88,28.95,7.289999999999999,3.62,2.67,direct_overlay,False,0,direct_overlay,20.301624129930396,19.769230769230766,3.1897767066692895,121.83004640371232,15.992206741923965,30.99855451907626,156.33990719257537,274.8892328049706,408.98349806383544
Karnali,Jumla,Tatopani Gaunpalika,29.1,82.1,6.19,4.49,0.21,60.16,526.63,60.15,11.4,27.71,7.57,2.89,0.83,direct_overlay,False,0,direct_overlay,26.044083526682137,23.138461538461538,4.2996547314577995,141.23706496519725,20.5201265058897,39.04217472011216,117.5258700696055,223.04455150756294,389.5179371773286
Karnali,Kalikot,Naraharinath Gaunpalika,29.15,81.55,6.36,2.94,0.15,38.0,402.2,62.23,9.8,27.61,7.289999999999999,3.62,2.67,direct_overlay,False,0,direct_overlay,17.053364269141532,14.615384615384615,3.2837497540822347,97.40881670533645,12.889599500267714,40.50733914912674,205.1823665893271,310.4140857219346,385.9722392591133
Karnali,Kalikot,Khandachakra Nagarpalika,29.15,81.6,6.34,3.22,0.16,43.73,462.33,64.05,9.9,26.3,7.289999999999999,3.62,2.67,direct_overlay,False,0,direct_overlay,18.677494199535964,16.819230769230767,3.77467932323431,106.0508120649652,14.568892646796359,43.346188019713985,187.8983758700696,291.1861791941817,379.1022249922921
Karnali,Kalikot,Tilagufa Nagarpalika,29.2,81.9,6.13,3.69,0.17,36.87,456.07,62.6,9.34,27.12,7.289999999999999,3.62,2.67,direct_overlay,False,0,direct_overlay,21.40371229698376,14.18076923076923,3.7235697422781815,113.88915313225057,14.518382440210601,41.50269828844884,172.22169373549886,291.7645210595886,383.5634701419538
Karnali,Jumla,Tatopani Gaunpalika,29.2,82.05,6.27,4.14,0.2,52.92,501.14,62.9,9.72,26.77,7.289999999999999,3.62,0.83,direct_overlay,False,0,direct_overlay,24.013921113689094,20.353846153846153,4.091542396222703,133.49338747099765,18.275437868106373,38.64109406781493,133.0132250580047,248.746236410182,390.4885523558878
Karnali,Jumla,Guthichaur Gaunpalika,29.2,82.3,5.91,5.39,0.26,53.65,525.47,60.72,9.82,29.05,1.32,3.62,0.83,direct_overlay,False,0,direct_overlay,31.264501160092806,20.634615384615383,4.290183946488294,154.66548723897913,21.21556566794574,36.86892826995201,90.66902552204175,215.0817731020213,394.7771935867162
Karnali,Kalikot,Raskot Nagarpalika,29.25,81.65,6.68,3.28,0.16,39.01,513.32,64.77,9.5,24.25,7.289999999999999,3.62,0.83,direct_overlay,False,0,direct_overlay,19.02552204176334,15.003846153846153,4.190985638402518,119.02366589327146,12.621310547920757,39.88707782668894,161.9526682134571,313.48599422630735,387.4732716594128
Karnali,Jumla,Tila Gaunpalika,29.25,82.0,6.14,3.45,0.17,43.54,475.48,60.0,10.83,29.82,7.289999999999999,3.62,2.67,direct_overlay,False,0,direct_overlay,20.011600928074248,16.746153846153845,3.882042101121385,106.82192575406032,15.308497456719614,45.78419553106415,186.35614849187937,282.7177041205604,373.2022468148248
Karnali,Jumla,Tatopani Gaunpalika,29.25,82.05,6.25,4.18,0.19,52.97,491.5,64.06,10.02,25.05,7.289999999999999,3.62,2.67,direct_overlay,False,0,direct_overlay,24.24593967517401,20.373076923076923,4.012836907338186,133.9588167053364,18.40742738265215,37.902489440841585,132.0823665893272,247.23495646863287,392.2759755531634
Karnali,Jumla,Tatopani Gaunpalika,29.25,82.1,6.2,4.04,0.19,39.49,462.84,61.24,9.84,27.38,7.289999999999999,3.62,2.67,direct_overlay,False,0,direct_overlay,23.4338747099768,15.188461538461539,3.7788432028329724,127.4802784222738,15.632049794752811,37.64034633207721,145.0394431554524,279.01302985008033,392.91036187637314
Karnali,Jumla,Guthichaur Gaunpalika,29.25,82.25,6.06,4.2,0.21,53.78,488.08,58.41,10.11,29.61,7.289999999999999,3.62,2.67,direct_overlay,False,0,direct_overlay,24.361948955916475,20.684615384615384,3.9849144206177445,126.73085846867748,18.853641799036232,40.63901669218818,146.53828306264504,242.12580140103512,385.65357960490456
Karnali,Jumla,Hima Gaunpalika,29.3,81.95,6.04,3.47,0.16,37.18,492.13,60.42,10.09,28.18,7.289999999999999,3.62,2.67,direct_overlay,False,0,direct_overlay,20.12761020881671,14.299999999999999,4.017980523313004,104.01948955916475,14.189027842227379,49.13898182880031,191.9610208816705,295.5356312064965,365.08366397430325
Karnali,Jumla,Sinja Gaunpalika,29.3,82.05,5.44,3.85,0.17,31.15,441.69,62.67,10.46,26.57,7.289999999999999,3.62,2.67,direct_overlay,False,0,direct_overlay,22.331786542923435,11.98076923076923,3.6061646665355105,92.63225058004642,12.58094145993218,49.93465622454745,214.73549883990717,313.9482202837765,363.15813193659517
Karnali,Jumla,Patrasi Gaunpalika,29.3,82.35,5.73,3.77,0.18,50.36,442.12,50.61,13.17,36.19,7.289999999999999,3.62,2.67,direct_overlay,False,0,direct_overlay,21.867749419953597,19.369230769230768,3.6096753885500683,101.48822505800466,17.059349868374085,46.11785709377996,197.02354988399068,262.6704440071167,372.39478583305254
Karnali,Kalikot,Palata Gaunpalika,29.35,81.8,6.85,3.53,0.17,45.67,466.24,60.24,8.3,31.56,7.289999999999999,3.62,2.67,direct_overlay,False,0,direct_overlay,20.475638051044083,17.565384615384616,3.8066024001573866,134.0130510440835,13.360277139478853,30.746383064023213,131.97389791183298,305.02482675296716,409.5937529850638
Karnali,Jumla,Sinja Gaunpalika,29.35,82.0,5.69,3.33,0.15,33.57,437.18,54.02,12.16,32.25,7.289999999999999,3.62,2.67,direct_overlay,False,0,direct_overlay,19.31554524361949,12.911538461538461,3.569342907731654,88.32998839907194,12.89137088390148,51.7429755099992,223.34002320185613,310.39380337932806,358.7819992658019
Karnali,Kalikot,Palata Gaunpalika,29.4,81.9,6.25,3.77,0.15,38.31,409.0,55.46,10.05,34.57,7.289999999999999,3.62,2.67,direct_overlay,False,0,direct_overlay,21.867749419953597,14.734615384615385,3.339268148731064,120.81931554524361,14.781841480010709,34.65413117054898,158.36136890951278,288.74791505387736,400.1370025672715
Karnali,Jumla,Kanakasundari Gaunpalika,29.4,82.0,6.17,4.08,0.2,49.17,359.13,53.07,11.89,34.05,7.289999999999999,3.62,2.67,direct_overlay,False,0,direct_overlay,23.66589327146172,18.911538461538463,2.9321060397403107,127.53549883990719,17.619141620560413,29.321936350213225,144.92900232018562,256.2608284445833,413.04091403248395
Karnali,Mugu,Khatyad Gaunpalika,29.5,81.8,7.2,3.78,0.16,62.69,342.5,55.55,8.61,35.92,7.57,2.89,2.67,direct_overlay,False,0,direct_overlay,21.925754060324824,24.11153846153846,2.7963309069447173,156.54988399071922,14.20449312868106,16.726638274379457,86.90023201856155,295.3585536766019,443.5215353760017
Karnali,Mugu,Khatyad Gaunpalika,29.5,81.85,7.2,4.65,0.16,106.58,343.82,39.74,9.01,52.48,7.57,2.89,2.67,direct_overlay,False,0,direct_overlay,26.972157772621813,40.99230769230769,2.807108007082431,192.58120649651974,23.13942530787078,13.888671609062515,14.837587006960518,193.05358022487957,450.3894147060687
Karnali,Mugu,Chhayanath rara Nagarpalika,29.5,82.15,6.48,4.0,0.12,272.75,272.81,33.64,8.73,60.25,10.510000000000002,0.9,3.34,direct_overlay,False,0,direct_overlay,23.201856148491878,104.90384615384615,2.2273490064922288,137.26218097447796,59.637073888988034,19.663096654149896,125.47563805104409,0.0,436.4153060969572
Karnali,Mugu,Khatyad Gaunpalika,29.55,81.95,7.22,3.54,0.11,148.68,264.3,40.57,9.93,51.13,10.510000000000002,0.9,3.34,direct_overlay,False,0,direct_overlay,20.533642691415317,57.184615384615384,2.157869368483179,147.30835266821347,30.430684722470108,13.486500206239945,105.38329466357305,109.56865992771726,451.3626695008993
Karnali,Mugu,Chhayanath rara Nagarpalika,29.6,82.15,6.1,4.18,0.1,222.07,179.97,42.04,5.1,53.54,10.510000000000002,0.9,3.34,direct_overlay,False,0,direct_overlay,24.24593967517401,85.41153846153846,1.4693596301396812,127.77610208816702,51.14941772264858,14.80379469578734,144.44779582366596,0.0,448.1748168361946
Karnali,Mugu,Khatyad Gaunpalika,29.6,81.8,7.29,4.03,0.14,117.09,380.78,38.78,9.97,51.29,10.510000000000002,0.9,2.67,direct_overlay,False,0,direct_overlay,23.375870069605572,45.034615384615385,3.108866810938422,170.48022041763343,23.89139977467428,16.328164868044663,59.039559164733134,184.4434725799795,444.4858410193319
Karnali,Mugu,Mugum karmarong Gaunpalika,29.6,82.3,6.69,4.52,0.13,174.28,209.91,38.92,4.67,56.93,10.510000000000002,0.9,3.34,direct_overlay,False,0,direct_overlay,26.218097447795824,67.03076923076922,1.7138038559905564,164.46612529002323,40.50729238800642,12.118886204648229,71.06774941995354,0.0,454.6722953847513
Karnali,Mugu,Soru Gaunpalika,29.6,82.05,7.27,4.03,0.11,185.85,270.34,35.92,7.63,56.94,10.510000000000002,0.9,3.34,direct_overlay,False,0,direct_overlay,23.375870069605572,71.48076923076923,2.2071827660830214,169.68544083526683,37.32392449357487,11.784015305741397,60.62911832946634,30.641064548567723,455.48268296010576
Karnali,Humla,Adanchuli Gaunpalika,29.65,81.85,7.51,4.23,0.11,195.55,304.43,37.01,9.88,54.57,10.510000000000002,0.9,2.67,direct_overlay,False,0,direct_overlay,24.535962877030165,75.21153846153847,2.4855095416092854,188.11722737819028,36.40307767044441,10.217660449051163,23.765545243619442,41.184760673411496,459.2732617132962
Karnali,Mugu,Soru Gaunpalika,29.65,81.95,7.59,3.79,0.12,204.29,279.19,29.65,8.39,64.64,10.510000000000002,0.9,3.34,direct_overlay,False,0,direct_overlay,21.983758700696058,78.57307692307691,2.279438323824513,171.53926914153135,37.25485444181688,9.521470844956726,56.9214617169373,31.431916641196704,460.9580405552047
Karnali,Humla,Sarkegad Gaunpalika,29.7,81.95,7.39,3.75,0.11,150.69,258.21,35.28,8.45,57.72,10.510000000000002,0.9,3.34,direct_overlay,False,0,direct_overlay,21.751740139211137,57.957692307692305,2.108147747393271,162.3332366589327,29.237311206050332,10.845303122000264,75.33352668213462,123.23278669072369,457.75436644475934
Karnali,Humla,Simkot Gaunpalika,29.95,81.85,6.9,3.79,0.17,157.91,286.01,39.06,9.6,52.96,8.35,0.9,2.67,direct_overlay,False,0,direct_overlay,21.983758700696058,60.73461538461538,2.335120007869368,145.75232018561488,34.94542544172764,17.149994753998776,108.49535962877025,57.87487869221849,442.49701269532295
Karnali,Humla,Namkha Gaunpalika,30.05,81.7,6.78,3.81,0.2,143.43,305.52,41.01,9.02,51.08,8.35,0.9,2.67,direct_overlay,False,0,direct_overlay,22.099767981438518,55.16538461538462,2.4944088136927007,142.01310904872392,32.964648804212025,19.599927306870235,115.97378190255216,80.55477119177232,436.56817591737405
