S.no,District,VDC,Demo,Organization,N_kg_ha,P2O5_kg_ha,K2O_kg_ha,ZnSO4_kg_ha,FYM_t_ha,N_source,N_methods,N_time,Variety,barcode,latitude,longitude,altitude,precision,Straw_wt_kg_ha,cob_wt_kg_ha,grain_yield_kg_ha,1000_grain_wt_gm,moisture%,Yield_kg_ha,Yield_t_ha,NUE_N,AE_N,PFPN,lat_fixed,lon_fixed,lat_key,lon_key,ph,om_pct,n_total_pct,p_olsen_mg_kg,k_exch_mg_kg,sand_pct,clay_pct,silt_pct,narc_dist,dsm_source,dsm_imputed,dsm_imputation_n_neighbors,dsm_imputation_method,farmer_id,OC,P_Olsen,Exch_K,yield_control_pooled,n_supply,p_supply,k_supply,n_rec_quefts,p_rec_quefts,k_rec_quefts,AE_pooled,NUE
93.0,Dang,Dhikpur,A1,,120.0,60.0,40.0,0.0,0.0,0,top dressing,V6 and V10,Hybrid,DA1-ETS119gR,28.026865809224546 82.37110865302384 542.0 5.0,28.026865809224542,82.37110865302384,542.0,5.0,17510.0,17283.0,10667.0,300.0,16.7,10.097,,,,28.026865809224542,82.37110865302384,28.026865809224542,82.37110865302384,6.69,1.9,0.1,124.86,463.94,42.62,24.43,35.52,Dang,direct_overlay,False,0.0,direct_overlay,FMR_012,11.020881670533642,48.02307692307692,3.787824119614401,5.632608695652174,69.13399071925754,26.950614737640546,57.522279033529095,261.7320185614849,149.41546125401575,344.7960847388596,37.203260869565206,84.14166666666667
107.0,Dang,Dhikpur,A2,,120.0,60.0,40.0,0.0,6.0,manure,top dressing,V6 and V10,Hybrid,DA2-IEC161rX,28.026923267170787 82.37107403576374 531.0 6.0,28.026923267170787,82.37107403576374,531.0,6.0,19700.0,15700.0,13000.0,280.0,17.4,12.202,,,,28.026923267170787,82.37107403576374,28.026923267170787,82.37107403576374,6.69,1.89,0.1,125.36,464.33,42.64,24.34,35.54,Dang,direct_overlay,False,0.0,direct_overlay,FMR_012,10.962877030162412,48.215384615384615,3.791008262836907,5.632608695652174,68.77012761020882,27.031299761288594,57.82390176794797,262.45974477958237,148.49161773324562,344.0661577215659,54.744927536231884,101.68333333333334
121.0,Dang,Dhikpur,A3,,120.0,60.0,40.0,20.0,0.0,0,top dressing,V6 and V10,Hybrid,DA3-VUB726gI,28.02693973761052 82.37100530415773 533.0 9.0,28.02693973761052,82.37100530415773,533.0,9.0,20667.0,11970.0,9000.0,266.0,17.4,8.448,,,,28.02693973761052,82.37100530415773,28.02693973761052,82.37100530415773,6.69,1.89,0.1,126.01,465.92,42.66,24.24,35.53,Dang,direct_overlay,False,0.0,direct_overlay,FMR_012,10.962877030162412,48.465384615384615,3.8039897698209715,5.632608695652174,68.77012761020882,27.156299761288594,58.02190750483991,262.45974477958237,147.0603677332456,343.58698383828744,23.46159420289855,70.4
135.0,Dang,Dhikpur,A4,,60.0,60.0,40.0,0.0,0.0,PCU,basal,planting,Hybrid,DA4-MFP180rM,28.026944096200168 82.37097638659179 530.0 8.0,28.026944096200168,82.37097638659179,530.0,8.0,21197.0,13117.0,11667.0,290.0,16.3,11.097,,,,28.026944096200168,82.37097638659179,28.026944096200168,82.37097638659179,6.69,1.89,0.1,126.28,466.61,42.67,24.21,35.52,Dang,direct_overlay,False,0.0,direct_overlay,FMR_012,10.962877030162412,48.56923076923077,3.809623253983867,5.632608695652174,68.77012761020882,27.20822283821167,58.10783452273641,262.45974477958237,146.46584850247635,343.3790404549778,91.07318840579708,184.95
149.0,Dang,Dhikpur,A5,,78.0,60.0,40.0,0.0,0.0,UDP,basal,planting,Hybrid,DA5-UGN541aJ,28.026997447013855 82.37090698443353 531.0 6.0,28.02699744701385,82.37090698443353,531.0,6.0,23097.0,10550.0,10000.0,275.0,17.0,9.432,,,,28.02699744701385,82.37090698443353,28.02699744701385,82.37090698443353,6.68,1.89,0.1,126.51,467.33,42.7,24.18,35.51,Dang,direct_overlay,False,0.0,direct_overlay,FMR_012,10.962877030162412,48.65769230769231,3.815501672240802,5.632608695652174,68.58375870069604,27.278737105122257,58.51903063328046,262.83248259860795,145.65846014635014,342.38394586746125,48.710144927536234,120.92307692307692
163.0,Dang,Dhikpur,B1,,120.0,60.0,40.0,0.0,0.0,0,top dressing,V6 and V10,OPV,DB1-LEE205wC,28.027029717341065 82.3708741273731 524.0 9.0,28.027029717341065,82.3708741273731,524.0,9.0,18437.0,14983.0,10000.0,310.0,16.6,9.591,,,,28.027029717341065,82.3708741273731,28.027029717341065,82.3708741273731,6.68,1.9,0.1,126.47,467.5,42.71,24.18,35.5,Dang,direct_overlay,False,0.0,direct_overlay,FMR_012,11.020881670533642,48.64230769230769,3.8168896321070234,5.632608695652174,68.94663573085846,27.28665268606104,58.28391211246623,262.10672853828305,145.5678267446011,342.9529326878317,32.986594202898544,79.925
177.0,Dang,Dhikpur,B2,,120.0,60.0,40.0,0.0,6.0,manure,top dressing,V6 and V10,OPV,DB2-NJV582uW,28.02703290246427 82.3708223272115 529.0 9.0,28.02703290246427,82.3708223272115,529.0,9.0,19367.0,10900.0,11667.0,300.0,16.6,11.057,,,,28.02703290246427,82.3708223272115,28.02703290246427,82.3708223272115,6.68,1.9,0.1,126.3,468.08,42.72,24.23,35.46,Dang,direct_overlay,False,0.0,direct_overlay,FMR_012,11.020881670533642,48.57692307692307,3.821625024591776,5.632608695652174,68.94663573085846,27.25396037836873,58.35622156492661,262.10672853828305,145.94215366767804,342.7779438128776,45.20326086956522,92.14166666666667
205.0,Dang,Dhikpur,B4,,60.0,60.0,40.0,0.0,0.0,PCU,basal,planting,OPV,DB4-ETV895lA,28.027059598825872 82.37078092060983 523.0 7.0,28.027059598825872,82.37078092060983,523.0,7.0,23067.0,10600.0,8333.0,295.0,17.0,7.86,,,,28.027059598825872,82.37078092060983,28.027059598825872,82.37078092060983,6.67,1.9,0.1,126.18,468.46,42.75,24.24,35.44,Dang,direct_overlay,False,0.0,direct_overlay,FMR_012,11.020881670533642,48.53076923076923,3.824727523116269,5.632608695652174,68.7592807424594,27.256920288238444,58.72449560653093,262.4814385150812,145.90826269966982,341.88672063219514,37.1231884057971,131.0
219.0,Dang,Dhikpur,B5,,78.0,60.0,40.0,0.0,0.0,UDP,basal,planting,OPV,DB5-XDZ224tO,28.027094090357423 82.37071017734706 527.0 8.0,28.027094090357423,82.37071017734706,527.0,8.0,20350.0,9933.0,6333.0,290.0,17.0,5.973,,,,28.027094090357423,82.37071017734706,28.027094090357423,82.37071017734706,6.67,1.91,0.1,125.91,469.25,42.8,24.27,35.39,Dang,direct_overlay,False,0.0,direct_overlay,FMR_012,11.078886310904872,48.426923076923075,3.831177454259295,5.632608695652174,69.12117169373549,27.220742135909333,58.567004428683646,261.757656612529,146.32250254383814,342.2678492825856,4.363991081382379,76.57692307692308
94.0,Dang,Dhikpur,A1,,120.0,60.0,40.0,0.0,0.0,0,top dressing,V6 and V10,Hybrid,DA1-WDN316cM,28.03020503371954 82.37675772048533 536.0 7.0,28.03020503371954,82.37675772048533,536.0,7.0,17510.0,10550.0,6000.0,270.0,17.4,5.632,,,,28.03020503371954,82.37675772048533,28.03020503371954,82.37675772048533,6.63,1.89,0.1,112.77,441.49,42.73,24.02,36.86,Dang,direct_overlay,False,0.0,direct_overlay,FMR_099,10.962877030162412,43.37307692307692,3.6045317725752506,5.632608695652174,67.65191415313224,24.7620913907728,56.80212088654754,264.69617169373555,174.47405357565142,346.538867454555,-0.005072463768122463,46.93333333333333
108.0,Dang,Dhikpur,A2,,120.0,60.0,40.0,0.0,6.0,manure,top dressing,V6 and V10,Hybrid,DA2-CEZ620wH,28.030160274356604 82.37680382095277 536.0 8.0,28.030160274356604,82.37680382095277,536.0,8.0,19700.0,13117.0,6667.0,290.0,18.0,6.212,,,,28.030160274356604,82.37680382095277,28.030160274356604,82.37680382095277,6.62,1.88,0.1,112.25,442.91,42.77,23.95,36.87,Dang,direct_overlay,False,0.0,direct_overlay,FMR_099,10.904872389791183,43.17307692307692,3.6161253196930945,5.632608695652174,67.10858468677495,24.66967303230412,57.5426948947549,265.7828306264501,175.5322437801178,344.74667835469313,4.828260869565211,51.766666666666666
122.0,Dang,Dhikpur,A3,,120.0,60.0,40.0,20.0,0.0,0,top dressing,V6 and V10,Hybrid,DA3-DXZ446sZ,28.030122010968626 82.37686073407531 538.0 6.0,28.030122010968626,82.37686073407531,538.0,6.0,20400.0,11970.0,12000.0,300.0,18.0,11.182,,,,28.030122010968626,82.37686073407531,28.030122010968626,82.37686073407531,6.62,1.88,0.1,112.12,446.82,42.82,23.75,36.83,Dang,direct_overlay,False,0.0,direct_overlay,FMR_099,10.904872389791183,43.12307692307692,3.6480483966161708,5.632608695652174,67.10858468677495,24.644673032304123,58.05068057364788,265.7828306264501,175.8184937801178,343.5173530117722,46.244927536231884,93.18333333333334
136.0,Dang,Dhikpur,A4,,60.0,60.0,40.0,0.0,0.0,PCU,basal,planting,Hybrid,DA4-RNR548zI,28.030079430900514 82.37690306268632 536.0 7.0,28.03007943090052,82.37690306268632,536.0,7.0,20863.0,15700.0,8833.0,275.0,17.6,8.271,,,,28.03007943090052,82.37690306268632,28.03007943090052,82.37690306268632,6.61,1.87,0.1,112.46,450.35,42.85,23.53,36.78,Dang,direct_overlay,False,0.0,direct_overlay,FMR_099,10.846867749419955,43.25384615384615,3.6768689750147554,5.632608695652174,66.56722737819027,24.717005878547205,59.08158000507482,266.86554524361947,174.9902826906345,341.02257638771897,43.97318840579711,137.85
150.0,Dang,Dhikpur,A5,,78.0,60.0,40.0,0.0,0.0,UDP,basal,planting,Hybrid,DA5-VMA939hU,28.03011618554592 82.37693273462355 539.0 9.0,28.03011618554592,82.37693273462355,539.0,9.0,23097.0,17283.0,7333.0,285.0,17.7,6.858,,,,28.03011618554592,82.37693273462355,28.03011618554592,82.37693273462355,6.61,1.87,0.1,111.89,452.57,42.91,23.47,36.77,Dang,direct_overlay,False,0.0,direct_overlay,FMR_099,10.846867749419955,43.034615384615385,3.694994097973637,5.632608695652174,66.56722737819027,24.607390493931824,59.372822611072955,266.86554524361947,176.2453788444806,340.3177692812034,15.710144927536222,87.92307692307692
164.0,Dang,Dhikpur,B1,,120.0,60.0,40.0,0.0,0.0,0,top dressing,V6 and V10,OPV,DB1-LVA955vR,28.03008563350886 82.37662989646196 535.0 8.0,28.03008563350886,82.37662989646196,535.0,8.0,18437.0,13267.0,8000.0,301.0,16.7,7.573,,,,28.03008563350886,82.37662989646196,28.03008563350886,82.37662989646196,6.65,1.9,0.1,113.38,428.96,42.53,24.54,37.02,Dang,direct_overlay,False,0.0,direct_overlay,FMR_099,11.020881670533642,43.607692307692304,3.502230965964981,5.632608695652174,68.38457076566125,24.846298300017843,54.360596860272075,263.2308584686775,173.50988446479568,352.4473555981416,16.169927536231885,63.108333333333334
178.0,Dang,Dhikpur,B2,,120.0,60.0,40.0,0.0,6.0,manure,top dressing,V6 and V10,OPV,DB2-DBX709tX,28.030072138644755 82.37666987814009 542.0 8.0,28.030072138644755,82.37666987814009,542.0,8.0,19367.0,10600.0,7667.0,290.0,16.8,7.248,,,,28.030072138644755,82.37666987814009,28.030072138644755,82.37666987814009,6.64,1.89,0.1,113.35,432.26,42.57,24.37,36.98,Dang,direct_overlay,False,0.0,direct_overlay,FMR_099,10.962877030162412,43.59615384615384,3.5291737163092654,5.632608695652174,67.838283062645,24.849264858111724,55.31718450320628,264.32343387470996,173.47591737462076,350.1324135022408,13.461594202898548,60.4
192.0,Dang,Dhikpur,B3,,120.0,60.0,40.0,20.0,0.0,0,top dressing,V6 and V10,OPV,DB3-NJV970iR,28.030052105896175 82.37671346403658 538.0 11.0,28.03005210589617,82.37671346403658,538.0,11.0,19700.0,10520.0,8667.0,310.0,17.4,8.135,,,,28.03005210589617,82.37671346403658,28.03005210589617,82.37671346403658,6.63,1.89,0.1,113.4,435.86,42.62,24.18,36.93,Dang,direct_overlay,False,0.0,direct_overlay,FMR_099,10.962877030162412,43.61538461538461,3.558565807593941,5.632608695652174,67.65191415313224,24.883245236926644,56.077764863554364,264.69617169373555,173.0868420371899,348.2918090301984,20.85326086956521,67.79166666666667
206.0,Dang,Dhikpur,B4,,60.0,60.0,40.0,0.0,0.0,PCU,basal,planting,OPV,DB4-ENR375jG,28.03005143534392 82.3767106141895 534.0 8.0,28.03005143534392,82.3767106141895,534.0,8.0,23070.0,10920.0,5000.0,290.0,16.6,4.739,,,,28.03005143534392,82.3767106141895,28.03005143534392,82.3767106141895,6.63,1.89,0.1,113.41,435.65,42.61,24.19,36.94,Dang,direct_overlay,False,0.0,direct_overlay,FMR_099,10.962877030162412,43.61923076923077,3.556851268935667,5.632608695652174,67.65191415313224,24.88516831384972,56.05074625523666,264.69617169373555,173.06482280642066,348.3571940623272,-14.893478260869575,78.98333333333333
220.0,Dang,Dhikpur,B5,,78.0,60.0,40.0,0.0,0.0,UDP,basal,planting,OPV,DB5-PRF163lO,28.03001916501671 82.37676157616079 539.0 8.0,28.03001916501671,82.37676157616079,539.0,8.0,20350.0,11650.0,6333.0,300.0,16.6,6.002,,,,28.03001916501671,82.37676157616079,28.03001916501671,82.37676157616079,6.63,1.88,0.1,113.58,439.87,42.66,23.95,36.88,Dang,direct_overlay,False,0.0,direct_overlay,FMR_099,10.904872389791183,43.684615384615384,3.591305331497147,5.632608695652174,67.29396751740138,24.901587854720685,56.84376194082393,265.41206496519726,172.87681906344815,346.4380961032061,4.735785953177249,76.94871794871794
97.0,Dang,Laxmipur,A1,,120.0,60.0,40.0,0.0,0.0,0,top dressing,V6 and V10,Hybrid,DA1-YVX535cP,27.97623605467379 82.46381275355816 548.0 6.0,27.97623605467379,82.46381275355816,548.0,6.0,17133.0,14733.0,14000.0,360.0,21.4,12.505,,,,27.97623605467379,82.46381275355816,27.97623605467379,82.46381275355816,6.75,2.06,0.1,155.3,351.43,46.52,22.21,32.1,Dang,direct_overlay,False,0.0,direct_overlay,FMR_026,11.948955916473318,59.73076923076923,2.8692396222703125,5.632608695652174,76.17459396751741,32.87129383812243,39.3691829197268,247.65081206496518,81.62368555349813,388.72657733426115,57.26992753623188,104.20833333333333
111.0,Dang,Laxmipur,A2,,120.0,60.0,40.0,0.0,6.0,manure,top dressing,V6 and V10,Hybrid,DA2-CNV855zD,27.97626094892621 82.46376128867269 541.0 9.0,27.97626094892621,82.46376128867269,541.0,9.0,18700.0,16233.0,15000.0,370.0,22.2,13.261,,,,27.97626094892621,82.46376128867269,27.97626094892621,82.46376128867269,6.75,2.05,0.1,154.21,347.67,46.61,22.24,32.07,Dang,direct_overlay,False,0.0,direct_overlay,FMR_026,11.890951276102086,59.31153846153846,2.838541215817431,5.632608695652174,75.8048143851508,32.64708666116366,39.108041136730236,248.3903712296984,84.19085772967607,389.3585404491128,63.56992753623187,110.50833333333334
125.0,Dang,Laxmipur,A3,,120.0,60.0,40.0,20.0,0.0,0,top dressing,V6 and V10,Hybrid,DA3-POI678rA,27.97634807880968 82.46366917155683 533.0 8.0,27.97634807880968,82.46366917155683,533.0,8.0,19333.0,13367.0,12333.0,338.0,20.3,11.17,,,,27.97634807880968,82.46366917155683,27.97634807880968,82.46366917155683,6.75,2.03,0.1,152.0,341.95,46.78,22.33,32.09,Dang,direct_overlay,False,0.0,direct_overlay,FMR_026,11.774941995359626,58.46153846153846,2.791840448554003,5.632608695652174,75.06525522041761,32.19290307647689,38.78341759502452,249.86948955916478,89.39125977433963,390.1441294200407,46.14492753623188,93.08333333333333
139.0,Dang,Laxmipur,A4,,60.0,60.0,40.0,0.0,0.0,PCU,basal,planting,Hybrid,DA4-KAP678cF,27.976401848718524 82.46342400088906 539.0 8.0,27.976401848718524,82.46342400088906,539.0,8.0,18000.0,12333.0,11067.0,340.0,20.0,10.061,,,,27.976401848718524,82.46342400088906,27.976401848718524,82.46342400088906,6.74,2.0,0.1,149.67,335.77,46.92,22.46,31.97,Dang,direct_overlay,False,0.0,direct_overlay,FMR_026,11.600928074245939,57.56538461538461,2.741384025181979,5.632608695652174,73.75870069605568,31.731300196323396,38.782250394293946,252.48259860788863,94.67661275209711,390.1469540458086,73.80652173913043,167.68333333333334
153.0,Dang,Laxmipur,A5,,78.0,60.0,40.0,0.0,0.0,UDP,basal,planting,Hybrid,DA5-IZD293aS,27.976348791271448 82.4636291898787 546.0 6.0,27.976348791271448,82.4636291898787,546.0,6.0,19333.0,11667.0,10333.0,310.0,19.5,9.453,,,,27.976348791271448,82.4636291898787,27.976348791271448,82.4636291898787,6.75,2.02,0.1,151.42,338.92,46.8,22.36,32.08,Dang,direct_overlay,False,0.0,direct_overlay,FMR_026,11.7169373549884,58.23846153846153,2.7671021050560696,5.632608695652174,74.69547563805105,32.066772822595034,38.599718193795816,250.6090487238979,90.83545118128686,390.5886819710141,48.979375696766986,121.1923076923077
167.0,Dang,Laxmipur,B1,,120.0,60.0,40.0,0.0,0.0,0,top dressing,V6 and V10,OPV,DB1-XCN716lR,27.97634107992053 82.46355844661593 548.0 8.0,27.97634107992053,82.46355844661593,548.0,8.0,20333.0,11723.0,10667.0,315.0,19.4,9.77,,,,27.97634107992053,82.46355844661593,27.97634107992053,82.46355844661593,6.75,2.02,0.1,150.5,333.49,46.83,22.42,32.04,Dang,direct_overlay,False,0.0,direct_overlay,FMR_026,11.7169373549884,57.88461538461538,2.7227690340350184,5.632608695652174,74.69547563805105,31.88984974567196,37.9812935809305,250.6090487238979,92.86122041205607,392.0852695341482,34.47826086956521,81.41666666666667
181.0,Dang,Laxmipur,B2,,120.0,60.0,40.0,0.0,6.0,manure,top dressing,V6 and V10,OPV,DB2-LCF375wD,27.9764004657045 82.4635253380984 547.0 8.0,27.9764004657045,82.4635253380984,547.0,8.0,20667.0,126767.0,11533.0,350.0,21.4,10.301,,,,27.9764004657045,82.4635253380984,27.9764004657045,82.4635253380984,6.75,2.01,0.1,149.74,333.86,46.87,22.44,32.07,Dang,direct_overlay,False,0.0,direct_overlay,FMR_026,11.658932714617167,57.59230769230769,2.725789887861499,5.632608695652174,74.32569605568445,31.729104107174727,38.18232004679237,251.3486078886311,94.70175797284938,391.59878548676244,38.903260869565216,85.84166666666667
195.0,Dang,Laxmipur,B3,,120.0,60.0,40.0,20.0,0.0,0,top dressing,V6 and V10,OPV,DB3-UUY256oO,27.976478207856417 82.46343615464866 536.0 7.0,27.976478207856417,82.46343615464866,536.0,7.0,18000.0,10333.0,10333.0,240.0,18.1,9.617,,,,27.976478207856417,82.46343615464866,27.976478207856417,82.46343615464866,6.75,2.0,0.1,149.04,336.2,46.93,22.46,32.05,Dang,direct_overlay,False,0.0,direct_overlay,FMR_026,11.600928074245939,57.32307692307692,2.744894747196537,5.632608695652174,73.95591647331786,31.579896930215952,38.611280549664066,252.0881670533643,96.41018014902735,390.560701069813,33.20326086956522,80.14166666666667
209.0,Dang,Laxmipur,B4,,60.0,60.0,40.0,0.0,0.0,PCU,basal,planting,OPV,DB4-TQQ704jH,27.97630616929382 82.46368325315416 549.0 7.0,27.97630616929382,82.46368325315416,549.0,7.0,16667.0,10000.0,9200.0,210.0,18.1,8.562,,,,27.97630616929382,82.46368325315416,27.97630616929382,82.46368325315416,6.75,2.03,0.1,152.64,342.51,46.73,22.31,32.06,Dang,direct_overlay,False,0.0,direct_overlay,FMR_026,11.774941995359626,58.7076923076923,2.7964125516427307,5.632608695652174,75.06525522041761,32.315979999553804,38.84693189200717,249.86948955916478,87.98202900510894,389.99042482134263,48.82318840579708,142.7
223.0,Dang,Laxmipur,B5,,78.0,60.0,40.0,0.0,0.0,UDP,basal,planting,OPV,DB5-VNG172tO,27.976494594477117 82.46347739361227 553.0 7.0,27.97649459447712,82.46347739361227,553.0,7.0,18867.0,10333.0,9250.0,200.0,18.9,8.525,,,,27.97649459447712,82.46347739361227,27.97649459447712,82.46347739361227,6.75,2.0,0.1,148.85,335.54,46.92,22.46,32.11,Dang,direct_overlay,False,0.0,direct_overlay,FMR_026,11.600928074245939,57.24999999999999,2.7395061971276804,5.632608695652174,73.95591647331786,31.54335846867749,38.535482081006194,252.0881670533643,96.82854553364275,390.744133363965,37.0819397993311,109.2948717948718
98.0,Dang,Laxmipur,A1,,120.0,60.0,40.0,0.0,0.0,0,top dressing,V6 and V10,Hybrid,DA1-URG604eH,27.990604690276086 82.51853006891906 605.0 8.0,27.990604690276086,82.51853006891906,605.0,8.0,17000.0,13837.0,13000.0,315.0,22.1,11.508,,,,27.990604690276086,82.51853006891906,27.990604690276086,82.51853006891906,6.71,2.1,0.11,178.51,516.47,48.36,19.56,31.66,Dang,direct_overlay,False,0.0,direct_overlay,FMR_145,12.180974477958237,68.6576923076923,4.216703718276608,5.632608695652174,76.8254060324826,37.517612105122254,58.227040479921584,246.3491879350348,28.423341396350196,343.0905620385898,48.961594202898546,95.9
112.0,Dang,Laxmipur,A2,,120.0,60.0,40.0,0.0,6.0,manure,top dressing,V6 and V10,Hybrid,DA2-FBK794fC,27.99057732336223 82.51858220435679 596.0 6.0,27.99057732336223,82.51858220435679,596.0,6.0,23000.0,16033.0,13500.0,380.0,22.6,11.874,,,,27.99057732336223,82.51858220435679,27.99057732336223,82.51858220435679,6.7,2.1,0.11,177.89,519.59,48.43,19.49,31.58,Dang,direct_overlay,False,0.0,direct_overlay,FMR_145,12.180974477958237,68.41923076923077,4.242176864056659,5.632608695652174,76.61832946635731,37.42843789041584,58.90604637793368,246.76334106728538,29.4443861547386,341.4473677654005,52.01159420289855,98.95
126.0,Dang,Laxmipur,A3,,120.0,60.0,40.0,20.0,0.0,0,top dressing,V6 and V10,Hybrid,DA3-WEI636gD,27.990593961440027 82.51861321739852 597.0 9.0,27.990593961440027,82.51861321739852,597.0,9.0,21000.0,16000.0,12367.0,290.0,22.9,11.835,,,,27.990593961440027,82.51861321739852,27.990593961440027,82.51861321739852,6.7,2.1,0.11,177.36,520.91,48.48,19.46,31.54,Dang,direct_overlay,False,0.0,direct_overlay,FMR_145,12.180974477958237,68.21538461538462,4.252953964194373,5.632608695652174,76.61832946635731,37.32651481349277,59.055695103311145,246.76334106728538,30.61140538550777,341.08521784998703,51.686594202898554,98.625
140.0,Dang,Laxmipur,A4,,60.0,60.0,40.0,0.0,0.0,PCU,basal,planting,Hybrid,DA4-ZTL304zQ,27.99054283183068 82.51862411387265 606.0 10.0,27.99054283183068,82.51862411387265,606.0,10.0,19000.0,9887.0,10000.0,205.0,19.6,9.136,,,,27.99054283183068,82.51862411387265,27.99054283183068,82.51862411387265,6.7,2.1,0.11,177.47,522.24,48.48,19.43,31.53,Dang,direct_overlay,False,0.0,direct_overlay,FMR_145,12.180974477958237,68.25769230769231,4.2638127090301,5.632608695652174,76.61832946635731,37.347668659646615,59.206477531153574,246.76334106728538,30.369193847046258,340.7203243746083,58.389855072463746,152.26666666666668
154.0,Dang,Laxmipur,A5,,78.0,60.0,40.0,0.0,0.0,UDP,basal,planting,Hybrid,DA5-GMN451bK,27.990547316148877 82.51865889877081 597.0 6.0,27.99054731614888,82.51865889877081,597.0,6.0,22667.0,8533.0,10000.0,215.0,19.0,9.205,,,,27.99054731614888,82.51865889877081,27.99054731614888,82.51865889877081,6.7,2.1,0.11,176.95,523.91,48.53,19.4,31.48,Dang,direct_overlay,False,0.0,direct_overlay,FMR_145,12.180974477958237,68.0576923076923,4.277447373598267,5.632608695652174,76.61832946635731,37.247668659646614,59.395805842805345,246.76334106728538,31.514193847046272,340.26214986041106,45.79988851727982,118.01282051282051
168.0,Dang,Laxmipur,B1,,120.0,60.0,40.0,0.0,0.0,0,top dressing,V6 and V10,OPV,DB1-WWJ504oZ,27.99053788650781 82.51870022155344 596.0 7.0,27.99053788650781,82.51870022155344,596.0,7.0,20667.0,12400.0,10567.0,312.0,18.8,9.75,,,,27.99053788650781,82.51870022155344,27.99053788650781,82.51870022155344,6.69,2.1,0.11,176.42,526.1,48.58,19.36,31.44,Dang,direct_overlay,False,0.0,direct_overlay,FMR_145,12.180974477958237,67.85384615384615,4.295327562463113,5.632608695652174,76.41125290023203,37.17537580314117,59.97544271976191,247.17749419953594,32.34194705403358,338.8594286181762,34.31159420289855,81.25
182.0,Dang,Laxmipur,B2,,120.0,60.0,40.0,0.0,6.0,manure,top dressing,V6 and V10,OPV,DB2-KBQ527gM,27.990504316985607 82.51872637309134 593.0 7.0,27.990504316985607,82.51872637309134,593.0,7.0,21333.0,13220.0,10023.0,300.0,21.2,8.975,,,,27.990504316985607,82.51872637309134,27.990504316985607,82.51872637309134,6.69,2.1,0.11,176.24,527.83,48.6,19.32,31.41,Dang,direct_overlay,False,0.0,direct_overlay,FMR_145,12.180974477958237,67.78461538461539,4.309452095219358,5.632608695652174,76.41125290023203,37.140760418525794,60.17266286023935,247.17749419953594,32.738293207879664,338.3821558782208,27.853260869565208,74.79166666666667
196.0,Dang,Laxmipur,B3,,120.0,60.0,40.0,20.0,0.0,0,top dressing,V6 and V10,OPV,DB3-JLM692kR,27.990487008355558 82.51874489709735 604.0 7.0,27.99048700835556,82.51874489709735,604.0,7.0,21667.0,9633.0,7033.0,290.0,19.5,6.434,,,,27.99048700835556,82.51874489709735,27.99048700835556,82.51874489709735,6.69,2.1,0.11,176.09,528.96,48.61,19.3,31.39,Dang,direct_overlay,False,0.0,direct_overlay,FMR_145,12.180974477958237,67.72692307692307,4.318677946094826,5.632608695652174,76.41125290023203,37.11191426467963,60.3014829519963,247.17749419953594,33.0685816694182,338.07041125616894,6.678260869565215,53.61666666666667
210.0,Dang,Laxmipur,B4,,60.0,60.0,40.0,0.0,0.0,PCU,basal,planting,OPV,DB4-WRH339wP,27.990461066365242 82.51876023598015 605.0 7.0,27.99046106636524,82.51876023598015,605.0,7.0,22000.0,7067.0,8833.0,211.0,18.9,8.141,,,,27.99046106636524,82.51876023598015,27.99046106636524,82.51876023598015,6.69,2.09,0.11,176.03,530.01,48.62,19.29,31.39,Dang,direct_overlay,False,0.0,direct_overlay,FMR_145,12.122969837587005,67.70384615384616,4.327250639386189,5.632608695652174,76.04738979118329,37.084906980635374,60.66549548551638,247.90522041763342,33.37781507172497,337.18950092505037,41.806521739130424,135.68333333333334
224.0,Dang,Laxmipur,B5,,78.0,60.0,40.0,0.0,0.0,UDP,basal,planting,OPV,DB5-THP769jD,27.990417229011655 82.51883508637547 611.0 7.0,27.99041722901165,82.51883508637547,611.0,7.0,22000.0,7040.0,7300.0,280.0,21.7,6.495,,,,27.99041722901165,82.51883508637547,27.99041722901165,82.51883508637547,6.68,2.09,0.11,175.29,534.06,48.67,19.22,31.33,Dang,direct_overlay,False,0.0,direct_overlay,FMR_145,12.122969837587005,67.41923076923077,4.360316742081447,5.632608695652174,75.8412993039443,36.971664108513295,61.46679232318318,248.3174013921114,34.67444595752277,335.25036257789674,11.056298773690074,83.26923076923077
95.0,Dang,Panchakule,A1,,120.0,60.0,40.0,0.0,0.0,0,top dressing,V6 and V10,Hybrid,DA1-ZID934gO,28.134162635542452 82.11803896352649 522.0 7.0,28.13416263554245,82.11803896352649,522.0,7.0,24233.0,19497.0,7493.0,343.0,19.1,6.889,,,,28.13416263554245,82.11803896352649,28.13416263554245,82.11803896352649,6.84,2.52,0.13,172.79,461.81,43.77,20.78,35.04,Dang,direct_overlay,False,0.0,direct_overlay,FMR_059,14.617169373549885,66.4576923076923,3.770433798937635,5.632608695652174,95.42088167053365,36.539927360342666,41.29814093367909,209.1582366589327,39.61783172407647,384.0584989404966,10.469927536231882,57.40833333333333
109.0,Dang,Panchakule,A2,,120.0,60.0,40.0,0.0,6.0,manure,top dressing,V6 and V10,Hybrid,DA2-NAA751qL,28.134349384345114 82.11804390884936 500.0 10.0,28.134349384345114,82.11804390884936,500.0,10.0,18700.0,17167.0,7297.0,380.0,19.0,6.716,,,,28.134349384345114,82.11804390884936,28.134349384345114,82.11804390884936,6.85,2.52,0.13,175.4,458.84,44.05,20.49,34.99,Dang,direct_overlay,False,0.0,direct_overlay,FMR_059,14.617169373549885,67.46153846153847,3.7461853236277785,5.632608695652174,95.66937354988399,36.99862015884348,40.78535965857154,208.66125290023203,34.36579918124216,385.2994296262569,9.028260869565214,55.96666666666667
123.0,Dang,Panchakule,A3,,120.0,60.0,40.0,20.0,0.0,0,top dressing,V6 and V10,Hybrid,DA3-LIS404mC,28.13441023696214 82.11811322718859 493.0 10.0,28.13441023696214,82.11811322718859,493.0,10.0,17833.0,14433.0,7890.0,319.0,18.6,7.298,,,,28.13441023696214,82.11811322718859,28.13441023696214,82.11811322718859,6.85,2.52,0.13,177.78,462.33,44.14,20.44,35.06,Dang,direct_overlay,False,0.0,direct_overlay,FMR_059,14.617169373549885,68.37692307692308,3.77467932323431,5.632608695652174,95.66937354988399,37.456312466535785,41.0955787005217,208.66125290023203,29.125222258165266,384.54869954473753,13.878260869565215,60.81666666666667
137.0,Dang,Panchakule,A4,,60.0,60.0,40.0,0.0,0.0,PCU,basal,planting,Hybrid,DA4-XSM440zA,28.13445889391005 82.11817977949977 501.0 6.0,28.13445889391005,82.11817977949977,501.0,6.0,17420.0,15703.0,11133.0,329.0,19.0,10.248,,,,28.13445889391005,82.11817977949977,28.13445889391005,82.11817977949977,6.85,2.52,0.13,180.09,467.05,44.22,20.38,35.12,Dang,direct_overlay,False,0.0,direct_overlay,FMR_059,14.617169373549885,69.26538461538462,3.8132156206964387,5.632608695652174,95.66937354988399,37.900543235766555,41.51512995496434,208.66125290023203,24.03877995047294,383.5333855089863,76.92318840579709,170.8
151.0,Dang,Panchakule,A5,,78.0,60.0,40.0,0.0,0.0,UDP,basal,planting,Hybrid,DA5-RTQ552nR,28.134530852548778 82.11823996156454 505.0 8.0,28.13453085254877,82.11823996156454,505.0,8.0,13900.0,12500.0,6927.0,344.0,18.8,6.391,,,,28.13453085254877,82.11823996156454,28.13453085254877,82.11823996156454,6.85,2.53,0.13,183.61,476.25,44.34,20.25,35.16,Dang,direct_overlay,False,0.0,direct_overlay,FMR_059,14.675174013921113,70.61923076923077,3.8883287428683846,5.632608695652174,96.04901392111367,38.59043397510263,42.18758082982455,207.90197215777266,16.13953098507492,381.90605439182457,9.72296544035674,81.93589743589743
165.0,Dang,Panchakule,B1,,120.0,60.0,40.0,0.0,0.0,0,top dressing,V6 and V10,OPV,DB1-EVX890dY,28.134468868374825 82.11838312447071 493.0 9.0,28.134468868374825,82.11838312447071,493.0,9.0,2233.0,17430.0,7383.0,325.0,20.4,6.679,,,,28.134468868374825,82.11838312447071,28.134468868374825,82.11838312447071,6.85,2.54,0.13,183.72,478.56,44.31,20.33,35.27,Dang,direct_overlay,False,0.0,direct_overlay,FMR_059,14.733178654292345,70.66153846153846,3.907188668109384,5.632608695652174,96.42865429234338,38.62455548366946,42.247182930302365,207.14269141531324,15.748839711984672,381.7618173086683,8.719927536231884,55.65833333333333
179.0,Dang,Panchakule,B2,,120.0,60.0,40.0,0.0,6.0,manure,top dressing,V6 and V10,OPV,DB2-HWY515pM,28.134450428187847 82.1184560470283 500.0 8.0,28.134450428187847,82.1184560470283,500.0,8.0,18050.0,18123.0,9643.0,346.0,19.9,8.778,,,,28.134450428187847,82.1184560470283,28.134450428187847,82.1184560470283,6.85,2.55,0.13,184.48,481.41,44.31,20.34,35.33,Dang,direct_overlay,False,0.0,direct_overlay,FMR_059,14.791183294663572,70.95384615384614,3.930457407043084,5.632608695652174,96.80829466357307,38.783676992236295,42.35388718870654,206.38341067285387,13.926898438894426,381.50359300333014,26.21159420289855,73.15
193.0,Dang,Panchakule,B3,,120.0,60.0,40.0,20.0,0.0,0,top dressing,V6 and V10,OPV,DB3-DGR736bF,28.1344320718199 82.1185202524066 496.0 7.0,28.1344320718199,82.1185202524066,496.0,7.0,20667.0,18617.0,7293.0,336.0,19.5,6.672,,,,28.1344320718199,82.1185202524066,28.1344320718199,82.1185202524066,6.85,2.56,0.13,185.23,484.15,44.32,20.35,35.38,Dang,direct_overlay,False,0.0,direct_overlay,FMR_059,14.849187935034804,71.24230769230769,3.952828054298642,5.632608695652174,97.18793503480278,38.940875423880065,42.45022154657924,205.62412993039445,12.126976396573252,381.2704638572782,8.661594202898545,55.6
207.0,Dang,Panchakule,B4,,60.0,60.0,40.0,0.0,0.0,PCU,basal,planting,OPV,DB4-WFE542xD,28.13432008959353 82.11855864152312 510.0 8.0,28.13432008959353,82.11855864152312,510.0,8.0,17033.0,13500.0,9100.0,352.0,19.7,8.304,,,,28.13432008959353,82.11855864152312,28.13432008959353,82.11855864152312,6.85,2.56,0.13,184.55,483.89,44.23,20.45,35.46,Dang,direct_overlay,False,0.0,direct_overlay,FMR_059,14.849187935034804,70.98076923076923,3.950705292150304,5.632608695652174,97.18793503480278,38.81010619311083,42.42742477367392,205.62412993039445,13.624284088880959,381.3256320477091,44.5231884057971,138.4
221.0,Dang,Panchakule,B5,,78.0,60.0,40.0,0.0,0.0,UDP,basal,planting,OPV,DB5-DMM863gJ,28.134298087097704 82.11848261766136 508.0 6.0,28.134298087097704,82.11848261766136,508.0,6.0,13333.0,11173.0,9580.0,341.0,19.7,8.742,,,,28.134298087097704,82.11848261766136,28.134298087097704,82.11848261766136,6.85,2.55,0.13,182.67,479.13,44.16,20.51,35.39,Dang,direct_overlay,False,0.0,direct_overlay,FMR_059,14.791183294663572,70.2576923076923,3.911842415896124,5.632608695652174,96.80829466357307,38.43560006915938,42.15329546275517,206.38341067285387,17.912379208125124,381.98902498013246,39.86399108138239,112.07692307692308
96.0,Dang,Purandhara,A1,,120.0,60.0,40.0,0.0,0.0,0,top dressing,V6 and V10,Hybrid,DA1-ZJK565jZ,28.13506666570902 82.12238506413996 516.0 11.0,28.13506666570902,82.12238506413996,516.0,11.0,5410.0,16523.0,7937.0,376.0,22.4,6.999,,,,28.13506666570902,82.12238506413996,28.13506666570902,82.12238506413996,6.85,2.6,0.14,184.68,468.71,42.81,20.92,36.05,Dang,direct_overlay,False,0.0,direct_overlay,FMR_021,15.081206496519721,71.03076923076924,3.826768640566594,5.632608695652174,98.70649651972155,38.88697684276281,40.54538913496621,202.5870069605569,12.74411515036579,385.8801582933818,11.386594202898545,58.325
110.0,Dang,Purandhara,A2,,120.0,60.0,40.0,0.0,6.0,manure,top dressing,V6 and V10,Hybrid,DA2-JWN262iI,28.135056104511023 82.1224589087069 507.0 6.0,28.135056104511023,82.1224589087069,507.0,6.0,20750.0,13707.0,12467.0,332.0,22.5,10.554,,,,28.135056104511023,82.1224589087069,28.135056104511023,82.1224589087069,6.85,2.6,0.14,184.45,465.57,42.7,21.05,36.07,Dang,direct_overlay,False,0.0,direct_overlay,FMR_021,15.081206496519721,70.94230769230768,3.801132205390517,5.632608695652174,98.70649651972155,38.842746073532034,40.273765909765565,202.5870069605569,13.250557458058214,386.53748649836734,41.01159420289855,87.95
124.0,Dang,Purandhara,A3,,120.0,60.0,40.0,20.0,0.0,0,top dressing,V6 and V10,Hybrid,DA3-UIC835fD,28.134994371794164 82.12250106967986 511.0 7.0,28.134994371794164,82.12250106967986,511.0,7.0,17000.0,18370.0,10400.0,280.0,26.4,8.698,,,,28.134994371794164,82.12250106967986,28.134994371794164,82.12250106967986,6.85,2.59,0.14,183.62,461.01,42.55,21.19,36.07,Dang,direct_overlay,False,0.0,direct_overlay,FMR_021,15.023201856148491,70.62307692307692,3.7639022230965957,5.632608695652174,98.32685614849186,38.67016302650366,40.0134399574728,203.3462877030163,15.226633346533111,387.1674753029158,25.544927536231885,72.48333333333333
138.0,Dang,Purandhara,A4,,60.0,60.0,40.0,0.0,0.0,PCU,basal,planting,Hybrid,DA4-ABK876zX,28.134966418147087 82.12254473939538 513.0 5.0,28.134966418147087,82.12254473939538,513.0,5.0,16667.0,15700.0,10733.0,339.0,16.9,10.136,,,,28.134966418147087,82.12254473939538,28.134966418147087,82.12254473939538,6.86,2.59,0.14,183.27,458.09,42.46,21.29,36.08,Dang,direct_overlay,False,0.0,direct_overlay,FMR_021,15.023201856148491,70.48846153846154,3.740061971276804,5.632608695652174,98.5822505800464,38.55789840264144,39.51902838444271,202.8354988399072,16.512063289755492,388.3639513096486,75.05652173913042,168.93333333333334
152.0,Dang,Purandhara,A5,,78.0,60.0,40.0,0.0,0.0,UDP,basal,planting,Hybrid,DA5-XRR798zG,28.13494827132672 82.12258304469287 508.0 6.0,28.13494827132672,82.12258304469287,508.0,6.0,16257.0,14920.0,8410.0,335.0,16.1,8.018,,,,28.13494827132672,82.12258304469287,28.13494827132672,82.12258304469287,6.86,2.59,0.14,183.07,455.85,42.39,21.37,36.08,Dang,direct_overlay,False,0.0,direct_overlay,FMR_021,15.023201856148491,70.41153846153846,3.721773558921896,5.632608695652174,98.5822505800464,38.519436864179895,39.325785520417845,202.8354988399072,16.952447905140207,388.8315990405888,30.58193979933111,102.79487179487181
166.0,Dang,Purandhara,B1,,120.0,60.0,40.0,0.0,0.0,0,top dressing,V6 and V10,OPV,DB1-FYK599zW,28.13490334432572 82.1226383652538 507.0 7.0,28.13490334432572,82.1226383652538,507.0,7.0,20747.0,14407.0,11353.0,387.0,21.1,10.179,,,,28.13490334432572,82.1226383652538,28.13490334432572,82.1226383652538,6.86,2.58,0.14,182.61,451.71,42.26,21.49,36.08,Dang,direct_overlay,False,0.0,direct_overlay,FMR_021,14.965197215777263,70.23461538461538,3.68797265394452,5.632608695652174,98.2016241299304,38.41818124219168,39.10014385351947,203.5967517401392,18.111824776905276,389.3776518744829,37.88659420289855,84.825
180.0,Dang,Purandhara,B2,,120.0,60.0,40.0,0.0,6.0,manure,top dressing,V6 and V10,OPV,DB2-BQG882dR,28.13485410064459 82.12264741770923 499.0 7.0,28.13485410064459,82.12264741770923,499.0,7.0,20900.0,14133.0,7850.0,321.0,26.7,6.539,,,,28.13485410064459,82.12264741770923,28.13485410064459,82.12264741770923,6.86,2.58,0.14,182.1,448.97,42.17,21.55,36.06,Dang,direct_overlay,False,0.0,direct_overlay,FMR_021,14.965197215777263,70.03846153846153,3.6656020066889634,5.632608695652174,98.2016241299304,38.320104319114755,38.862968687686,203.5967517401392,19.23480554613606,389.9516157757999,7.553260869565211,54.49166666666667
194.0,Dang,Purandhara,B3,,120.0,60.0,40.0,20.0,0.0,0,top dressing,V6 and V10,OPV,DB3-XXK190jV,28.134811017662287 82.12273333221674 510.0 6.0,28.134811017662287,82.12273333221674,510.0,6.0,17333.0,15417.0,12253.0,336.0,25.5,10.374,,,,28.134811017662287,82.12273333221674,28.134811017662287,82.12273333221674,6.86,2.57,0.14,181.84,443.9,42.02,21.71,36.05,Dang,direct_overlay,False,0.0,direct_overlay,FMR_021,14.907192575406032,69.93846153846154,3.624208144796379,5.632608695652174,97.82099767981438,38.25731023558808,38.55422206438214,204.35800464037123,19.953797802516494,390.6987826041952,39.51159420289855,86.45
208.0,Dang,Purandhara,B4,,60.0,60.0,40.0,0.0,0.0,PCU,basal,planting,OPV,DB4-ZMK877yE,28.134755571372807 82.12277247570455 509.0 6.0,28.134755571372807,82.12277247570455,509.0,6.0,19133.0,19183.0,10953.0,303.0,26.2,9.186,,,,28.134755571372807,82.12277247570455,28.134755571372807,82.12277247570455,6.86,2.57,0.14,181.44,439.86,41.9,21.81,36.03,Dang,direct_overlay,False,0.0,direct_overlay,FMR_021,14.907192575406032,69.78461538461538,3.591223686799134,5.632608695652174,97.82099767981438,38.180387158665,38.20333434836479,204.35800464037123,20.83456703328576,391.5479308769572,59.223188405797096,153.1
222.0,Dang,Purandhara,B5,,78.0,60.0,40.0,0.0,0.0,UDP,basal,planting,OPV,DB5-PDN577qA,28.134737885557115 82.12282486259937 508.0 5.0,28.134737885557115,82.12282486259937,508.0,5.0,14167.0,14463.0,7773.0,356.0,21.4,6.943,,,,28.134737885557115,82.12282486259937,28.134737885557115,82.12282486259937,6.86,2.57,0.14,182.62,441.31,41.93,21.81,36.01,Dang,direct_overlay,False,0.0,direct_overlay,FMR_021,14.907192575406032,70.23846153846154,3.603062168011016,5.632608695652174,97.82099767981438,38.40731023558807,38.32927177119279,204.35800464037123,18.236297802516592,391.2431623137134,16.79988851727981,89.01282051282051
100.0,Dang,Purandhara,A1,,120.0,60.0,40.0,0.0,0.0,0,top dressing,V6 and V10,Hybrid,DA1-SGW730uX,28.065422689542174 82.44525656104088 605.0 8.0,28.06542268954217,82.44525656104088,605.0,8.0,23083.0,12500.0,7083.0,350.0,23.5,6.158,,,,28.06542268954217,82.44525656104088,28.06542268954217,82.44525656104088,6.58,1.65,0.08,193.54,719.27,45.97,18.34,36.05,Dang,direct_overlay,False,0.0,direct_overlay,FMR_112,9.5707656612529,74.43846153846154,5.8724581939799325,5.632608695652174,58.24767981438515,40.00556777619133,106.2318636940053,283.5046403712297,0.0,226.91888986050716,4.378260869565216,51.31666666666667
114.0,Dang,Purandhara,A2,,120.0,60.0,40.0,0.0,6.0,manure,top dressing,V6 and V10,Hybrid,DA1-NTR273cV,28.06545692961663 82.44519621133804 604.0 7.0,28.06545692961663,82.44519621133804,604.0,7.0,24000.0,10500.0,6667.0,400.0,23.2,5.818,,,,28.06545692961663,82.44519621133804,28.06545692961663,82.44519621133804,6.59,1.65,0.08,192.59,714.49,45.88,18.39,36.03,Dang,direct_overlay,False,0.0,direct_overlay,FMR_112,9.5707656612529,74.07307692307693,5.833432028329726,5.632608695652174,58.41038283062644,39.8032793258076,104.97627238039813,283.1792343387471,2.2524517195029663,229.9574208394365,1.544927536231877,48.483333333333334
128.0,Dang,Purandhara,A3,,120.0,60.0,40.0,20.0,0.0,0,top dressing,V6 and V10,Hybrid,DA3-RUI391pO,28.06552461348474 82.4451123084873 602.0 6.0,28.06552461348474,82.4451123084873,602.0,6.0,25000.0,12417.0,8000.0,400.0,21.1,7.173,,,,28.06552461348474,82.4451123084873,28.06552461348474,82.4451123084873,6.59,1.65,0.08,190.88,706.88,45.73,18.48,36.02,Dang,direct_overlay,False,0.0,direct_overlay,FMR_112,9.5707656612529,73.41538461538461,5.771300413141844,5.632608695652174,58.41038283062644,39.474433171961444,103.85817495032236,283.1792343387471,6.017740181041471,232.66321662021986,12.836594202898548,59.775
142.0,Dang,Purandhara,A4,,60.0,60.0,40.0,0.0,0.0,PCU,basal,planting,Hybrid,DA4-OJN571uI,28.06553919799626 82.4450584128499 601.0 6.0,28.06553919799626,82.4450584128499,601.0,6.0,22750.0,10083.0,6167.0,350.0,22.9,5.403,,,,28.06553919799626,82.4450584128499,28.06553919799626,82.4450584128499,6.59,1.65,0.08,190.21,703.35,45.69,18.51,35.99,Dang,direct_overlay,False,0.0,direct_overlay,FMR_112,9.5707656612529,73.15769230769232,5.7424798347432615,5.632608695652174,58.41038283062644,39.345587018115296,103.33953054451851,283.1792343387471,7.493028642579861,233.9183360822652,-3.8268115942029133,90.05
156.0,Dang,Purandhara,A5,,78.0,60.0,40.0,0.0,0.0,UDP,basal,planting,Hybrid,DA5-HLZ325mO,28.0655768327415 82.4450409784913 607.0 6.0,28.0655768327415,82.4450409784913,607.0,6.0,20583.0,9583.0,5917.0,350.0,21.9,5.251,,,,28.0655768327415,82.4450409784913,28.0655768327415,82.4450409784913,6.59,1.65,0.08,189.43,700.64,45.63,18.54,36.01,Dang,direct_overlay,False,0.0,direct_overlay,FMR_112,9.5707656612529,72.8576923076923,5.720354121581743,5.632608695652174,58.41038283062644,39.19558701811529,102.94136444261243,283.1792343387471,9.210528642579925,234.88189804887793,-4.8924191750278725,67.32051282051282
170.0,Dang,Purandhara,B1,,120.0,60.0,40.0,0.0,0.0,0,top dressing,V6 and V10,OPV,DB1-PNZ474bN,28.06559036951512 82.44492002762854 616.0 8.0,28.06559036951512,82.44492002762854,616.0,8.0,16417.0,6850.0,4500.0,320.0,21.1,4.035,,,,28.06559036951512,82.44492002762854,28.06559036951512,82.44492002762854,6.58,1.65,0.08,188.3,684.38,45.56,18.58,36.07,Dang,direct_overlay,False,0.0,direct_overlay,FMR_112,9.5707656612529,72.42307692307692,5.587599842612629,5.632608695652174,58.24767981438515,38.99787546849902,101.07882001877368,283.5046403712297,11.474325885686246,239.38925555456768,-13.313405797101451,33.625
184.0,Dang,Purandhara,B2,,120.0,60.0,40.0,0.0,6.0,manure,top dressing,V6 and V10,OPV,DB2-WFI575eX,28.065625824965537 82.44497551582754 605.0 7.0,28.065625824965537,82.44497551582754,605.0,7.0,22500.0,8833.0,5600.0,400.0,19.4,5.129,,,,28.065625824965537,82.44497551582754,28.065625824965537,82.44497551582754,6.59,1.65,0.08,188.12,690.29,45.54,18.58,36.08,Dang,direct_overlay,False,0.0,direct_overlay,FMR_112,9.5707656612529,72.35384615384615,5.635851859138303,5.632608695652174,58.41038283062644,38.94366394119221,101.42069316780504,283.1792343387471,12.095047873349161,238.5619225339118,-4.19673913043479,42.74166666666667
198.0,Dang,Purandhara,B3,,120.0,60.0,40.0,20.0,0.0,0,top dressing,V6 and V10,OPV,DB3-EIO568pS,28.065627124160528 82.44491131044924 615.0 7.0,28.065627124160528,82.44491131044924,615.0,7.0,25750.0,7500.0,4500.0,350.0,21.2,4.03,,,,28.065627124160528,82.44491131044924,28.065627124160528,82.44491131044924,6.58,1.65,0.08,187.65,681.59,45.51,18.59,36.11,Dang,direct_overlay,False,0.0,direct_overlay,FMR_112,9.5707656612529,72.17307692307692,5.564820971867007,5.632608695652174,58.24767981438515,38.87287546849902,100.6667537575557,283.5046403712297,12.905575885686245,240.3864559067152,-13.355072463768119,33.583333333333336
212.0,Dang,Purandhara,B4,,60.0,60.0,40.0,0.0,0.0,PCU,basal,planting,OPV,DB4-CYR390jW,28.065703148022294 82.44487602263689 608.0 5.0,28.06570314802229,82.44487602263689,608.0,5.0,18533.0,5500.0,3333.0,300.0,19.6,3.045,,,,28.06570314802229,82.44487602263689,28.06570314802229,82.44487602263689,6.58,1.65,0.08,186.23,673.62,45.42,18.62,36.18,Dang,direct_overlay,False,0.0,direct_overlay,FMR_112,9.5707656612529,71.62692307692308,5.4997501475506585,5.632608695652174,58.24767981438515,38.5997985454221,99.48963257407628,283.5046403712297,16.032306654916994,243.2350891707354,-43.126811594202906,50.75
226.0,Dang,Purandhara,B5,,78.0,60.0,40.0,0.0,0.0,UDP,basal,planting,OPV,DB5-GEG169gX,28.06573638226837 82.44482967071235 617.0 5.0,28.06573638226837,82.44482967071235,617.0,5.0,15833.0,5250.0,3417.0,350.0,19.8,3.114,,,,28.06573638226837,82.44482967071235,28.06573638226837,82.44482967071235,6.58,1.65,0.08,185.45,666.14,45.38,18.64,36.22,Dang,direct_overlay,False,0.0,direct_overlay,FMR_112,9.5707656612529,71.32692307692307,5.438679913436945,5.632608695652174,58.24767981438515,38.44979854542209,98.3848814508108,283.5046403712297,17.74980665491706,245.90858688903788,-32.28985507246377,39.92307692307692
92.0,Dang,Shantinagar,A1,,120.0,60.0,40.0,0.0,0.0,0,top dressing,V6 and V10,Hybrid,DA1-IKP777zU,28.174101314507425 82.22785983234644 679.0 7.0,28.174101314507425,82.22785983234644,679.0,7.0,21667.0,16667.0,11000.0,338.0,31.3,8.588,,,,28.174101314507425,82.22785983234644,28.174101314507425,82.22785983234644,6.72,3.13,0.14,283.31,557.35,46.65,16.51,36.31,Dang,direct_overlay,False,0.0,direct_overlay,FMR_082,18.155452436194896,108.96538461538461,4.550467243753689,5.632608695652174,114.81508120649652,59.19003801534892,44.165063698690034,170.36983758700697,0.0,377.1205458491701,24.628260869565207,71.56666666666666
106.0,Dang,Shantinagar,A2,,120.0,60.0,40.0,0.0,6.0,manure,top dressing,V6 and V10,Hybrid,DA2-IOP357xJ,28.17401657346636 82.22791842184961 676.0 5.0,28.17401657346636,82.22791842184961,676.0,5.0,22333.0,15607.0,9333.0,349.0,30.5,7.371,,,,28.17401657346636,82.22791842184961,28.17401657346636,82.22791842184961,6.72,3.13,0.14,285.39,557.45,46.67,16.4,36.27,Dang,direct_overlay,False,0.0,direct_overlay,FMR_082,18.155452436194896,109.7653846153846,4.551283690733819,5.632608695652174,114.81508120649652,59.59003801534892,44.17298781525929,170.36983758700697,0.0,377.10136948707253,14.48659420289855,61.425
120.0,Dang,Shantinagar,A3,,120.0,60.0,40.0,20.0,0.0,0,top dressing,V6 and V10,Hybrid,DA3-ANY216pQ,28.17395940888673 82.2279879078269 698.0 5.0,28.17395940888673,82.2279879078269,698.0,5.0,2200.0,15667.0,9133.0,374.0,27.4,7.535,,,,28.17395940888673,82.2279879078269,28.17395940888673,82.2279879078269,6.72,3.14,0.14,287.05,556.76,46.66,16.31,36.22,Dang,direct_overlay,False,0.0,direct_overlay,FMR_082,18.213457076566126,110.40384615384616,4.545650206570922,5.632608695652174,115.18190255220418,59.924308227735146,43.99308597801285,169.63619489559164,0.0,377.5367319332089,15.853260869565215,62.791666666666664
134.0,Dang,Shantinagar,A4,,60.0,60.0,40.0,0.0,0.0,PCU,basal,planting,Hybrid,DA4-RJQ313uN,28.173989919014275 82.22806351259351 661.0 7.0,28.173989919014275,82.22806351259351,661.0,7.0,20000.0,16000.0,8817.0,300.0,29.8,7.033,,,,28.173989919014275,82.22806351259351,28.173989919014275,82.22806351259351,6.73,3.13,0.14,286.46,553.25,46.6,16.33,36.2,Dang,direct_overlay,False,0.0,direct_overlay,FMR_082,18.155452436194896,110.17692307692306,4.5169929175683645,5.632608695652174,115.12372389791183,59.749737785561294,43.59388180182652,169.75255220417634,0.0,378.5028060395798,23.339855072463767,117.21666666666667
148.0,Dang,Shantinagar,A5,,78.0,60.0,40.0,0.0,0.0,UDP,basal,planting,Hybrid,DA5-ZLC332vC,28.173939040862024 82.22806711681187 668.0 5.0,28.173939040862024,82.22806711681187,668.0,5.0,20350.0,16667.0,10433.0,384.0,29.3,8.382,,,,28.173939040862024,82.22806711681187,28.173939040862024,82.22806711681187,6.73,3.14,0.14,287.91,554.85,46.63,16.26,36.17,Dang,direct_overlay,False,0.0,direct_overlay,FMR_082,18.213457076566126,110.7346153846154,4.530056069250443,5.632608695652174,115.49153132250581,60.043476195787974,43.595860647774494,169.01693735498839,0.0,378.49801723238573,35.24860646599776,107.46153846153847
162.0,Dang,Shantinagar,B1,,120.0,60.0,40.0,0.0,0.0,0,top dressing,V6 and V10,OPV,DB1-HUC674zK,28.17383212968707 82.22785891033709 684.0 5.0,28.17383212968707,82.22785891033709,684.0,5.0,22667.0,16333.0,8700.0,365.0,28.4,7.079,,,,28.17383212968707,82.22785891033709,28.17383212968707,82.22785891033709,6.72,3.16,0.14,290.02,561.97,46.74,16.3,36.27,Dang,direct_overlay,False,0.0,direct_overlay,FMR_082,18.329466357308586,111.54615384615384,4.588187094235687,5.632608695652174,115.91554524361949,60.52554096019989,44.15410655990634,168.16890951276102,0.0,377.1470621250267,12.05326086956521,58.99166666666667
176.0,Dang,Shantinagar,B2,,120.0,60.0,40.0,0.0,6.0,manure,top dressing,V6 and V10,OPV,DB2-CKM329mH,28.173937113024294 82.22788564860821 671.0 7.0,28.17393711302429,82.22788564860821,671.0,7.0,22333.0,14667.0,7667.0,355.0,31.7,5.95,,,,28.17393711302429,82.22788564860821,28.17393711302429,82.22788564860821,6.72,3.15,0.14,287.21,560.7,46.74,16.31,36.26,Dang,direct_overlay,False,0.0,direct_overlay,FMR_082,18.271461716937353,110.46538461538461,4.577818217588039,5.632608695652174,115.54872389791181,59.97011690165982,44.17901226705064,168.90255220417637,0.0,377.0867903137374,2.6449275362318816,49.583333333333336
190.0,Dang,Shantinagar,B3,,120.0,60.0,40.0,20.0,0.0,0,top dressing,V6 and V10,OPV,DB3-GJE961yV,28.173975124955177 82.22797374241054 667.0 6.0,28.173975124955177,82.22797374241054,667.0,6.0,23000.0,15833.0,8667.0,360.0,33.8,6.52,,,,28.173975124955177,82.22797374241054,28.173975124955177,82.22797374241054,6.72,3.14,0.14,286.59,556.75,46.66,16.33,36.23,Dang,direct_overlay,False,0.0,direct_overlay,FMR_082,18.213457076566126,110.22692307692306,4.545568561872909,5.632608695652174,115.18190255220418,59.835846689273595,43.992295815537496,169.63619489559164,0.0,377.5386441263993,7.394927536231877,54.333333333333336
204.0,Dang,Shantinagar,B4,,60.0,60.0,40.0,0.0,0.0,PCU,basal,planting,OPV,DB4-JDV231xN,28.173940465785563 82.22799771465361 664.0 6.0,28.173940465785563,82.22799771465361,664.0,6.0,21000.0,18000.0,10000.0,375.0,32.0,7.727,,,,28.173940465785563,82.22799771465361,28.173940465785563,82.22799771465361,6.72,3.14,0.14,287.58,557.03,46.67,16.28,36.21,Dang,direct_overlay,False,0.0,direct_overlay,FMR_082,18.213457076566126,110.6076923076923,4.547854613417273,5.632608695652174,115.18190255220418,60.02623130465822,44.0144203648475,169.63619489559164,0.0,377.485102717069,34.90652173913043,128.78333333333333
218.0,Dang,Shantinagar,B5,,78.0,60.0,40.0,0.0,0.0,UDP,basal,planting,OPV,DB5-BNN524tL,28.173922528512776 82.2280532028526 667.0 22.0,28.173922528512776,82.2280532028526,667.0,22.0,20333.0,15067.0,9667.0,354.0,31.5,7.525,,,,28.173922528512776,82.2280532028526,28.173922528512776,82.2280532028526,6.73,3.14,0.14,288.31,555.85,46.65,16.24,36.17,Dang,direct_overlay,False,0.0,direct_overlay,FMR_082,18.213457076566126,110.88846153846154,4.538220539051741,5.632608695652174,115.49153132250581,60.12039927271105,43.67443298380724,169.01693735498839,0.0,378.30787217918646,24.26142697881828,96.47435897435898
91.0,Dang,Shantinagar,A1,,120.0,60.0,40.0,0.0,0.0,0,top dressing,V6 and V10,Hybrid,DA1-GTV987rO,28.15802989527583 82.22683170810342 590.0 7.0,28.15802989527583,82.22683170810342,590.0,7.0,21767.0,13667.0,9633.0,370.0,29.1,7.761,,,,28.15802989527583,82.22683170810342,28.15802989527583,82.22683170810342,6.62,3.05,0.15,286.83,641.52,47.41,16.34,36.19,Dang,direct_overlay,False,0.0,direct_overlay,FMR_158,17.691415313225058,110.31923076923076,5.237670666928978,5.632608695652174,108.87296983758701,60.1615092361235,54.9418057867721,182.25406032482599,0.0,351.0408299960115,17.736594202898548,64.675
105.0,Dang,Shantinagar,A2,,120.0,60.0,40.0,0.0,6.0,manure,top dressing,V6 and V10,Hybrid,DA2-NRA368cS,28.158026416786015 82.22684889100492 597.0 6.0,28.15802641678601,82.22684889100492,597.0,6.0,21000.0,14333.0,10000.0,385.0,31.0,7.841,,,,28.15802641678601,82.22684889100492,28.15802641678601,82.22684889100492,6.62,3.05,0.15,286.76,641.14,47.4,16.34,36.18,Dang,direct_overlay,False,0.0,direct_overlay,FMR_158,17.691415313225058,110.29230769230769,5.2345681684044845,5.632608695652174,108.87296983758701,60.148047697661966,54.909261382546234,182.25406032482599,0.0,351.1195874542381,18.403260869565216,65.34166666666667
119.0,Dang,Shantinagar,A3,,120.0,60.0,40.0,20.0,0.0,0,top dressing,V6 and V10,Hybrid,DA3-LNL266cO,28.15800340846181 82.22690479829907 591.0 5.0,28.15800340846181,82.22690479829907,591.0,5.0,22333.0,14667.0,10100.0,358.0,29.5,8.091,,,,28.15800340846181,82.22690479829907,28.15800340846181,82.22690479829907,6.62,3.04,0.15,286.38,639.47,47.36,16.32,36.14,Dang,direct_overlay,False,0.0,direct_overlay,FMR_158,17.633410672853827,110.14615384615384,5.220933503836317,5.632608695652174,108.51600928074245,60.05857112261288,54.92622694739664,182.9679814385151,0.0,351.07853078730017,20.48659420289854,67.425
133.0,Dang,Shantinagar,A4,,60.0,60.0,40.0,0.0,0.0,PCU,basal,planting,Hybrid,DA4-SPH383vH,28.157983417622745 82.22692240029573 592.0 8.0,28.157983417622745,82.22692240029573,592.0,8.0,20667.0,13333.0,9680.0,386.0,31.4,7.546,,,,28.157983417622745,82.22692240029573,28.157983417622745,82.22692240029573,6.61,3.04,0.15,286.09,638.44,47.35,16.31,36.13,Dang,direct_overlay,False,0.0,direct_overlay,FMR_158,17.633410672853827,110.03461538461538,5.212524099940979,5.632608695652174,108.21624129930395,60.04075780831697,55.129446982224366,183.5675174013921,0.0,350.58673830301706,31.889855072463767,125.76666666666667
147.0,Dang,Shantinagar,A5,,78.0,60.0,40.0,0.0,0.0,UDP,basal,planting,Hybrid,DA5-XQC654bE,28.15798853058368 82.22696028649807 589.0 7.0,28.15798853058368,82.22696028649807,589.0,7.0,21667.0,15000.0,10000.0,350.0,32.0,7.727,,,,28.15798853058368,82.22696028649807,28.15798853058368,82.22696028649807,6.61,3.04,0.15,286.15,638.24,47.31,16.31,36.1,Dang,direct_overlay,False,0.0,direct_overlay,FMR_158,17.633410672853827,110.05769230769229,5.21089120598072,5.632608695652174,108.21624129930395,60.052296269855425,55.112176934300614,183.5675174013921,0.0,350.62853181899254,26.851170568561873,99.06410256410257
161.0,Dang,Shantinagar,B1,,120.0,60.0,40.0,0.0,0.0,0,top dressing,V6 and V10,OPV,DB1-HGI987yI,28.157720561139286 82.22713169641793 596.0 7.0,28.15772056113929,82.22713169641793,596.0,7.0,22667.0,15333.0,9300.0,354.0,28.0,7.609,,,,28.15772056113929,82.22713169641793,28.15772056113929,82.22713169641793,6.61,3.03,0.15,282.99,627.77,47.17,16.21,36.01,Dang,direct_overlay,False,0.0,direct_overlay,FMR_158,17.575406032482597,108.8423076923077,5.125409207161125,5.632608695652174,107.8602668213457,59.42807945520257,54.366913028991206,184.2794663573086,0.0,352.4320704698413,16.46992753623188,63.40833333333333
175.0,Dang,Shantinagar,B2,,120.0,60.0,40.0,0.0,6.0,manure,top dressing,V6 and V10,OPV,DB2-SDY329dN,28.15769440960139 82.22725063562393 605.0 6.0,28.15769440960139,82.22725063562393,605.0,6.0,22000.0,14727.0,9667.0,344.0,27.3,7.986,,,,28.15769440960139,82.22725063562393,28.15769440960139,82.22725063562393,6.61,3.02,0.15,283.54,628.03,47.04,16.23,35.91,Dang,direct_overlay,False,0.0,direct_overlay,FMR_158,17.51740139211137,109.05384615384615,5.127531969309461,5.632608695652174,107.50429234338749,59.51732417901124,54.54925253858943,184.99141531322502,0.0,351.99080885661357,19.611594202898548,66.55
189.0,Dang,Shantinagar,B3,,120.0,60.0,40.0,20.0,0.0,0,top dressing,V6 and V10,OPV,DB3-AZP100mD,28.157677478156984 82.22728072665632 604.0 5.0,28.157677478156984,82.22728072665632,604.0,5.0,22667.0,13500.0,9333.0,378.0,25.0,7.955,,,,28.157677478156984,82.22728072665632,28.157677478156984,82.22728072665632,6.61,3.02,0.15,284.34,629.31,47.02,16.22,35.86,Dang,direct_overlay,False,0.0,direct_overlay,FMR_158,17.51740139211137,109.36153846153844,5.137982490655124,5.632608695652174,107.50429234338749,59.671170332857386,54.66043041743183,184.99141531322502,0.0,351.72175838981497,19.35326086956521,66.29166666666667
203.0,Dang,Shantinagar,B4,,60.0,60.0,40.0,0.0,0.0,PCU,basal,planting,OPV,DB4-AWC181lF,28.157659666612744 82.22734719514847 604.0 8.0,28.157659666612744,82.22734719514847,604.0,8.0,18667.0,13667.0,8333.0,360.0,24.8,7.121,,,,28.157659666612744,82.22734719514847,28.157659666612744,82.22734719514847,6.61,3.01,0.15,285.34,630.81,46.97,16.22,35.79,Dang,direct_overlay,False,0.0,direct_overlay,FMR_158,17.459396751740137,109.74615384615383,5.150229195357072,5.632608695652174,107.14831786542922,59.84695351820452,54.95219333611785,185.70336426914156,0.0,351.0156921265948,24.806521739130435,118.68333333333334
217.0,Dang,Shantinagar,B5,,78.0,60.0,40.0,0.0,0.0,UDP,basal,planting,OPV,DB5-BRD788bD,28.157635987736285 82.22738591954112 613.0 7.0,28.157635987736285,82.22738591954112,613.0,7.0,20000.0,14000.0,8667.0,356.0,31.3,6.766,,,,28.157635987736285,82.22738591954112,28.157635987736285,82.22738591954112,6.61,3.01,0.15,286.52,632.76,46.96,16.2,35.73,Dang,direct_overlay,False,0.0,direct_overlay,FMR_158,17.459396751740137,110.19999999999999,5.166149911469604,5.632608695652174,107.14831786542922,60.0738765951276,55.122065051857014,185.70336426914156,0.0,350.604602574506,14.530657748049046,86.74358974358974
99.0,Dang,Shreegau,A1,,120.0,60.0,40.0,0.0,0.0,0,top dressing,V6 and V10,Hybrid,DA1-UIS459xU,28.10815690085292 82.18256000429392 509.0 14.0,28.10815690085292,82.18256000429392,509.0,14.0,25733.0,18267.0,9750.0,335.0,17.3,9.163,,,,28.10815690085292,82.18256000429392,28.10815690085292,82.18256000429392,6.82,2.44,0.13,182.97,460.87,39.34,23.96,37.15,Dang,direct_overlay,False,0.0,direct_overlay,FMR_050,14.153132250580047,70.37307692307692,3.7627591973244146,5.632608695652174,91.91044083526684,38.47473567731572,42.89261145463886,216.17911832946632,17.464276494734996,380.19988027977394,29.419927536231885,76.35833333333333
113.0,Dang,Shreegau,A2,,120.0,60.0,40.0,0.0,6.0,manure,top dressing,V6 and V10,Hybrid,DA2-LPP883bL,28.10809789225459 82.18259076587856 535.0 29.0,28.10809789225459,82.18259076587856,535.0,29.0,23000.0,14133.0,8383.0,325.0,17.5,7.859,,,,28.10809789225459,82.18259076587856,28.10809789225459,82.18259076587856,6.82,2.44,0.13,182.51,462.69,39.18,23.98,37.27,Dang,direct_overlay,False,0.0,direct_overlay,FMR_050,14.153132250580047,70.19615384615383,3.7776185323627773,5.632608695652174,91.91044083526684,38.386274138854176,43.06199664535954,216.17911832946632,18.47716111011968,379.78996811822987,18.553260869565214,65.49166666666666
127.0,Dang,Shreegau,A3,,120.0,60.0,40.0,20.0,0.0,0,top dressing,V6 and V10,Hybrid,DA3-LUQ414tM,28.10819109901786 82.1827008202672 505.0 10.0,28.10819109901786,82.1827008202672,505.0,10.0,22917.0,15683.0,8433.0,320.0,17.1,7.945,,,,28.10819109901786,82.1827008202672,28.10819109901786,82.1827008202672,6.81,2.45,0.13,180.63,467.63,38.88,24.06,37.51,Dang,direct_overlay,False,0.0,direct_overlay,FMR_050,14.211136890951277,69.47307692307692,3.8179510131811916,5.632608695652174,92.04553364269141,38.078749163394605,43.626281880791375,215.90893271461718,21.998322079131775,378.4243978484849,19.269927536231883,66.20833333333333
141.0,Dang,Shreegau,A4,,60.0,60.0,40.0,0.0,0.0,PCU,basal,planting,Hybrid,DA4-EOV411nC,28.108129701577127 82.18275496736169 511.0 8.0,28.108129701577127,82.18275496736169,511.0,8.0,22367.0,14483.0,7533.0,323.0,17.4,7.071,,,,28.108129701577127,82.18275496736169,28.108129701577127,82.18275496736169,6.81,2.46,0.13,179.97,470.09,38.64,24.11,37.67,Dang,direct_overlay,False,0.0,direct_overlay,FMR_050,14.269141531322507,69.21923076923076,3.838035608892386,5.632608695652174,92.42122969837587,37.96546776280564,43.70152817197316,215.15754060324826,23.29539411587545,378.2423018238249,23.97318840579709,117.85
155.0,Dang,Shreegau,A5,,78.0,60.0,40.0,0.0,0.0,UDP,basal,planting,Hybrid,DA5-RWI394dL,28.1081129796803 82.18279100954533 509.0 7.0,28.1081129796803,82.18279100954533,509.0,7.0,21167.0,13383.0,7000.0,320.0,17.3,6.578,,,,28.1081129796803,82.18279100954533,28.1081129796803,82.18279100954533,6.81,2.46,0.13,179.49,471.66,38.5,24.14,37.76,Dang,direct_overlay,False,0.0,direct_overlay,FMR_050,14.269141531322507,69.03461538461539,3.850853826480425,5.632608695652174,92.42122969837587,37.87316007049795,43.84748192387174,215.15754060324826,24.35231719279844,377.8890937442304,12.12040133779264,84.33333333333333
169.0,Dang,Shreegau,B1,,120.0,60.0,40.0,0.0,0.0,0,top dressing,V6 and V10,OPV,DB1-JJT981pE,28.108062730170786 82.18287424184382 502.0 9.0,28.108062730170783,82.18287424184382,502.0,9.0,25067.0,15650.0,7883.0,330.0,16.7,7.462,,,,28.108062730170783,82.18287424184382,28.108062730170783,82.18287424184382,6.81,2.47,0.13,178.57,474.88,38.18,24.21,37.96,Dang,direct_overlay,False,0.0,direct_overlay,FMR_050,14.327146171693737,68.68076923076923,3.8771434192406056,5.632608695652174,92.79692575406033,37.709878669908974,43.99209432417888,214.40614849187935,26.221889229542246,377.5391317354871,15.244927536231877,62.18333333333333
183.0,Dang,Shreegau,B2,,120.0,60.0,40.0,0.0,6.0,manure,top dressing,V6 and V10,OPV,DB2-HLN680rG,28.10809080954641 82.18297063373029 502.0 9.0,28.10809080954641,82.18297063373029,502.0,9.0,22367.0,17550.0,8150.0,325.0,17.2,7.668,,,,28.10809080954641,82.18297063373029,28.10809080954641,82.18297063373029,6.81,2.48,0.14,176.98,479.42,37.88,24.28,38.2,Dang,direct_overlay,False,0.0,direct_overlay,FMR_050,14.385150812064966,68.06923076923076,3.9142101121385,5.632608695652174,93.17262180974477,37.41775111547385,44.25755205806521,213.65475638051046,29.566749727824437,376.8967240194822,16.96159420289855,63.9
197.0,Dang,Shreegau,B3,,120.0,60.0,40.0,20.0,0.0,0,top dressing,V6 and V10,OPV,DB3-RXH932fW,28.107989304699004 82.18300181441009 505.0 7.0,28.107989304699004,82.18300181441009,505.0,7.0,22200.0,17883.0,8550.0,311.0,17.4,8.025,,,,28.107989304699004,82.18300181441009,28.107989304699004,82.18300181441009,6.81,2.48,0.14,178.04,477.63,37.87,24.28,38.14,Dang,direct_overlay,False,0.0,direct_overlay,FMR_050,14.385150812064966,68.47692307692307,3.8995957111941757,5.632608695652174,93.17262180974477,37.621597269320006,44.09230860100472,213.65475638051046,27.232711266285936,377.29661318556856,19.93659420289855,66.875
211.0,Dang,Shreegau,B4,,60.0,60.0,40.0,0.0,0.0,PCU,basal,planting,OPV,DB4-PSP905hY,28.108028448186815 82.18311413191259 494.0 7.0,28.10802844818681,82.18311413191259,494.0,7.0,21933.0,11717.0,6767.0,312.0,17.3,6.359,,,,28.10802844818681,82.18311413191259,28.10802844818681,82.18311413191259,6.8,2.47,0.14,178.95,477.05,38.24,24.07,38.05,Dang,direct_overlay,False,0.0,direct_overlay,FMR_050,14.327146171693737,68.82692307692307,3.8948603187094237,5.632608695652174,92.55336426914154,37.82332232732465,44.4546172679865,214.89327146171692,24.922959352132796,376.4198262114727,12.106521739130427,105.98333333333333
225.0,Dang,Shreegau,B5,,78.0,60.0,40.0,0.0,0.0,UDP,basal,planting,OPV,DB5-BJO345iS,28.10786177404225 82.18312745913863 507.0 7.0,28.10786177404225,82.18312745913863,507.0,7.0,21333.0,16400.0,7817.0,310.0,17.3,7.346,,,,28.10786177404225,82.18312745913863,28.10786177404225,82.18312745913863,6.81,2.48,0.13,180.03,473.06,38.18,24.09,37.97,Dang,direct_overlay,False,0.0,direct_overlay,FMR_050,14.385150812064966,69.24230769230769,3.8622840842022423,5.632608695652174,93.17262180974477,38.004289577012315,43.67043005420785,213.65475638051046,22.85088434320899,378.317559268817,21.966555183946486,94.17948717948718
103.0,Dang,Shreegau,A1,,120.0,60.0,40.0,0.0,0.0,0,top dressing,V6 and V10,Hybrid,DA1-AGA843yG,28.111599013209343 82.18974279239774 527.0 8.0,28.111599013209343,82.18974279239774,527.0,8.0,24000.0,20400.0,10650.0,325.0,17.0,10.045,,,,28.111599013209343,82.18974279239774,28.111599013209343,82.18974279239774,6.82,2.45,0.14,206.9,494.92,41.57,22.77,37.49,Dang,direct_overlay,False,0.0,direct_overlay,FMR_115,14.211136890951277,79.57692307692308,4.040759394058626,5.632608695652174,92.2871229698376,43.09013497233625,45.899020504352784,215.4257540603248,0.0,372.9243703794662,36.76992753623188,83.70833333333333
117.0,Dang,Shreegau,A2,,120.0,60.0,40.0,0.0,6.0,manure,top dressing,V6 and V10,Hybrid,DA2-OHT852pM,28.111616699025035 82.18963835388422 521.0 8.0,28.111616699025035,82.18963835388422,521.0,8.0,24667.0,17100.0,8717.0,320.0,17.0,8.221,,,,28.111616699025035,82.18963835388422,28.111616699025035,82.18963835388422,6.82,2.45,0.14,207.69,493.89,41.6,22.98,37.42,Dang,direct_overlay,False,0.0,direct_overlay,FMR_115,14.211136890951277,79.88076923076923,4.032349990163289,5.632608695652174,92.2871229698376,43.24205804925933,45.80349801360786,215.4257540603248,0.0,373.155534807069,21.56992753623188,68.50833333333334
131.0,Dang,Shreegau,A3,,120.0,60.0,40.0,20.0,0.0,0,top dressing,V6 and V10,Hybrid,DA3-PDP580lR,28.111658105626702 82.1895098593086 530.0 8.0,28.111658105626702,82.1895098593086,530.0,8.0,23000.0,18783.0,9983.0,322.0,17.0,9.416,,,,28.111658105626702,82.1895098593086,28.111658105626702,82.1895098593086,6.82,2.46,0.14,208.57,492.14,41.68,23.19,37.32,Dang,direct_overlay,False,0.0,direct_overlay,FMR_115,14.269141531322507,80.21923076923076,4.018062168011016,5.632608695652174,92.66380510440837,43.42476503658754,45.48066991735837,214.67238979118326,0.0,373.93677879999274,31.528260869565216,78.46666666666667
145.0,Dang,Shreegau,A4,,60.0,60.0,40.0,0.0,0.0,PCU,basal,planting,Hybrid,DA4-KRJ478cM,28.111794143915176 82.18948588706553 514.0 7.0,28.111794143915176,82.18948588706553,514.0,7.0,21667.0,16667.0,9100.0,315.0,17.2,8.562,,,,28.111794143915176,82.18948588706553,28.111794143915176,82.18948588706553,6.84,2.46,0.14,208.07,488.25,41.92,23.09,37.23,Dang,direct_overlay,False,0.0,direct_overlay,FMR_115,14.269141531322507,80.02692307692307,3.9863023804839655,5.632608695652174,93.14895591647333,43.24570747813671,44.584022215742635,213.70208816705335,0.0,376.1066662379028,48.82318840579708,142.7
159.0,Dang,Shreegau,A5,,78.0,60.0,40.0,0.0,0.0,UDP,basal,planting,Hybrid,DA5-LIN945mS,28.111752863042057 82.18939930200577 528.0 9.0,28.111752863042057,82.18939930200577,528.0,9.0,17000.0,18217.0,8817.0,322.0,16.8,8.336,,,,28.111752863042057,82.18939930200577,28.111752863042057,82.18939930200577,6.83,2.46,0.14,207.8,487.21,41.8,23.19,37.2,Dang,direct_overlay,False,0.0,direct_overlay,FMR_115,14.269141531322507,79.92307692307692,3.9778113318906145,5.632608695652174,92.90638051044084,43.235485967338924,44.757062097153444,214.18723897911832,0.0,375.6879097248887,34.65886287625418,106.87179487179488
173.0,Dang,Shreegau,B1,,120.0,60.0,40.0,0.0,0.0,0,top dressing,V6 and V10,OPV,DB1-BVR382cM,28.111741631291807 82.18972804024816 543.0 58.0,28.111741631291807,82.18972804024816,543.0,58.0,17367.0,13483.0,7317.0,325.0,16.2,6.967,,,,28.111741631291807,82.18972804024816,28.111741631291807,82.18972804024816,6.83,2.46,0.14,206.27,490.27,41.71,22.75,37.46,Dang,direct_overlay,False,0.0,direct_overlay,FMR_115,14.269141531322507,79.33461538461539,4.002794609482589,5.632608695652174,92.90638051044084,42.94125519810816,45.038165953842125,214.18723897911832,0.0,375.0076383917021,11.119927536231877,58.05833333333333
187.0,Dang,Shreegau,B2,,120.0,60.0,40.0,0.0,6.0,manure,top dressing,V6 and V10,OPV,DB2-OQX527sJ,28.11190713196993 82.18970884568989 517.0 7.0,28.11190713196993,82.18970884568989,517.0,7.0,15767.0,14467.0,1717.0,318.0,16.4,6.761,,,,28.11190713196993,82.18970884568989,28.11190713196993,82.18970884568989,6.84,2.46,0.14,205.57,485.07,41.85,22.7,37.41,Dang,direct_overlay,False,0.0,direct_overlay,FMR_115,14.269141531322507,79.06538461538462,3.9603393665158366,5.632608695652174,93.14895591647333,42.76493824736748,44.29364394509018,213.70208816705335,0.0,376.8093816528817,9.403260869565214,56.34166666666667
201.0,Dang,Shreegau,B3,,120.0,60.0,40.0,20.0,0.0,0,top dressing,V6 and V10,OPV,DB3-PSB411nH,28.11188445892185 82.1896494179964 520.0 7.0,28.11188445892185,82.1896494179964,520.0,7.0,19667.0,14183.0,7267.0,313.0,17.1,6.846,,,,28.11188445892185,82.1896494179964,28.11188445892185,82.1896494179964,6.84,2.46,0.14,206.19,485.7,41.93,22.79,37.35,Dang,direct_overlay,False,0.0,direct_overlay,FMR_115,14.269141531322507,79.30384615384615,3.9654829824906543,5.632608695652174,93.14895591647333,42.88416901659825,44.35117171569113,213.70208816705335,0.0,376.6701644480275,10.111594202898548,57.05
215.0,Dang,Shreegau,B4,,60.0,60.0,40.0,0.0,0.0,PCU,basal,planting,OPV,DB4-GTI287dI,28.11193181667477 82.18958294950426 510.0 9.0,28.11193181667477,82.18958294950426,510.0,9.0,16467.0,15767.0,6967.0,320.0,17.0,6.571,,,,28.11193181667477,82.18958294950426,28.11193181667477,82.18958294950426,6.85,2.46,0.14,206.43,484.5,41.94,22.82,37.28,Dang,direct_overlay,False,0.0,direct_overlay,FMR_115,14.269141531322507,79.39615384615385,3.9556856187290963,5.632608695652174,93.3915313225058,42.88812187667322,43.975079377195485,213.2169373549884,0.0,377.580307907187,15.639855072463755,109.51666666666667
229.0,Dang,Shreegau,B5,,78.0,60.0,40.0,0.0,0.0,UDP,basal,planting,OPV,DB5-LMM364sE,28.11197309754789 82.18953676521778 525.0 9.0,28.11197309754789,82.18953676521778,525.0,9.0,18333.0,12933.0,7233.0,311.0,17.3,6.798,,,,28.11197309754789,82.18953676521778,28.11197309754789,82.18953676521778,6.85,2.46,0.14,206.44,483.51,41.92,22.82,37.23,Dang,direct_overlay,False,0.0,direct_overlay,FMR_115,14.269141531322507,79.39999999999999,3.947602793625811,5.632608695652174,93.3915313225058,42.89004495359629,43.88522317784889,213.2169373549884,0.0,377.79775990960565,14.940914158305459,87.15384615384616
102.0,Dang,,A1,,120.0,60.0,40.0,0.0,0.0,0,top dressing,V6 and V10,Hybrid,DA1-VDX386rE,28.21758239530027 82.38460016436875 1438.0 7.0,28.21758239530027,82.38460016436875,1438.0,7.0,33333.0,20667.0,14000.0,300.0,31.1,10.961,,,,28.21758239530027,82.38460016436875,28.21758239530027,82.38460016436875,6.62,3.29,0.15,196.67,541.44,46.39,17.72,33.63,Salyan,direct_overlay,False,0.0,direct_overlay,,19.083526682134572,75.64230769230768,4.420570529215031,5.632608695652174,117.44002320185615,43.21663934499375,43.34079361621821,165.1199535962877,0.0,379.11527944875195,44.403260869565216,91.34166666666667
116.0,Dang,,A2,,120.0,60.0,40.0,0.0,6.0,manure,top dressing,V6 and V10,Hybrid,DA2-FXM905cL,28.21762681938708 82.38461106084287 1442.0 7.0,28.21762681938708,82.38461106084287,1442.0,7.0,37333.0,20000.0,13667.0,320.0,32.1,10.545,,,,28.21762681938708,82.38461106084287,28.21762681938708,82.38461106084287,6.62,3.29,0.15,196.25,541.39,46.27,17.75,33.66,Salyan,direct_overlay,False,0.0,direct_overlay,,19.083526682134572,75.48076923076923,4.420162305724965,5.632608695652174,117.44002320185615,43.13587011422452,43.33679125274152,165.1199535962877,0.0,379.12496516836546,40.93659420289855,87.875
130.0,Dang,,A3,,120.0,60.0,40.0,20.0,0.0,0,top dressing,V6 and V10,Hybrid,DA3-WLG556iS,28.21763054933399 82.38454392179847 1441.0 8.0,28.21763054933399,82.38454392179847,1441.0,8.0,38000.0,20000.0,13333.0,290.0,29.2,10.727,,,,28.21763054933399,82.38454392179847,28.21763054933399,82.38454392179847,6.62,3.28,0.15,195.62,544.8,46.29,17.75,33.68,Salyan,direct_overlay,False,0.0,direct_overlay,,19.02552204176334,75.23846153846154,4.448003147747392,5.632608695652174,117.08306264501161,42.99831661609852,43.72880357385047,165.83387470997678,0.0,378.1762953512818,42.45326086956522,89.39166666666667
144.0,Dang,,A4,,60.0,60.0,40.0,0.0,0.0,PCU,basal,planting,Hybrid,DA4-CHF621sA,28.217670363374054 82.38450846634805 1442.0 6.0,28.21767036337405,82.38450846634805,1442.0,6.0,34000.0,17000.0,12667.0,390.0,30.2,10.047,,,,28.21767036337405,82.38450846634805,28.21767036337405,82.38450846634805,6.62,3.27,0.15,194.91,547.11,46.21,17.78,33.72,Salyan,direct_overlay,False,0.0,direct_overlay,,18.96751740139211,74.96538461538461,4.466863072988392,5.632608695652174,116.72610208816705,42.84537850258789,44.03442801607195,166.5477958236659,0.0,377.43668420110583,73.5731884057971,167.45
158.0,Dang,,A5,,78.0,60.0,40.0,0.0,0.0,UDP,basal,planting,Hybrid,DA5-SBF140uE,28.217680673114955 82.38449103198946 1443.0 7.0,28.217680673114955,82.38449103198946,1443.0,7.0,33667.0,13667.0,13000.0,340.0,26.5,10.858,,,,28.217680673114955,82.38449103198946,28.217680673114955,82.38449103198946,6.63,3.26,0.15,194.67,548.14,46.2,17.78,33.73,Salyan,direct_overlay,False,0.0,direct_overlay,,18.90951276102088,74.87307692307692,4.47527247688373,5.632608695652174,116.69060324825985,42.741460445297164,44.003115264047565,166.6187935034803,0.0,377.5124610610049,66.99219620958752,139.2051282051282
172.0,Dang,,B1,,120.0,60.0,40.0,0.0,0.0,0,top dressing,V6 and V10,OPV,DB1-UTP848eC,28.21768620517105 82.38448969088495 1440.0 4.0,28.21768620517105,82.38448969088495,1440.0,4.0,34000.0,18333.0,14333.0,340.0,30.0,11.402,,,,28.21768620517105,82.38448969088495,28.21768620517105,82.38448969088495,6.63,3.26,0.15,194.6,548.29,46.18,17.79,33.73,Salyan,direct_overlay,False,0.0,direct_overlay,,18.90951276102088,74.84615384615384,4.476497147353924,5.632608695652174,116.69060324825985,42.72799890683562,44.01515683607223,166.6187935034803,0.0,377.4833204567052,48.078260869565206,95.01666666666667
186.0,Dang,,B2,,120.0,60.0,40.0,0.0,6.0,manure,top dressing,V6 and V10,OPV,DB2-UEG379nC,28.217655150219798 82.3844676464796 1442.0 6.0,28.2176551502198,82.3844676464796,1442.0,6.0,33667.0,16667.0,13333.0,300.0,30.0,10.606,,,,28.2176551502198,82.3844676464796,28.2176551502198,82.3844676464796,6.63,3.26,0.15,194.72,548.98,46.27,17.76,33.71,Salyan,direct_overlay,False,0.0,direct_overlay,,18.90951276102088,74.8923076923077,4.48213063151682,5.632608695652174,116.69060324825985,42.75107582991255,44.07054806738575,166.6187935034803,0.0,377.3492736769265,41.44492753623187,88.38333333333334
200.0,Dang,,B3,,120.0,60.0,40.0,20.0,0.0,0,top dressing,V6 and V10,OPV,DB3-DJF219pC,28.217664705589414 82.38441048189998 1443.0 7.0,28.217664705589414,82.38441048189998,1443.0,7.0,34333.0,20667.0,14667.0,300.0,31.0,111.5,,,,28.217664705589414,82.38441048189998,28.217664705589414,82.38441048189998,6.63,3.25,0.15,194.17,552.04,46.28,17.77,33.73,Salyan,direct_overlay,False,0.0,direct_overlay,,18.85150812064965,74.68076923076923,4.507113909108793,5.632608695652174,116.33265661252898,42.62903383232197,44.4381747791842,167.33468677494204,0.0,376.4596170343742,882.2282608695652,929.1666666666666
214.0,Dang,,B4,,60.0,60.0,40.0,0.0,0.0,PCU,basal,planting,OPV,DB4-BEH146fE,28.217687462456524 82.3843732662499 1444.0 5.0,28.217687462456524,82.3843732662499,1444.0,5.0,36000.0,17667.0,12667.0,320.0,31.0,9.932,,,,28.217687462456524,82.3843732662499,28.217687462456524,82.3843732662499,6.63,3.24,0.15,193.7,554.31,46.24,17.78,33.76,Salyan,direct_overlay,False,0.0,direct_overlay,,18.793503480278424,74.5,4.5256472555577405,5.632608695652174,115.97470997679815,42.52237645011601,44.74406180767751,168.0505800464037,0.0,375.71937042542044,71.65652173913044,165.53333333333333
228.0,Dang,,B5,,78.0,60.0,40.0,0.0,0.0,UDP,basal,planting,OPV,DB5-JRG537gO,28.217669944278896 82.38431928679347 1440.0 6.0,28.217669944278896,82.38431928679347,1440.0,6.0,36667.0,14667.0,10000.0,340.0,30.0,7.955,,,,28.217669944278896,82.38431928679347,28.217669944278896,82.38431928679347,6.63,3.24,0.15,193.4,556.79,46.31,17.77,33.75,Salyan,direct_overlay,False,0.0,direct_overlay,,18.793503480278424,74.38461538461539,4.54589514066496,5.632608695652174,115.97470997679815,42.46468414242371,44.944248117293135,168.0505800464037,0.0,375.2349195561506,29.77424749163879,101.98717948717949
101.0,Dang,,A1,,120.0,60.0,40.0,0.0,0.0,0,top dressing,V6 and V10,Hybrid,DA1-NFY886uH,28.24857485946268 82.33078231103718 1481.0 5.0,28.24857485946268,82.33078231103718,1481.0,5.0,3833.0,20000.0,14000.0,330.0,26.5,10.742,,,,28.24857485946268,82.33078231103718,28.24857485946268,82.33078231103718,6.41,3.49,0.17,207.99,485.15,48.11,17.38,30.69,Salyan,direct_overlay,False,0.0,direct_overlay,,20.24361948955917,79.99615384615385,3.9609925240999404,5.632608695652174,117.35226218097449,46.48782706808852,40.943513176705316,165.29547563805102,0.0,384.9166981123731,42.57826086956523,89.51666666666667
115.0,Dang,,A2,,120.0,60.0,40.0,0.0,6.0,manure,top dressing,V6 and V10,Hybrid,DA2-FAO384vK,28.24862238485366 82.33084609732032 1474.0 6.0,28.24862238485366,82.33084609732032,1474.0,6.0,40000.0,20667.0,13333.0,325.0,26.5,10.742,,,,28.24862238485366,82.33084609732032,28.24862238485366,82.33084609732032,6.41,3.49,0.17,207.99,485.15,48.11,17.38,30.69,Salyan,direct_overlay,False,0.0,direct_overlay,,20.24361948955917,79.99615384615385,3.9609925240999404,5.632608695652174,117.35226218097449,46.48782706808852,40.943513176705316,165.29547563805102,0.0,384.9166981123731,42.57826086956523,89.51666666666667
129.0,Dang,,A3,,120.0,60.0,40.0,20.0,0.0,0,top dressing,V6 and V10,Hybrid,DA3-DNT153tI,28.2486729696393 82.33093955554068 1471.0 5.0,28.2486729696393,82.33093955554068,1471.0,5.0,38000.0,16000.0,9067.0,350.0,30.5,7.161,,,,28.2486729696393,82.33093955554068,28.2486729696393,82.33093955554068,6.41,3.49,0.17,207.99,485.15,48.11,17.38,30.69,Salyan,direct_overlay,False,0.0,direct_overlay,,20.24361948955917,79.99615384615385,3.9609925240999404,5.632608695652174,117.35226218097449,46.48782706808852,40.943513176705316,165.29547563805102,0.0,384.9166981123731,12.736594202898544,59.675
143.0,Dang,,A4,,60.0,60.0,40.0,0.0,0.0,PCU,basal,planting,Hybrid,DA4-CAU588oA,28.24870737735182 82.330974759534 1477.0 7.0,28.24870737735182,82.330974759534,1477.0,7.0,35000.0,13667.0,8433.0,400.0,31.0,6.613,,,,28.24870737735182,82.330974759534,28.24870737735182,82.330974759534,6.41,3.49,0.17,207.99,485.15,48.11,17.38,30.69,Salyan,direct_overlay,False,0.0,direct_overlay,,20.24361948955917,79.99615384615385,3.9609925240999404,5.632608695652174,117.35226218097449,46.48782706808852,40.943513176705316,165.29547563805102,0.0,384.9166981123731,16.339855072463767,110.21666666666667
157.0,Dang,,A5,,78.0,60.0,40.0,0.0,0.0,UDP,basal,planting,Hybrid,DA5-SVN127lI,28.24842926580459 82.33088021166623 1484.0 5.0,28.24842926580459,82.33088021166623,1484.0,5.0,40000.0,16667.0,7933.0,450.0,31.2,6.202,,,,28.24842926580459,82.33088021166623,28.24842926580459,82.33088021166623,6.41,3.49,0.17,207.99,485.15,48.11,17.38,30.69,Salyan,direct_overlay,False,0.0,direct_overlay,,20.24361948955917,79.99615384615385,3.9609925240999404,5.632608695652174,117.35226218097449,46.48782706808852,40.943513176705316,165.29547563805102,0.0,384.9166981123731,7.299888517279815,79.51282051282051
171.0,Dang,,B1,,120.0,60.0,40.0,0.0,0.0,0,top dressing,V6 and V10,OPV,DB1-SRO605gY,28.248560442589223 82.33078214339912 1479.0 5.0,28.248560442589223,82.33078214339912,1479.0,5.0,38000.0,15000.0,8000.0,450.0,25.8,6.745,,,,28.248560442589223,82.33078214339912,28.248560442589223,82.33078214339912,6.41,3.49,0.17,207.99,485.15,48.11,17.38,30.69,Salyan,direct_overlay,False,0.0,direct_overlay,,20.24361948955917,79.99615384615385,3.9609925240999404,5.632608695652174,117.35226218097449,46.48782706808852,40.943513176705316,165.29547563805102,0.0,384.9166981123731,9.269927536231881,56.208333333333336
185.0,Dang,,B2,,120.0,60.0,40.0,0.0,6.0,manure,top dressing,V6 and V10,OPV,DB2-BGA783oA,28.248641160316765 82.33091575093567 1484.0 6.0,28.248641160316765,82.33091575093567,1484.0,6.0,40000.0,13333.0,6300.0,420.0,27.4,5.198,,,,28.248641160316765,82.33091575093567,28.248641160316765,82.33091575093567,6.41,3.49,0.17,207.99,485.15,48.11,17.38,30.69,Salyan,direct_overlay,False,0.0,direct_overlay,,20.24361948955917,79.99615384615385,3.9609925240999404,5.632608695652174,117.35226218097449,46.48782706808852,40.943513176705316,165.29547563805102,0.0,384.9166981123731,-3.6217391304347832,43.31666666666667
199.0,Dang,,B3,,120.0,60.0,40.0,20.0,0.0,0,top dressing,V6 and V10,OPV,DB3-HUD500yM,28.24866379145533 82.33086839318275 1481.0 5.0,28.24866379145533,82.33086839318275,1481.0,5.0,37000.0,13000.0,5933.0,430.0,27.3,4.902,,,,28.24866379145533,82.33086839318275,28.24866379145533,82.33086839318275,6.41,3.49,0.17,207.99,485.15,48.11,17.38,30.69,Salyan,direct_overlay,False,0.0,direct_overlay,,20.24361948955917,79.99615384615385,3.9609925240999404,5.632608695652174,117.35226218097449,46.48782706808852,40.943513176705316,165.29547563805102,0.0,384.9166981123731,-6.088405797101452,40.85
213.0,Dang,,B4,,60.0,60.0,40.0,0.0,0.0,PCU,basal,planting,OPV,DB4-QNR384cY,28.248787466436625 82.33105790801346 1485.0 5.0,28.248787466436625,82.33105790801346,1485.0,5.0,40000.0,15000.0,7833.0,300.0,28.9,6.329,,,,28.248787466436625,82.33105790801346,28.248787466436625,82.33105790801346,6.41,3.49,0.17,207.99,485.15,48.11,17.38,30.69,Salyan,direct_overlay,False,0.0,direct_overlay,,20.24361948955917,79.99615384615385,3.9609925240999404,5.632608695652174,117.35226218097449,46.48782706808852,40.943513176705316,165.29547563805102,0.0,384.9166981123731,11.606521739130422,105.48333333333333
227.0,Dang,,B5,,78.0,60.0,40.0,0.0,0.0,UDP,basal,planting,OPV,DB5-LEJ456wT,28.248768816702068 82.33099672012031 1481.0 5.0,28.248768816702068,82.33099672012031,1481.0,5.0,41667.0,10000.0,8283.0,300.0,28.7,6.711,,,,28.248768816702068,82.33099672012031,28.248768816702068,82.33099672012031,6.41,3.49,0.17,207.99,485.15,48.11,17.38,30.69,Salyan,direct_overlay,False,0.0,direct_overlay,,20.24361948955917,79.99615384615385,3.9609925240999404,5.632608695652174,117.35226218097449,46.48782706808852,40.943513176705316,165.29547563805102,0.0,384.9166981123731,13.825529542920846,86.03846153846153
104.0,Dang,,A1,,120.0,60.0,40.0,0.0,0.0,0,top dressing,V6 and V10,Hybrid,DA1-QBL308bA,28.258837452158332 82.33735204674304 1141.0 7.0,28.25883745215833,82.33735204674304,1141.0,7.0,38333.0,14333.0,13333.0,330.0,28.3,10.864,,,,28.25883745215833,82.33735204674304,28.25883745215833,82.33735204674304,6.61,2.9,0.13,157.18,417.34,48.09,19.84,31.8,Salyan,direct_overlay,False,0.0,direct_overlay,,16.82134570765661,60.45384615384616,3.407359826873893,5.632608695652174,103.23259860788863,35.01903009548456,37.57413349632062,193.53480278422273,57.032105406701795,393.0705969389041,43.594927536231886,90.53333333333333
118.0,Dang,,A2,,120.0,60.0,40.0,0.0,6.0,manure,top dressing,V6 and V10,Hybrid,DA2-LDL292qB,28.258865447714925 82.33737727627158 1139.0 6.0,28.258865447714925,82.33737727627158,1139.0,6.0,39333.0,13667.0,14033.0,350.0,29.4,11.259,,,,28.258865447714925,82.33737727627158,28.258865447714925,82.33737727627158,6.61,2.9,0.13,157.6,417.21,48.08,19.86,31.75,Salyan,direct_overlay,False,0.0,direct_overlay,,16.82134570765661,60.61538461538461,3.4062984457997243,5.632608695652174,103.23259860788863,35.09979932625379,37.56242928068224,193.53480278422273,56.107297714394136,393.098921140749,46.88659420289855,93.825
132.0,Dang,,A3,,120.0,60.0,40.0,20.0,0.0,0,top dressing,V6 and V10,Hybrid,DA3-JQR102iQ,28.258859748020768 82.33739177696407 1127.0 8.0,28.258859748020768,82.33739177696407,1127.0,8.0,35000.0,13333.0,14000.0,320.0,29.1,11.28,,,,28.258859748020768,82.33739177696407,28.258859748020768,82.33739177696407,6.61,2.9,0.13,157.78,417.32,48.05,19.88,31.75,Salyan,direct_overlay,False,0.0,direct_overlay,,16.82134570765661,60.684615384615384,3.407196537477867,5.632608695652174,103.23259860788863,35.13441471086917,37.57233284776087,193.53480278422273,55.71095156054797,393.0749545084187,47.06159420289854,94.0
146.0,Dang,,A4,,60.0,60.0,40.0,0.0,0.0,PCU,basal,planting,Hybrid,DA4-RSR163rI,28.25888522900641 82.33749621547759 1132.0 5.0,28.25888522900641,82.33749621547759,1132.0,5.0,39667.0,13667.0,11667.0,350.0,30.1,9.267,,,,28.25888522900641,82.33749621547759,28.25888522900641,82.33749621547759,6.62,2.9,0.13,159.29,417.57,47.94,20.0,31.65,Salyan,direct_overlay,False,0.0,direct_overlay,,16.82134570765661,61.26538461538461,3.4092376549281918,5.632608695652174,103.51856148491879,35.38859137961806,37.395926452351624,192.96287703016242,52.80062870337318,393.501857985309,60.57318840579708,154.45
160.0,Dang,,A5,,78.0,60.0,40.0,0.0,0.0,UDP,basal,planting,Hybrid,DA5-VVR996aE,28.258952074684203 82.33756083995104 1116.0 5.0,28.258952074684203,82.33756083995104,1116.0,5.0,37333.0,13333.0,15000.0,310.0,31.1,11.574,,,,28.258952074684203,82.33756083995104,28.258952074684203,82.33756083995104,6.62,2.9,0.13,160.55,417.29,47.99,20.02,31.5,Salyan,direct_overlay,False,0.0,direct_overlay,,16.82134570765661,61.75,3.4069516033838285,5.632608695652174,103.51856148491879,35.630899071925754,37.37085075388991,192.96287703016242,50.02620562645012,393.56254117558643,76.17168338907469,148.3846153846154
174.0,Dang,,B1,,120.0,60.0,40.0,0.0,0.0,0,top dressing,V6 and V10,OPV,DB1-OKQ274xH,28.25859274249524 82.33751515857875 1154.0 9.0,28.25859274249524,82.33751515857875,1154.0,9.0,33333.0,12000.0,13333.0,335.0,27.1,11.045,,,,28.25859274249524,82.33751515857875,28.25859274249524,82.33751515857875,6.62,2.9,0.14,158.03,420.09,47.4,20.32,32.07,Salyan,direct_overlay,False,0.0,direct_overlay,,16.82134570765661,60.78076923076923,3.429812118827464,5.632608695652174,103.51856148491879,35.14628368731037,37.621607738507066,192.96287703016242,55.575051780296235,392.9557092728129,45.10326086956522,92.04166666666667
188.0,Dang,,B2,,120.0,60.0,40.0,0.0,6.0,manure,top dressing,V6 and V10,OPV,DB2-KSK295lK,28.258693157695234 82.33759361319244 1145.0 5.0,28.25869315769524,82.33759361319244,1145.0,5.0,36000.0,12667.0,14000.0,356.0,28.1,11.439,,,,28.25869315769524,82.33759361319244,28.25869315769524,82.33759361319244,6.62,2.9,0.14,159.43,419.6,47.42,20.36,31.9,Salyan,direct_overlay,False,0.0,direct_overlay,,16.82134570765661,61.31923076923077,3.425811528624828,5.632608695652174,103.51856148491879,35.41551445654114,37.57772526619907,192.96287703016242,52.49235947260396,393.0619048557982,48.38659420289855,95.325
202.0,Dang,,B3,,120.0,60.0,40.0,20.0,0.0,0,top dressing,V6 and V10,OPV,DB3-WFV113dZ,28.258730750530958 82.33766242861748 1140.0 6.0,28.25873075053096,82.33766242861748,1140.0,6.0,34000.0,11000.0,13000.0,370.0,30.2,10.311,,,,28.25873075053096,82.33766242861748,28.25873075053096,82.33766242861748,6.63,2.9,0.14,159.91,419.88,47.44,20.35,31.83,Salyan,direct_overlay,False,0.0,direct_overlay,,16.82134570765661,61.50384615384615,3.4280975801691906,5.632608695652174,103.80452436194894,35.47102545511333,37.40278606591257,192.39095127610213,51.8567585389524,393.4852577204916,38.98659420289855,85.925
216.0,Dang,,B4,,60.0,60.0,40.0,0.0,0.0,PCU,basal,planting,OPV,DB4-NDC200nS,28.2589607918635 82.33757332898676 1134.0 7.0,28.2589607918635,82.33757332898676,1134.0,7.0,34667.0,10333.0,11667.0,360.0,30.1,19.267,,,,28.2589607918635,82.33757332898676,28.2589607918635,82.33757332898676,6.62,2.9,0.13,160.79,417.27,47.99,20.03,31.48,Salyan,direct_overlay,False,0.0,direct_overlay,,16.82134570765661,61.842307692307685,3.406788313987802,5.632608695652174,103.51856148491879,35.677052918079596,37.36905963257122,192.96287703016242,49.49774408798863,393.5668756891776,227.23985507246377,321.1166666666667
230.0,Dang,,B5,,78.0,60.0,40.0,0.0,0.0,UDP,basal,planting,OPV,DB5-EEW135nX,28.258966449648142 82.33764692209661 1134.0 7.0,28.258966449648145,82.33764692209661,1134.0,7.0,39333.0,10000.0,12667.0,350.0,29.9,10.09,,,,28.258966449648145,82.33764692209661,28.258966449648145,82.33764692209661,6.62,2.9,0.13,161.45,417.64,47.96,20.08,31.44,Salyan,direct_overlay,False,0.0,direct_overlay,,16.82134570765661,62.09615384615384,3.4098091678142826,5.632608695652174,103.51856148491879,35.80397599500267,37.40219537696706,192.96287703016242,48.04447485721939,393.48668718773973,57.14604236343366,129.35897435897436
232.0,Doti,Chhatiwan,A1,,120.0,60.0,40.0,0.0,0.0,0,top dressing,V6 and V10,Hybrid,DA1-YWG646uS,29.080055002123117 80.59002564288676 1160.0 5.0,29.08005500212312,80.59002564288676,1160.0,5.0,21711.0,12222.0,8888.0,322.0,28.7,7.456,,,,29.08005500212312,80.59002564288676,29.08005500212312,80.59002564288676,5.96,3.21,0.16,67.86,309.01,51.46,15.38,35.6,Doti,direct_overlay,False,0.0,direct_overlay,FMR_005,18.619489559164734,26.099999999999998,2.5229028132992326,5.8999999999999995,93.69327146171695,19.561607888631087,34.16318418988436,212.6134570765661,234.01958967517405,401.32509426047983,12.966666666666674,62.13333333333333
237.0,Doti,Chhatiwan,A2,,120.0,60.0,40.0,0.0,6.0,manure,top dressing,V6 and V10,Hybrid,DA2-IQR558cQ,29.080102150328457 80.58986630290747 1163.0 4.5,29.080102150328457,80.58986630290747,1163.0,4.5,20500.0,10555.0,7806.0,322.0,27.9,6.621,,,,29.080102150328457,80.58986630290747,29.080102150328457,80.58986630290747,5.99,3.23,0.16,67.43,308.61,51.47,15.48,35.42,Doti,direct_overlay,False,0.0,direct_overlay,FMR_005,18.73549883990719,25.934615384615388,2.5196370253787133,5.8999999999999995,95.23254060324825,19.52440441504551,33.529350272771325,209.5349187935035,234.44556944772893,402.8589723398934,6.008333333333342,55.175
242.0,Doti,Chhatiwan,A3,,120.0,60.0,40.0,20.0,0.0,0,top dressing,V6 and V10,Hybrid,DA3-ENC874mI,29.08013136126101 80.58982397429645 1158.0 4.5,29.08013136126101,80.58982397429645,1158.0,4.5,22222.0,11222.0,8666.0,327.0,28.9,7.24941,,,,29.08013136126101,80.58982397429645,29.08013136126101,80.58982397429645,6.0,3.23,0.16,67.34,308.44,51.52,15.51,35.34,Doti,direct_overlay,False,0.0,direct_overlay,FMR_005,18.73549883990719,25.900000000000002,2.5182490655124927,5.8999999999999995,95.55104408352666,19.507424593967517,33.37737090952347,208.89791183294668,234.6399883990719,403.22676239895316,11.245083333333339,60.41175
247.0,Doti,Chhatiwan,A4,,60.0,60.0,40.0,0.0,0.0,PCU,basal,planting,Hybrid,DA4-TTC799sJ,29.080242505297065 80.58977385051548 1154.0 5.0,29.080242505297065,80.58977385051548,1154.0,5.0,13503.0,11944.0,8222.0,324.0,29.0,6.867,,,,29.080242505297065,80.58977385051548,29.080242505297065,80.58977385051548,6.01,3.24,0.16,67.36,308.04,51.77,15.56,35.09,Doti,direct_overlay,False,0.0,direct_overlay,FMR_005,18.793503480278424,25.907692307692308,2.514983277591973,5.8999999999999995,96.16635730858468,19.531243485632697,33.10911314620866,207.66728538283064,234.36726208950563,403.8759461861751,16.116666666666678,114.45
252.0,Doti,Chhatiwan,A5,,78.0,60.0,40.0,0.0,0.0,UDP,basal,planting,Hybrid,DA5-ZLY869sR,29.080344010144472 80.58960730209947 1162.0 5.0,29.080344010144472,80.58960730209947,1162.0,5.0,14615.0,10981.0,8577.0,325.0,28.7,7.195,,,,29.080344010144472,80.58960730209947,29.080344010144472,80.58960730209947,6.04,3.27,0.16,66.19,307.41,51.74,15.67,34.9,Doti,direct_overlay,False,0.0,direct_overlay,FMR_005,18.96751740139211,25.457692307692305,2.509839661617155,5.8999999999999995,98.02412993039444,19.362166339461,32.37523693200565,203.95174013921113,236.30319541317152,405.6519266245464,16.602564102564113,92.24358974358974
257.0,Doti,Chhatiwan,B1,,120.0,60.0,40.0,0.0,0.0,0,top dressing,V6 and V10,OPV,DB1-QYC358kK,29.07993044704199 80.59021390043199 1160.0 3.5,29.07993044704199,80.59021390043199,1160.0,3.5,15000.0,7777.0,4333.0,290.0,22.5,3.95,,,,29.07993044704199,80.59021390043199,29.07993044704199,80.59021390043199,5.93,3.18,0.16,67.9,308.74,51.3,15.25,35.96,Doti,direct_overlay,False,0.0,direct_overlay,FMR_005,18.445475638051047,26.115384615384617,2.520698406452882,5.8999999999999995,91.87691415313225,19.497791785650545,34.82726710584587,216.2461716937355,234.75028405430126,399.718013603853,-16.249999999999993,32.916666666666664
262.0,Doti,Chhatiwan,B2,,120.0,60.0,40.0,0.0,6.0,manure,top dressing,V6 and V10,OPV,DB2-ZGZ385fU,29.079946749843657 80.59022915549576 1157.0 4.0,29.079946749843657,80.59022915549576,1157.0,4.0,16666.0,7777.0,4111.0,288.0,25.6,3.598,,,,29.079946749843657,80.59022915549576,29.079946749843657,80.59022915549576,5.93,3.18,0.16,68.02,308.84,51.35,15.25,35.93,Doti,direct_overlay,False,0.0,direct_overlay,FMR_005,18.445475638051047,26.16153846153846,2.521514853433011,5.8999999999999995,91.87691415313225,19.520868708727466,34.838547557716645,216.2461716937355,234.48605328507048,399.6907149103257,-19.18333333333333,29.983333333333334
267.0,Doti,Chhatiwan,B3,,120.0,60.0,40.0,20.0,0.0,0,top dressing,V6 and V10,OPV,DB3-TLA487wE,29.080043602734804 80.59025413356721 1165.0 5.0,29.080043602734804,80.59025413356721,1165.0,5.0,17222.0,6666.0,4377.0,292.0,25.0,3.862,,,,29.080043602734804,80.59025413356721,29.080043602734804,80.59025413356721,5.92,3.18,0.16,68.59,309.51,51.57,15.23,35.75,Doti,direct_overlay,False,0.0,direct_overlay,FMR_005,18.445475638051047,26.380769230769232,2.5269850481998812,5.8999999999999995,91.56334106728539,19.625642155987865,35.0499792178783,216.87331786542921,233.28639731393892,399.1790502927345,-16.983333333333327,32.18333333333333
272.0,Doti,Chhatiwan,B4,,60.0,60.0,40.0,0.0,0.0,PCU,basal,planting,OPV,DB4-DGF556zS,29.08000743482262 80.59020115993917 1154.0 5.0,29.08000743482262,80.59020115993917,1154.0,5.0,18444.0,6888.0,4116.0,290.0,25.0,3.976,,,,29.08000743482262,80.59020115993917,29.08000743482262,80.59020115993917,5.93,3.18,0.16,68.23,309.18,51.46,15.27,35.8,Doti,direct_overlay,False,0.0,direct_overlay,FMR_005,18.445475638051047,26.242307692307694,2.524290773165453,5.8999999999999995,91.87691415313225,19.561253324112084,34.876901094077304,216.2461716937355,234.02364943891664,399.5978993523329,-32.066666666666656,66.26666666666667
277.0,Doti,Chhatiwan,,,78.0,60.0,40.0,0.0,0.0,UDP,basal,planting,OPV,DB5-ADL983qB,29.080108646303415 80.59022806584835 1165.0 4.5,29.08010864630341,80.59022806584835,1165.0,4.5,15777.0,7888.0,3555.0,276.0,25.0,3.137,,,,29.08010864630341,80.59022806584835,29.08010864630341,80.59022806584835,5.93,3.18,0.16,68.82,309.86,51.69,15.25,35.61,Doti,direct_overlay,False,0.0,direct_overlay,FMR_005,18.445475638051047,26.469230769230766,2.529842612630336,5.8999999999999995,91.87691415313225,19.67471486257362,34.9536081667986,216.2461716937355,232.72451482353205,399.41226823634736,-35.42307692307692,40.217948717948715
233.0,Doti,Dipayal,A1,,120.0,60.0,40.0,0.0,0.0,0,top dressing,V6 and V10,Hybrid,DA1-HJP912dB,29.255790319293737 80.9320121537894 503.0 4.0,29.255790319293737,80.9320121537894,503.0,4.0,12922.0,9433.0,8777.0,315.0,24.8,7.765,,,,29.255790319293737,80.9320121537894,29.255790319293737,80.9320121537894,6.2,3.16,0.15,101.05,402.8,54.38,15.22,29.01,,direct_overlay_plus_nearest8,True,8.0,nearest_8_valid_mean,FMR_111,18.329466357308586,38.86538461538461,3.288648435963014,5.8999999999999995,99.71229698375872,25.71969926824915,40.89359250589732,200.57540603248256,163.50944337854722,385.0375061357285,15.541666666666668,64.70833333333333
238.0,Doti,Dipayal,A2,,120.0,60.0,40.0,0.0,6.0,manure,top dressing,V6 and V10,Hybrid,DA2-SYN368rW,29.255746020935476 80.9319225512445 497.0 4.5,29.25574602093548,80.9319225512445,497.0,4.5,11444.0,9888.0,9291.0,320.0,26.3,8.055,,,,29.25574602093548,80.9319225512445,29.25574602093548,80.9319225512445,6.2,3.16,0.15,101.05,402.8,54.38,15.22,29.01,,direct_overlay_plus_nearest8,True,8.0,nearest_8_valid_mean,FMR_111,18.329466357308586,38.86538461538461,3.288648435963014,5.8999999999999995,99.71229698375872,25.71969926824915,40.89359250589732,200.57540603248256,163.50944337854722,385.0375061357285,17.958333333333336,67.125
243.0,Doti,Dipayal,A3,,120.0,60.0,40.0,20.0,0.0,0,top dressing,V6 and V10,Hybrid,DA3-UJC714mR,29.255823763087392 80.93188734725118 513.0 5.0,29.255823763087392,80.93188734725118,513.0,5.0,16066.0,12444.0,10111.0,325.0,19.5,9.557,,,,29.255823763087392,80.93188734725118,29.255823763087392,80.93188734725118,6.2,3.16,0.15,101.05,402.8,54.38,15.22,29.01,,direct_overlay_plus_nearest8,True,8.0,nearest_8_valid_mean,FMR_111,18.329466357308586,38.86538461538461,3.288648435963014,5.8999999999999995,99.71229698375872,25.71969926824915,40.89359250589732,200.57540603248256,163.50944337854722,385.0375061357285,30.47500000000001,79.64166666666667
248.0,Doti,Dipayal,A4,,60.0,60.0,40.0,0.0,0.0,PCU,basal,planting,Hybrid,DA4-UCQ922sM,29.255790319293737 80.9320121537894 503.0 4.5,29.255790319293737,80.9320121537894,503.0,4.5,12444.0,10111.0,7888.0,327.0,27.2,6.556,,,,29.255790319293737,80.9320121537894,29.255790319293737,80.9320121537894,6.2,3.16,0.15,101.05,402.8,54.38,15.22,29.01,,direct_overlay_plus_nearest8,True,8.0,nearest_8_valid_mean,FMR_111,18.329466357308586,38.86538461538461,3.288648435963014,5.8999999999999995,99.71229698375872,25.71969926824915,40.89359250589732,200.57540603248256,163.50944337854722,385.0375061357285,10.933333333333342,109.26666666666667
253.0,Doti,Dipayal,A5,,78.0,60.0,40.0,0.0,0.0,UDP,basal,planting,Hybrid,DA5-SQK790uD,29.255746020935476 80.9319225512445 497.0 4.0,29.25574602093548,80.9319225512445,497.0,4.0,15733.0,11066.0,8777.0,278.0,22.6,7.992,,,,29.25574602093548,80.9319225512445,29.25574602093548,80.9319225512445,6.2,3.16,0.15,101.05,402.8,54.38,15.22,29.01,,direct_overlay_plus_nearest8,True,8.0,nearest_8_valid_mean,FMR_111,18.329466357308586,38.86538461538461,3.288648435963014,5.8999999999999995,99.71229698375872,25.71969926824915,40.89359250589732,200.57540603248256,163.50944337854722,385.0375061357285,26.820512820512825,102.46153846153847
258.0,Doti,Dipayal,B1,,120.0,60.0,40.0,0.0,0.0,0,top dressing,V6 and V10,OPV,DB1-VCD189xS,29.255880089476705 80.93197141773999 499.0 4.0,29.255880089476705,80.93197141773999,499.0,4.0,8888.0,5888.0,3666.0,289.0,17.9,3.541,,,,29.255880089476705,80.93197141773999,29.255880089476705,80.93197141773999,6.2,3.16,0.15,101.05,402.8,54.38,15.22,29.01,,direct_overlay_plus_nearest8,True,8.0,nearest_8_valid_mean,FMR_111,18.329466357308586,38.86538461538461,3.288648435963014,5.8999999999999995,99.71229698375872,25.71969926824915,40.89359250589732,200.57540603248256,163.50944337854722,385.0375061357285,-19.658333333333328,29.508333333333333
263.0,Doti,Dipayal,B2,,120.0,60.0,40.0,0.0,6.0,manure,top dressing,V6 and V10,OPV,DB2-NPJ120xT,29.255899409763515 80.9320605173707 512.0 4.5,29.255899409763515,80.9320605173707,512.0,4.5,9111.0,3666.0,4111.0,292.0,24.3,3.661,,,,29.255899409763515,80.9320605173707,29.255899409763515,80.9320605173707,6.2,3.16,0.15,101.05,402.8,54.38,15.22,29.01,,direct_overlay_plus_nearest8,True,8.0,nearest_8_valid_mean,FMR_111,18.329466357308586,38.86538461538461,3.288648435963014,5.8999999999999995,99.71229698375872,25.71969926824915,40.89359250589732,200.57540603248256,163.50944337854722,385.0375061357285,-18.658333333333328,30.508333333333333
268.0,Doti,Dipayal,B3,,120.0,60.0,40.0,20.0,0.0,0,top dressing,V6 and V10,OPV,DB3-KLE635tB,29.255880089476705 80.93197141773999 499.0 5.0,29.255880089476705,80.93197141773999,499.0,5.0,8111.0,4444.0,2777.0,298.0,21.5,2.565,,,,29.255880089476705,80.93197141773999,29.255880089476705,80.93197141773999,6.2,3.16,0.15,101.05,402.8,54.38,15.22,29.01,,direct_overlay_plus_nearest8,True,8.0,nearest_8_valid_mean,FMR_111,18.329466357308586,38.86538461538461,3.288648435963014,5.8999999999999995,99.71229698375872,25.71969926824915,40.89359250589732,200.57540603248256,163.50944337854722,385.0375061357285,-27.791666666666664,21.375
273.0,Doti,Dipayal,B4,,60.0,60.0,40.0,0.0,0.0,PCU,basal,planting,OPV,DB4-CXV795bK,29.255880089476705 80.93197141773999 499.0 4.5,29.255880089476705,80.93197141773999,499.0,4.5,5333.0,4555.0,2777.0,297.0,27.6,2.366,,,,29.255880089476705,80.93197141773999,29.255880089476705,80.93197141773999,6.2,3.16,0.15,101.05,402.8,54.38,15.22,29.01,,direct_overlay_plus_nearest8,True,8.0,nearest_8_valid_mean,FMR_111,18.329466357308586,38.86538461538461,3.288648435963014,5.8999999999999995,99.71229698375872,25.71969926824915,40.89359250589732,200.57540603248256,163.50944337854722,385.0375061357285,-58.89999999999999,39.43333333333333
278.0,Doti,Dipayal,,,78.0,60.0,40.0,0.0,0.0,UDP,basal,planting,OPV,DB5-LJY980yV,29.25589006394148 80.93186597339809 501.0 4.0,29.25589006394148,80.93186597339809,501.0,4.0,8888.0,6666.0,3888.0,300.0,27.3,3.326,,,,29.25589006394148,80.93186597339809,29.25589006394148,80.93186597339809,6.2,3.16,0.15,101.05,402.8,54.38,15.22,29.01,,direct_overlay_plus_nearest8,True,8.0,nearest_8_valid_mean,FMR_111,18.329466357308586,38.86538461538461,3.288648435963014,5.8999999999999995,99.71229698375872,25.71969926824915,40.89359250589732,200.57540603248256,163.50944337854722,385.0375061357285,-32.99999999999999,42.64102564102564
231.0,Doti,Ghanteshwor,A1,,120.0,60.0,40.0,0.0,0.0,0,top dressing,V6 and V10,Hybrid,DA1-JNI966yX,29.12981002125889 80.57959344238043 1885.0 3.5,29.12981002125889,80.57959344238043,1885.0,3.5,28078.0,17000.0,9000.0,338.0,22.4,8.216,,,,29.12981002125889,80.57959344238043,29.12981002125889,80.57959344238043,6.2,3.16,0.15,101.05,402.8,54.38,15.22,29.01,Doti,direct_overlay,False,0.0,direct_overlay,FMR_055,18.329466357308586,38.86538461538461,3.288648435963014,5.8999999999999995,99.71229698375872,25.71969926824915,40.89359250589732,200.57540603248256,163.50944337854722,385.0375061357285,19.3,68.46666666666667
236.0,Doti,Ghanteshwor,A2,,120.0,60.0,40.0,0.0,6.0,manure,top dressing,V6 and V10,Hybrid,DA2-YBI656vC,29.129989058710635 80.57948833331466 1875.0 4.0,29.129989058710635,80.57948833331466,1875.0,4.0,23888.0,16444.0,8777.0,342.0,20.8,8.178,,,,29.129989058710635,80.57948833331466,29.129989058710635,80.57948833331466,6.2,3.16,0.15,101.05,402.8,54.38,15.22,29.01,Doti,direct_overlay,False,0.0,direct_overlay,FMR_055,18.329466357308586,38.86538461538461,3.288648435963014,5.8999999999999995,99.71229698375872,25.71969926824915,40.89359250589732,200.57540603248256,163.50944337854722,385.0375061357285,18.983333333333345,68.15
241.0,Doti,Ghanteshwor,A3,,120.0,60.0,40.0,20.0,0.0,0,top dressing,V6 and V10,Hybrid,DA3-VAY646yI,29.12981580477208 80.57950903661549 1869.0 5.0,29.12981580477208,80.57950903661549,1869.0,5.0,21690.0,14222.0,8888.0,330.0,23.6,7.989,,,,29.12981580477208,80.57950903661549,29.12981580477208,80.57950903661549,6.2,3.16,0.15,101.05,402.8,54.38,15.22,29.01,Doti,direct_overlay,False,0.0,direct_overlay,FMR_055,18.329466357308586,38.86538461538461,3.288648435963014,5.8999999999999995,99.71229698375872,25.71969926824915,40.89359250589732,200.57540603248256,163.50944337854722,385.0375061357285,17.40833333333334,66.575
246.0,Doti,Ghanteshwor,A4,,60.0,60.0,40.0,0.0,0.0,PCU,basal,planting,Hybrid,DA4-QNV200hM,29.129920327104628 80.57955572381616 1877.0 4.5,29.129920327104628,80.57955572381616,1877.0,4.5,24808.0,15444.0,8666.0,332.0,24.5,7.698,,,,29.129920327104628,80.57955572381616,29.129920327104628,80.57955572381616,6.2,3.16,0.15,101.05,402.8,54.38,15.22,29.01,Doti,direct_overlay,False,0.0,direct_overlay,FMR_055,18.329466357308586,38.86538461538461,3.288648435963014,5.8999999999999995,99.71229698375872,25.71969926824915,40.89359250589732,200.57540603248256,163.50944337854722,385.0375061357285,29.966666666666683,128.3
251.0,Doti,Ghanteshwor,A5,,78.0,60.0,40.0,0.0,0.0,UDP,basal,planting,Hybrid,DA5-YXK216fM,29.130054521374404 80.57947584427893 1874.0 5.0,29.130054521374404,80.57947584427893,1874.0,5.0,22555.0,13666.0,8555.0,330.0,20.5,8.001,,,,29.130054521374404,80.57947584427893,29.130054521374404,80.57947584427893,6.2,3.16,0.15,101.05,402.8,54.38,15.22,29.01,Doti,direct_overlay,False,0.0,direct_overlay,FMR_055,18.329466357308586,38.86538461538461,3.288648435963014,5.8999999999999995,99.71229698375872,25.71969926824915,40.89359250589732,200.57540603248256,163.50944337854722,385.0375061357285,26.935897435897434,102.57692307692307
256.0,Doti,Ghanteshwor,B1,,120.0,60.0,40.0,0.0,0.0,0,top dressing,V6 and V10,OPV,DB1-RXN679dF,29.13013398181647 80.57939864695072 1875.0 4.5,29.13013398181647,80.57939864695072,1875.0,4.5,20555.0,6111.0,3444.0,286.0,20.5,3.221,,,,29.13013398181647,80.57939864695072,29.13013398181647,80.57939864695072,6.2,3.16,0.15,101.05,402.8,54.38,15.22,29.01,,direct_overlay_plus_nearest8,True,8.0,nearest_8_valid_mean,FMR_055,18.329466357308586,38.86538461538461,3.288648435963014,5.8999999999999995,99.71229698375872,25.71969926824915,40.89359250589732,200.57540603248256,163.50944337854722,385.0375061357285,-22.324999999999996,26.841666666666665
261.0,Doti,Ghanteshwor,B2,,120.0,60.0,40.0,0.0,6.0,manure,top dressing,V6 and V10,OPV,DB2-QSK782vO,29.129908047616482 80.57892037555575 1891.0 5.0,29.12990804761648,80.57892037555575,1891.0,5.0,17222.0,5000.0,4000.0,296.0,21.3,3.703,,,,29.12990804761648,80.57892037555575,29.12990804761648,80.57892037555575,6.2,3.16,0.15,101.05,402.8,54.38,15.22,29.01,Doti,direct_overlay,False,0.0,direct_overlay,FMR_055,18.329466357308586,38.86538461538461,3.288648435963014,5.8999999999999995,99.71229698375872,25.71969926824915,40.89359250589732,200.57540603248256,163.50944337854722,385.0375061357285,-18.30833333333333,30.858333333333334
266.0,Doti,Ghanteshwor,B3,,120.0,60.0,40.0,20.0,0.0,0,top dressing,V6 and V10,OPV,DB3-HPU671tZ,29.129865299910307 80.57913654483855 1888.0 5.0,29.129865299910307,80.57913654483855,1888.0,5.0,20111.0,4777.0,4222.0,270.0,21.3,3.703,,,,29.129865299910307,80.57913654483855,29.129865299910307,80.57913654483855,6.2,3.16,0.15,101.05,402.8,54.38,15.22,29.01,Doti,direct_overlay,False,0.0,direct_overlay,FMR_055,18.329466357308586,38.86538461538461,3.288648435963014,5.8999999999999995,99.71229698375872,25.71969926824915,40.89359250589732,200.57540603248256,163.50944337854722,385.0375061357285,-18.30833333333333,30.858333333333334
271.0,Doti,Ghanteshwor,B4,,60.0,60.0,40.0,0.0,0.0,PCU,basal,planting,OPV,DB4-YKL329lS,29.129811278544366 80.57898122817278 1890.0 4.5,29.129811278544366,80.57898122817278,1890.0,4.5,20111.0,4777.0,4222.0,288.0,21.7,3.889,,,,29.129811278544366,80.57898122817278,29.129811278544366,80.57898122817278,6.2,3.16,0.15,101.05,402.8,54.38,15.22,29.01,Doti,direct_overlay,False,0.0,direct_overlay,FMR_055,18.329466357308586,38.86538461538461,3.288648435963014,5.8999999999999995,99.71229698375872,25.71969926824915,40.89359250589732,200.57540603248256,163.50944337854722,385.0375061357285,-33.516666666666666,64.81666666666666
276.0,Doti,Ghanteshwor,B5,,78.0,60.0,40.0,0.0,0.0,UDP,basal,planting,OPV,DB5-EOA484fH,29.12999718915671 80.57903872802854 1879.0 5.0,29.12999718915671,80.57903872802854,1879.0,5.0,18413.0,4777.0,3555.0,298.0,22.0,3.262,,,,29.12999718915671,80.57903872802854,29.12999718915671,80.57903872802854,6.2,3.16,0.15,101.05,402.8,54.38,15.22,29.01,Doti,direct_overlay,False,0.0,direct_overlay,FMR_055,18.329466357308586,38.86538461538461,3.288648435963014,5.8999999999999995,99.71229698375872,25.71969926824915,40.89359250589732,200.57540603248256,163.50944337854722,385.0375061357285,-33.82051282051282,41.82051282051282
235.0,Doti,Ghanteshwor,A1,,120.0,60.0,40.0,0.0,0.0,0,top dressing,V6 and V10,Hybrid,DA1-JNJ574mF,29.125324278138578 80.57615367695689 1738.0 4.0,29.12532427813857,80.57615367695689,1738.0,4.0,33680.0,20666.0,11000.0,327.0,24.0,9.835,,,,29.12532427813857,80.57615367695689,29.12532427813857,80.57615367695689,6.4,3.35,0.16,113.09,398.62,55.69,14.97,30.88,Doti,direct_overlay,False,0.0,direct_overlay,FMR_114,19.43155452436195,43.496153846153845,3.254520952193586,5.8999999999999995,112.31438515081207,28.00503747992147,35.06955073314379,175.37122969837586,137.34232085489919,399.131687225792,32.79166666666668,81.95833333333333
240.0,Doti,Ghanteshwor,A2,,120.0,60.0,40.0,0.0,6.0,manure,top dressing,V6 and V10,Hybrid,DA2-MXL450qO,29.125242428854108 80.57594706304371 1740.0 4.5,29.125242428854108,80.57594706304371,1740.0,4.5,19555.0,15000.0,9633.0,325.0,28.0,8.16,,,,29.125242428854108,80.57594706304371,29.125242428854108,80.57594706304371,6.4,3.35,0.16,113.09,398.62,55.69,14.97,30.88,Doti,direct_overlay,False,0.0,direct_overlay,FMR_114,19.43155452436195,43.496153846153845,3.254520952193586,5.8999999999999995,112.31438515081207,28.00503747992147,35.06955073314379,175.37122969837586,137.34232085489919,399.131687225792,18.833333333333336,68.0
245.0,Doti,Ghanteshwor,A3,,120.0,60.0,40.0,20.0,0.0,0,top dressing,V6 and V10,Hybrid,DA3-FWZ339zI,29.125223318114877 80.5759166367352 1738.0 5.0,29.12522331811488,80.5759166367352,1738.0,5.0,24666.0,12666.0,7393.0,328.0,21.8,6.801,,,,29.12522331811488,80.5759166367352,29.12522331811488,80.5759166367352,6.4,3.35375,0.16,104.8375,392.1975,56.1275,15.13,30.305,,direct_overlay_plus_nearest8,True,8.0,nearest_8_valid_mean,FMR_114,19.45330626450116,40.32211538461539,3.2020846448947466,5.8999999999999995,112.4401102088167,26.425022309477065,34.46989005441862,175.1197795823666,155.4334945564876,400.58286606830694,7.508333333333339,56.675
250.0,Doti,Ghanteshwor,A4,,60.0,60.0,40.0,0.0,0.0,PCU,basal,planting,Hybrid,DA4-XYJ739qH,29.125424399971962 80.57614755816758 1738.0 4.0,29.12542439997196,80.57614755816758,1738.0,4.0,28088.0,15333.0,9633.0,330.0,23.6,8.658,,,,29.12542439997196,80.57614755816758,29.12542439997196,80.57614755816758,6.4,3.35,0.16,113.09,398.62,55.69,14.97,30.88,Doti,direct_overlay,False,0.0,direct_overlay,FMR_114,19.43155452436195,43.496153846153845,3.254520952193586,5.8999999999999995,112.31438515081207,28.00503747992147,35.06955073314379,175.37122969837586,137.34232085489919,399.131687225792,45.96666666666667,144.3
255.0,Doti,Ghanteshwor,A5,,78.0,60.0,40.0,0.0,0.0,UDP,basal,planting,Hybrid,DA5-BSK643fN,29.12528731394559 80.57605879381299 1737.0 4.0,29.12528731394559,80.57605879381299,1737.0,4.0,31433.0,16888.0,10386.0,329.0,23.6,92.999,,,,29.12528731394559,80.57605879381299,29.12528731394559,80.57605879381299,6.4,3.35,0.16,113.09,398.62,55.69,14.97,30.88,Doti,direct_overlay,False,0.0,direct_overlay,FMR_114,19.43155452436195,43.496153846153845,3.254520952193586,5.8999999999999995,112.31438515081207,28.00503747992147,35.06955073314379,175.37122969837586,137.34232085489919,399.131687225792,1116.653846153846,1192.2948717948718
260.0,Doti,Ghanteshwor,B1,,120.0,60.0,40.0,0.0,0.0,0,top dressing,V6 and V10,OPV,DB1-SSD402kX,29.125336641445756 80.57594899088144 1738.0 3.5,29.12533664144576,80.57594899088144,1738.0,3.5,17666.0,8531.0,3444.0,292.0,22.9,3.124,,,,29.12533664144576,80.57594899088144,29.12533664144576,80.57594899088144,6.4,3.35,0.16,113.09,398.62,55.69,14.97,30.88,Doti,direct_overlay,False,0.0,direct_overlay,FMR_114,19.43155452436195,43.496153846153845,3.254520952193586,5.8999999999999995,112.31438515081207,28.00503747992147,35.06955073314379,175.37122969837586,137.34232085489919,399.131687225792,-23.13333333333333,26.033333333333335
265.0,Doti,Ghanteshwor,B2,,120.0,60.0,40.0,0.0,6.0,manure,top dressing,V6 and V10,OPV,DB2-JJH854tE,29.12530231755227 80.57588947936893 1733.0 4.5,29.12530231755227,80.57588947936893,1733.0,4.5,16502.0,9242.0,3974.0,296.0,22.8,3.609,,,,29.12530231755227,80.57588947936893,29.12530231755227,80.57588947936893,6.4,3.35375,0.16,104.8375,392.1975,56.1275,15.13,30.305,,direct_overlay_plus_nearest8,True,8.0,nearest_8_valid_mean,FMR_114,19.45330626450116,40.32211538461539,3.2020846448947466,5.8999999999999995,112.4401102088167,26.425022309477065,34.46989005441862,175.1197795823666,155.4334945564876,400.58286606830694,-19.09166666666666,30.075
270.0,Doti,Ghanteshwor,B3,,120.0,60.0,40.0,20.0,0.0,0,top dressing,V6 and V10,OPV,DB3-EWY142xR,29.12524674553424 80.57577959261835 1734.0 4.0,29.12524674553424,80.57577959261835,1734.0,4.0,15788.0,9921.0,2445.0,276.0,21.2,2.272,,,,29.12524674553424,80.57577959261835,29.12524674553424,80.57577959261835,6.4,3.35375,0.16,104.8375,392.1975,56.1275,15.13,30.305,,direct_overlay_plus_nearest8,True,8.0,nearest_8_valid_mean,FMR_114,19.45330626450116,40.32211538461539,3.2020846448947466,5.8999999999999995,112.4401102088167,26.425022309477065,34.46989005441862,175.1197795823666,155.4334945564876,400.58286606830694,-30.23333333333333,18.933333333333334
275.0,Doti,Ghanteshwor,B4,,60.0,60.0,40.0,0.0,0.0,PCU,basal,planting,OPV,DB4-XLH966aP,29.12528752349317 80.57584497146308 1734.0 5.0,29.12528752349317,80.57584497146308,1734.0,5.0,15444.0,10977.0,2556.0,291.0,21.7,2.364,,,,29.12528752349317,80.57584497146308,29.12528752349317,80.57584497146308,6.4,3.35375,0.16,104.8375,392.1975,56.1275,15.13,30.305,,direct_overlay_plus_nearest8,True,8.0,nearest_8_valid_mean,FMR_114,19.45330626450116,40.32211538461539,3.2020846448947466,5.8999999999999995,112.4401102088167,26.425022309477065,34.46989005441862,175.1197795823666,155.4334945564876,400.58286606830694,-58.93333333333332,39.4
280.0,Doti,Ghanteshwor,,,78.0,60.0,40.0,0.0,0.0,UDP,basal,planting,OPV,DB5-OUA209mI,29.12536220625043 80.57589836418629 1734.0 3.5,29.12536220625043,80.57589836418629,1734.0,3.5,17666.0,10322.0,2777.0,266.0,25.0,2.45,,,,29.12536220625043,80.57589836418629,29.12536220625043,80.57589836418629,6.4,3.35375,0.16,104.8375,392.1975,56.1275,15.13,30.305,,direct_overlay_plus_nearest8,True,8.0,nearest_8_valid_mean,FMR_114,19.45330626450116,40.32211538461539,3.2020846448947466,5.8999999999999995,112.4401102088167,26.425022309477065,34.46989005441862,175.1197795823666,155.4334945564876,400.58286606830694,-44.23076923076922,31.41025641025641
234.0,Doti,Ghanteshwor,A1,,120.0,60.0,40.0,0.0,0.0,0,top dressing,V6 and V10,Hybrid,DA1-TAY951gV,29.126308523118496 80.57519964873791 1747.0 4.5,29.126308523118496,80.57519964873791,1747.0,4.5,40303.0,18444.0,7777.77,335.0,23.0,7.04575,,,,29.126308523118496,80.57519964873791,29.126308523118496,80.57519964873791,6.4,3.37,0.16,91.61,381.05,56.9,15.35,29.17,Doti,direct_overlay,False,0.0,direct_overlay,FMR_149,19.54756380510441,35.23461538461538,3.111071217784773,5.8999999999999995,112.9849187935035,23.91162323755131,33.345142509526866,174.030162412993,184.2119139300375,403.304755126945,9.547916666666671,58.71458333333333
239.0,Doti,Ghanteshwor,A2,,120.0,60.0,40.0,0.0,6.0,manure,top dressing,V6 and V10,Hybrid,DA2-RRI571pQ,29.126279773190618 80.57517810724676 1745.0 4.5,29.126279773190618,80.57517810724676,1745.0,4.5,43078.88,26666.66,7888.88,335.0,21.0,7.332020000000001,,,,29.126279773190618,80.57517810724676,29.126279773190618,80.57517810724676,6.4,3.37,0.16,91.44,380.75,56.89,15.37,29.18,Doti,direct_overlay,False,0.0,direct_overlay,FMR_149,19.54756380510441,35.169230769230765,3.1086218768443827,5.8999999999999995,112.9849187935035,23.878930929859003,33.318889937022306,174.030162412993,184.58624085311442,403.368286352406,11.933500000000011,61.100166666666674
244.0,Doti,Ghanteshwor,A3,,120.0,60.0,40.0,20.0,0.0,0,top dressing,V6 and V10,Hybrid,DA3-JOF633aS,29.12621175404638 80.5752432346344 1738.0 4.5,29.12621175404638,80.5752432346344,1738.0,4.5,32000.0,16222.22,8888.88,7843.13,25.0,7.843,,,,29.12621175404638,80.5752432346344,29.12621175404638,80.5752432346344,6.4,3.36,0.16,91.02,381.65,56.85,15.4,29.37,Doti,direct_overlay,False,0.0,direct_overlay,FMR_149,19.48955916473318,35.0076923076923,3.1159698996655516,5.8999999999999995,112.64965197215778,23.77948420489023,33.48687195662893,174.70069605568443,185.72490585400683,402.961769864958,16.19166666666667,65.35833333333333
249.0,Doti,Ghanteshwor,A4,,60.0,60.0,40.0,0.0,0.0,PCU,basal,planting,Hybrid,DA4-KIS293lN,29.126170347444713 80.57527751661837 1741.0 5.0,29.12617034744472,80.57527751661837,1741.0,5.0,32222.22,14444.44,8666.66,334.0,21.5,8.00392,,,,29.12617034744472,80.57527751661837,29.12617034744472,80.57527751661837,6.4,3.35,0.16,90.79,382.08,56.83,15.42,29.49,Doti,direct_overlay,False,0.0,direct_overlay,FMR_149,19.43155452436195,34.91923076923077,3.11948062168011,5.8999999999999995,112.31438515081207,23.716575941459933,33.614404556017206,175.37122969837586,186.44520547028375,402.6531409744384,35.065333333333356,133.39866666666668
254.0,Doti,Ghanteshwor,A5,,78.0,60.0,40.0,0.0,0.0,UDP,basal,planting,Hybrid,DA5-CVW417iN,29.126170347444713 80.57527751661837 1741.0 5.0,29.12617034744472,80.57527751661837,1741.0,5.0,30000.0,14222.22,8444.44,362.0,22.8,7.66954,,,,29.12617034744472,80.57527751661837,29.12617034744472,80.57527751661837,6.4,3.35,0.16,90.79,382.08,56.83,15.42,29.49,Doti,direct_overlay,False,0.0,direct_overlay,FMR_149,19.43155452436195,34.91923076923077,3.11948062168011,5.8999999999999995,112.31438515081207,23.716575941459933,33.614404556017206,175.37122969837586,186.44520547028375,402.6531409744384,22.68641025641026,98.32743589743589
259.0,Doti,Ghanteshwor,B1,,120.0,60.0,40.0,0.0,0.0,0,top dressing,V6 and V10,OPV,DB1-IWZ894gT,29.12563780322671 80.57583508081734 1722.0 5.0,29.12563780322671,80.57583508081734,1722.0,5.0,18666.0,9888.0,4444.0,286.0,23.9,3.979,,,,29.12563780322671,80.57583508081734,29.12563780322671,80.57583508081734,6.4,3.35375,0.16,104.8375,392.1975,56.1275,15.13,30.305,,direct_overlay_plus_nearest8,True,8.0,nearest_8_valid_mean,FMR_149,19.45330626450116,40.32211538461539,3.2020846448947466,5.8999999999999995,112.4401102088167,26.425022309477065,34.46989005441862,175.1197795823666,155.4334945564876,400.58286606830694,-16.00833333333333,33.15833333333333
264.0,Doti,Ghanteshwor,B2,,120.0,60.0,40.0,0.0,6.0,manure,top dressing,V6 and V10,OPV,DB2-AVT765tW,29.125577956438065 80.57577339001 1729.0 5.0,29.125577956438065,80.57577339001,1729.0,5.0,17222.0,8333.0,4333.0,288.0,26.1,3.767,,,,29.125577956438065,80.57577339001,29.125577956438065,80.57577339001,6.4,3.35375,0.16,104.8375,392.1975,56.1275,15.13,30.305,,direct_overlay_plus_nearest8,True,8.0,nearest_8_valid_mean,FMR_149,19.45330626450116,40.32211538461539,3.2020846448947466,5.8999999999999995,112.4401102088167,26.425022309477065,34.46989005441862,175.1197795823666,155.4334945564876,400.58286606830694,-17.774999999999995,31.391666666666666
269.0,Doti,Ghanteshwor,B3,,120.0,60.0,40.0,20.0,0.0,0,top dressing,V6 and V10,OPV,DB3-CAN661dJ,29.125590613111854 80.57575084269047 1731.0 4.5,29.125590613111854,80.57575084269047,1731.0,4.5,13555.0,4222.0,3000.0,298.0,28.3,2.53,,,,29.125590613111854,80.57575084269047,29.125590613111854,80.57575084269047,6.4,3.35375,0.16,104.8375,392.1975,56.1275,15.13,30.305,,direct_overlay_plus_nearest8,True,8.0,nearest_8_valid_mean,FMR_149,19.45330626450116,40.32211538461539,3.2020846448947466,5.8999999999999995,112.4401102088167,26.425022309477065,34.46989005441862,175.1197795823666,155.4334945564876,400.58286606830694,-28.08333333333333,21.083333333333332
274.0,Doti,Ghanteshwor,B4,,60.0,60.0,40.0,0.0,0.0,PCU,basal,planting,OPV,DB4-GXD704rO,29.12559509743005 80.57570063509047 1735.0 4.5,29.12559509743005,80.57570063509047,1735.0,4.5,12466.0,4333.0,3222.0,275.0,22.7,2.93,,,,29.12559509743005,80.57570063509047,29.12559509743005,80.57570063509047,6.4,3.35375,0.16,104.8375,392.1975,56.1275,15.13,30.305,,direct_overlay_plus_nearest8,True,8.0,nearest_8_valid_mean,FMR_149,19.45330626450116,40.32211538461539,3.2020846448947466,5.8999999999999995,112.4401102088167,26.425022309477065,34.46989005441862,175.1197795823666,155.4334945564876,400.58286606830694,-49.499999999999986,48.833333333333336
279.0,Doti,Ghanteshwor,,,78.0,60.0,40.0,0.0,0.0,UDP,basal,planting,OPV,DB5-JZL572sJ,29.125589397735894 80.57566761039197 1736.0 4.0,29.125589397735894,80.57566761039197,1736.0,4.0,13222.0,5444.0,3333.0,290.0,24.0,2.98,,,,29.125589397735894,80.57566761039197,29.125589397735894,80.57566761039197,6.4,3.35375,0.16,104.8375,392.1975,56.1275,15.13,30.305,,direct_overlay_plus_nearest8,True,8.0,nearest_8_valid_mean,FMR_149,19.45330626450116,40.32211538461539,3.2020846448947466,5.8999999999999995,112.4401102088167,26.425022309477065,34.46989005441862,175.1197795823666,155.4334945564876,400.58286606830694,-37.43589743589743,38.205128205128204
291.0,Kavre,Bhakundebesi,A1,,120.0,60.0,40.0,0.0,0.0,0,top dressing,V6 and V10,Hybrid,DA1-SHN388lA,27.562420489266515 85.64945865422487 1131.0 5.0,27.562420489266515,85.64945865422487,1131.0,5.0,19816.67,7833.33,6000.0,450.0,22.0,5.441859999999999,,,,27.562420489266515,85.64945865422487,27.562420489266515,85.64945865422487,5.98,3.02125,0.1675,76.35624999999999,314.645,39.32875,13.08625,46.53750000000001,,direct_overlay_plus_nearest8,True,8.0,nearest_8_valid_mean,FMR_009,17.524651972157773,29.367788461538456,2.5689096006295493,5.866666666666666,88.77988689095129,20.816295695386398,36.42574926521719,222.44022621809742,219.65341428782574,395.84968677817443,-3.5400555555555586,45.34883333333333
292.0,Kavre,Bhakundebesi,A2,,120.0,60.0,40.0,0.0,6.0,manure,top dressing,V6 and V10,Hybrid,DA2-IAL631jJ,27.562375143170357 85.64941506832838 1131.0 5.0,27.56237514317036,85.64941506832838,1131.0,5.0,23750.0,7000.0,5333.33,445.0,20.4,4.936434,,,,27.56237514317036,85.64941506832838,27.56237514317036,85.64941506832838,5.99,3.04,0.17,74.57,316.04,39.25,13.09,46.27,Kabhrepalanchok,direct_overlay,False,0.0,direct_overlay,FMR_009,17.633410672853827,28.680769230769226,2.5802990360023603,5.866666666666666,89.63062645011601,20.51176976619668,36.24244741804352,220.73874709976798,223.14023617704802,396.2932772483347,-7.751938888888884,41.13695
293.0,Kavre,Bhakundebesi,A3,,120.0,60.0,40.0,20.0,0.0,0,top dressing,V6 and V10,Hybrid,DA3-JHH786tI,27.5622373027727 85.64963425509632 1123.0 5.0,27.5622373027727,85.64963425509632,1123.0,5.0,20625.0,7725.0,6187.5,450.0,20.9,5.69106,,,,27.5622373027727,85.64963425509632,27.5622373027727,85.64963425509632,5.99,3.04,0.17,74.57,316.04,39.25,13.09,46.27,Kabhrepalanchok,direct_overlay,False,0.0,direct_overlay,FMR_009,17.633410672853827,28.680769230769226,2.5802990360023603,5.866666666666666,89.63062645011601,20.51176976619668,36.24244741804352,220.73874709976798,223.14023617704802,396.2932772483347,-1.4633888888888835,47.42550000000001
294.0,Kavre,Bhakundebesi,A4,,60.0,60.0,40.0,0.0,0.0,PCU,basal,planting,Hybrid,DA4-RSJ962cD,27.561757271178067 85.64877117052674 1364.0 4.5,27.561757271178067,85.64877117052674,1364.0,4.5,22408.33,9062.5,6833.33,456.0,18.1,6.507558,,,,27.561757271178067,85.64877117052674,27.561757271178067,85.64877117052674,5.96,2.78,0.15,85.5,299.3,39.68,13.05,47.85,Kabhrepalanchok,direct_overlay,False,0.0,direct_overlay,FMR_009,16.125290023201856,32.88461538461539,2.443625811528625,5.866666666666666,81.14245939675175,22.081644119221846,37.58795729819934,237.7150812064965,205.16517483490986,393.03714333835757,10.681522222222236,108.4593
295.0,Kavre,Bhakundebesi,A5,,78.0,60.0,40.0,0.0,0.0,UDP,basal,planting,Hybrid,DA5-SHN388lA,27.562298448756337 85.64976744353771 1132.0 4.5,27.562298448756337,85.64976744353771,1132.0,4.5,22633.33,10137.5,7812.5,450.0,21.0,7.176599,,,,27.562298448756337,85.64976744353771,27.562298448756337,85.64976744353771,5.99,3.04,0.17,74.57,316.04,39.25,13.09,46.27,Kabhrepalanchok,direct_overlay,False,0.0,direct_overlay,FMR_009,17.633410672853827,28.680769230769226,2.5802990360023603,5.866666666666666,89.63062645011601,20.51176976619668,36.24244741804352,220.73874709976798,223.14023617704802,396.2932772483347,16.79400427350428,92.00767948717949
296.0,Kavre,Bhakundebesi,B1,,120.0,60.0,40.0,0.0,0.0,0,top dressing,V6 and V10,OPV,DB1-NFZ273gB,27.562168738804758 85.6495797727257 1134.0 4.5,27.56216873880476,85.6495797727257,1134.0,4.5,22983.0,7425.0,5500.0,401.0,15.8,5.3848840000000004,,,,27.56216873880476,85.6495797727257,27.56216873880476,85.6495797727257,5.99,3.04,0.17,74.57,316.04,39.25,13.09,46.27,Kabhrepalanchok,direct_overlay,False,0.0,direct_overlay,FMR_009,17.633410672853827,28.680769230769226,2.5802990360023603,5.866666666666666,89.63062645011601,20.51176976619668,36.24244741804352,220.73874709976798,223.14023617704802,396.2932772483347,-4.014855555555548,44.87403333333334
297.0,Kavre,Bhakundebesi,B2,,120.0,60.0,40.0,0.0,6.0,manure,top dressing,V6 and V10,OPV,DB2-LVM810vZ,27.562211151234806 85.64973877742887 1131.0 4.5,27.56221115123481,85.64973877742887,1131.0,4.5,19704.17,7912.5,5512.5,452.0,21.8,5.01252,,,,27.56221115123481,85.64973877742887,27.56221115123481,85.64973877742887,5.99,3.04,0.17,74.57,316.04,39.25,13.09,46.27,Kabhrepalanchok,direct_overlay,False,0.0,direct_overlay,FMR_009,17.633410672853827,28.680769230769226,2.5802990360023603,5.866666666666666,89.63062645011601,20.51176976619668,36.24244741804352,220.73874709976798,223.14023617704802,396.2932772483347,-7.117888888888883,41.771
298.0,Kavre,Bhakundebesi,B3,,120.0,60.0,40.0,20.0,0.0,0,top dressing,V6 and V10,OPV,DB3-NOP418vC,27.562290611676872 85.64945261925459 1135.0 5.0,27.562290611676872,85.64945261925459,1135.0,5.0,20525.0,8000.0,6000.0,454.0,22.4,5.41395,,,,27.562290611676872,85.64945261925459,27.562290611676872,85.64945261925459,5.99,3.04,0.17,74.57,316.04,39.25,13.09,46.27,Kabhrepalanchok,direct_overlay,False,0.0,direct_overlay,FMR_009,17.633410672853827,28.680769230769226,2.5802990360023603,5.866666666666666,89.63062645011601,20.51176976619668,36.24244741804352,220.73874709976798,223.14023617704802,396.2932772483347,-3.7726388888888867,45.11625
299.0,Kavre,Bhakundebesi,B4,,60.0,60.0,40.0,0.0,0.0,PCU,basal,planting,OPV,DB4-KIL829lV,27.562319529242814 85.64940677024424 1125.0 4.5,27.562319529242814,85.64940677024424,1125.0,4.5,22250.0,6500.0,5500.0,451.0,21.9,4.99476,,,,27.562319529242814,85.64940677024424,27.562319529242814,85.64940677024424,5.91,2.89,0.15,88.86,304.88,39.88,13.06,48.41,Kabhrepalanchok,direct_overlay,False,0.0,direct_overlay,FMR_009,16.763341067285385,34.176923076923075,2.48918355301987,5.866666666666666,82.9282482598608,22.931868876048544,37.73033754362888,234.1435034802784,195.43010136924414,392.6925831444181,-14.531777777777766,83.24600000000001
300.0,Kavre,Bhakundebesi,B5,,78.0,60.0,40.0,0.0,0.0,UDP,basal,planting,OPV,DB5-GLC455nX,27.56233595777303 85.6494539603591 1131.0 5.0,27.56233595777303,85.6494539603591,1131.0,5.0,20125.0,6750.0,5750.0,455.0,22.6,5.175,,,,27.56233595777303,85.6494539603591,27.56233595777303,85.6494539603591,5.99,3.04,0.17,74.57,316.04,39.25,13.09,46.27,Kabhrepalanchok,direct_overlay,False,0.0,direct_overlay,FMR_009,17.633410672853827,28.680769230769226,2.5802990360023603,5.866666666666666,89.63062645011601,20.51176976619668,36.24244741804352,220.73874709976798,223.14023617704802,396.2932772483347,-8.867521367521364,66.34615384615384
281.0,Nuwakot,Bidur Municipality,A1,,120.0,60.0,40.0,0.0,0.0,0,top dressing,V6 and V10,Hybrid,DA1-FLA370jD,27.88431666791439 85.1506984513253 536.0 4.5,27.88431666791439,85.1506984513253,536.0,4.5,22333.33,10333.33,7000.0,390.0,19.8,6.5279,,,,27.88431666791439,85.1506984513253,27.88431666791439,85.1506984513253,5.86,2.42,0.13,82.43,267.09,42.56,21.61,39.61,Nuwakot,direct_overlay,False,0.0,direct_overlay,FMR_131,14.037122969837588,31.703846153846154,2.1806482392288014,5.807563025210084,68.24849187935035,20.716768784579692,39.34087192839858,263.5030162412993,220.7929974165625,388.79508993327545,6.0028081232493,54.399166666666666
282.0,Nuwakot,Bidur Municipality,A2,,120.0,60.0,40.0,0.0,6.0,manure,top dressing,V6 and V10,Hybrid,DA2-NRQ691uZ,27.8844232019037 85.1506929192692 533.0 4.5,27.8844232019037,85.1506929192692,533.0,4.5,26666.67,13500.0,9833.33,390.0,19.8,9.170155000000001,,,,27.8844232019037,85.1506929192692,27.8844232019037,85.1506929192692,5.86,2.42,0.13,82.43,267.09,42.56,21.61,39.61,Nuwakot,direct_overlay,False,0.0,direct_overlay,FMR_131,14.037122969837588,31.703846153846154,2.1806482392288014,5.807563025210084,68.24849187935035,20.716768784579692,39.34087192839858,263.5030162412993,220.7929974165625,388.79508993327545,28.021599789915978,76.41795833333335
283.0,Nuwakot,Bidur Municipality,A3,,120.0,60.0,40.0,20.0,0.0,0,top dressing,V6 and V10,Hybrid,DA3-PRU873yR,27.88446791935712 85.15069920569658 537.0 4.5,27.88446791935712,85.15069920569658,537.0,4.5,25833.33,11150.0,7883.33,390.0,19.8,7.35167,,,,27.88446791935712,85.15069920569658,27.88446791935712,85.15069920569658,5.86,2.42,0.13,82.43,267.09,42.56,21.61,39.61,Nuwakot,direct_overlay,False,0.0,direct_overlay,FMR_131,14.037122969837588,31.703846153846154,2.1806482392288014,5.807563025210084,68.24849187935035,20.716768784579692,39.34087192839858,263.5030162412993,220.7929974165625,388.79508993327545,12.867558123249305,61.26391666666667
284.0,Nuwakot,Bidur Municipality,A4,,60.0,60.0,40.0,0.0,0.0,PCU,basal,planting,Hybrid,DA4-MZX552wE,27.884515947662294 85.15072116628289 541.0 5.0,27.88451594766229,85.15072116628289,541.0,5.0,25000.0,12083.33,8483.33,390.0,19.8,7.9112,,,,27.88451594766229,85.15072116628289,27.88451594766229,85.15072116628289,5.86,2.42,0.13,82.43,267.09,42.56,21.61,39.61,Nuwakot,direct_overlay,False,0.0,direct_overlay,FMR_131,14.037122969837588,31.703846153846154,2.1806482392288014,5.807563025210084,68.24849187935035,20.716768784579692,39.34087192839858,263.5030162412993,220.7929974165625,388.79508993327545,35.060616246498604,131.85333333333332
285.0,Nuwakot,Bidur Municipality,A5,,78.0,60.0,40.0,0.0,0.0,UDP,basal,planting,Hybrid,DA5-IWV124pH,27.884649764746428 85.15072426758707 535.0 4.5,27.884649764746428,85.15072426758707,535.0,4.5,27500.0,12500.0,8866.667,390.0,19.8,8.26868,,,,27.884649764746428,85.15072426758707,27.884649764746428,85.15072426758707,5.86,2.42,0.13,82.43,267.09,42.56,21.61,39.61,Nuwakot,direct_overlay,False,0.0,direct_overlay,FMR_131,14.037122969837588,31.703846153846154,2.1806482392288014,5.807563025210084,68.24849187935035,20.716768784579692,39.34087192839858,263.5030162412993,220.7929974165625,388.79508993327545,31.55278172807585,106.00871794871796
286.0,Nuwakot,Bidur Municipality,B1,,120.0,60.0,40.0,0.0,0.0,0,top dressing,V6 and V10,OPV,DB1-FBB685rC,27.884395834989846 85.15062938444316 538.0 4.5,27.88439583498985,85.15062938444316,538.0,4.5,18333.0,7783.33,5083.33,390.0,19.8,4.6873000000000005,,,,27.88439583498985,85.15062938444316,27.88439583498985,85.15062938444316,5.86,2.42,0.13,82.43,267.09,42.56,21.61,39.61,Nuwakot,direct_overlay,False,0.0,direct_overlay,FMR_131,14.037122969837588,31.703846153846154,2.1806482392288014,5.807563025210084,68.24849187935035,20.716768784579692,39.34087192839858,263.5030162412993,220.7929974165625,388.79508993327545,-9.335525210084029,39.060833333333335
287.0,Nuwakot,Bidur Municipality,B2,,120.0,60.0,40.0,0.0,6.0,manure,top dressing,V6 and V10,OPV,DB2-RDS171vM,27.884557018987834 85.15062846243382 531.0 4.5,27.884557018987834,85.15062846243382,531.0,4.5,28833.33,9450.0,6516.67,390.0,19.8,6.008970000000001,,,,27.884557018987834,85.15062846243382,27.884557018987834,85.15062846243382,5.86,2.42,0.13,82.43,267.09,42.56,21.61,39.61,Nuwakot,direct_overlay,False,0.0,direct_overlay,FMR_131,14.037122969837588,31.703846153846154,2.1806482392288014,5.807563025210084,68.24849187935035,20.716768784579692,39.34087192839858,263.5030162412993,220.7929974165625,388.79508993327545,1.6783914565826399,50.07475
288.0,Nuwakot,Bidur Municipality,B3,,120.0,60.0,40.0,20.0,0.0,0,top dressing,V6 and V10,OPV,DB3-GQR876mD,27.88455161266029 85.15063944272697 534.0 4.5,27.88455161266029,85.15063944272697,534.0,4.5,20000.0,8966.67,6466.67,390.0,19.8,5.96286,,,,27.88455161266029,85.15063944272697,27.88455161266029,85.15063944272697,5.86,2.42,0.13,82.43,267.09,42.56,21.61,39.61,Nuwakot,direct_overlay,False,0.0,direct_overlay,FMR_131,14.037122969837588,31.703846153846154,2.1806482392288014,5.807563025210084,68.24849187935035,20.716768784579692,39.34087192839858,263.5030162412993,220.7929974165625,388.79508993327545,1.2941414565826352,49.6905
289.0,Nuwakot,Bidur Municipality,B4,,60.0,60.0,40.0,0.0,0.0,PCU,basal,planting,OPV,DB4-OWZ581fG,27.884603748098016 85.15064187347889 536.0 4.5,27.884603748098016,85.15064187347889,536.0,4.5,22166.67,9466.67,6550.0,390.0,19.8,6.0397,,,,27.884603748098016,85.15064187347889,27.884603748098016,85.15064187347889,5.86,2.42,0.13,82.43,267.09,42.56,21.61,39.61,Nuwakot,direct_overlay,False,0.0,direct_overlay,FMR_131,14.037122969837588,31.703846153846154,2.1806482392288014,5.807563025210084,68.24849187935035,20.716768784579692,39.34087192839858,263.5030162412993,220.7929974165625,388.79508993327545,3.8689495798319338,100.66166666666666
290.0,Nuwakot,Bidur Municipality,B5,,78.0,60.0,40.0,0.0,0.0,UDP,basal,planting,OPV,DB5-HCA284qT,27.884665816091 85.15059032477438 535.0 5.0,27.884665816091,85.15059032477438,535.0,5.0,20166.67,8266.67,5266.67,390.0,19.8,4.85635,,,,27.884665816091,85.15059032477438,27.884665816091,85.15059032477438,5.86,2.42,0.13,82.43,267.09,42.56,21.61,39.61,Nuwakot,direct_overlay,False,0.0,direct_overlay,FMR_131,14.037122969837588,31.703846153846154,2.1806482392288014,5.807563025210084,68.24849187935035,20.716768784579692,39.34087192839858,263.5030162412993,220.7929974165625,388.79508993327545,-12.195038784744664,62.26089743589744
301.0,Palpa,Devinagar,A1,,120.0,60.0,40.0,0.0,0.0,0,top dressing,V6 and V10,Hybrid,DA1-MUP510eF,27.808496402576566 83.69880789890885 1187.0 5.0,27.80849640257657,83.69880789890885,1187.0,5.0,19000.0,18333.3333,10866.66667,396.0,21.6,9.681212121,,,,27.80849640257657,83.69880789890885,27.80849640257657,83.69880789890885,6.47,3.12,0.13,96.96,217.41,39.51,16.37,43.29,Palpa,direct_overlay,False,0.0,direct_overlay,FMR_163,18.097447795823665,37.29230769230769,1.7750373795002947,4.454545454545454,106.75684454756379,24.280658486525073,19.70354547635362,186.48631090487243,179.9864603292879,436.31741994722427,43.555555553787876,80.67676767500001
302.0,Palpa,Devinagar,A2,,120.0,60.0,40.0,0.0,6.0,manure,top dressing,V6 and V10,Hybrid,DA2-CYV974uF,27.80842704232782 83.69870329275727 1184.0 5.0,27.80842704232782,83.69870329275727,1184.0,5.0,20333.33333,17833.3333,11466.66667,436.0,24.4,9.850909091,,,,27.80842704232782,83.69870329275727,27.80842704232782,83.69870329275727,6.47,3.12,0.13,96.96,217.41,39.51,16.37,43.29,Palpa,direct_overlay,False,0.0,direct_overlay,FMR_163,18.097447795823665,37.29230769230769,1.7750373795002947,4.454545454545454,106.75684454756379,24.280658486525073,19.70354547635362,186.48631090487243,179.9864603292879,436.31741994722427,44.96969697045456,82.09090909166666
303.0,Palpa,Devinagar,A3,,120.0,60.0,40.0,20.0,0.0,0,top dressing,V6 and V10,Hybrid,DA3-SDA787sD,27.80851689632982 83.69864705018699 1179.0 3.5,27.80851689632982,83.69864705018699,1179.0,3.5,20166.66667,18000.0,13296.66667,436.0,21.6,11.84612121,,,,27.80851689632982,83.69864705018699,27.80851689632982,83.69864705018699,6.47,3.12,0.13,96.96,217.41,39.51,16.37,43.29,Palpa,direct_overlay,False,0.0,direct_overlay,FMR_163,18.097447795823665,37.29230769230769,1.7750373795002947,4.454545454545454,106.75684454756379,24.280658486525073,19.70354547635362,186.48631090487243,179.9864603292879,436.31741994722427,61.59646462878788,98.71767675
304.0,Palpa,Devinagar,A4,,60.0,60.0,40.0,0.0,0.0,PCU,basal,planting,Hybrid,DA4-LOT438hI,27.80753126833588 83.6996323429048 788.0 5.0,27.80753126833588,83.6996323429048,788.0,5.0,19333.33333,15000.0,8863.333333,389.0,20.7,9.903484848,,,,27.80753126833588,83.6996323429048,27.80753126833588,83.6996323429048,6.49,3.12,0.14,97.54,229.92,39.67,16.59,44.97,Palpa,direct_overlay,False,0.0,direct_overlay,FMR_163,18.097447795823665,37.51538461538462,1.8771748967145385,4.454545454545454,107.3721577726218,24.33138952346957,20.63201452388698,185.2556844547564,179.4055899562734,434.07052485219344,90.81565655757576,165.0580808
305.0,Palpa,Devinagar,A5,,78.0,60.0,40.0,0.0,0.0,UDP,basal,planting,Hybrid,DA5-EDK566tG,27.807311075739563 83.70224179700017 617.0 5.0,27.807311075739563,83.70224179700017,617.0,5.0,17333.33333,17000.0,10866.66667,402.0,19.8,9.903484848,,,,27.807311075739563,83.70224179700017,27.807311075739563,83.70224179700017,6.55375,2.735,0.12375,126.59875,336.57375,42.95125,17.485,39.03,,direct_overlay_plus_nearest8,True,8.0,nearest_8_valid_mean,FMR_163,15.864269141531322,48.69182692307692,2.747946217784773,4.454545454545454,95.84199898491879,29.047101853133224,32.85564666162159,208.31600203016242,125.41068378162458,404.48933507887574,69.85819735198136,126.96775446153846
306.0,Palpa,Devinagar,B1,,120.0,60.0,40.0,0.0,0.0,0,top dressing,V6 and V10,OPV,DB1-GXW770zH,27.808596566319466 83.69854713790119 1189.0 5.0,27.808596566319466,83.69854713790119,1189.0,5.0,18166.0,16333.3333,8453.333333,386.0,21.5,7.540757576,,,,27.808596566319466,83.69854713790119,27.808596566319466,83.69854713790119,6.47,3.12,0.13,96.96,217.41,39.51,16.37,43.29,Palpa,direct_overlay,False,0.0,direct_overlay,FMR_163,18.097447795823665,37.29230769230769,1.7750373795002947,4.454545454545454,106.75684454756379,24.280658486525073,19.70354547635362,186.48631090487243,179.9864603292879,436.31741994722427,25.71843434545455,62.839646466666665
307.0,Palpa,Devinagar,B2,,120.0,60.0,40.0,0.0,6.0,manure,top dressing,V6 and V10,OPV,DB2-DEO914rC,27.808685079216957 83.6985617224127 1189.0 5.0,27.80868507921696,83.6985617224127,1189.0,5.0,22000.0,19000.0,9800.0,445.0,23.0,8.575,,,,27.80868507921696,83.6985617224127,27.80868507921696,83.6985617224127,6.55375,2.735,0.12375,126.59875,336.57375,42.95125,17.485,39.03,,direct_overlay_plus_nearest8,True,8.0,nearest_8_valid_mean,FMR_163,15.864269141531322,48.69182692307692,2.747946217784773,4.454545454545454,95.84199898491879,29.047101853133224,32.85564666162159,208.31600203016242,125.41068378162458,404.48933507887574,34.33712121212121,71.45833333333333
308.0,Palpa,Devinagar,B3,,120.0,60.0,40.0,20.0,0.0,0,top dressing,V6 and V10,OPV,DB3-OIS220iM,27.808765629306436 83.69851687923074 1190.0 4.5,27.80876562930644,83.69851687923074,1190.0,4.5,20333.33333,18500.0,9106.666667,378.0,22.4,8.030424242,,,,27.80876562930644,83.69851687923074,27.80876562930644,83.69851687923074,6.55375,2.735,0.12375,126.59875,336.57375,42.95125,17.485,39.03,,direct_overlay_plus_nearest8,True,8.0,nearest_8_valid_mean,FMR_163,15.864269141531322,48.69182692307692,2.747946217784773,4.454545454545454,95.84199898491879,29.047101853133224,32.85564666162159,208.31600203016242,125.41068378162458,404.48933507887574,29.798989895454554,66.92020201666666
309.0,Palpa,Devinagar,B4,,60.0,60.0,40.0,0.0,0.0,PCU,basal,planting,OPV,DB4-NYG126nL,27.808773927390575 83.69840229861438 1192.0 5.0,27.80877392739057,83.69840229861438,1192.0,5.0,19333.33333,18166.6667,9426.666667,414.0,24.3,8.109075758,,,,27.80877392739057,83.69840229861438,27.80877392739057,83.69840229861438,6.55375,2.735,0.12375,126.59875,336.57375,42.95125,17.485,39.03,,direct_overlay_plus_nearest8,True,8.0,nearest_8_valid_mean,FMR_163,15.864269141531322,48.69182692307692,2.747946217784773,4.454545454545454,95.84199898491879,29.047101853133224,32.85564666162159,208.31600203016242,125.41068378162458,404.48933507887574,60.90883839090909,135.15126263333332
310.0,Palpa,Devinagar,B5,,78.0,60.0,40.0,0.0,0.0,UDP,basal,planting,OPV,DB5-WZM745kE,27.80887769535184 83.69836734607816 1182.0 5.0,27.80887769535184,83.69836734607816,1182.0,5.0,20666.66667,17333.3333,9746.666667,426.0,22.0,8.639090909,,,,27.80887769535184,83.69836734607816,27.80887769535184,83.69836734607816,6.55375,2.735,0.12375,126.59875,336.57375,42.95125,17.485,39.03,,direct_overlay_plus_nearest8,True,8.0,nearest_8_valid_mean,FMR_163,15.864269141531322,48.69182692307692,2.747946217784773,4.454545454545454,95.84199898491879,29.047101853133224,32.85564666162159,208.31600203016242,125.41068378162458,404.48933507887574,53.648018646853146,110.75757575641026
9.0,Surket,Lekhpharsa,A1,,120.0,60.0,40.0,0.0,0.0,0,top dressing,V6 and V10,Hybrid,DA1-XNF150oB,28.461811440065503 81.78102308884263 428.0 5.0,28.461811440065503,81.78102308884263,428.0,5.0,23667.0,19733.0,9833.0,399.0,19.8,8.962,,,,28.461811440065503,81.78102308884263,28.461811440065503,81.78102308884263,7.22,3.17,0.16,102.73,355.53,46.09,9.38,44.25,Surkhet,direct_overlay,False,0.0,direct_overlay,FMR_122,18.387470997679813,39.511538461538464,2.9027139484556357,5.807563025210084,131.91171693735498,21.40199950919151,20.03088662310345,136.17656612529004,212.94710561975722,435.52525437208965,26.286974789915966,74.68333333333334
18.0,Surket,Lekhpharsa,A2,,120.0,60.0,40.0,0.0,6.0,manure,top dressing,V6 and V10,Hybrid,DA2-BCO221bK,28.461795640178025 81.78097103722394 428.0 5.0,28.461795640178025,81.78097103722394,428.0,5.0,17050.0,17060.0,9347.0,319.0,20.0,8.497,,,,28.461795640178025,81.78097103722394,28.461795640178025,81.78097103722394,7.22,3.16,0.16,103.09,353.42,46.13,9.39,44.22,Surkhet,direct_overlay,False,0.0,direct_overlay,FMR_122,18.329466357308586,39.65,2.8854869171748967,5.807563025210084,131.4955916473318,21.466037122969837,19.96820650360069,137.00881670533641,212.21387494199536,435.6769402612863,22.411974789915966,70.80833333333334
27.0,Surket,Lekhpharsa,A3,,120.0,60.0,40.0,20.0,0.0,0,top dressing,V6 and V10,Hybrid,DA3-PDZ392mC,28.46175318583846 81.78091496229172 429.0 5.0,28.46175318583846,81.78091496229172,429.0,5.0,16423.0,19500.0,7050.0,301.0,21.2,6.313,,,,28.46175318583846,81.78091496229172,28.46175318583846,81.78091496229172,7.21,3.13,0.16,104.15,349.72,46.18,9.44,44.15,Surkhet,direct_overlay,False,0.0,direct_overlay,FMR_122,18.155452436194896,40.05769230769231,2.8552783789100924,5.807563025210084,129.93857308584685,21.7315098719436,20.083575506233423,140.1228538283063,209.17421196624576,435.3977472749151,4.211974789915966,52.608333333333334
36.0,Surket,Lekhpharsa,A4,,60.0,60.0,40.0,0.0,0.0,PCU,basal,planting,Hybrid,DA4-JAP616zY,28.461702768690884 81.78089761175215 430.0 5.0,28.461702768690884,81.78089761175215,430.0,5.0,17090.0,13983.0,7767.0,279.0,19.5,7.105,,,,28.461702768690884,81.78089761175215,28.461702768690884,81.78089761175215,7.2,3.11,0.16,105.5,346.45,46.21,9.51,44.09,Surkhet,direct_overlay,False,0.0,direct_overlay,FMR_122,18.039443155452435,40.57692307692307,2.8285805626598464,5.807563025210084,128.8016241299304,22.056326967695874,20.16481569130747,142.39675174013922,205.45505621988224,435.2011460270359,21.623949579831944,118.41666666666667
45.0,Surket,Lekhpharsa,A5,,78.0,60.0,40.0,0.0,0.0,UDP,basal,planting,Hybrid,DA5-CSK758cH,28.461660398170352 81.78084053099155 425.0 5.0,28.461660398170352,81.78084053099155,425.0,5.0,20400.0,17300.0,9807.0,272.0,19.9,8.926,,,,28.461660398170352,81.78084053099155,28.461660398170352,81.78084053099155,7.19,3.09,0.16,106.36,342.88,46.27,9.55,44.03,Surkhet,direct_overlay,False,0.0,direct_overlay,FMR_122,17.923433874709975,40.90769230769231,2.7994334054692107,5.807563025210084,127.66861948955915,22.285307435748702,20.22634967127737,144.6627610208817,202.83322986067736,435.05223379550876,39.97996121525534,114.43589743589743
54.0,Surket,Lekhpharsa,B1,,120.0,60.0,40.0,0.0,0.0,0,top dressing,V6 and V10,OPV,DB1-AJL289mX,28.461620793677866 81.78076609969139 423.0 5.0,28.461620793677863,81.78076609969139,423.0,5.0,16383.0,12700.0,8307.0,299.0,21.0,7.457,,,,28.461620793677863,81.78076609969139,28.461620793677863,81.78076609969139,7.19,3.07,0.16,106.93,339.23,46.36,9.57,43.99,Surkhet,direct_overlay,False,0.0,direct_overlay,FMR_122,17.807424593967514,41.12692307692308,2.7696330906944717,5.807563025210084,126.84228538283061,22.38306870203462,20.12693917674245,146.31542923433878,201.7138633617036,435.2928071922833,13.7453081232493,62.141666666666666
63.0,Surket,Lekhpharsa,B2,,120.0,60.0,40.0,0.0,6.0,manure,top dressing,V6 and V10,OPV,DB2-WXA836yI,28.461531149223447 81.78068831562996 425.0 5.0,28.461531149223447,81.78068831562996,425.0,5.0,18510.0,11517.0,9697.0,289.0,19.9,8.826,,,,28.461531149223447,81.78068831562996,28.461531149223447,81.78068831562996,7.17,3.04,0.16,108.48,332.94,46.48,9.65,43.89,Surkhet,direct_overlay,False,0.0,direct_overlay,FMR_122,17.633410672853827,41.723076923076924,2.718278575644304,5.807563025210084,125.00324825986077,22.809016419775123,20.23109358499848,149.99350348027846,196.8367619935748,435.0407535243036,25.15364145658264,73.55
72.0,Surket,Lekhpharsa,B3,,120.0,60.0,40.0,20.0,0.0,0,top dressing,V6 and V10,OPV,DB3-BMK937qA,28.46148022916168 81.78062704391778 419.0 5.0,28.46148022916168,81.78062704391778,419.0,5.0,18617.0,17367.0,8873.0,385.0,20.8,7.986,,,,28.46148022916168,81.78062704391778,28.46148022916168,81.78062704391778,7.17,3.02,0.16,109.06,329.2,46.57,9.67,43.85,Surkhet,direct_overlay,False,0.0,direct_overlay,FMR_122,17.51740139211137,41.94615384615385,2.6877434585874482,5.807563025210084,124.1808584686775,22.907742526325183,20.1213945770678,151.638283062645,195.70634807357663,435.3062251234959,18.153641456582633,66.55
81.0,Surket,Lekhpharsa,B4,,60.0,60.0,40.0,0.0,0.0,PCU,basal,planting,OPV,DB4-SNF666mG,28.461375539191067 81.78056032396853 422.0 5.0,28.461375539191067,81.78056032396853,422.0,5.0,16050.0,14400.0,7207.0,277.0,20.1,6.543,,,,28.461375539191067,81.78056032396853,28.461375539191067,81.78056032396853,7.15,2.99,0.15,110.5,322.72,46.72,9.75,43.76,Surkhet,direct_overlay,False,0.0,direct_overlay,FMR_122,17.343387470997683,42.5,2.634837694275034,5.807563025210084,122.35759860788866,23.30627537703016,20.20001729249525,155.28480278422268,191.14314693300466,435.11595815216145,12.257282913165273,109.05
90.0,Surket,Lekhpharsa,B5,,78.0,60.0,40.0,0.0,0.0,UDP,basal,planting,OPV,DB5-RKK438uC,28.46124662552029 81.78046552464366 430.0 5.0,28.46124662552029,81.78046552464366,430.0,5.0,17383.0,17000.0,10423.0,288.0,18.9,9.606,,,,28.46124662552029,81.78046552464366,28.46124662552029,81.78046552464366,7.1875,3.07625,0.15875,106.75875,339.57000000000005,46.365,9.56625,43.9975,,direct_overlay_plus_nearest8,True,8.0,nearest_8_valid_mean,FMR_122,17.843677494199536,41.06105769230769,2.7724090104269137,5.807563025210084,127.02467916183294,22.372400634373466,20.14909139723455,145.95064167633413,201.83601273642378,435.2391988186924,48.69790993320405,123.15384615384616
2.0,Surkhet,Babiyachaur,A1,,120.0,60.0,40.0,0.0,0.0,0,top dressing,V6 and V10,Hybrid,DA1-XNF150oB,28.805276309140027 81.40033137984574 363.0 4.5,28.805276309140027,81.40033137984574,363.0,4.5,37117.0,17367.0,13833.0,265.0,20.2,12.544,,,,28.805276309140027,81.40033137984574,28.805276309140027,81.40033137984574,7.18,3.18,0.15,140.95,527.27,29.53,24.58,45.85,Surkhet,direct_overlay,False,0.0,direct_overlay,FMR_155,18.445475638051047,54.21153846153845,4.304879992130631,6.272340425531915,131.07354988399072,29.067076655363195,30.549236935548933,137.85290023201856,125.18197229609142,410.07084661597156,52.263829787234044,104.53333333333333
11.0,Surkhet,Babiyachaur,A2,,120.0,60.0,40.0,0.0,6.0,manure,top dressing,V6 and V10,Hybrid,DA2-BCO221bK,28.805250409059227 81.40033565461636 366.0 5.0,28.805250409059227,81.40033565461636,366.0,5.0,37623.33,20716.66,14166.66,293.0,21.0,12.717799999999999,,,,28.805250409059227,81.40033565461636,28.805250409059227,81.40033565461636,7.19,3.16,0.15,139.91,524.68,29.5,24.61,45.85,Surkhet,direct_overlay,False,0.0,direct_overlay,FMR_155,18.329466357308586,53.81153846153846,4.283734015345267,6.272340425531915,130.56078886310905,28.778719926824913,30.339175393929867,138.8784222737819,128.48365683785477,410.5791955466897,53.71216312056736,105.98166666666665
20.0,Surkhet,Babiyachaur,A3,,120.0,60.0,40.0,20.0,0.0,0,top dressing,V6 and V10,Hybrid,DA3-PDZ392mC,28.805238800123334 81.40037840232253 373.0 4.0,28.80523880012333,81.40037840232253,373.0,4.0,32130.0,16576.66,15000.0,274.0,19.5,13.72159,,,,28.80523880012333,81.40037840232253,28.80523880012333,81.40037840232253,7.22,3.11,0.15,138.16,517.87,29.38,24.67,45.93,Surkhet,direct_overlay,False,0.0,direct_overlay,FMR_155,18.039443155452435,53.138461538461534,4.228133975998426,6.272340425531915,129.41496519721576,28.184302114938426,29.67843949206453,141.17006960556847,135.28974078395504,412.1781764292038,62.07707978723405,114.34658333333333
29.0,Surkhet,Babiyachaur,A4,,60.0,60.0,40.0,0.0,0.0,PCU,basal,planting,Hybrid,DA4-JAP616zY,28.805223628878593 81.40040379948914 371.0 3.5,28.8052236288786,81.40040379948914,371.0,3.5,28523.33,15610.0,13983.33,220.0,19.0,13.24242,,,,28.8052236288786,81.40040379948914,28.8052236288786,81.40040379948914,7.23,3.08,0.15,136.87,513.31,29.3,24.71,45.97,Surkhet,direct_overlay,False,0.0,direct_overlay,FMR_155,17.865429234338748,52.64230769230769,4.190903993704504,6.272340425531915,128.47030162412995,27.844047697661964,29.44013243113491,143.0593967517401,139.18565386177053,412.7548795166535,116.16799290780139,220.707
38.0,Surkhet,Babiyachaur,A5,,78.0,60.0,40.0,0.0,0.0,UDP,basal,planting,Hybrid,DA5-CSK758cH,28.805209463462234 81.40041201375425 365.0 5.0,28.80520946346224,81.40041201375425,365.0,5.0,28523.33,15610.0,13983.33,218.0,19.0,12.871022,,,,28.80520946346224,81.40041201375425,28.80520946346224,81.40041201375425,7.24,3.07,0.15,136.16,511.24,29.27,24.73,45.98,Surkhet,direct_overlay,False,0.0,direct_overlay,FMR_155,17.807424593967514,52.36923076923077,4.174003541215818,6.272340425531915,128.35591647331785,27.625592182759235,29.174777824733386,143.2881670533643,141.68696950740676,413.3970376641452,84.5984817239498,165.01310256410258
47.0,Surkhet,Babiyachaur,B1,,120.0,60.0,40.0,0.0,0.0,0,top dressing,V6 and V10,OPV,DB1-AJL289mX,28.805264364928007 81.40046373009682 368.0 4.5,28.805264364928007,81.40046373009682,368.0,4.5,37780.0,23820.0,13380.0,367.0,19.8,12.194045000000001,,,,28.805264364928007,81.40046373009682,28.805264364928007,81.40046373009682,7.27,3.03,0.14,136.25,507.62,29.17,24.73,46.1,Surkhet,direct_overlay,False,0.0,direct_overlay,FMR_155,17.575406032482597,52.40384615384615,4.144448160535116,6.272340425531915,127.57987238979116,27.392525020078534,28.609887406009264,144.84025522041767,144.35558852010078,414.7640724774576,49.34753812056738,101.61704166666667
56.0,Surkhet,Babiyachaur,B2,,120.0,60.0,40.0,0.0,6.0,manure,top dressing,V6 and V10,OPV,DB2-WXA836yI,28.805253175087273 81.40041846781969 368.0 4.5,28.80525317508728,81.40041846781969,368.0,4.5,39833.33,23750.0,13833.33,395.0,18.7,12.78011,,,,28.80525317508728,81.40041846781969,28.80525317508728,81.40041846781969,7.24,3.08,0.15,137.36,513.28,29.28,24.69,46.01,Surkhet,direct_overlay,False,0.0,direct_overlay,FMR_155,17.865429234338748,52.830769230769235,4.190659059610465,6.272340425531915,128.7740139211137,27.861055149027308,29.206613307392928,142.45197215777262,138.99091854363732,413.3199957961091,54.231413120567375,106.50091666666667
65.0,Surkhet,Babiyachaur,B3,,120.0,60.0,40.0,20.0,0.0,0,top dressing,V6 and V10,OPV,DB3-BMK937qA,28.80524429026991 81.40048116445541 365.0 4.5,28.80524429026991,81.40048116445541,365.0,4.5,36400.0,21300.0,14466.66,374.0,21.0,12.98712,,,,28.80524429026991,81.40048116445541,28.80524429026991,81.40048116445541,7.28,3.01,0.14,135.09,503.97,29.11,24.77,46.12,Surkhet,direct_overlay,False,0.0,direct_overlay,FMR_155,17.459396751740137,51.957692307692305,4.114647845760377,6.272340425531915,127.03457076566123,27.083676780296265,28.339303559600754,145.93085846867754,147.89190086560774,415.41888538576615,55.95649645390071,108.22600000000001
74.0,Surkhet,Babiyachaur,B4,,60.0,60.0,40.0,0.0,0.0,PCU,basal,planting,OPV,DB4-SNF666mG,28.805243535898626 81.40048041008413 368.0 5.0,28.805243535898622,81.40048041008413,368.0,5.0,35683.33,23416.66,13883.33,383.0,17.6,12.99984,,,,28.805243535898622,81.40048041008413,28.805243535898622,81.40048041008413,7.28,3.01,0.14,135.09,504.03,29.12,24.77,46.12,Surkhet,direct_overlay,False,0.0,direct_overlay,FMR_155,17.459396751740137,51.957692307692305,4.115137713948455,6.272340425531915,127.03457076566123,27.083676780296265,28.34267748704401,145.93085846867754,147.89190086560774,415.4107204813535,112.12499290780143,216.66400000000002
83.0,Surkhet,Babiyachaur,B5,,78.0,60.0,40.0,0.0,0.0,UDP,basal,planting,OPV,DB5-RKK438uC,28.805279284715652 81.40049943700433 370.0 4.5,28.80527928471565,81.40049943700433,370.0,4.5,40666.66,24450.0,13933.33,396.0,20.4,12.60333,,,,28.80527928471565,81.40049943700433,28.80527928471565,81.40049943700433,7.29,3.0,0.14,135.54,503.42,29.08,24.75,46.18,Surkhet,direct_overlay,False,0.0,direct_overlay,FMR_155,17.40139211136891,52.130769230769225,4.110157387369663,6.272340425531915,126.90835266821347,27.088281947171154,28.159329730519577,146.18329466357307,147.83917170489028,415.85442205214264,81.16653300600107,161.58115384615385
7.0,Surkhet,Kalyan,A1,,120.0,60.0,40.0,0.0,0.0,0,top dressing,V6 and V10,Hybrid,DA1-NZE140dC,28.50374635308981 81.73832852393389 485.0 5.0,28.50374635308981,81.73832852393389,485.0,5.0,21883.0,16643.0,10003.0,440.0,25.0,8.526,,,,28.50374635308981,81.73832852393389,28.50374635308981,81.73832852393389,6.8725,2.70625,0.14625,110.42,340.8975,45.595000000000006,10.8875,44.23375,,direct_overlay_plus_nearest8,True,8.0,nearest_8_valid_mean,FMR_015,15.697505800464036,42.46923076923077,2.7832473440881365,6.272340425531915,103.34060506090486,24.637523144775262,28.08658111805185,193.31878987819027,175.90035999232322,416.03047369431454,18.780496453900703,71.05
16.0,Surkhet,Kalyan,A2,,120.0,60.0,40.0,0.0,6.0,manure,top dressing,V6 and V10,Hybrid,DA2-XFL360kM,28.503612242639065 81.73836247064173 489.0 4.5,28.503612242639065,81.73836247064173,489.0,4.5,21787.0,17773.0,11707.0,466.0,24.4,10.057,,,,28.503612242639065,81.73836247064173,28.503612242639065,81.73836247064173,6.8725,2.70625,0.14625,110.42,340.8975,45.595000000000006,10.8875,44.23375,,direct_overlay_plus_nearest8,True,8.0,nearest_8_valid_mean,FMR_015,15.697505800464036,42.46923076923077,2.7832473440881365,6.272340425531915,103.34060506090486,24.637523144775262,28.08658111805185,193.31878987819027,175.90035999232322,416.03047369431454,31.53882978723404,83.80833333333334
25.0,Surkhet,Kalyan,A3,,120.0,60.0,40.0,20.0,0.0,0,top dressing,V6 and V10,Hybrid,DA3-DJG770oA,28.503653020597994 81.73830891028047 482.0 5.0,28.503653020597994,81.73830891028047,482.0,5.0,22387.0,17637.0,11293.0,464.0,23.0,9.882,,,,28.503653020597994,81.73830891028047,28.503653020597994,81.73830891028047,6.8725,2.70625,0.14625,110.42,340.8975,45.595000000000006,10.8875,44.23375,,direct_overlay_plus_nearest8,True,8.0,nearest_8_valid_mean,FMR_015,15.697505800464036,42.46923076923077,2.7832473440881365,6.272340425531915,103.34060506090486,24.637523144775262,28.08658111805185,193.31878987819027,175.90035999232322,416.03047369431454,30.080496453900704,82.35
34.0,Surkhet,Kalyan,A4,,60.0,60.0,40.0,0.0,0.0,PCU,basal,planting,Hybrid,DA4-PDD344tX,28.50356169976294 81.73828736878932 490.0 5.0,28.50356169976294,81.73828736878932,490.0,5.0,28523.0,17867.0,11417.0,470.0,20.0,10.379,,,,28.50356169976294,81.73828736878932,28.50356169976294,81.73828736878932,6.8725,2.70625,0.14625,110.42,340.8975,45.595000000000006,10.8875,44.23375,,direct_overlay_plus_nearest8,True,8.0,nearest_8_valid_mean,FMR_015,15.697505800464036,42.46923076923077,2.7832473440881365,6.272340425531915,103.34060506090486,24.637523144775262,28.08658111805185,193.31878987819027,175.90035999232322,416.03047369431454,68.44432624113475,172.98333333333332
43.0,Surkhet,Kalyan,A5,,78.0,60.0,40.0,0.0,0.0,UDP,basal,planting,Hybrid,DB1-ZYG710iW,28.50359702948481 81.73827169463038 481.0 5.0,28.50359702948481,81.73827169463038,481.0,5.0,22977.0,14333.0,10943.0,450.0,24.0,9.451,,,,28.50359702948481,81.73827169463038,28.50359702948481,81.73827169463038,6.8725,2.70625,0.14625,110.42,340.8975,45.595000000000006,10.8875,44.23375,,direct_overlay_plus_nearest8,True,8.0,nearest_8_valid_mean,FMR_015,15.697505800464036,42.46923076923077,2.7832473440881365,6.272340425531915,103.34060506090486,24.637523144775262,28.08658111805185,193.31878987819027,175.90035999232322,416.03047369431454,40.752045826513914,121.16666666666667
52.0,Surkhet,Kalyan,B1,,120.0,60.0,40.0,0.0,0.0,0,top dressing,V6 and V10,OPV,DB1-ZYG710iW,28.50356698036194 81.7383087426424 483.0 4.5,28.50356698036194,81.7383087426424,483.0,4.5,15727.0,13650.0,8900.0,403.0,20.0,8.09,,,,28.50356698036194,81.7383087426424,28.50356698036194,81.7383087426424,6.8725,2.70625,0.14625,110.42,340.8975,45.595000000000006,10.8875,44.23375,,direct_overlay_plus_nearest8,True,8.0,nearest_8_valid_mean,FMR_015,15.697505800464036,42.46923076923077,2.7832473440881365,6.272340425531915,103.34060506090486,24.637523144775262,28.08658111805185,193.31878987819027,175.90035999232322,416.03047369431454,15.147163120567372,67.41666666666667
61.0,Surkhet,Kalyan,B2,,120.0,60.0,40.0,0.0,6.0,manure,top dressing,V6 and V10,OPV,DB2-MKW656wW,28.503583283163607 81.73835291527212 484.0 5.0,28.503583283163607,81.73835291527212,484.0,5.0,15177.0,14110.0,8593.0,413.0,23.0,7.519,,,,28.503583283163607,81.73835291527212,28.503583283163607,81.73835291527212,6.8725,2.70625,0.14625,110.42,340.8975,45.595000000000006,10.8875,44.23375,,direct_overlay_plus_nearest8,True,8.0,nearest_8_valid_mean,FMR_015,15.697505800464036,42.46923076923077,2.7832473440881365,6.272340425531915,103.34060506090486,24.637523144775262,28.08658111805185,193.31878987819027,175.90035999232322,416.03047369431454,10.388829787234041,62.65833333333333
70.0,Surkhet,Kalyan,B3,,120.0,60.0,40.0,20.0,0.0,0,top dressing,V6 and V10,OPV,DB3-PTS833qI,28.503610733896494 81.73840488307178 479.0 5.0,28.50361073389649,81.73840488307178,479.0,5.0,20173.0,16387.0,10047.0,433.0,24.0,8.677,,,,28.50361073389649,81.73840488307178,28.50361073389649,81.73840488307178,6.8725,2.70625,0.14625,110.42,340.8975,45.595000000000006,10.8875,44.23375,,direct_overlay_plus_nearest8,True,8.0,nearest_8_valid_mean,FMR_015,15.697505800464036,42.46923076923077,2.7832473440881365,6.272340425531915,103.34060506090486,24.637523144775262,28.08658111805185,193.31878987819027,175.90035999232322,416.03047369431454,20.038829787234036,72.30833333333334
79.0,Surkhet,Kalyan,B4,,60.0,60.0,40.0,0.0,0.0,PCU,basal,planting,OPV,DB4-GHL977aB,28.50377024151385 81.73840471543372 487.0 5.0,28.50377024151385,81.73840471543372,487.0,5.0,16670.0,14230.0,9067.0,430.0,24.3,7.799,,,,28.50377024151385,81.73840471543372,28.50377024151385,81.73840471543372,6.8725,2.70625,0.14625,110.42,340.8975,45.595000000000006,10.8875,44.23375,,direct_overlay_plus_nearest8,True,8.0,nearest_8_valid_mean,FMR_015,15.697505800464036,42.46923076923077,2.7832473440881365,6.272340425531915,103.34060506090486,24.637523144775262,28.08658111805185,193.31878987819027,175.90035999232322,416.03047369431454,25.444326241134753,129.98333333333332
88.0,Surkhet,Kalyan,B5,,78.0,60.0,40.0,0.0,0.0,UDP,basal,planting,OPV,DB5-WBL797kL,28.503744886256754 81.73845400102437 487.0 5.0,28.503744886256754,81.73845400102437,487.0,5.0,25950.0,15823.0,9157.0,435.0,22.0,8.116,,,,28.503744886256754,81.73845400102437,28.503744886256754,81.73845400102437,6.8725,2.70625,0.14625,110.42,340.8975,45.595000000000006,10.8875,44.23375,,direct_overlay_plus_nearest8,True,8.0,nearest_8_valid_mean,FMR_015,15.697505800464036,42.46923076923077,2.7832473440881365,6.272340425531915,103.34060506090486,24.637523144775262,28.08658111805185,193.31878987819027,175.90035999232322,416.03047369431454,23.636661211129287,104.05128205128206
1.0,Surkhet,Kunathari,A1,,120.0,60.0,40.0,0.0,0.0,0,top dressing,V6 and V10,Hybrid,DA1-AZW885aI,28.71348860207945 81.50714138522744 465.0 5.0,28.71348860207945,81.50714138522744,465.0,5.0,24427.0,16877.0,9050.0,405.0,22.0,8.022,,,,28.71348860207945,81.50714138522744,28.71348860207945,81.50714138522744,7.03,3.0,0.15,159.23,383.76,37.26,20.27,43.75,Surkhet,direct_overlay,False,0.0,direct_overlay,FMR_045,17.40139211136891,61.24230769230768,3.133196930946291,6.272340425531915,119.2169373549884,33.48094212921649,26.078554644503946,161.5661252900232,74.64321262047122,420.8898977603004,14.580496453900707,66.85
10.0,Surkhet,Kunathari,A2,,120.0,60.0,40.0,0.0,6.0,manure,top dressing,V6 and V10,Hybrid,DA2-HWX641oA,28.71349337976426 81.50713962502778 477.0 5.0,28.71349337976426,81.50713962502778,477.0,5.0,243447.0,17173.0,9873.0,403.0,22.1,8.74,,,,28.71349337976426,81.50713962502778,28.71349337976426,81.50713962502778,7.03,3.0,0.15,159.23,383.76,37.26,20.27,43.75,Surkhet,direct_overlay,False,0.0,direct_overlay,FMR_045,17.40139211136891,61.24230769230768,3.133196930946291,6.272340425531915,119.2169373549884,33.48094212921649,26.078554644503946,161.5661252900232,74.64321262047122,420.8898977603004,20.56382978723404,72.83333333333333
19.0,Surkhet,Kunathari,A3,,120.0,60.0,40.0,20.0,0.0,0,top dressing,V6 and V10,Hybrid,DA3-PLV150nM,28.71352271642536 81.50719553232193 477.0 5.0,28.71352271642536,81.50719553232193,477.0,5.0,30313.0,16873.0,10650.0,425.0,19.9,9.693,,,,28.71352271642536,81.50719553232193,28.71352271642536,81.50719553232193,7.03,3.0,0.15,159.23,383.76,37.26,20.27,43.75,Surkhet,direct_overlay,False,0.0,direct_overlay,FMR_045,17.40139211136891,61.24230769230768,3.133196930946291,6.272340425531915,119.2169373549884,33.48094212921649,26.078554644503946,161.5661252900232,74.64321262047122,420.8898977603004,28.505496453900705,80.775
28.0,Surkhet,Kunathari,A4,,60.0,60.0,40.0,0.0,0.0,PCU,basal,planting,Hybrid,DA4-PLV905qB,28.713520243763924 81.50713970884681 472.0 4.0,28.713520243763924,81.50713970884681,472.0,4.0,30587.0,16476.0,9243.0,444.0,23.1,8.077,,,,28.713520243763924,81.50713970884681,28.713520243763924,81.50713970884681,7.03,3.0,0.15,159.23,383.76,37.26,20.27,43.75,Surkhet,direct_overlay,False,0.0,direct_overlay,FMR_045,17.40139211136891,61.24230769230768,3.133196930946291,6.272340425531915,119.2169373549884,33.48094212921649,26.078554644503946,161.5661252900232,74.64321262047122,420.8898977603004,30.07765957446808,134.61666666666667
37.0,Surkhet,Kunathari,A5,,78.0,60.0,40.0,0.0,0.0,UDP,basal,planting,Hybrid,DA5-TMM242dZ,28.713521542958915 81.50715328752995 466.0 4.0,28.713521542958915,81.50715328752995,466.0,4.0,28433.0,16150.0,9100.0,385.0,21.1,8.159,,,,28.713521542958915,81.50715328752995,28.713521542958915,81.50715328752995,7.03,3.0,0.15,159.23,383.76,37.26,20.27,43.75,Surkhet,direct_overlay,False,0.0,direct_overlay,FMR_045,17.40139211136891,61.24230769230768,3.133196930946291,6.272340425531915,119.2169373549884,33.48094212921649,26.078554644503946,161.5661252900232,74.64321262047122,420.8898977603004,24.187943262411352,104.60256410256412
46.0,Surkhet,Kunathari,B1,,120.0,60.0,40.0,0.0,0.0,0,top dressing,V6 and V10,OPV,DB1-CWE996kZ,28.713545599021018 81.50714431889355 466.0 4.0,28.713545599021018,81.50714431889355,466.0,4.0,19840.0,15877.0,8400.0,410.0,20.4,7.598,,,,28.713545599021018,81.50714431889355,28.713545599021018,81.50714431889355,7.03,3.0,0.15,159.23,383.76,37.26,20.27,43.75,Surkhet,direct_overlay,False,0.0,direct_overlay,FMR_045,17.40139211136891,61.24230769230768,3.133196930946291,6.272340425531915,119.2169373549884,33.48094212921649,26.078554644503946,161.5661252900232,74.64321262047122,420.8898977603004,11.047163120567372,63.31666666666667
55.0,Surkhet,Kunathari,B2,,120.0,60.0,40.0,0.0,6.0,manure,top dressing,V6 and V10,OPV,DB2-DHT531aB,28.713538139127195 81.50715437717736 466.0 4.0,28.713538139127195,81.50715437717736,466.0,4.0,29607.0,17443.0,9183.0,433.0,20.6,8.286,,,,28.713538139127195,81.50715437717736,28.713538139127195,81.50715437717736,7.03,3.0,0.15,159.23,383.76,37.26,20.27,43.75,Surkhet,direct_overlay,False,0.0,direct_overlay,FMR_045,17.40139211136891,61.24230769230768,3.133196930946291,6.272340425531915,119.2169373549884,33.48094212921649,26.078554644503946,161.5661252900232,74.64321262047122,420.8898977603004,16.780496453900703,69.05
64.0,Surkhet,Kunathari,B3,,120.0,60.0,40.0,20.0,0.0,0,top dressing,V6 and V10,OPV,DB3-AEK794yM,28.71349547524005 81.50716661475599 464.0 4.5,28.71349547524005,81.50716661475599,464.0,4.5,23133.0,15083.0,8007.0,411.0,20.1,7.27,,,,28.71349547524005,81.50716661475599,28.71349547524005,81.50716661475599,7.03,3.0,0.15,159.23,383.76,37.26,20.27,43.75,Surkhet,direct_overlay,False,0.0,direct_overlay,FMR_045,17.40139211136891,61.24230769230768,3.133196930946291,6.272340425531915,119.2169373549884,33.48094212921649,26.078554644503946,161.5661252900232,74.64321262047122,420.8898977603004,8.313829787234036,60.583333333333336
73.0,Surkhet,Kunathari,B4,,60.0,60.0,40.0,0.0,0.0,PCU,basal,planting,OPV,DB4-QEJ393uN,28.71344681829214 81.50714750401676 472.0 4.5,28.71344681829214,81.50714750401676,472.0,4.5,26950.0,15010.0,7930.0,395.0,19.7,7.236,,,,28.71344681829214,81.50714750401676,28.71344681829214,81.50714750401676,7.03,3.0,0.15,159.23,383.76,37.26,20.27,43.75,Surkhet,direct_overlay,False,0.0,direct_overlay,FMR_045,17.40139211136891,61.24230769230768,3.133196930946291,6.272340425531915,119.2169373549884,33.48094212921649,26.078554644503946,161.5661252900232,74.64321262047122,420.8898977603004,16.060992907801406,120.6
82.0,Surkhet,Kunathari,B5,,78.0,60.0,40.0,0.0,0.0,UDP,basal,planting,OPV,DB5-YWB419rD,28.713437975384295 81.50709084235132 461.0 4.5,28.71343797538429,81.50709084235132,461.0,4.5,2803.0,16343.0,8773.0,425.0,20.6,7.916,,,,28.71343797538429,81.50709084235132,28.71343797538429,81.50709084235132,7.03,3.0,0.15,159.23,383.76,37.26,20.27,43.75,Surkhet,direct_overlay,False,0.0,direct_overlay,FMR_045,17.40139211136891,61.24230769230768,3.133196930946291,6.272340425531915,119.2169373549884,33.48094212921649,26.078554644503946,161.5661252900232,74.64321262047122,420.8898977603004,21.07255864702673,101.48717948717949
8.0,Surkhet,Maintada-2,A1,,120.0,60.0,40.0,0.0,0.0,0,top dressing,V6 and V10,Hybrid,DA1-XNF150oB,28.44870310742408 81.79671191610396 418.0 4.5,28.44870310742408,81.79671191610396,418.0,4.5,12103.0,11300.0,4090.0,320.0,23.4,3.56,,,,28.44870310742408,81.79671191610396,28.44870310742408,81.79671191610396,5.96,2.31,0.12,198.86,220.71,45.55,13.9,40.28,Surkhet,direct_overlay,False,0.0,direct_overlay,FMR_047,13.399071925754061,76.48461538461538,1.80198012984458,6.272340425531915,67.42412993039444,42.9282311261824,32.555486877565066,265.15174013921114,0.0,405.2157217562925,-22.602836879432626,29.666666666666668
17.0,Surkhet,Maintada-2,A2,,120.0,60.0,40.0,0.0,6.0,manure,top dressing,V6 and V10,Hybrid,DA2-BCO221bK,28.44869724009186 81.79670889861882 422.0 4.5,28.44869724009186,81.79670889861882,422.0,4.5,10967.0,13633.0,8200.0,350.0,23.9,7.091,,,,28.44869724009186,81.79670889861882,28.44869724009186,81.79670889861882,5.96,2.3,0.12,198.6,220.74,45.55,13.9,40.28,Surkhet,direct_overlay,False,0.0,direct_overlay,FMR_047,13.341067285382831,76.38461538461539,1.8022250639386188,6.272340425531915,67.1322505800464,42.85794574335178,32.68126331780957,265.7354988399072,0.0,404.91134277090083,6.822163120567374,59.09166666666667
26.0,Surkhet,Maintada-2,A3,,120.0,60.0,40.0,20.0,0.0,0,top dressing,V6 and V10,Hybrid,DA3-PDZ392mC,28.44873093534261 81.79671887308359 428.0 4.5,28.44873093534261,81.79671887308359,428.0,4.5,13300.0,14317.0,8833.0,340.0,21.5,7.88,,,,28.44873093534261,81.79671887308359,28.44873093534261,81.79671887308359,5.96,2.31,0.12,199.95,220.5,45.54,13.9,40.31,Surkhet,direct_overlay,False,0.0,direct_overlay,FMR_047,13.399071925754061,76.90384615384615,1.800265591186307,6.272340425531915,67.42412993039444,43.137846510797786,32.52451115265777,265.15174013921114,0.0,405.2906830105682,13.397163120567372,65.66666666666667
35.0,Surkhet,Maintada-2,A4,,60.0,60.0,40.0,0.0,0.0,PCU,basal,planting,Hybrid,DA4-JAP616zY,28.448755997233093 81.79672113619745 419.0 4.0,28.448755997233093,81.79672113619745,419.0,4.0,15127.0,18667.0,8133.0,370.0,22.6,7.154,,,,28.448755997233093,81.79672113619745,28.448755997233093,81.79672113619745,5.95,2.31,0.12,200.86,220.29,45.54,13.9,40.34,Surkhet,direct_overlay,False,0.0,direct_overlay,FMR_047,13.399071925754061,77.25384615384615,1.7985510525280344,6.272340425531915,67.19634570765662,43.31073615696948,32.62146273258413,265.60730858468673,0.0,405.05606018714644,14.694326241134744,119.23333333333333
44.0,Surkhet,Maintada-2,A5,,78.0,60.0,40.0,0.0,0.0,UDP,basal,planting,Hybrid,DA5-CSK758cH,28.44878830946982 81.7967389896512 420.0 4.0,28.44878830946982,81.7967389896512,420.0,4.0,16293.0,13300.0,7850.0,370.0,22.4,6.922,,,,28.44878830946982,81.7967389896512,28.44878830946982,81.7967389896512,5.96,2.31,0.12,202.72,220.94,45.56,13.9,40.34,Surkhet,direct_overlay,False,0.0,direct_overlay,FMR_047,13.399071925754061,77.96923076923076,1.8038579578988787,6.272340425531915,67.42412993039444,43.670538818490094,32.589412671511155,265.15174013921114,0.0,405.133621334943,8.32896890343698,88.74358974358974
53.0,Surkhet,Maintada-2,B1,,120.0,60.0,40.0,0.0,0.0,0,top dressing,V6 and V10,OPV,DB1-AJL289mX,28.448860519565642 81.7967619560659 424.0 4.5,28.44886051956564,81.7967619560659,424.0,4.5,10300.0,12897.0,7850.0,380.0,21.7,6.985,,,,28.44886051956564,81.7967619560659,28.44886051956564,81.7967619560659,5.97,2.31,0.12,206.6,222.37,45.62,13.89,40.35,Surkhet,direct_overlay,False,0.0,direct_overlay,FMR_047,13.399071925754061,79.46153846153845,1.8155331497147351,6.272340425531915,67.65191415313225,44.41833405095484,32.67120740066736,264.6961716937355,0.0,404.935678090385,5.938829787234042,58.208333333333336
62.0,Surkhet,Maintada-2,B2,,120.0,60.0,40.0,0.0,6.0,manure,top dressing,V6 and V10,OPV,DB2-WXA836yI,28.448921288363636 81.79675525054336 428.0 4.5,28.44892128836364,81.79675525054336,428.0,4.5,12793.0,12167.0,7243.0,381380.0,19.6,6.535,,,,28.44892128836364,81.79675525054336,28.44892128836364,81.79675525054336,6.0,2.31,0.12,209.23,223.43,45.67,13.87,40.36,Surkhet,direct_overlay,False,0.0,direct_overlay,FMR_047,13.399071925754061,80.47307692307692,1.8241874877041118,6.272340425531915,68.33526682134571,44.92621363555238,32.43769317602409,263.32946635730855,0.0,405.5007825140217,2.1888297872340408,54.458333333333336
71.0,Surkhet,Maintada-2,B3,,120.0,60.0,40.0,20.0,0.0,0,top dressing,V6 and V10,OPV,DB3-BMK937qA,28.448959719389677 81.79673672653735 424.0 4.0,28.44895971938968,81.79673672653735,424.0,4.0,16293.0,13300.0,7323.0,381.0,19.5,6.699,,,,28.44895971938968,81.79673672653735,28.44895971938968,81.79673672653735,6.01,2.3,0.12,210.45,224.04,45.71,13.86,40.36,Surkhet,direct_overlay,False,0.0,direct_overlay,FMR_047,13.341067285382831,80.94230769230768,1.8291678142829035,6.272340425531915,68.26624129930393,45.14029392736033,32.51688929286516,263.4675174013921,0.0,405.30912791126633,3.5554964539007043,55.825
80.0,Surkhet,Maintada-2,B4,,60.0,60.0,40.0,0.0,0.0,PCU,basal,planting,OPV,DB4-SNF666mG,28.44900351483375 81.79672641679645 431.0 4.0,28.44900351483375,81.79672641679645,431.0,4.0,15100.0,11000.0,7283.0,379.0,21.0,6.538,,,,28.44900351483375,81.79672641679645,28.44900351483375,81.79672641679645,6.03,2.3,0.12,212.13,224.79,45.75,13.84,40.37,Surkhet,direct_overlay,False,0.0,direct_overlay,FMR_047,13.341067285382831,81.58846153846153,1.8352911666338774,6.272340425531915,68.71983758700698,45.46150310101731,32.36368920429726,262.5603248259861,0.0,405.67987212560064,4.427659574468083,108.96666666666667
89.0,Surkhet,Maintada-2,B5,,78.0,60.0,40.0,0.0,0.0,UDP,basal,planting,OPV,DB5-RKK438uC,28.44906499609351 81.79674309678376 424.0 4.0,28.44906499609351,81.79674309678376,424.0,4.0,12817.0,11357.0,6820.0,371.0,20.4,6.169,,,,28.44906499609351,81.79674309678376,28.44906499609351,81.79674309678376,6.05,2.3,0.11,215.45,225.97,45.8,13.83,40.37,Surkhet,direct_overlay,False,0.0,direct_overlay,FMR_047,13.341067285382831,82.86538461538461,1.8449252409994095,6.272340425531915,69.17343387470997,46.09622914063894,32.27014756059842,261.65313225058003,0.0,405.9062429033518,-1.3248772504091755,79.08974358974359
6.0,Surkhet,Ramghat,A1,,120.0,60.0,40.0,0.0,0.0,0,top dressing,V6 and V10,Hybrid,DA1-UUW834bL,28.48777807317674 81.7445654142648 439.0 5.0,28.48777807317674,81.7445654142648,439.0,5.0,13833.0,19670.0,11613.0,210.0,21.8,10.32,,,,28.48777807317674,81.7445654142648,28.48777807317674,81.7445654142648,6.8,2.68,0.15,106.12,317.59,46.19,11.4,43.4,Surkhet,direct_overlay,False,0.0,direct_overlay,FMR_031,15.54524361948956,40.815384615384616,2.592953964194373,6.272340425531915,100.42227378190255,24.107460289130824,27.566125501526642,199.1554524361949,181.96957968945208,417.2899762863055,33.730496453900706,86.0
15.0,Surkhet,Ramghat,A2,,120.0,60.0,40.0,0.0,6.0,manure,top dressing,V6 and V10,Hybrid,DA2-SJO699mY,28.487758794799447 81.74448125995696 429.0 5.0,28.487758794799447,81.74448125995696,429.0,5.0,18417.0,20417.0,12447.0,548.0,19.5,11.386,,,,28.487758794799447,81.74448125995696,28.487758794799447,81.74448125995696,6.81,2.69,0.15,106.41,319.81,46.18,11.27,43.51,Surkhet,direct_overlay,False,0.0,direct_overlay,FMR_031,15.60324825986079,40.926923076923075,2.611079087153256,6.272340425531915,101.06223897911832,24.13307247233625,27.505732826546517,197.87552204176336,181.67632019174994,417.43612655975744,42.61382978723403,94.88333333333334
24.0,Surkhet,Ramghat,A3,,120.0,60.0,40.0,20.0,0.0,0,top dressing,V6 and V10,Hybrid,DA3-DRV364pA,28.487752215005457 81.74448067322373 427.0 4.5,28.487752215005457,81.74448067322373,427.0,4.5,19450.0,17183.0,12780.0,207.0,20.3,11.575,,,,28.487752215005457,81.74448067322373,28.487752215005457,81.74448067322373,6.81,2.69,0.15,106.49,319.86,46.19,11.28,43.5,Surkhet,direct_overlay,False,0.0,direct_overlay,FMR_031,15.60324825986079,40.957692307692305,2.6114873106433203,6.272340425531915,101.06223897911832,24.148457087720864,27.510033150618078,197.87552204176336,181.50016634559609,417.4257197755042,44.188829787234035,96.45833333333333
33.0,Surkhet,Ramghat,A4,,60.0,60.0,40.0,0.0,0.0,PCU,basal,planting,Hybrid,DA4-ZXZ372sM,28.48774794023484 81.74442929215729 419.0 4.5,28.48774794023484,81.74442929215729,419.0,4.5,19643.0,17967.0,12910.0,443.0,2.1,11.722,,,,28.48774794023484,81.74442929215729,28.48774794023484,81.74442929215729,6.81,2.71,0.15,106.56,321.24,46.17,11.19,43.58,Surkhet,direct_overlay,False,0.0,direct_overlay,FMR_031,15.719257540603248,40.98461538461538,2.6227542789691123,6.272340425531915,101.81363109048723,24.189201978850615,27.45007528210806,196.37273781902553,181.03363734216046,417.57081781729846,90.82765957446807,195.36666666666667
42.0,Surkhet,Ramghat,A5,,78.0,60.0,40.0,0.0,0.0,UDP,basal,planting,Hybrid,DA5-YMG820xR,28.48772032186389 81.7443925794214 424.0 4.5,28.48772032186389,81.7443925794214,424.0,4.5,20973.0,20983.0,11813.0,537.0,20.7,10.645,,,,28.48772032186389,81.7443925794214,28.48772032186389,81.7443925794214,6.81,2.71,0.15,106.9,322.45,46.19,11.15,43.59,Surkhet,direct_overlay,False,0.0,direct_overlay,FMR_031,15.719257540603248,41.11538461538461,2.6326332874286833,6.272340425531915,101.81363109048723,24.25458659423523,27.55347022386921,196.37273781902553,180.2849834960066,417.32060205823655,56.05973813420621,136.47435897435898
51.0,Surkhet,Ramghat,B1,,120.0,60.0,40.0,0.0,0.0,0,top dressing,V6 and V10,OPV,DB1-SFX676lM,28.487706198357046 81.74441169016063 429.0 5.0,28.48770619835705,81.74441169016063,429.0,5.0,16340.0,17083.0,14123.0,451.0,18.4,13.096,,,,28.48770619835705,81.74441169016063,28.48770619835705,81.74441169016063,6.81,2.7,0.15,107.06,322.05,46.22,11.19,43.54,Surkhet,direct_overlay,False,0.0,direct_overlay,FMR_031,15.661252900232018,41.176923076923075,2.629367499508164,6.272340425531915,101.43793503480278,24.271714148670355,27.608548262458562,197.12412993039445,180.08887299772442,417.1873132048503,56.86382978723404,109.13333333333334
60.0,Surkhet,Ramghat,B2,,120.0,60.0,40.0,0.0,6.0,manure,top dressing,V6 and V10,OPV,DB2-SQN531gS,28.487698235549033 81.74447522498667 447.0 4.5,28.48769823554904,81.74447522498667,447.0,4.5,17533.0,17750.0,9260.0,491.0,19.4,8.481,,,,28.48769823554904,81.74447522498667,28.48769823554904,81.74447522498667,6.8,2.69,0.15,107.16,320.33,46.26,11.3,43.44,Surkhet,direct_overlay,False,0.0,direct_overlay,FMR_031,15.60324825986079,41.215384615384615,2.615324611449931,6.272340425531915,100.7969837587007,24.321265393539175,27.713476647759975,198.4060324825986,179.52151124397645,416.93338651242084,18.405496453900703,70.675
69.0,Surkhet,Ramghat,B3,,120.0,60.0,40.0,20.0,0.0,0,top dressing,V6 and V10,OPV,DB3-MIF225zF,28.48773863632232 81.74448410980403 429.0 5.0,28.48773863632232,81.74448410980403,429.0,5.0,12703.0,17110.0,9970.0,496.0,19.6,9.109,,,,28.48773863632232,81.74448410980403,28.48773863632232,81.74448410980403,6.8,2.69,0.15,106.66,319.85,46.21,11.29,43.48,Surkhet,direct_overlay,False,0.0,direct_overlay,FMR_031,15.60324825986079,41.02307692307692,2.6114056659453078,6.272340425531915,100.7969837587007,24.22511154738533,27.67194925790912,198.4060324825986,180.62247278243797,417.03388279585994,23.63882978723404,75.90833333333333
78.0,Surkhet,Ramghat,B4,,60.0,60.0,40.0,0.0,0.0,PCU,basal,planting,OPV,DB4-OVM122aD,28.487781593576074 81.74450950697064 436.0 4.5,28.48778159357608,81.74450950697064,436.0,4.5,11500.0,19383.0,10500.0,506.0,19.5,9.605,,,,28.48778159357608,81.74450950697064,28.48778159357608,81.74450950697064,6.81,2.69,0.15,106.11,318.97,46.16,11.31,43.49,Surkhet,direct_overlay,False,0.0,direct_overlay,FMR_031,15.60324825986079,40.81153846153846,2.6042209325201653,6.272340425531915,101.06223897911832,24.075380164643942,27.433487382144218,197.87552204176336,182.33689711482685,417.61096053521095,55.544326241134755,160.08333333333334
87.0,Surkhet,Ramghat,B5,,78.0,60.0,40.0,0.0,0.0,UDP,basal,planting,OPV,DB5-NDY268fJ,28.487805020995438 81.74454160965979 429.0 4.5,28.48780502099544,81.74454160965979,429.0,4.5,15087.0,19953.0,10907.0,599.0,18.9,10.051,,,,28.48780502099544,81.74454160965979,28.48780502099544,81.74454160965979,6.81,2.69,0.15,105.79,318.09,46.15,11.35,43.47,Surkhet,direct_overlay,False,0.0,direct_overlay,FMR_031,15.60324825986079,40.68846153846154,2.597036199095022,6.272340425531915,101.06223897911832,24.01384170310548,27.35780167848466,197.87552204176336,183.04151249944223,417.7941199380671,48.4443535188216,128.85897435897436
3.0,Surkhet,Ramghat,A1,,120.0,60.0,40.0,0.0,0.0,0,top dressing,V6 and V10,Hybrid,DA1-BZF229nZ,28.489830633625388 81.74146293662488 426.0 5.0,28.489830633625388,81.74146293662488,426.0,5.0,17337.0,18427.0,9397.0,538.0,19.2,8.628,,,,28.489830633625388,81.74146293662488,28.489830633625388,81.74146293662488,6.97,3.03,0.15,92.78,342.29,44.42,9.68,44.38,Surkhet,direct_overlay,False,0.0,direct_overlay,FMR_092,17.575406032482597,35.684615384615384,2.7946163682864453,6.272340425531915,118.61641531322505,21.099777384883097,23.99705542989947,162.7671693735499,216.40754894308853,425.9271258596433,19.630496453900708,71.9
12.0,Surkhet,Ramghat,A2,,120.0,60.0,40.0,0.0,6.0,manure,top dressing,V6 and V10,Hybrid,DA2-GVK952sU,28.489910010248423 81.74147073179483 431.0 5.0,28.489910010248423,81.74147073179483,431.0,5.0,17716.0,18727.0,10640.0,595.0,19.3,9.757,,,,28.489910010248423,81.74147073179483,28.489910010248423,81.74147073179483,6.97,3.03,0.15,92.78,342.29,44.42,9.68,44.38,Surkhet,direct_overlay,False,0.0,direct_overlay,FMR_092,17.575406032482597,35.684615384615384,2.7946163682864453,6.272340425531915,118.61641531322505,21.099777384883097,23.99705542989947,162.7671693735499,216.40754894308853,425.9271258596433,29.038829787234036,81.30833333333334
21.0,Surkhet,Ramghat,A3,,120.0,60.0,40.0,20.0,0.0,0,top dressing,V6 and V10,Hybrid,DA3-YVV922cS,28.489922499284148 81.74147316254675 437.0 5.0,28.489922499284148,81.74147316254675,437.0,5.0,19683.0,15480.0,11427.0,494.0,14.5,16.692,,,,28.489922499284148,81.74147316254675,28.489922499284148,81.74147316254675,6.97,3.03,0.15,92.78,342.29,44.42,9.68,44.38,Surkhet,direct_overlay,False,0.0,direct_overlay,FMR_092,17.575406032482597,35.684615384615384,2.7946163682864453,6.272340425531915,118.61641531322505,21.099777384883097,23.99705542989947,162.7671693735499,216.40754894308853,425.9271258596433,86.83049645390071,139.1
30.0,Surkhet,Ramghat,A4,,60.0,60.0,40.0,0.0,0.0,PCU,basal,planting,Hybrid,DA4-IBL855eZ,28.489974215626717 81.74141163937747 429.0 5.0,28.48997421562672,81.74141163937747,429.0,5.0,19963.0,21497.0,14200.0,615.0,14.6,13.692,,,,28.48997421562672,81.74141163937747,28.48997421562672,81.74141163937747,6.97,3.03,0.15,92.78,342.29,44.42,9.68,44.38,Surkhet,direct_overlay,False,0.0,direct_overlay,FMR_092,17.575406032482597,35.684615384615384,2.7946163682864453,6.272340425531915,118.61641531322505,21.099777384883097,23.99705542989947,162.7671693735499,216.40754894308853,425.9271258596433,123.66099290780143,228.2
39.0,Surkhet,Ramghat,A5,,78.0,60.0,40.0,0.0,0.0,UDP,basal,planting,Hybrid,DA5-ATC746vV,28.489961475133896 81.7414621822536 443.0 5.0,28.489961475133896,81.7414621822536,443.0,5.0,23010.0,22507.0,14977.0,654.0,14.2,14.477,,,,28.489961475133896,81.7414621822536,28.489961475133896,81.7414621822536,6.97,3.03,0.15,92.78,342.29,44.42,9.68,44.38,Surkhet,direct_overlay,False,0.0,direct_overlay,FMR_092,17.575406032482597,35.684615384615384,2.7946163682864453,6.272340425531915,118.61641531322505,21.099777384883097,23.99705542989947,162.7671693735499,216.40754894308853,425.9271258596433,105.18794326241135,185.60256410256412
48.0,Surkhet,Ramghat,B1,,120.0,60.0,40.0,0.0,0.0,0,top dressing,V6 and V10,OPV,DB1-AFX141iI,28.489845260046422 81.74151733517647 430.0 5.0,28.489845260046422,81.74151733517647,430.0,5.0,17030.0,18697.0,11380.0,471.0,14.6,11.044,,,,28.489845260046422,81.74151733517647,28.489845260046422,81.74151733517647,6.97,3.03,0.15,92.78,342.29,44.42,9.68,44.38,Surkhet,direct_overlay,False,0.0,direct_overlay,FMR_092,17.575406032482597,35.684615384615384,2.7946163682864453,6.272340425531915,118.61641531322505,21.099777384883097,23.99705542989947,162.7671693735499,216.40754894308853,425.9271258596433,39.763829787234044,92.03333333333333
57.0,Surkhet,Ramghat,B2,,120.0,60.0,40.0,0.0,6.0,manure,top dressing,V6 and V10,OPV,DB2-ZPY601vT,28.489768020808697 81.74155253916979 430.0 5.0,28.489768020808697,81.74155253916979,430.0,5.0,17970.0,19817.0,11440.0,468.0,15.3,11.011,,,,28.489768020808697,81.74155253916979,28.489768020808697,81.74155253916979,6.97,3.03,0.15,92.78,342.29,44.42,9.68,44.38,Surkhet,direct_overlay,False,0.0,direct_overlay,FMR_092,17.575406032482597,35.684615384615384,2.7946163682864453,6.272340425531915,118.61641531322505,21.099777384883097,23.99705542989947,162.7671693735499,216.40754894308853,425.9271258596433,39.48882978723403,91.75833333333334
66.0,Surkhet,Ramghat,B3,,120.0,60.0,40.0,20.0,0.0,0,top dressing,V6 and V10,OPV,DB3-GGH969nG,28.489770451560616 81.74159889109433 433.0 5.0,28.489770451560616,81.74159889109433,433.0,5.0,28673.0,17603.0,10923.0,495.0,15.3,10.514,,,,28.489770451560616,81.74159889109433,28.489770451560616,81.74159889109433,6.97,3.03,0.15,92.78,342.29,44.42,9.68,44.38,Surkhet,direct_overlay,False,0.0,direct_overlay,FMR_092,17.575406032482597,35.684615384615384,2.7946163682864453,6.272340425531915,118.61641531322505,21.099777384883097,23.99705542989947,162.7671693735499,216.40754894308853,425.9271258596433,35.34716312056737,87.61666666666666
75.0,Surkhet,Ramghat,B4,,60.0,60.0,40.0,0.0,0.0,PCU,basal,planting,OPV,DB4-NUE268jO,28.489708215929568 81.7416070215404 427.0 5.0,28.489708215929568,81.7416070215404,427.0,5.0,19337.0,14987.0,12257.0,518.0,14.2,11.95,,,,28.489708215929568,81.7416070215404,28.489708215929568,81.7416070215404,6.97,3.03,0.15,92.78,342.29,44.42,9.68,44.38,Surkhet,direct_overlay,False,0.0,direct_overlay,FMR_092,17.575406032482597,35.684615384615384,2.7946163682864453,6.272340425531915,118.61641531322505,21.099777384883097,23.99705542989947,162.7671693735499,216.40754894308853,425.9271258596433,94.62765957446807,199.16666666666666
84.0,Surkhet,Ramghat,B5,,78.0,60.0,40.0,0.0,0.0,UDP,basal,planting,OPV,DB5-AHL702fM,28.48961379379034 81.74167298711836 436.0 5.0,28.48961379379034,81.74167298711836,436.0,5.0,17213.0,19063.0,14607.0,567.0,14.3,14.173,,,,28.48961379379034,81.74167298711836,28.48961379379034,81.74167298711836,6.81,2.55,0.14,97.11,287.92,44.23,11.09,44.1,Surkhet,direct_overlay,False,0.0,direct_overlay,FMR_092,14.791183294663572,37.35,2.3507141451898486,6.272340425531915,95.80249419953594,22.153627465197218,25.944945468820862,208.39501160092811,204.34096552349186,421.2132319654535,101.29050736497544,181.7051282051282
4.0,Surkhet,Ramghat,A1,,120.0,60.0,40.0,0.0,0.0,0,top dressing,V6 and V10,Hybrid,DA1-PZV981wS,28.49197795148939 81.74336923286319 411.0 4.5,28.49197795148939,81.74336923286319,411.0,4.5,17363.0,19160.0,14017.0,575.0,17.8,13.027,,,,28.49197795148939,81.74336923286319,28.49197795148939,81.74336923286319,6.83,2.61,0.14,113.91,331.09,45.58,11.21,44.12,Surkhet,direct_overlay,False,0.0,direct_overlay,FMR_102,15.139211136890951,43.81153846153846,2.703174306511902,6.272340425531915,98.57140371229698,25.37934768204533,28.8909907283105,202.85719257540603,167.40646904058096,414.0838024374886,56.28882978723403,108.55833333333334
13.0,Surkhet,Ramghat,A2,,120.0,60.0,40.0,0.0,6.0,manure,top dressing,V6 and V10,Hybrid,DA2-EZW146uI,28.491981555707753 81.7433758545667 412.0 4.0,28.49198155570776,81.7433758545667,412.0,4.0,19343.0,19667.0,13163.0,467.0,16.2,12.535,,,,28.49198155570776,81.7433758545667,28.49198155570776,81.7433758545667,6.83,2.61,0.14,113.86,331.28,45.58,11.21,44.13,Surkhet,direct_overlay,False,0.0,direct_overlay,FMR_102,15.139211136890951,43.79230769230769,2.7047255557741487,6.272340425531915,98.57140371229698,25.369732297429945,28.907570172686288,202.85719257540603,167.51656519442713,414.04368018209914,52.188829787234035,104.45833333333333
22.0,Surkhet,Ramghat,A3,,120.0,60.0,40.0,20.0,0.0,0,top dressing,V6 and V10,Hybrid,DA3-EGP846eV,28.491987171582878 81.74341131001711 413.0 4.0,28.49198717158288,81.74341131001711,413.0,4.0,19760.0,18817.0,11617.0,515.0,15.5,11.155,,,,28.49198717158288,81.74341131001711,28.49198717158288,81.74341131001711,6.84,2.61,0.14,113.89,331.42,45.58,11.21,44.16,Surkhet,direct_overlay,False,0.0,direct_overlay,FMR_102,15.139211136890951,43.80384615384615,2.7058685815463304,6.272340425531915,98.82877030162412,25.331257183651616,28.746614230501695,202.34245939675176,167.957105247189,414.43319356218586,40.688829787234035,92.95833333333333
31.0,Surkhet,Ramghat,A4,,60.0,60.0,40.0,0.0,0.0,PCU,basal,planting,Hybrid,DA4-USA687aI,28.49204743746668 81.74342572689056 413.0 4.0,28.49204743746668,81.74342572689056,413.0,4.0,18430.0,18493.0,13617.0,570.0,15.7,13.044,,,,28.49204743746668,81.74342572689056,28.49204743746668,81.74342572689056,6.85,2.65,0.14,112.73,335.43,45.59,11.09,44.22,Surkhet,direct_overlay,False,0.0,direct_overlay,FMR_102,15.37122969837587,43.35769230769231,2.7386081054495377,6.272340425531915,100.60469837587006,25.115276693289314,28.537785247130742,198.79060324825988,170.43008186183735,414.93855970194363,112.86099290780142,217.4
40.0,Surkhet,Ramghat,A5,,78.0,60.0,40.0,0.0,0.0,UDP,basal,planting,Hybrid,DA5-UPU737pJ,28.492028494365513 81.74340141937137 420.0 5.0,28.49202849436552,81.74340141937137,420.0,5.0,17337.0,19650.0,14140.0,566.0,19.0,13.015,,,,28.49202849436552,81.74340141937137,28.49202849436552,81.74340141937137,6.85,2.64,0.14,113.02,334.23,45.59,11.12,44.19,Surkhet,direct_overlay,False,0.0,direct_overlay,FMR_102,15.31322505800464,43.46923076923077,2.7288107416879797,6.272340425531915,100.22505800464036,25.15807826164555,28.52975241034116,199.54988399071928,169.94000390415846,414.9579991669744,86.4443535188216,166.85897435897436
49.0,Surkhet,Ramghat,B1,,120.0,60.0,40.0,0.0,0.0,0,top dressing,V6 and V10,OPV,DB1-JLS829lG,28.49211897701025 81.74333956092596 417.0 4.5,28.49211897701025,81.74333956092596,417.0,4.5,15027.0,16603.0,9927.0,467.0,15.5,9.532,,,,28.49211897701025,81.74333956092596,28.49211897701025,81.74333956092596,6.87,2.69,0.15,110.91,340.1,45.59,10.93,44.22,Surkhet,direct_overlay,False,0.0,direct_overlay,FMR_102,15.60324825986079,42.65769230769231,2.7767361794216012,6.272340425531915,102.65377030162414,24.72321578841692,28.212314240061556,194.69245939675173,174.91917922262627,415.72619953905104,27.16382978723404,79.43333333333334
58.0,Surkhet,Ramghat,B2,,120.0,60.0,40.0,0.0,6.0,manure,top dressing,V6 and V10,OPV,DB2-DGC473nC,28.49218909163028 81.74329991452396 419.0 5.0,28.49218909163028,81.74329991452396,419.0,5.0,17763.0,19160.0,13610.0,506.0,15.2,13.115,,,,28.49218909163028,81.74329991452396,28.49218909163028,81.74329991452396,6.88,2.74,0.15,109.3,344.2,45.6,10.78,44.26,Surkhet,direct_overlay,False,0.0,direct_overlay,FMR_102,15.893271461716939,42.03846153846153,2.810210505606925,6.272340425531915,104.83201856148493,24.428019632339815,27.922942638748626,190.33596287703014,178.2991752097091,416.42647881422835,57.02216312056738,109.29166666666667
67.0,Surkhet,Ramghat,B3,,120.0,60.0,40.0,20.0,0.0,0,top dressing,V6 and V10,OPV,DB3-SEB868iT,28.492225678637624 81.74327669665217 418.0 5.0,28.492225678637624,81.74327669665217,418.0,5.0,11237.0,19700.0,10387.0,454.0,14.9,10.044,,,,28.492225678637624,81.74327669665217,28.492225678637624,81.74327669665217,6.89,2.76,0.15,108.45,346.17,45.6,10.71,44.28,Surkhet,direct_overlay,False,0.0,direct_overlay,FMR_102,16.009280742459396,41.71153846153846,2.8262945111154827,6.272340425531915,105.86937354988397,24.239851017312155,27.731815953169452,188.26125290023205,180.45370585177582,416.8890053933299,31.430496453900712,83.7
76.0,Surkhet,Ramghat,B4,,60.0,60.0,40.0,0.0,0.0,PCU,basal,planting,OPV,DB4-LGT267kA,28.492247387766838 81.74325590953231 416.0 5.0,28.49224738776684,81.74325590953231,416.0,5.0,19363.0,20340.0,12737.0,568.0,16.2,12.129,,,,28.49224738776684,81.74325590953231,28.49224738776684,81.74325590953231,6.9,2.77,0.15,107.91,347.2,45.6,10.66,44.28,Surkhet,direct_overlay,False,0.0,direct_overlay,FMR_102,16.067285382830626,41.50384615384615,2.83470391501082,6.272340425531915,106.52610208816706,24.09793525789755,27.553905416751864,186.94779582366587,182.07864129707303,417.3195488914605,97.6109929078014,202.15
85.0,Surkhet,Ramghat,B5,,78.0,60.0,40.0,0.0,0.0,UDP,basal,planting,OPV,DB5-VEN518fB,28.492277059704065 81.74323059618473 418.0 5.0,28.492277059704065,81.74323059618473,418.0,5.0,17337.0,19650.0,14140.0,567.0,15.1,13.642,,,,28.492277059704065,81.74323059618473,28.492277059704065,81.74323059618473,6.91,2.79,0.15,107.18,348.57,45.61,10.6,44.29,Surkhet,direct_overlay,False,0.0,direct_overlay,FMR_102,16.183294663573086,41.223076923076924,2.8458892386385983,6.272340425531915,107.5703596287703,23.93044898938069,27.316470850152587,184.8592807424594,183.9963590715911,417.8941405426307,94.48281505728313,174.89743589743588
5.0,Surkhet,Ramghat,A1,,120.0,60.0,40.0,0.0,0.0,0,top dressing,V6 and V10,Hybrid,DA1-JPS236rG,28.487914907746017 81.7440648470074 427.0 5.0,28.487914907746017,81.7440648470074,427.0,5.0,12180.0,11200.0,10500.0,457.0,21.0,9.426,,,,28.487914907746017,81.7440648470074,28.487914907746017,81.7440648470074,6.82,2.8,0.15,105.23,327.08,45.71,10.51,44.53,Surkhet,direct_overlay,False,0.0,direct_overlay,FMR_134,16.241299303944313,40.473076923076924,2.670434782608695,6.272340425531915,105.47099767981437,24.00987952882384,26.99816276726198,189.05800464037125,183.086879394967,418.664446103226,26.280496453900707,78.55
14.0,Surkhet,Ramghat,A2,,120.0,60.0,40.0,0.0,6.0,manure,top dressing,V6 and V10,Hybrid,DA2-BKN498xG,28.487922241911292 81.7441319860518 458.0 5.0,28.48792224191129,81.7441319860518,458.0,5.0,12933.0,14477.0,11433.0,445.0,20.9,10.277,,,,28.48792224191129,81.7441319860518,28.48792224191129,81.7441319860518,6.82,2.79,0.15,105.04,325.62,45.74,10.62,44.42,Surkhet,direct_overlay,False,0.0,direct_overlay,FMR_134,16.183294663573086,40.4,2.6585146566987996,6.272340425531915,105.09431554524363,23.959864849187934,26.962354403284067,189.81136890951274,183.65954747679814,418.7511023440526,33.372163120567365,85.64166666666667
23.0,Surkhet,Ramghat,A3,,120.0,60.0,40.0,20.0,0.0,0,top dressing,V6 and V10,Hybrid,DA3-UOF574yQ,28.48795593716204 81.74411128275096 435.0 4.5,28.48795593716204,81.74411128275096,435.0,4.5,13237.0,16797.0,9950.0,538.0,22.0,8.819,,,,28.48795593716204,81.74411128275096,28.48795593716204,81.74411128275096,6.82,2.79,0.15,104.77,325.33,45.67,10.57,44.53,Surkhet,direct_overlay,False,0.0,direct_overlay,FMR_134,16.183294663573086,40.29615384615384,2.656146960456423,6.272340425531915,105.09431554524363,23.907941772264856,26.938341496285254,189.81136890951274,184.25406670756738,418.80921357898967,21.222163120567377,73.49166666666666
32.0,Surkhet,Ramghat,A4,,60.0,60.0,40.0,0.0,0.0,PCU,basal,planting,Hybrid,DA4-UFE305rU,28.487999229691923 81.7440939322114 423.0 5.0,28.487999229691923,81.7440939322114,423.0,5.0,9387.0,15210.0,10383.0,506.0,21.6,9.251,,,,28.487999229691923,81.7440939322114,28.487999229691923,81.7440939322114,6.82,2.8,0.15,104.41,324.73,45.59,10.53,44.66,Surkhet,direct_overlay,False,0.0,direct_overlay,FMR_134,16.241299303944313,40.15769230769231,2.651248278575644,6.272340425531915,105.47099767981437,23.852187221131533,26.804186729280254,189.05800464037125,184.8924563180439,419.1338681151418,49.644326241134735,154.18333333333334
41.0,Surkhet,Ramghat,A5,,78.0,60.0,40.0,0.0,0.0,UDP,basal,planting,Hybrid,DA5-SXZ545eI,28.48803527187556 81.74417213536799 428.0 4.5,28.48803527187556,81.74417213536799,428.0,4.5,12310.0,18287.0,10037.0,496.0,20.5,9.067,,,,28.48803527187556,81.74417213536799,28.48803527187556,81.74417213536799,6.82,2.79,0.15,103.87,322.81,45.58,10.64,44.56,Surkhet,direct_overlay,False,0.0,direct_overlay,FMR_134,16.183294663573086,39.95,2.635572496557151,6.272340425531915,105.09431554524363,23.734864849187936,26.72967761477836,189.81136890951274,186.23579747679813,419.3141801722364,35.82896890343699,116.24358974358974
50.0,Surkhet,Ramghat,B1,,120.0,60.0,40.0,0.0,0.0,0,top dressing,V6 and V10,OPV,DB1-AJB944wM,28.488039462827146 81.74415042623878 433.0 5.0,28.488039462827143,81.74415042623878,433.0,5.0,12330.0,14383.0,10627.0,396.0,20.0,9.661,,,,28.488039462827143,81.74415042623878,28.488039462827143,81.74415042623878,6.82,2.79,0.15,103.89,323.05,45.56,10.6,44.62,Surkhet,direct_overlay,False,0.0,direct_overlay,FMR_134,16.183294663573086,39.957692307692305,2.6375319693094625,6.272340425531915,105.09431554524363,23.738711003034087,26.74955036539806,189.81136890951274,186.1917590152597,419.2660881157367,28.238829787234035,80.50833333333334
59.0,Surkhet,Ramghat,B2,,120.0,60.0,40.0,0.0,6.0,manure,top dressing,V6 and V10,OPV,DB2-VHQ251sB,28.488037367351353 81.74416551366448 430.0 5.0,28.48803736735136,81.74416551366448,430.0,5.0,11387.0,17273.0,10700.0,484.0,18.5,9.91,,,,28.48803736735136,81.74416551366448,28.48803736735136,81.74416551366448,6.82,2.79,0.15,103.86,322.87,45.57,10.62,44.58,Surkhet,direct_overlay,False,0.0,direct_overlay,FMR_134,16.183294663573086,39.94615384615385,2.636062364745229,6.272340425531915,105.09431554524363,23.73294177226486,26.734645802433285,189.81136890951274,186.25781670756734,419.30215715811147,30.31382978723404,82.58333333333333
68.0,Surkhet,Ramghat,B3,,120.0,60.0,40.0,20.0,0.0,0,top dressing,V6 and V10,OPV,DB3-LIA790zC,28.488109703175724 81.74418068490922 427.0 4.5,28.488109703175724,81.74418068490922,427.0,4.5,12737.0,15053.0,10337.0,463.0,19.6,9.444,,,,28.488109703175724,81.74418068490922,28.488109703175724,81.74418068490922,6.82,2.79,0.15,103.11,321.37,45.47,10.62,44.69,Surkhet,direct_overlay,False,0.0,direct_overlay,FMR_134,16.183294663573086,39.65769230769231,2.6238156600432814,6.272340425531915,105.09431554524363,23.58871100303409,26.610441111060133,189.81136890951274,187.9092590152597,419.6027325112344,26.430496453900712,78.7
77.0,Surkhet,Ramghat,B4,,60.0,60.0,40.0,0.0,0.0,PCU,basal,planting,OPV,DB4-CDY350xM,28.488172525539994 81.7442731373012 430.0 5.0,28.488172525539994,81.7442731373012,430.0,5.0,12857.0,15900.0,10670.0,545.0,20.2,9.676,,,,28.488172525539994,81.7442731373012,28.488172525539994,81.7442731373012,6.82,2.78,0.15,102.13,319.39,45.44,10.72,44.59,Surkhet,direct_overlay,False,0.0,direct_overlay,FMR_134,16.125290023201856,39.28076923076923,2.6076500098367097,6.272340425531915,104.71763341067286,23.3867732464751,26.530100029823856,190.56473317865428,190.2214463278601,419.7971579278262,56.727659574468085,161.26666666666668
86.0,Surkhet,Ramghat,B5,,78.0,60.0,40.0,0.0,0.0,UDP,basal,planting,OPV,DB5-BCC852qM,28.4881920972839 81.74433189444244 443.0 5.0,28.4881920972839,81.74433189444244,443.0,5.0,14383.0,16553.0,13797.0,641.0,17.9,12.872,,,,28.4881920972839,81.74433189444244,28.4881920972839,81.74433189444244,6.82,2.77,0.15,101.68,318.61,45.46,10.8,44.48,Surkhet,direct_overlay,False,0.0,direct_overlay,FMR_134,16.067285382830626,39.10769230769231,2.6012817233916974,6.272340425531915,104.34095127610209,23.286758566839193,26.54924336138501,191.31809744779582,191.36661440969124,419.75083106544827,84.61102018548826,165.02564102564102
