S.no,District,VDC,treatment,N_kg_ha,P2O5_kg_ha,K2O_kg_ha,FYM_t_ha,N_source,N_methods,N_time,barcode,latitude,longitude,altitude,precision,Straw_wt_kg_ha,cob_wt_kg_ha,grain_yield_kg_ha,1000_grain_wt_gm,moisture%,Yield_kg_ha,Yield_t_ha,NUE_N,AE_N,lat,lon,ph,om_pct,n_total_pct,p_olsen_mg_kg,k_exch_mg_kg,sand_pct,clay_pct,silt_pct,narc_dist,dsm_source,dsm_imputed,dsm_imputation_n_neighbors,dsm_imputation_method,farmer_id,OC,P_Olsen,Exch_K,yield_control,n_supply,p_supply,k_supply,n_rec_quefts,p_rec_quefts,k_rec_quefts,uptake_N_trial,uptake_P_trial,uptake_K_trial,yield_trial_pred,AE_trial,NUE_trial
1,Surkhet,Kunathari,1,120,60,40,,Urea,top dressed ,knee ht+shoulder ht,T1-YGN611aS,28.71722115,81.51127924,501.0,5.0,31970,18143,9936,461,23.0,8672.0,8.7,72,22.7,28.71722115,81.51127924,6.49,4.04,0.18,246.06,520.32,45.8,12.55,41.97,,direct_overlay_plus_nearest8,True,8.0,nearest_8_valid_mean,FMR_133,23.4338747099768,94.63846153846154,4.248136927011607,7.072,139.03317865429233,54.536454087096196,36.979536788981356,121.93364269141534,0.0,394.5095209706651,199.03317865429233,59.77662875958528,53.50846240881607,2.140338496352643,13.566666666666661,72.5
2,Surkhet,Kunathari,1,120,60,40,,Urea,top dressed ,knee ht+shoulder ht,T1-ACF873wB,28.71299098,81.50798235,484.0,5.0,31970,18203,9473,495,19.0,8752.0,8.8,73,13.7,28.71299098,81.50798235,6.49,4.04,0.18,246.06,520.32,45.8,12.55,41.97,,direct_overlay_plus_nearest8,True,8.0,nearest_8_valid_mean,FMR_118,23.4338747099768,94.63846153846154,4.248136927011607,7.072,139.03317865429233,54.536454087096196,36.979536788981356,121.93364269141534,0.0,394.5095209706651,199.03317865429233,59.77662875958528,53.50846240881607,2.140338496352643,14.400000000000006,73.33333333333333
3,Surkhet,Kunathari,1,120,60,40,,Urea,top dressed ,knee ht+shoulder ht,T1-SHG136qQ,28.70885508,81.5123433,498.0,5.0,27000,14467,9800,495,20.0,7931.0,7.9,66,15.2,28.70885508,81.5123433,6.49,4.04,0.18,246.06,520.32,45.8,12.55,41.97,,direct_overlay_plus_nearest8,True,8.0,nearest_8_valid_mean,FMR_008,23.4338747099768,94.63846153846154,4.248136927011607,7.072,139.03317865429233,54.536454087096196,36.979536788981356,121.93364269141534,0.0,394.5095209706651,199.03317865429233,59.77662875958528,53.50846240881607,2.140338496352643,6.900000000000003,65.83333333333333
4,Surkhet,Kunathari,2,120,60,40,,PCU,basal ,planting time,T2-DUH576mT,28.71713224,81.51132247,508.0,5.0,31970,18143,9936,461,23.0,8672.0,8.7,72,22.7,28.71713224,81.51132247,6.49,4.04,0.18,246.06,520.32,45.8,12.55,41.97,,direct_overlay_plus_nearest8,True,8.0,nearest_8_valid_mean,FMR_133,23.4338747099768,94.63846153846154,4.248136927011607,7.072,139.03317865429233,54.536454087096196,36.979536788981356,121.93364269141534,0.0,394.5095209706651,199.03317865429233,59.77662875958528,53.50846240881607,2.140338496352643,13.566666666666661,72.5
5,Surkhet,Kunathari,2,120,60,40,,PCU,basal ,planting time,T2-GIS558zS,28.71299711,81.50797833,483.0,5.0,31970,18203,9473,495,19.0,8752.0,8.8,73,13.7,28.71299711,81.50797833,6.49,4.04,0.18,246.06,520.32,45.8,12.55,41.97,,direct_overlay_plus_nearest8,True,8.0,nearest_8_valid_mean,FMR_118,23.4338747099768,94.63846153846154,4.248136927011607,7.072,139.03317865429233,54.536454087096196,36.979536788981356,121.93364269141534,0.0,394.5095209706651,199.03317865429233,59.77662875958528,53.50846240881607,2.140338496352643,14.400000000000006,73.33333333333333
6,Surkhet,Kunathari,2,120,60,40,,PCU,basal ,planting time,T2-CBO538aD,28.70883261,81.51232295,496.0,5.0,27000,14467,9800,495,20.0,7931.0,7.9,66,15.2,28.70883261,81.51232295,6.49,4.04,0.18,246.06,520.32,45.8,12.55,41.97,,direct_overlay_plus_nearest8,True,8.0,nearest_8_valid_mean,FMR_008,23.4338747099768,94.63846153846154,4.248136927011607,7.072,139.03317865429233,54.536454087096196,36.979536788981356,121.93364269141534,0.0,394.5095209706651,199.03317865429233,59.77662875958528,53.50846240881607,2.140338496352643,6.900000000000003,65.83333333333333
7,Surkhet,Kunathari,3,60,60,40,,PCU,basal ,planting time,T3-DUH576mT,28.7171583,81.51130287,502.0,5.0,30800,16537,9700,431,24.0,8432.0,8.4,141,41.4,28.7171583,81.51130287,6.49,4.04,0.18,246.06,520.32,45.8,12.55,41.97,,direct_overlay_plus_nearest8,True,8.0,nearest_8_valid_mean,FMR_133,23.4338747099768,94.63846153846154,4.248136927011607,7.072,139.03317865429233,54.536454087096196,36.979536788981356,121.93364269141534,0.0,394.5095209706651,169.03317865429233,59.77662875958528,53.50846240881607,2.140338496352643,22.133333333333336,140.0
8,Surkhet,Kunathari,3,60,60,40,,PCU,basal ,planting time,T3-XUF755iV,28.71301296,81.50796627,484.0,5.0,32700,15210,9817,456,20.0,8935.0,8.9,149,30.5,28.71301296,81.50796627,6.49,4.04,0.18,246.06,520.32,45.8,12.55,41.97,,direct_overlay_plus_nearest8,True,8.0,nearest_8_valid_mean,FMR_118,23.4338747099768,94.63846153846154,4.248136927011607,7.072,139.03317865429233,54.536454087096196,36.979536788981356,121.93364269141534,0.0,394.5095209706651,169.03317865429233,59.77662875958528,53.50846240881607,2.140338496352643,30.466666666666672,148.33333333333334
9,Surkhet,Kunathari,3,60,60,40,,PCU,basal ,planting time,T3-WTF750gB,28.70878642,81.51226419,494.0,5.0,23733,14367,9740,426,20.0,8821.0,8.8,147,45.3,28.70878642,81.51226419,6.49,4.04,0.18,246.06,520.32,45.8,12.55,41.97,,direct_overlay_plus_nearest8,True,8.0,nearest_8_valid_mean,FMR_008,23.4338747099768,94.63846153846154,4.248136927011607,7.072,139.03317865429233,54.536454087096196,36.979536788981356,121.93364269141534,0.0,394.5095209706651,169.03317865429233,59.77662875958528,53.50846240881607,2.140338496352643,28.80000000000001,146.66666666666666
10,Surkhet,Kunathari,4,78,60,40,,UDP,basal ,planting time,T4-FGG703gM,28.71712973,81.51132317,502.0,5.0,31743,16140,9513,421,24.0,8270.0,8.3,106,29.7,28.71712973,81.51132317,6.49,4.04,0.18,246.06,520.32,45.8,12.55,41.97,,direct_overlay_plus_nearest8,True,8.0,nearest_8_valid_mean,FMR_133,23.4338747099768,94.63846153846154,4.248136927011607,7.072,139.03317865429233,54.536454087096196,36.979536788981356,121.93364269141534,0.0,394.5095209706651,178.03317865429233,59.77662875958528,53.50846240881607,2.140338496352643,15.743589743589752,106.41025641025641
11,Surkhet,Kunathari,4,78,60,40,,UDP,basal ,planting time,T4-SFP276pS,28.71302066,81.50793093,480.0,5.0,30333,14880,8477,496,19.0,7802.0,7.8,100,8.9,28.71302066,81.50793093,6.49,4.04,0.18,246.06,520.32,45.8,12.55,41.97,,direct_overlay_plus_nearest8,True,8.0,nearest_8_valid_mean,FMR_118,23.4338747099768,94.63846153846154,4.248136927011607,7.072,139.03317865429233,54.536454087096196,36.979536788981356,121.93364269141534,0.0,394.5095209706651,178.03317865429233,59.77662875958528,53.50846240881607,2.140338496352643,9.33333333333333,100.0
12,Surkhet,Kunathari,4,78,60,40,,UDP,basal ,planting time,T4-OKD176eA,28.70869458,81.51227325,491.0,5.0,27000,14700,9470,402,19.0,8714.0,8.7,112,33.5,28.70869458,81.51227325,6.49,4.04,0.18,246.06,520.32,45.8,12.55,41.97,,direct_overlay_plus_nearest8,True,8.0,nearest_8_valid_mean,FMR_008,23.4338747099768,94.63846153846154,4.248136927011607,7.072,139.03317865429233,54.536454087096196,36.979536788981356,121.93364269141534,0.0,394.5095209706651,178.03317865429233,59.77662875958528,53.50846240881607,2.140338496352643,20.87179487179486,111.53846153846153
13,Surkhet,Kunathari,5,60,60,40,6.0,Urea,top dressed ,knee ht+shoulder ht,T5-FBQ201kQ,28.71710817,81.5112749,498.0,4.0,29833,16303,9800,418,20.0,8920.0,8.9,149,49.5,28.71710817,81.5112749,6.49,4.04,0.18,246.06,520.32,45.8,12.55,41.97,,direct_overlay_plus_nearest8,True,8.0,nearest_8_valid_mean,FMR_133,23.4338747099768,94.63846153846154,4.248136927011607,7.072,139.03317865429233,54.536454087096196,36.979536788981356,121.93364269141534,0.0,394.5095209706651,169.03317865429233,59.77662875958528,53.50846240881607,2.140338496352643,30.466666666666672,148.33333333333334
14,Surkhet,Kunathari,5,60,60,40,6.0,Urea,top dressed ,knee ht+shoulder ht,T5-MXD527uA,28.71310941,81.5079499,484.0,5.0,28540,1573,9807,492,20.0,8904.0,8.9,148,30.0,28.71310941,81.5079499,6.49,4.04,0.18,246.06,520.32,45.8,12.55,41.97,,direct_overlay_plus_nearest8,True,8.0,nearest_8_valid_mean,FMR_118,23.4338747099768,94.63846153846154,4.248136927011607,7.072,139.03317865429233,54.536454087096196,36.979536788981356,121.93364269141534,0.0,394.5095209706651,169.03317865429233,59.77662875958528,53.50846240881607,2.140338496352643,30.466666666666672,148.33333333333334
15,Surkhet,Kunathari,5,60,60,40,6.0,Urea,top dressed ,knee ht+shoulder ht,T5-CDY830lG,28.70872008,81.51225606,489.0,5.0,28933,14470,8040,403,21.0,7263.0,7.3,121,19.4,28.70872008,81.51225606,6.49,4.04,0.18,246.06,520.32,45.8,12.55,41.97,,direct_overlay_plus_nearest8,True,8.0,nearest_8_valid_mean,FMR_008,23.4338747099768,94.63846153846154,4.248136927011607,7.072,139.03317865429233,54.536454087096196,36.979536788981356,121.93364269141534,0.0,394.5095209706651,169.03317865429233,59.77662875958528,53.50846240881607,2.140338496352643,3.7999999999999963,121.66666666666667
16,Surkhet,Kunathari,6,120,0,40,,Urea,top dressed ,knee ht+shoulder ht,T6-SBJ919nW,28.71710856,81.51125876,496.0,5.0,33013,17683,9670,466,23.0,8505.0,8.5,71,21.3,28.71710856,81.51125876,6.49,4.04,0.18,246.06,520.32,45.8,12.55,41.97,,direct_overlay_plus_nearest8,True,8.0,nearest_8_valid_mean,FMR_133,23.4338747099768,94.63846153846154,4.248136927011607,7.072,139.03317865429233,54.536454087096196,36.979536788981356,121.93364269141534,0.0,394.5095209706651,199.03317865429233,54.536454087096196,53.50846240881607,2.140338496352643,11.9,70.83333333333333
17,Surkhet,Kunathari,6,120,0,40,,Urea,top dressed ,knee ht+shoulder ht,T6-SHJ587wI,28.71317402,81.50794605,486.0,5.0,32100,16837,9203,449,18.0,8555.0,8.6,71,12.1,28.71317402,81.50794605,6.49,4.04,0.18,246.06,520.32,45.8,12.55,41.97,,direct_overlay_plus_nearest8,True,8.0,nearest_8_valid_mean,FMR_118,23.4338747099768,94.63846153846154,4.248136927011607,7.072,139.03317865429233,54.536454087096196,36.979536788981356,121.93364269141534,0.0,394.5095209706651,199.03317865429233,54.536454087096196,53.50846240881607,2.140338496352643,12.733333333333329,71.66666666666667
18,Surkhet,Kunathari,6,120,0,40,,Urea,top dressed ,knee ht+shoulder ht,T6-SOO305lI,28.7087155,81.51220975,493.0,5.0,31267,16500,8167,440,19.0,7517.0,7.5,63,11.8,28.7087155,81.51220975,6.49,4.04,0.18,246.06,520.32,45.8,12.55,41.97,,direct_overlay_plus_nearest8,True,8.0,nearest_8_valid_mean,FMR_008,23.4338747099768,94.63846153846154,4.248136927011607,7.072,139.03317865429233,54.536454087096196,36.979536788981356,121.93364269141534,0.0,394.5095209706651,199.03317865429233,54.536454087096196,53.50846240881607,2.140338496352643,3.566666666666666,62.5
19,Surkhet,Kunathari,7,0,60,40,,,,,T7-UCJ413lO,28.71710327,81.51120466,493.0,5.0,26803,13493,8900,396,22.0,7868.0,7.9,0,0.0,28.71710327,81.51120466,6.49,4.04,0.18,246.06,520.32,45.8,12.55,41.97,,direct_overlay_plus_nearest8,True,8.0,nearest_8_valid_mean,FMR_133,23.4338747099768,94.63846153846154,4.248136927011607,7.072,139.03317865429233,54.536454087096196,36.979536788981356,121.93364269141534,0.0,394.5095209706651,139.03317865429233,59.77662875958528,53.50846240881607,2.140338496352643,828.0000000000003,7900.0
20,Surkhet,Kunathari,7,0,60,40,,,,,T7-VOQ322mG,28.71306882,81.50799825,478.0,5.0,26503,14583,8470,432,19.0,7825.0,7.8,0,0.0,28.71306882,81.50799825,6.49,4.04,0.18,246.06,520.32,45.8,12.55,41.97,,direct_overlay_plus_nearest8,True,8.0,nearest_8_valid_mean,FMR_118,23.4338747099768,94.63846153846154,4.248136927011607,7.072,139.03317865429233,54.536454087096196,36.979536788981356,121.93364269141534,0.0,394.5095209706651,139.03317865429233,59.77662875958528,53.50846240881607,2.140338496352643,727.9999999999998,7800.0
21,Surkhet,Kunathari,7,0,60,40,,,,,T7-HWC831qC,28.70865621,81.51219817,488.0,5.0,27133,14167,8967,405,21.0,8019.0,8.0,0,0.0,28.70865621,81.51219817,6.49,4.04,0.18,246.06,520.32,45.8,12.55,41.97,,direct_overlay_plus_nearest8,True,8.0,nearest_8_valid_mean,FMR_008,23.4338747099768,94.63846153846154,4.248136927011607,7.072,139.03317865429233,54.536454087096196,36.979536788981356,121.93364269141534,0.0,394.5095209706651,139.03317865429233,59.77662875958528,53.50846240881607,2.140338496352643,927.9999999999999,8000.0
22,Surkhet,Kunathari,8,0,0,0,,,,,T8-QGV243rG,28.71708589,81.51117943,490.0,5.0,18933,18383,6837,439,23.0,5951.0,6.0,0,0.0,28.71708589,81.51117943,6.49,4.04,0.18,246.06,520.32,45.8,12.55,41.97,,direct_overlay_plus_nearest8,True,8.0,nearest_8_valid_mean,FMR_133,23.4338747099768,94.63846153846154,4.248136927011607,7.072,139.03317865429233,54.536454087096196,36.979536788981356,121.93364269141534,0.0,394.5095209706651,139.03317865429233,54.536454087096196,36.979536788981356,1.4791814715592544,-1072.0,6000.0
23,Surkhet,Kunathari,8,0,0,0,,,,,T8-KIP416wG,28.71305566,81.50806219,483.0,5.0,21200,13773,7907,395,21.0,7105.0,7.1,0,0.0,28.71305566,81.50806219,6.49,4.04,0.18,246.06,520.32,45.8,12.55,41.97,,direct_overlay_plus_nearest8,True,8.0,nearest_8_valid_mean,FMR_118,23.4338747099768,94.63846153846154,4.248136927011607,7.072,139.03317865429233,54.536454087096196,36.979536788981356,121.93364269141534,0.0,394.5095209706651,139.03317865429233,54.536454087096196,36.979536788981356,1.4791814715592544,27.99999999999958,7100.0
24,Surkhet,Kunathari,8,0,0,0,,,,,T8-IMA251gU,28.70859683,81.51205312,490.0,5.0,20667,10700,6867,396,22.0,6102.0,6.1,0,0.0,28.70859683,81.51205312,6.49,4.04,0.18,246.06,520.32,45.8,12.55,41.97,,direct_overlay_plus_nearest8,True,8.0,nearest_8_valid_mean,FMR_008,23.4338747099768,94.63846153846154,4.248136927011607,7.072,139.03317865429233,54.536454087096196,36.979536788981356,121.93364269141534,0.0,394.5095209706651,139.03317865429233,54.536454087096196,36.979536788981356,1.4791814715592544,-972.0000000000005,6100.0
25,Surkhet,Kunathari,9,120,60,40,,Urea ,top dressed ,V6 and V10 stages,T9-YCJ579yQ,28.71710525,81.51115873,495.0,5.0,32967,18670,9767,418,21.0,8757.0,8.8,73,23.4,28.71710525,81.51115873,6.49,4.04,0.18,246.06,520.32,45.8,12.55,41.97,,direct_overlay_plus_nearest8,True,8.0,nearest_8_valid_mean,FMR_133,23.4338747099768,94.63846153846154,4.248136927011607,7.072,139.03317865429233,54.536454087096196,36.979536788981356,121.93364269141534,0.0,394.5095209706651,199.03317865429233,59.77662875958528,53.50846240881607,2.140338496352643,14.400000000000006,73.33333333333333
26,Surkhet,Kunathari,9,120,60,40,,Urea ,top dressed ,V6 and V10 stages,T9-DRS612bA,28.71300754,81.50806932,482.0,5.0,32700,17710,9837,566,20.0,8987.0,9.0,75,15.7,28.71300754,81.50806932,6.49,4.04,0.18,246.06,520.32,45.8,12.55,41.97,,direct_overlay_plus_nearest8,True,8.0,nearest_8_valid_mean,FMR_118,23.4338747099768,94.63846153846154,4.248136927011607,7.072,139.03317865429233,54.536454087096196,36.979536788981356,121.93364269141534,0.0,394.5095209706651,199.03317865429233,59.77662875958528,53.50846240881607,2.140338496352643,16.066666666666666,75.0
27,Surkhet,Kunathari,9,120,60,40,,Urea ,top dressed ,V6 and V10 stages,T9-SLO283qY,28.70858729,81.51206505,486.0,5.0,27800,15803,9867,487,23.0,8663.0,8.7,72,21.3,28.70858729,81.51206505,6.49,4.04,0.18,246.06,520.32,45.8,12.55,41.97,,direct_overlay_plus_nearest8,True,8.0,nearest_8_valid_mean,FMR_008,23.4338747099768,94.63846153846154,4.248136927011607,7.072,139.03317865429233,54.536454087096196,36.979536788981356,121.93364269141534,0.0,394.5095209706651,199.03317865429233,59.77662875958528,53.50846240881607,2.140338496352643,13.566666666666661,72.5
28,Surkhet,Babiyachaur,1,120,60,40,,Urea,top dressed ,knee ht+shoulder ht,T1-KSZ676eT,28.8044938,81.3983533,361.0,5.0,22870,15180,9943,331,16.0,9548.0,9.5,80,18.2,28.8044938,81.3983533,7.26,2.89,0.13,117.6,451.38,29.07,24.16,47.05,Surkhet,direct_overlay,False,0.0,direct_overlay,FMR_027,16.763341067285385,45.230769230769226,3.685278378910092,7.072,121.40011600928074,23.8251949402106,26.743976873171416,157.19976798143853,185.20151793458862,419.27957596692517,181.40011600928074,29.065369612699683,43.27290249300613,1.7309160997202453,20.233333333333334,79.16666666666667
29,Surkhet,Babiyachaur,1,120,60,40,,Urea,top dressed ,knee ht+shoulder ht,T1-HDA429gR,28.80568144,81.40068262,332.0,5.0,23117,15383,9600,348,18.0,9000.0,9.0,75,24.2,28.80568144,81.40068262,7.31,3.0,0.14,138.16,507.05,29.07,24.65,46.29,Surkhet,direct_overlay,False,0.0,direct_overlay,FMR_154,17.40139211136891,53.138461538461534,4.139794412748377,7.072,127.49999999999999,27.433775432803856,27.89357798679079,145.00000000000003,143.88327129439585,416.4975412719663,187.5,32.67395010529294,44.4225036066255,1.7769001442650199,16.066666666666666,75.0
30,Surkhet,Babiyachaur,1,120,60,40,,Urea,top dressed ,knee ht+shoulder ht,T1-IRE978cU,28.80437123,81.3997061,389.0,5.0,36593,17977,9767,387,16.0,9312.0,9.3,78,12.1,28.80437123,81.3997061,7.28,2.94,0.13,115.36,488.71,29.53,24.95,45.74,Surkhet,direct_overlay,False,0.0,direct_overlay,FMR_129,17.053364269141532,44.36923076923077,3.990058036592563,7.072,124.08027842227379,23.26375227556666,28.06008180822655,151.83944315545241,191.63003644476174,416.0946020240917,184.0802784222738,28.503926948055742,44.589007428061265,1.7835602971224507,18.56666666666667,77.5
31,Surkhet,Babiyachaur,2,120,60,40,,PCU,basal ,planting time,T2-ZPF574mF,28.80449046,81.39834867,360.0,5.0,25217,15667,9900,348,17.0,9349.0,9.3,78,16.5,28.80449046,81.39834867,7.26,2.89,0.13,117.44,451.34,29.08,24.16,47.05,Surkhet,direct_overlay,False,0.0,direct_overlay,FMR_027,16.763341067285385,45.169230769230765,3.6849518001180397,7.072,121.40011600928074,23.79442570944137,26.741606898704386,157.19976798143853,185.55382562689633,419.28531130513534,181.40011600928074,29.034600381930453,43.2705325185391,1.7308213007415638,18.56666666666667,77.5
32,Surkhet,Babiyachaur,2,120,60,40,,PCU,basal ,planting time,T2-QFI299dA,28.80570787,81.4005845,347.0,5.0,25717,18053,9483,387,17.0,8998.0,9.0,75,24.2,28.80570787,81.4005845,7.31,3.0,0.14,138.16,507.05,29.07,24.65,46.29,Surkhet,direct_overlay,False,0.0,direct_overlay,FMR_154,17.40139211136891,53.138461538461534,4.139794412748377,7.072,127.49999999999999,27.433775432803856,27.89357798679079,145.00000000000003,143.88327129439585,416.4975412719663,187.5,32.67395010529294,44.4225036066255,1.7769001442650199,16.066666666666666,75.0
33,Surkhet,Babiyachaur,2,120,60,40,,PCU,basal ,planting time,T2-MBA238kK,28.80444062,81.39973455,382.0,5.0,26317,15950,9900,398,18.0,9191.0,9.2,77,11.1,28.80444062,81.39973455,7.27,2.93,0.13,117.16,492.55,29.29,25.05,45.91,Surkhet,direct_overlay,False,0.0,direct_overlay,FMR_129,16.995359628770302,45.06153846153846,4.021409600629549,7.072,123.36931554524361,23.682077380421205,28.59842875554018,153.26136890951278,186.8402139941772,414.79180241159276,183.3693155452436,28.922252052910288,45.12735437537489,1.8050941750149958,17.733333333333327,76.66666666666667
34,Surkhet,Babiyachaur,3,60,60,40,,PCU,basal ,planting time,T3-CVF386uG,28.80449408,81.39835131,359.0,5.0,23170,14333,9833,387,18.0,9174.0,9.2,153,30.1,28.80449408,81.39835131,7.26,2.89,0.13,117.58,451.33,29.07,24.16,47.05,Surkhet,direct_overlay,False,0.0,direct_overlay,FMR_027,16.763341067285385,45.223076923076924,3.684870155420027,7.072,121.40011600928074,23.82134878636445,26.741014405087633,157.19976798143853,185.24555639612706,419.2867451396879,151.40011600928074,29.061523458853532,43.26994002492235,1.7307976009968937,35.466666666666654,153.33333333333334
35,Surkhet,Babiyachaur,3,60,60,40,,PCU,basal ,planting time,T3-RHE294gE,28.8056612,81.4003626,355.0,5.0,20733,13393,9500,398,17.0,8906.0,8.9,148,46.9,28.8056612,81.4003626,7.22,3.21,0.15,143.02,503.45,31.23,23.43,45.21,Surkhet,direct_overlay,False,0.0,direct_overlay,FMR_154,18.619489559164734,55.00769230769231,4.110402321463702,7.072,133.5762180974478,29.170849054078175,28.049066147629354,132.84756380510441,123.9937783308049,416.12125992273695,163.5762180974478,34.41102372656726,44.57799176746407,1.7831196706985628,30.466666666666672,148.33333333333334
36,Surkhet,Babiyachaur,3,60,60,40,,PCU,basal ,planting time,T3-PGS567yB,28.80445211,81.39975272,369.0,5.0,20803,13397,9963,381,18.0,9307.0,9.3,155,24.2,28.80445211,81.39975272,7.26,2.93,0.13,117.35,492.53,29.24,25.08,45.93,Surkhet,direct_overlay,False,0.0,direct_overlay,FMR_129,16.995359628770302,45.13461538461538,4.021246311233523,7.072,123.08039443155451,23.793862796716045,28.829765625805134,153.83921113689098,185.56027097760128,414.2319671855516,153.0803944315545,29.034037469205128,45.35869124563985,1.814347649825594,37.13333333333334,155.0
37,Surkhet,Babiyachaur,4,78,60,40,,UDP,basal ,planting time,T4-WBQ468rC,28.80449498,81.3983582,358.0,5.0,21793,1467,9933,398,18.0,8290.0,8.3,106,11.8,28.80449498,81.3983582,7.26,2.89,0.13,117.69,451.46,29.06,24.15,47.06,Surkhet,direct_overlay,False,0.0,direct_overlay,FMR_027,16.763341067285385,45.26538461538461,3.6859315364941962,7.072,121.40011600928074,23.842502632518293,26.748716822105475,157.19976798143853,185.00334485766552,419.2681052905047,160.40011600928074,29.082677305007376,43.27764244194019,1.7311056976776076,15.743589743589752,106.41025641025641
38,Surkhet,Babiyachaur,4,78,60,40,,UDP,basal ,planting time,T4-PMC833rE,28.80566903,81.4003538,359.0,5.0,23023,15333,9867,381,19.0,9138.0,9.1,117,39.1,28.80566903,81.4003538,7.22,3.22,0.16,143.28,503.65,31.27,23.4,45.18,Surkhet,direct_overlay,False,0.0,direct_overlay,FMR_154,18.677494199535964,55.107692307692304,4.112035215423962,7.072,133.992343387471,29.226042209530608,27.98233116621551,132.01531322505798,123.36181670087454,416.28275857775844,172.992343387471,34.466216882019694,44.511256786050225,1.7804502714420092,25.999999999999993,116.66666666666667
39,Surkhet,Babiyachaur,4,78,60,40,,UDP,basal ,planting time,T4-DFI759mO,28.80449265,81.39975146,374.0,5.0,19953,13173,9600,408,17.0,9076.0,9.1,116,15.6,28.80449265,81.39975146,7.25,2.93,0.13,118.52,495.66,29.12,25.12,46.03,Surkhet,direct_overlay,False,0.0,direct_overlay,FMR_129,16.995359628770302,45.58461538461538,4.046801101711588,7.072,122.79147331786542,24.093514913885418,29.24695276070985,154.41705336426915,182.12925423601195,413.2223743190821,161.79147331786544,29.3336895863745,45.77587838054456,1.8310351352217824,25.999999999999993,116.66666666666667
40,Surkhet,Babiyachaur,5,60,60,40,6.0,Urea,top dressed ,knee ht+shoulder ht,T5-ZZJ210bU,28.80449302,81.39837189,357.0,5.0,22573,14833,9383,381,15.0,8998.0,9.0,150,27.2,28.80449302,81.39837189,7.26,2.89,0.13,117.8,451.82,29.04,24.14,47.08,Surkhet,direct_overlay,False,0.0,direct_overlay,FMR_027,16.763341067285385,45.30769230769231,3.688870745622663,7.072,121.40011600928074,23.86365647867214,26.770046592308717,157.19976798143853,184.761133319204,419.21648724661287,151.40011600928074,29.103831151161224,43.298972212143426,1.731958888485737,32.13333333333333,150.0
41,Surkhet,Babiyachaur,5,60,60,40,6.0,Urea,top dressed ,knee ht+shoulder ht,T5-BFZ260yA,28.80563723,81.40032049,366.0,5.0,18730,11040,9157,408,17.0,8645.0,8.6,144,42.6,28.80563723,81.40032049,7.2,3.25,0.16,144.41,510.86,31.09,23.52,45.23,Surkhet,direct_overlay,False,0.0,direct_overlay,FMR_154,18.85150812064965,55.54230769230769,4.170901042691324,7.072,134.5997679814385,29.61860164197751,28.588364477582076,130.800464037123,118.8670111993575,414.8161579642514,164.5997679814385,34.858776314466596,45.117290097416785,1.8046916038966716,25.466666666666658,143.33333333333334
42,Surkhet,Babiyachaur,5,60,60,40,6.0,Urea,top dressed ,knee ht+shoulder ht,T5-XEU126aU,28.80450137,81.39976724,371.0,5.0,21783,14040,7973,374,17.0,8453.0,8.5,141,9.9,28.80450137,81.39976724,7.25,2.93,0.13,118.85,496.13,29.14,25.12,46.01,Surkhet,direct_overlay,False,0.0,direct_overlay,FMR_129,16.995359628770302,45.71153846153846,4.050638402518197,7.072,122.79147331786542,24.156976452346957,29.27468561750186,154.41705336426915,181.40261962062732,413.15526080564547,152.79147331786544,29.39715112483604,45.80361123733657,1.8321444494934627,23.8,141.66666666666666
43,Surkhet,Babiyachaur,6,120,0,40,,Urea,top dressed ,knee ht+shoulder ht,T6-CJP417xQ,28.80449044,81.39838616,355.0,5.0,21667,14233,8967,408,16.0,8569.0,8.6,71,10.0,28.80449044,81.39838616,7.27,2.89,0.13,117.89,452.2,29.01,24.13,47.1,Surkhet,direct_overlay,False,0.0,direct_overlay,FMR_027,16.763341067285385,45.34230769230769,3.6919732441471567,7.072,121.6850928074246,23.80674447840443,26.576492306602372,156.6298143851508,185.41277572226926,419.6848886180222,181.6850928074246,23.80674447840443,43.105417926437084,1.7242167170574836,12.733333333333329,71.66666666666667
44,Surkhet,Babiyachaur,6,120,0,40,,Urea,top dressed ,knee ht+shoulder ht,T6-FMS377dY,28.80567904,81.40030633,366.0,5.0,22847,15107,8600,384,16.0,8229.0,8.2,69,17.8,28.80567904,81.40030633,7.2,3.26,0.16,144.71,507.95,31.32,23.37,45.12,Surkhet,direct_overlay,False,0.0,direct_overlay,FMR_154,18.90951276102088,55.65769230769231,4.1471424355695445,7.072,135.0139211136891,29.6819784044262,28.34749184640251,129.9721577726218,118.14134726932001,415.39906973170594,195.0139211136891,29.6819784044262,44.87641746623722,1.795056698649489,9.399999999999995,68.33333333333333
45,Surkhet,Babiyachaur,6,120,0,40,,Urea,top dressed ,knee ht+shoulder ht,T6-AUF464zK,28.80449957,81.39977796,369.0,5.0,21050,15517,9833,419,18.0,9185.0,9.2,77,11.1,28.80449957,81.39977796,7.25,2.93,0.13,118.66,495.33,29.13,25.13,46.0,Surkhet,direct_overlay,False,0.0,direct_overlay,FMR_129,16.995359628770302,45.638461538461534,4.044106826677159,7.072,122.79147331786542,24.120437990808494,29.227480754877153,154.41705336426915,181.82098500524273,413.2694965731973,182.79147331786544,24.120437990808494,45.756406374711865,1.8302562549884747,17.733333333333327,76.66666666666667
46,Surkhet,Babiyachaur,7,0,60,40,,,,,T7-YJD718dF,28.80448905,81.39839078,355.0,5.0,19700,13467,9933,374,16.0,9504.0,9.5,0,0.0,28.80448905,81.39839078,7.27,2.89,0.13,117.92,452.3,29.0,24.13,47.11,Surkhet,direct_overlay,False,0.0,direct_overlay,FMR_027,16.763341067285385,45.353846153846156,3.6927896911272864,7.072,121.6850928074246,23.81251370917366,26.58236946102665,156.6298143851508,185.34671802996155,419.6706659043155,121.6850928074246,29.052688381662744,43.11129508086137,1.7244518032344547,2428.0,9500.0
47,Surkhet,Babiyachaur,7,0,60,40,,,,,T7-HQG139bF,28.8056378,81.40025781,368.0,5.0,19727,12017,9170,419,18.0,8566.0,8.6,0,0.0,28.8056378,81.40025781,7.17,3.3,0.16,146.39,518.22,31.1,23.52,45.17,Surkhet,direct_overlay,False,0.0,direct_overlay,FMR_154,19.1415313225058,56.303846153846145,4.23099154042888,7.072,135.6943155452436,30.26596165000892,29.266698210691988,128.6113689095128,111.45473910739788,413.17459033012534,135.6943155452436,35.506136322498,45.7956238305267,1.831824953221068,1527.9999999999995,8600.0
48,Surkhet,Babiyachaur,7,0,60,40,,,,,T7-WEB679iS,28.80450175,81.399783,365.0,4.0,22383,15103,8963,334,18.0,8342.0,8.3,0,0.0,28.80450175,81.399783,7.25,2.93,0.13,118.73,495.39,29.13,25.13,46.0,Surkhet,direct_overlay,False,0.0,direct_overlay,FMR_129,16.995359628770302,45.66538461538462,4.044596694865237,7.072,122.79147331786542,24.133899529270035,29.231021119574002,154.41705336426915,181.6668503898581,413.2609288906309,122.79147331786542,29.374074201759118,45.75994673940872,1.8303978695763488,1228.0000000000007,8300.0
49,Surkhet,Babiyachaur,8,0,0,0,,,,,T8-EUO866nU,28.80448862,81.39839939,355.0,5.0,19450,13783,7983,419,19.0,7366.0,7.4,0,0.0,28.80448862,81.39839939,7.27,2.89,0.13,118.01,452.5,28.99,24.12,47.12,Surkhet,direct_overlay,False,0.0,direct_overlay,FMR_027,16.763341067285385,45.38846153846154,3.6944225850875463,7.072,121.6850928074246,23.829821401481354,26.594123769875218,156.6298143851508,185.1485449530385,419.64222047690197,121.6850928074246,23.829821401481354,26.594123769875218,1.0637649507950087,328.0000000000003,7400.0
50,Surkhet,Babiyachaur,8,0,0,0,,,,,T8-IIC865tZ,28.80563497,81.40025471,369.0,5.0,16630,8933,6427,334,17.0,6091.0,6.1,0,0.0,28.80563497,81.40025471,7.17,3.3,0.16,146.5,518.92,31.08,23.53,45.17,Surkhet,direct_overlay,False,0.0,direct_overlay,FMR_154,19.1415313225058,56.34615384615385,4.236706669289789,7.072,135.6943155452436,30.28711549616277,29.306231012875394,128.6113689095128,111.2125275689363,413.0789209488415,135.6943155452436,30.28711549616277,29.306231012875394,1.1722492405150158,-972.0000000000005,6100.0
51,Surkhet,Babiyachaur,8,0,0,0,,,,,T8-TPL735gR,28.80448923,81.39977757,360.0,5.0,18483,10010,8433,334,18.0,7858.0,7.9,0,0.0,28.80448923,81.39977757,7.26,2.92,0.13,118.16,493.95,29.11,25.14,46.02,Surkhet,direct_overlay,False,0.0,direct_overlay,FMR_129,16.937354988399072,45.44615384615384,4.032839858351367,7.072,122.66032482598607,23.945445832589684,29.00041622574414,154.67935034802787,183.82464521684813,413.81899273369913,122.66032482598607,23.945445832589684,29.00041622574414,1.1600166490297656,828.0000000000003,7900.0
52,Surkhet,Babiyachaur,9,120,60,40,,Urea ,top dressed ,V6 and V10 stages,T9-PRX308tF,28.80448276,81.39841089,355.0,5.0,22900,15100,9733,334,17.0,9158.0,9.2,76,14.9,28.80448276,81.39841089,7.27,2.89,0.13,118.02,452.7,28.95,24.13,47.13,Surkhet,direct_overlay,False,0.0,direct_overlay,FMR_027,16.763341067285385,45.39230769230769,3.696055479047806,7.072,121.6850928074246,23.831744478404428,26.60587807872378,156.6298143851508,185.1265257222693,419.6137750494884,181.6850928074246,29.07191915089351,43.13480369855849,1.7253921479423397,17.733333333333327,76.66666666666667
53,Surkhet,Babiyachaur,9,120,60,40,,Urea ,top dressed ,V6 and V10 stages,T9-JJL262gO,28.80563956,81.40025307,367.0,5.0,23183,15470,9767,334,16.0,9363.0,9.4,78,27.3,28.80563956,81.40025307,7.17,3.3,0.16,146.53,518.57,31.11,23.52,45.16,Surkhet,direct_overlay,False,0.0,direct_overlay,FMR_154,19.1415313225058,56.357692307692304,4.233849104859336,7.072,135.6943155452436,30.292884726931998,29.2864646117837,128.6113689095128,111.14646987662861,413.12675563948346,195.6943155452436,35.53305939942108,45.81539023161841,1.8326156092647363,19.400000000000002,78.33333333333333
55,Surkhet,Guthu,1,120,60,40,,Urea,top dressed ,knee ht+shoulder ht,T1-KGG392jT,28.83349251,81.30619469,357.0,5.0,13040,12720,8417,398,19.0,7738.0,7.7,64,17.8,28.83349251,81.30619469,7.01,1.99,0.1,83.52,403.6,35.42,31.54,35.18,Surkhet,direct_overlay,False,0.0,direct_overlay,FMR_075,11.54292343387471,32.12307692307692,3.295180011804052,7.072,78.68810904872389,18.040947829287884,39.63164438206654,242.62378190255222,251.43114735465372,388.0914205953989,138.6881090487239,23.281122501776967,56.16057000190125,2.2464228000760498,5.233333333333334,64.16666666666667
56,Surkhet,Guthu,2,120,60,40,,PCU,basal ,planting time,T2-YFM962pX,28.83351748,81.30619414,352.0,5.0,16767,14460,9733,381,19.0,8970.0,9.0,75,28.0,28.83351748,81.30619414,6.99,2.0,0.1,83.78,404.66,35.39,31.61,35.13,Surkhet,direct_overlay,False,0.0,direct_overlay,FMR_075,11.600928074245939,32.223076923076924,3.303834349793429,7.072,78.6890951276102,18.18210110655006,40.10011997741627,242.6218097447796,249.8149423300018,386.9577096546526,138.6890951276102,23.422275779039143,56.62904559725098,2.2651618238900393,16.066666666666666,75.0
57,Surkhet,Guthu,3,60,60,40,,PCU,basal ,planting time,T3-YUE969mA,28.83351297,81.30618515,352.0,4.0,11456,13150,8327,408,20.0,7551.0,7.6,126,32.4,28.83351297,81.30618515,7.0,2.0,0.1,83.67,404.34,35.38,31.61,35.13,Surkhet,direct_overlay,False,0.0,direct_overlay,FMR_075,11.600928074245939,32.18076923076923,3.301221719457013,7.072,78.88631090487239,18.120547028377654,39.803055606657175,242.22737819025522,250.51973652507584,387.6766054318896,108.88631090487239,23.360721700866737,56.33198122649189,2.2532792490596756,8.799999999999992,126.66666666666667
58,Surkhet,Guthu,4,78,60,40,,UDP,basal ,planting time,T4-NLO320sU,28.83352369,81.30618695,363.0,5.0,15757,15710,9920,374,18.0,9244.0,9.2,119,46.6,28.83352369,81.30618695,6.99,2.0,0.1,83.79,404.82,35.37,31.64,35.11,Surkhet,direct_overlay,False,0.0,direct_overlay,FMR_075,11.600928074245939,32.22692307692308,3.3051406649616366,7.072,78.6890951276102,18.184024183473138,40.11597531077362,242.6218097447796,249.79292309923255,386.91933974792784,117.6890951276102,23.42419885596222,56.64490093060833,2.2657960372243333,27.28205128205127,117.94871794871794
59,Surkhet,Guthu,5,60,60,40,6.0,Urea,top dressed ,knee ht+shoulder ht,T5-SQX155gZ,28.83351654,81.30618801,371.0,5.0,9203,12613,8077,419,18.0,7508.0,7.5,125,31.7,28.83351654,81.30618801,6.99,2.0,0.1,83.72,404.53,35.38,31.62,35.13,Surkhet,direct_overlay,False,0.0,direct_overlay,FMR_075,11.600928074245939,32.199999999999996,3.30277296871926,7.072,78.6890951276102,18.170562645011596,40.087237519063414,242.6218097447796,249.94705771461722,386.9888852038665,108.6890951276102,23.41073731750068,56.61616313889813,2.264646525555925,7.133333333333332,125.0
60,Surkhet,Guthu,6,120,0,40,,Urea,top dressed ,knee ht+shoulder ht,T6-MBH706uW,28.83356418,81.30618851,372.0,5.0,14597,15137,9697,334,21.0,8705.0,8.7,73,25.8,28.83356418,81.30618851,6.97,2.02,0.1,84.24,406.56,35.33,31.73,35.04,Surkhet,direct_overlay,False,0.0,direct_overlay,FMR_075,11.7169373549884,32.4,3.319346842415896,7.072,79.07761020881671,18.37164646171694,40.48228016079736,241.84477958236658,247.64464801334103,386.03288201087037,139.0776102088167,18.37164646171694,57.01120578063207,2.2804482312252827,13.566666666666661,72.5
61,Surkhet,Guthu,7,0,60,40,,,,,T7-ZGO408eE,28.83355033,81.3062491,365.0,5.0,10983,12283,7783,334,19.0,7191.0,7.2,0,0.0,28.83355033,81.3062491,6.98,2.04,0.1,84.51,406.91,35.42,31.6,35.1,Surkhet,direct_overlay,False,0.0,direct_overlay,FMR_075,11.83294663573086,32.503846153846155,3.3222044068463505,7.072,80.061716937355,18.404691058361593,39.9200761374391,239.87656612529,247.26628738175978,387.39341574739734,80.061716937355,23.644865730850675,56.44900175727382,2.257960070290953,128.0000000000001,7200.0
62,Surkhet,Guthu,8,0,0,0,,,,,T8-MIV404bC,28.83355282,81.30625304,365.0,5.0,14273,11107,6090,331,19.0,5606.0,5.6,0,0.0,28.83355282,81.30625304,6.98,2.04,0.1,84.56,407.08,35.43,31.6,35.1,Surkhet,direct_overlay,False,0.0,direct_overlay,FMR_075,11.83294663573086,32.52307692307692,3.323592366712571,7.072,80.061716937355,18.414306442976972,39.9367540587076,239.87656612529,247.15619122791367,387.35305517792756,80.061716937355,18.414306442976972,39.9367540587076,1.597470162348304,-1472.0000000000005,5600.0
63,Surkhet,Guthu,9,120,60,40,,Urea ,top dressed ,V6 and V10 stages,T9-ZCN678xZ,28.83355295,81.30626154,367.0,5.0,14140,13480,9867,348,17.0,9272.0,9.3,77,30.6,28.83355295,81.30626154,6.98,2.04,0.1,84.62,407.21,35.44,31.58,35.1,Surkhet,direct_overlay,False,0.0,direct_overlay,FMR_075,11.83294663573086,32.54615384615385,3.3246537477867397,7.072,80.061716937355,18.425844904515436,39.94950776320704,239.87656612529,247.02407584329825,387.32219121303893,140.06171693735502,23.66601957700452,56.47843338304175,2.25913733532167,18.56666666666667,77.5
64,Surkhet,Maintada-2,1,120,60,40,,Urea,top dressed ,knee ht+shoulder ht,T1-YZD726eN,28.43197148,81.80340531,469.0,4.0,17820,16650,9833,391,20.0,8962.0,9.0,75,11.9,28.43197148,81.80340531,6.96,2.4,0.15,74.94,260.88,46.55,12.18,41.37,Surkhet,direct_overlay,False,0.0,direct_overlay,FMR_136,13.921113689095128,28.823076923076922,2.1299468817627383,7.072,93.7169373549884,17.038731036944494,22.576348503692095,212.5661252900232,262.90652962698556,429.36523662106515,153.7169373549884,22.278905709433577,39.10527412352681,1.5642109649410725,16.066666666666666,75.0
65,Surkhet,Lekhpharsa,1,120,60,40,,Urea,top dressed ,knee ht+shoulder ht,T1-EXF606dI,28.46672121,81.8021437,496.0,3.0,16333,15303,9767,391,20.0,8923.0,8.9,74,13.7,28.46672121,81.8021437,7.43,3.23,0.17,108.38,333.42,46.4,10.1,45.08,Surkhet,direct_overlay,False,0.0,direct_overlay,FMR_144,18.73549883990719,41.684615384615384,2.722197521148928,7.072,141.09704176334105,20.695093510173123,15.44247285599669,117.8059164733179,221.04117930851774,446.629215688488,201.09704176334105,25.935268182662206,31.971398475831403,1.2788559390332561,15.233333333333336,74.16666666666667
66,Surkhet,Maintada-3,2,120,60,40,,PCU,basal ,planting time,T2-UVL811jM,28.43198338,81.80342707,464.0,5.0,15933,12807,9700,387,18.0,9050.0,9.1,75,12.6,28.43198338,81.80342707,6.96,2.4,0.15,74.99,261.28,46.49,12.13,41.45,Surkhet,direct_overlay,False,0.0,direct_overlay,FMR_137,13.921113689095128,28.84230769230769,2.1332126696832576,7.072,93.7169373549884,17.048346421559877,22.610964186770435,212.5661252900232,262.7964334731394,429.2814666680155,153.7169373549884,22.28852109404896,39.13988980660515,1.5655955922642057,16.899999999999995,75.83333333333333
67,Surkhet,Lekhpharsa,2,120,60,40,,PCU,basal ,planting time,T2-LIA381qW,28.46672185,81.80213932,496.0,5.0,16667,16333,9833,387,20.0,8984.0,9.0,75,14.2,28.46672185,81.80213932,7.43,3.23,0.17,108.37,333.47,46.4,10.1,45.08,Surkhet,direct_overlay,False,0.0,direct_overlay,FMR_144,18.73549883990719,41.68076923076923,2.7226057446389924,7.072,141.09704176334105,20.693170433250046,15.444788624825193,117.8059164733179,221.063198539287,446.623611527923,201.09704176334105,25.93334510573913,31.973714244659906,1.2789485697863963,16.066666666666666,75.0
68,Surkhet,Maintada-4,3,60,60,40,,PCU,basal ,planting time,T3-EFW913aD,28.43197913,81.80342308,465.0,5.0,19773,18617,9167,379,21.0,8281.0,8.3,138,12.4,28.43197913,81.80342308,6.96,2.4,0.15,74.97,261.11,46.51,12.15,41.43,Surkhet,direct_overlay,False,0.0,direct_overlay,FMR_138,13.921113689095128,28.834615384615383,2.131824709817037,7.072,93.7169373549884,17.044500267713723,22.596252521462144,212.5661252900232,262.84047193467785,429.3170688980616,123.7169373549884,22.284674940202805,39.12517814129686,1.5650071256518743,20.46666666666668,138.33333333333334
69,Surkhet,Lekhpharsa,3,60,60,40,,PCU,basal ,planting time,T3-LAD753vG,28.46672057,81.80213623,496.0,5.0,18333,17717,9700,379,19.0,8917.0,8.9,149,27.3,28.46672057,81.80213623,7.43,3.23,0.17,108.35,333.51,46.39,10.1,45.08,Surkhet,direct_overlay,False,0.0,direct_overlay,FMR_144,18.73549883990719,41.67307692307692,2.7229323234310443,7.072,141.09704176334105,20.68932427940389,15.446641239887995,117.8059164733179,221.10723700082545,446.61912819947105,171.09704176334105,25.929498951892974,31.975566859722708,1.2790226743889084,30.466666666666672,148.33333333333334
70,Surkhet,Maintada-5,4,78,60,40,,UDP,basal ,planting time,T4-BUS935hE,28.43198418,81.8034312,464.0,5.0,17713,16500,8933,370,20.0,8984.0,9.0,115,18.5,28.43198418,81.8034312,6.96,2.4,0.15,75.0,261.28,46.48,12.13,41.46,Surkhet,direct_overlay,False,0.0,direct_overlay,FMR_139,13.921113689095128,28.846153846153847,2.1332126696832576,7.072,93.7169373549884,17.050269498482955,22.610964186770435,212.5661252900232,262.77441424237014,429.2814666680155,132.7169373549884,22.290444170972037,39.13988980660515,1.5655955922642057,24.71794871794872,115.38461538461539
71,Surkhet,Lekhpharsa,4,78,60,40,,UDP,basal ,planting time,T4-CEJ513mX,28.46672144,81.80213164,495.0,5.0,15840,12907,9933,370,18.0,9245.0,9.2,119,25.2,28.46672144,81.80213164,7.43,3.23,0.17,108.34,333.56,46.39,10.1,45.08,Surkhet,direct_overlay,False,0.0,direct_overlay,FMR_144,18.73549883990719,41.66923076923077,2.7233405469211096,7.072,141.09704176334105,20.687401202480817,15.448957008716503,117.8059164733179,221.1292562315946,446.61352403890606,180.09704176334105,25.9275758749699,31.977882628551214,1.2791153051420485,27.28205128205127,117.94871794871794
72,Surkhet,Maintada-6,5,60,60,40,6.0,Urea,top dressed ,knee ht+shoulder ht,T5-WSH400iR,28.43198282,81.803426,464.0,5.0,17673,17400,9800,407,19.0,8987.0,9.0,150,24.1,28.43198282,81.803426,6.96,2.4,0.15,74.99,261.26,46.49,12.14,41.44,Surkhet,direct_overlay,False,0.0,direct_overlay,FMR_140,13.921113689095128,28.84230769230769,2.1330493802872317,7.072,93.7169373549884,17.048346421559877,22.609233402616518,212.5661252900232,262.7964334731394,429.285655165668,123.7169373549884,22.28852109404896,39.138159022451234,1.5655263608980494,32.13333333333333,150.0
73,Surkhet,Lekhpharsa,5,60,60,40,6.0,Urea,top dressed ,knee ht+shoulder ht,T5-QFA300xB,28.46671434,81.80212589,495.0,5.0,19837,16397,9867,407,20.0,9026.0,9.0,150,29.1,28.46671434,81.80212589,7.43,3.23,0.17,108.26,333.67,46.38,10.1,45.1,Surkhet,direct_overlay,False,0.0,direct_overlay,FMR_144,18.73549883990719,41.63846153846154,2.7242386385992523,7.072,141.09704176334105,20.672016587096202,15.454051700139212,117.8059164733179,221.30541007774846,446.60119488566306,171.09704176334105,25.912191259585285,31.982977319973926,1.2793190927989573,32.13333333333333,150.0
74,Surkhet,Maintada-7,6,120,0,40,,Urea,top dressed ,knee ht+shoulder ht,T6-FPA197sO,28.43198303,81.80341728,465.0,5.0,18043,14563,9017,345,18.0,8381.0,8.4,70,7.0,28.43198303,81.80341728,6.96,2.4,0.15,75.0,261.33,46.5,12.15,41.42,Surkhet,direct_overlay,False,0.0,direct_overlay,FMR_141,13.921113689095128,28.846153846153847,2.1336208931733225,7.072,93.7169373549884,17.050269498482955,22.615291147155226,212.5661252900232,262.77441424237014,429.2709954238843,153.7169373549884,17.050269498482955,39.14421676698994,1.5657686706795975,11.066666666666668,70.0
75,Surkhet,Lekhpharsa,6,120,0,40,,Urea,top dressed ,knee ht+shoulder ht,T6-TFI694sJ,28.46663642,81.80204177,499.0,5.0,19950,18507,9500,345,19.0,8734.0,8.7,73,12.1,28.46663642,81.80204177,7.44,3.24,0.17,107.4,334.86,46.23,10.12,45.29,Surkhet,direct_overlay,False,0.0,direct_overlay,FMR_144,18.793503480278424,41.30769230769231,2.733954357662798,7.072,141.85336426914154,20.411785829020165,15.321815356253977,116.29327146171693,224.2850522577191,446.9212068378654,201.85336426914154,20.411785829020165,31.850740976088687,1.2740296390435473,13.566666666666661,72.5
76,Surkhet,Maintada-8,7,0,60,40,,,,,T7-HAR334cQ,28.43198979,81.80341761,460.0,5.0,18420,16140,9500,375,20.0,8593.0,8.6,0,0.0,28.43198979,81.80341761,6.96,2.41,0.15,75.04,261.65,46.49,12.15,41.43,Surkhet,direct_overlay,False,0.0,direct_overlay,FMR_142,13.979118329466358,28.861538461538462,2.136233523509738,7.072,94.10742459396752,17.06890844190612,22.561916443541293,211.78515081206496,262.5609983401749,429.40016220663006,94.10742459396752,22.309083114395204,39.090842063376,1.5636336825350399,1527.9999999999995,8600.0
77,Surkhet,Lekhpharsa,7,0,60,40,,,,,T7-LWW571rG,28.46665265,81.80203456,499.0,5.0,13183,12333,9910,375,20.0,9065.0,9.1,0,0.0,28.46665265,81.80203456,7.44,3.24,0.17,107.52,334.88,46.23,10.13,45.27,Surkhet,direct_overlay,False,0.0,direct_overlay,FMR_144,18.793503480278424,41.35384615384615,2.7341176470588233,7.072,141.85336426914154,20.434862752097086,15.322730473936364,116.29327146171693,224.02082148848837,446.918992253074,141.85336426914154,25.67503742458617,31.851656093771076,1.2740662437508432,2027.9999999999995,9100.0
78,Surkhet,Maintada-9,8,0,0,0,,,,,T8-AOK477xK,28.43196607,81.80337762,460.0,5.0,15817,14607,8190,329,19.0,7539.0,7.5,0,0.0,28.43196607,81.80337762,6.96,2.4,0.15,74.93,260.82,46.6,12.24,41.28,Surkhet,direct_overlay,False,0.0,direct_overlay,FMR_143,13.921113689095128,28.81923076923077,2.1294570135746604,7.072,93.7169373549884,17.036807960021417,22.571156151230348,212.5661252900232,262.9285488577548,429.37780211402253,93.7169373549884,17.036807960021417,22.571156151230348,0.9028462460492139,427.99999999999994,7500.0
79,Surkhet,Lekhpharsa,8,0,0,0,,,,,T8-SYF917nO,28.46666504,81.80203798,495.0,5.0,11303,10617,7937,329,19.0,7278.0,7.3,0,0.0,28.46666504,81.80203798,7.43,3.24,0.17,107.62,334.81,46.25,10.13,45.24,Surkhet,direct_overlay,False,0.0,direct_overlay,FMR_144,18.793503480278424,41.39230769230769,2.7335461341727325,7.072,141.5338747099768,20.54848389255756,15.464051406972995,116.9322505800464,222.71985943021593,446.5769955951253,141.5338747099768,20.54848389255756,15.464051406972995,0.6185620562789198,227.99999999999977,7300.0
80,Surkhet,Maintada-10,9,120,60,40,,Urea ,top dressed ,V6 and V10 stages,T9-GTS439wA,28.43195848,81.80338907,459.0,5.0,18607,17727,9900,385,19.0,9169.0,9.2,76,13.6,28.43195848,81.80338907,6.96,2.4,0.15,74.87,260.38,46.6,12.22,41.3,Surkhet,direct_overlay,False,0.0,direct_overlay,FMR_135,13.921113689095128,28.796153846153846,2.1258646468620888,7.072,93.7169373549884,17.025269498482956,22.53307889984417,212.5661252900232,263.06066424237014,429.4699490623771,153.7169373549884,22.26544417097204,39.06200451967888,1.5624801807871551,17.733333333333327,76.66666666666667
81,Surkhet,Lekhpharsa,9,120,60,40,,Urea ,top dressed ,V6 and V10 stages,T9-YQY664uU,28.46666002,81.80204008,497.0,5.0,18273,15303,9870,358,20.0,8973.0,9.0,75,14.1,28.46666002,81.80204008,7.43,3.24,0.17,107.58,334.8,46.24,10.13,45.25,Surkhet,direct_overlay,False,0.0,direct_overlay,FMR_144,18.793503480278424,41.37692307692308,2.7334644894747195,7.072,141.5338747099768,20.540791584865254,15.463589531538961,116.9322505800464,222.80793635329283,446.57811333367573,201.5338747099768,25.780966257354336,31.992515151373674,1.279700606054947,16.066666666666666,75.0
82,Surkhet,Maintada-1,1,120,60,40,,Urea,top dressed ,knee ht+shoulder ht,T1-XIL971iL,28.43685704,81.79975954,475.0,5.0,15433,4690,9900,391,19.0,9112.0,9.1,76,9.0,28.43685704,81.79975954,6.74,2.06,0.13,67.4,279.41,46.18,12.41,41.48,Surkhet,direct_overlay,False,0.0,direct_overlay,FMR_168,11.948955916473318,25.923076923076923,2.2812345071807987,7.072,75.97146171693737,15.998604586828485,31.47995720878781,248.05707656612526,274.81597748081384,407.81850355473347,135.97146171693737,21.238779259317567,48.00888282862252,1.9203553131449007,16.899999999999995,75.83333333333333
83,Surkhet,Lekhpharsa,1,120,60,40,,Urea,top dressed ,knee ht+shoulder ht,T1-RJP151tA,28.45905373,81.78538717,416.0,5.0,19667,19333,9567,398,20.0,8719.0,8.7,73,17.1,28.45905373,81.78538717,6.99,2.82,0.15,131.37,319.63,46.18,10.5,42.53,Surkhet,direct_overlay,False,0.0,direct_overlay,FMR_088,16.357308584686773,50.526923076923076,2.609609482589022,7.072,110.9516241299304,28.182954867927894,23.565421775548224,178.0967517401392,135.3051667622256,426.9716793031733,170.9516241299304,33.42312954041698,40.09434739538294,1.6037738958153176,13.566666666666661,72.5
84,Surkhet,Lekhpharsa,1,120,60,40,,Urea,top dressed ,knee ht+shoulder ht,T1-NCF418qP,28.46921603,81.79777976,507.0,4.0,12833,11517,7997,334,20.0,7288.0,7.3,61,25.3,28.46921603,81.79777976,7.54,3.55,0.18,100.23,372.21,45.68,9.37,45.55,Surkhet,direct_overlay,False,0.0,direct_overlay,FMR_044,20.591647331786543,38.55,3.0388973047412935,7.072,158.92633410672855,17.93592517401392,14.208420236281793,82.1473317865429,252.6336567575406,449.61562302819806,218.92633410672855,23.176099846503003,30.737345856116505,1.2294938342446604,1.8999999999999981,60.833333333333336
85,Surkhet,Kalyan,1,120,60,40,,Urea,top dressed ,knee ht+shoulder ht,T1-BMS672fK,28.5041297,81.73587981,483.0,4.0,24333,16413,9810,398,19.0,9041.0,9.0,75,23.2,28.5041297,81.73587981,7.31,3.21,0.16,99.49,481.71,45.07,10.42,43.1,,direct_overlay_plus_nearest8,True,8.0,nearest_8_valid_mean,FMR_120,18.619489559164734,38.26538461538461,3.932906747983473,7.072,136.42499999999998,20.05775509771551,24.950813803862246,127.15000000000003,228.33870413115739,423.61903059465334,196.42499999999998,25.297929770204593,41.479739423696955,1.6591895769478784,16.066666666666666,75.0
86,Surkhet,Ramghat,1,120,60,40,,Urea,top dressed ,knee ht+shoulder ht,T1-TME983eZ,28.48768366,81.73958759,431.0,5.0,24170,19810,9673,398,19.0,8860.0,8.9,74,20.6,28.48768366,81.73958759,6.67,2.35,0.13,115.63,267.79,46.21,12.04,42.82,Surkhet,direct_overlay,False,0.0,direct_overlay,FMR_043,13.631090487238978,44.47307692307692,2.1863633680897108,7.072,85.04437354988399,25.936595741120826,28.04212341350349,229.91125290023203,161.02597876416655,416.13806133932155,145.04437354988397,31.17677041360991,44.5710490333382,1.782841961333528,15.233333333333336,74.16666666666667
87,Surkhet,Ramghat,1,120,60,40,,Urea,top dressed ,knee ht+shoulder ht,T1-ESD365zA,28.48749579,81.74486874,424.0,5.0,24383,19747,9760,390,21.0,8761.0,8.8,73,10.1,28.48749579,81.74486874,6.76,2.55,0.14,110.32,307.28,46.64,12.15,42.72,Surkhet,direct_overlay,False,0.0,direct_overlay,FMR_016,14.791183294663572,42.43076923076923,2.5087782805429857,7.072,94.54524361948954,24.897205961092272,28.508723141304735,210.90951276102092,172.92699174549347,415.00888999804255,154.54524361948955,30.137380633581355,45.03764876113945,1.801505950445578,14.400000000000006,73.33333333333333
88,Surkhet,Kalyan,1,120,60,40,,Urea,top dressed ,knee ht+shoulder ht,T1-GNE184wJ,28.50874994,81.72685574,363.0,3.0,26570,17440,9747,390,23.0,8528.0,8.5,71,16.6,28.50874994,81.72685574,7.31,3.21,0.16,99.49,481.71,45.07,10.42,43.1,,direct_overlay_plus_nearest8,True,8.0,nearest_8_valid_mean,FMR_036,18.619489559164734,38.26538461538461,3.932906747983473,7.072,136.42499999999998,20.05775509771551,24.950813803862246,127.15000000000003,228.33870413115739,423.61903059465334,196.42499999999998,25.297929770204593,41.479739423696955,1.6591895769478784,11.9,70.83333333333333
89,Surkhet,Maintada-2,1,120,60,40,,Urea,top dressed ,knee ht+shoulder ht,T1-LYU282gJ,28.41942099,81.79067174,516.0,5.0,14893,14670,9780,390,19.0,9035.0,9.0,75,24.3,28.41942099,81.79067174,7.02,2.32,0.14,83.82,282.37,47.79,12.02,41.97,Surkhet,direct_overlay,False,0.0,direct_overlay,FMR_094,13.45707656612529,32.238461538461536,2.305401337792642,7.072,91.96566125290022,18.37907763698019,24.179043165918625,216.06867749419956,247.55956105657683,425.4867155384769,151.96566125290022,23.61925230946927,40.70796878575334,1.6283187514301334,16.066666666666666,75.0
90,Surkhet,Maintada-2,1,120,60,40,,Urea,top dressed ,knee ht+shoulder ht,T1-HYD164qS,28.42837279,81.80323101,482.0,4.0,13040,12720,8417,368,19.0,7738.0,7.7,64,17.8,28.42837279,81.80323101,6.96,2.4,0.15,74.96125,261.0425,46.5275,12.1675,41.39375,,direct_overlay_plus_nearest8,True,8.0,nearest_8_valid_mean,FMR_091,13.921113689095128,28.83125,2.1312736081054497,7.072,93.7169373549884,17.042817575406033,22.590411124942676,212.5661252900232,262.8597387616009,429.3312050776387,153.7169373549884,22.282992247895116,39.119336744777385,1.5647734697910956,5.233333333333334,64.16666666666667
91,Surkhet,Kalyan,1,120,60,40,,Urea,top dressed ,knee ht+shoulder ht,T1-GUJ120fH,28.50195919,81.7479302,521.0,5.0,23167,15323,9813,391,24.0,8520.0,8.5,71,2.7,28.50195919,81.7479302,7.31,3.21,0.16,99.49,481.71,45.07,10.42,43.1,Surkhet,direct_overlay,False,0.0,direct_overlay,FMR_014,18.619489559164734,38.26538461538461,3.932906747983473,7.072,136.42499999999998,20.05775509771551,24.950813803862246,127.15000000000003,228.33870413115739,423.61903059465334,196.42499999999998,25.297929770204593,41.479739423696955,1.6591895769478784,11.9,70.83333333333333
92,Surkhet,Maintada-1,2,120,60,40,,PCU,basal ,planting time,T2-OOW483xX,28.43698379,81.79971291,488.0,5.0,20190,14953,9257,387,24.0,7984.0,8.0,67,-0.4,28.43698379,81.79971291,6.74,2.09,0.13,67.4,282.4,46.21,12.4,41.37,Surkhet,direct_overlay,False,0.0,direct_overlay,FMR_168,12.122969837587005,25.923076923076923,2.3056462718866806,7.072,77.07784222737818,16.04283370515795,31.43087493939006,245.84431554524363,274.30955407594143,407.937282646676,137.0778422273782,21.283008377647032,47.959800559224774,1.9183920223689912,7.7333333333333325,66.66666666666667
93,Surkhet,Lekhpharsa,2,120,60,40,,PCU,basal ,planting time,T2-JRD994fF,28.45905917,81.78540512,416.0,5.0,14333,16667,9733,381,20.0,8826.0,8.8,74,17.9,28.45905917,81.78540512,6.99,2.82,0.15,131.37,319.63,46.18,10.5,42.53,Surkhet,direct_overlay,False,0.0,direct_overlay,FMR_088,16.357308584686773,50.526923076923076,2.609609482589022,7.072,110.9516241299304,28.182954867927894,23.565421775548224,178.0967517401392,135.3051667622256,426.9716793031733,170.9516241299304,33.42312954041698,40.09434739538294,1.6037738958153176,14.400000000000006,73.33333333333333
94,Surkhet,Lekhpharsa,2,120,60,40,,PCU,basal ,planting time,T2-IZM244bT,28.46923501,81.79779305,506.0,4.0,15950,11470,8377,331,20.0,7577.0,7.6,63,27.7,28.46923501,81.79779305,7.54,3.55,0.18,100.35,372.29,45.7,9.38,45.5,Surkhet,direct_overlay,False,0.0,direct_overlay,FMR_044,20.591647331786543,38.59615384615384,3.039550462325398,7.072,158.92633410672855,17.959002097090842,14.21147408657841,82.1473317865429,252.36942598830984,449.6082327104802,218.92633410672855,23.199176769579925,30.740399706413122,1.2296159882565247,4.399999999999996,63.333333333333336
95,Surkhet,Kalyan,2,120,60,40,,PCU,basal ,planting time,11128687,28.5041356,81.73588455,482.0,5.0,22107,16050,9847,381,19.0,9030.0,9.0,75,23.1,28.5041356,81.73588455,7.31,3.21,0.16,99.49,481.71,45.07,10.42,43.1,,direct_overlay_plus_nearest8,True,8.0,nearest_8_valid_mean,FMR_120,18.619489559164734,38.26538461538461,3.932906747983473,7.072,136.42499999999998,20.05775509771551,24.950813803862246,127.15000000000003,228.33870413115739,423.61903059465334,196.42499999999998,25.297929770204593,41.479739423696955,1.6591895769478784,16.066666666666666,75.0
96,Surkhet,Ramghat,2,120,60,40,,PCU,basal ,planting time,T2-RPT201dD,28.48773343,81.73953019,433.0,5.0,29810,18493,9430,381,21.0,8455.0,8.5,70,17.2,28.48773343,81.73953019,6.67,2.35,0.13,115.65,266.75,46.28,12.0,42.83,Surkhet,direct_overlay,False,0.0,direct_overlay,FMR_043,13.631090487238978,44.48076923076923,2.1778723194963603,7.072,85.04437354988399,25.940441894966984,27.93321789668044,229.91125290023203,160.981940302628,416.4016126900333,145.04437354988397,31.180616567456067,44.462143516515155,1.778485740660606,11.9,70.83333333333333
97,Surkhet,Ramghat,2,120,60,40,,PCU,basal ,planting time,T2-XCF932oI,28.48754924,81.74484507,411.0,5.0,29470,19880,9763,397,22.0,8676.0,8.7,72,9.4,28.48754924,81.74484507,6.76,2.56,0.14,109.46,308.6,46.58,12.06,42.78,Surkhet,direct_overlay,False,0.0,direct_overlay,FMR_016,14.849187935034804,42.099999999999994,2.5195553806807007,7.072,94.91600928074246,24.74625986078886,28.533907613827907,210.16798143851508,174.65532459396752,414.9479435745364,154.91600928074246,29.986434533277944,45.062833233662616,1.8025133293465045,13.566666666666661,72.5
98,Surkhet,Kalyan,2,120,60,40,,PCU,basal ,planting time,T2-DWG930zF,28.50854029,81.72662647,414.0,5.0,20237,17393,9957,397,24.0,8564.0,8.6,71,16.9,28.50854029,81.72662647,7.31,3.21,0.16,99.49,481.71,45.07,10.42,43.1,,direct_overlay_plus_nearest8,True,8.0,nearest_8_valid_mean,FMR_036,18.619489559164734,38.26538461538461,3.932906747983473,7.072,136.42499999999998,20.05775509771551,24.950813803862246,127.15000000000003,228.33870413115739,423.61903059465334,196.42499999999998,25.297929770204593,41.479739423696955,1.6591895769478784,12.733333333333329,71.66666666666667
99,Surkhet,Maintada-2,2,120,60,40,,PCU,basal ,planting time,T2-UBU607yH,28.41941795,81.79062933,514.0,5.0,15500,15327,9533,397,20.0,8714.0,8.7,73,21.7,28.41941795,81.79062933,7.02,2.32,0.14,84.04,282.36,47.84,12.04,41.94,Surkhet,direct_overlay,False,0.0,direct_overlay,FMR_094,13.45707656612529,32.323076923076925,2.3053196930946287,7.072,91.96566125290022,18.421385329287883,24.178186876540643,216.06867749419956,247.07513797965373,425.4887877587716,151.96566125290022,23.661560001776966,40.70711249637536,1.6282844998550146,13.566666666666661,72.5
100,Surkhet,Maintada-2,2,120,60,40,,PCU,basal ,planting time,T2-EXU921kO,28.42837826,81.80321651,481.0,5.0,16767,14460,9733,381,19.0,8970.0,9.0,75,28.0,28.42837826,81.80321651,6.96,2.4,0.15,74.96125,261.0425,46.5275,12.1675,41.39375,,direct_overlay_plus_nearest8,True,8.0,nearest_8_valid_mean,FMR_091,13.921113689095128,28.83125,2.1312736081054497,7.072,93.7169373549884,17.042817575406033,22.590411124942676,212.5661252900232,262.8597387616009,429.3312050776387,153.7169373549884,22.282992247895116,39.119336744777385,1.5647734697910956,16.066666666666666,75.0
101,Surkhet,Kalyan,2,120,60,40,,PCU,basal ,planting time,T2-COX883qT,28.50199467,81.74801092,506.0,5.0,25333,14770,9867,387,23.0,8589.0,8.6,72,3.3,28.50199467,81.74801092,7.31,3.21,0.16,99.49,481.71,45.07,10.42,43.1,Surkhet,direct_overlay,False,0.0,direct_overlay,FMR_014,18.619489559164734,38.26538461538461,3.932906747983473,7.072,136.42499999999998,20.05775509771551,24.950813803862246,127.15000000000003,228.33870413115739,423.61903059465334,196.42499999999998,25.297929770204593,41.479739423696955,1.6591895769478784,12.733333333333329,71.66666666666667
102,Surkhet,Maintada-1,3,60,60,40,,PCU,basal ,planting time,T3-LHG993zR,28.43693805,81.79980323,469.0,4.0,12837,13320,8933,379,20.0,8091.0,8.1,135,0.9,28.43693805,81.79980323,6.74,2.06,0.13,67.46,278.64,46.1,12.39,41.51,Surkhet,direct_overlay,False,0.0,direct_overlay,FMR_168,11.948955916473318,25.946153846153845,2.2749478654337985,7.072,75.97146171693737,16.010143048366945,31.39320452616812,248.05707656612526,274.6838620961985,408.02844504667314,105.97146171693737,21.250317720856028,47.92213014600283,1.9168852058401131,17.133333333333326,135.0
103,Surkhet,Lekhpharsa,3,60,60,40,,PCU,basal ,planting time,T3-JRA934oU,28.45903128,81.78539608,416.0,5.0,15667,19350,9767,408,20.0,8834.0,8.8,147,36.0,28.45903128,81.78539608,6.99,2.82,0.15,131.37,319.63,46.18,10.5,42.53,Surkhet,direct_overlay,False,0.0,direct_overlay,FMR_088,16.357308584686773,50.526923076923076,2.609609482589022,7.072,110.9516241299304,28.182954867927894,23.565421775548224,178.0967517401392,135.3051667622256,426.9716793031733,140.9516241299304,33.42312954041698,40.09434739538294,1.6037738958153176,28.80000000000001,146.66666666666666
104,Surkhet,Lekhpharsa,3,60,60,40,,PCU,basal ,planting time,T3-NKS318wW,28.46922469,81.7977939,505.0,5.0,13167,11667,9497,348,21.0,8536.0,8.5,142,71.4,28.46922469,81.7977939,7.54,3.55,0.18,100.3,372.49,45.69,9.37,45.53,Surkhet,direct_overlay,False,0.0,direct_overlay,FMR_044,20.591647331786543,38.57692307692307,3.0411833562856576,7.072,158.92633410672855,17.94938671247546,14.219108712319942,82.1473317865429,252.47952214215601,449.5897569161857,188.92633410672855,23.18956138496454,30.748034332154653,1.229921373286186,23.8,141.66666666666666
105,Surkhet,Kalyan,3,60,60,40,,PCU,basal ,planting time,T3-WUE763kW,28.50412787,81.73591065,480.0,5.0,25040,15200,9937,408,23.0,8650.0,8.7,144,39.8,28.50412787,81.73591065,7.31,3.21,0.16,99.49,481.71,45.07,10.42,43.1,,direct_overlay_plus_nearest8,True,8.0,nearest_8_valid_mean,FMR_120,18.619489559164734,38.26538461538461,3.932906747983473,7.072,136.42499999999998,20.05775509771551,24.950813803862246,127.15000000000003,228.33870413115739,423.61903059465334,166.42499999999998,25.297929770204593,41.479739423696955,1.6591895769478784,27.133333333333322,145.0
106,Surkhet,Ramghat,3,60,60,40,,PCU,basal ,planting time,T3-XLM457fM,28.48770862,81.73949639,438.0,5.0,34167,16773,9837,408,21.0,8831.0,8.8,147,40.7,28.48770862,81.73949639,6.67,2.34,0.13,116.67,265.94,46.3,12.02,42.82,Surkhet,direct_overlay,False,0.0,direct_overlay,FMR_043,13.57308584686775,44.87307692307692,2.1712590989573086,7.072,84.68248259860789,26.12085081652686,27.950664095325568,230.63503480278422,158.91625815076742,416.35939288931206,114.68248259860789,31.361025489015944,44.47958971516028,1.7791835886064111,28.80000000000001,146.66666666666666
107,Surkhet,Ramghat,3,60,60,40,,PCU,basal ,planting time,T3-HDK114gA,28.48754767,81.74486049,422.0,5.0,29970,17840,9733,382,18.0,9069.0,9.1,151,25.4,28.48754767,81.74486049,6.76,2.56,0.14,109.5,308.06,46.58,12.09,42.76,Surkhet,direct_overlay,False,0.0,direct_overlay,FMR_016,14.849187935034804,42.11538461538461,2.515146566987999,7.072,94.91600928074246,24.75395216848117,28.483977898625476,210.16798143851508,174.5672476708906,415.06877348532635,124.91600928074246,29.994126840970253,45.01290351846019,1.8005161407384076,33.79999999999999,151.66666666666666
108,Surkhet,Kalyan,3,60,60,40,,PCU,basal ,planting time,T3-PEK165eM,28.508464,81.72643415,425.0,5.0,18980,15683,9793,382,24.0,8491.0,8.5,142,32.5,28.508464,81.72643415,7.31,3.21,0.16,99.49,481.71,45.07,10.42,43.1,,direct_overlay_plus_nearest8,True,8.0,nearest_8_valid_mean,FMR_036,18.619489559164734,38.26538461538461,3.932906747983473,7.072,136.42499999999998,20.05775509771551,24.950813803862246,127.15000000000003,228.33870413115739,423.61903059465334,166.42499999999998,25.297929770204593,41.479739423696955,1.6591895769478784,23.8,141.66666666666666
109,Surkhet,Maintada-2,3,60,60,40,,PCU,basal ,planting time,T3-EQR492kW,28.4194278,81.79060241,511.0,5.0,17710,15020,9867,382,19.0,9082.0,9.1,151,49.4,28.4194278,81.79060241,7.03,2.32,0.14,84.32,282.29,47.87,12.07,41.91,Surkhet,direct_overlay,False,0.0,direct_overlay,FMR_094,13.45707656612529,32.43076923076923,2.3047481802085383,7.072,92.19443155452436,18.426954220953057,24.008867223523886,215.6111368909513,247.0113741700875,425.8985413190722,122.19443155452436,23.66712889344214,40.5377928433586,1.621511713734344,33.79999999999999,151.66666666666666
110,Surkhet,Maintada-2,3,60,60,40,,PCU,basal ,planting time,T3-QZM638rB,28.42837542,81.80322552,480.0,5.0,11457,13150,8327,408,20.0,7551.0,7.6,126,32.4,28.42837542,81.80322552,6.96,2.4,0.15,74.96125,261.0425,46.5275,12.1675,41.39375,,direct_overlay_plus_nearest8,True,8.0,nearest_8_valid_mean,FMR_091,13.921113689095128,28.83125,2.1312736081054497,7.072,93.7169373549884,17.042817575406033,22.590411124942676,212.5661252900232,262.8597387616009,429.3312050776387,123.7169373549884,22.282992247895116,39.119336744777385,1.5647734697910956,8.799999999999992,126.66666666666667
111,Surkhet,Kalyan,3,60,60,40,,PCU,basal ,planting time,T3-OSG232rL,28.5019896,81.74807538,500.0,5.0,29000,16197,9880,379,23.0,8679.0,8.7,145,8.0,28.5019896,81.74807538,7.31,3.21,0.16,99.49,481.71,45.07,10.42,43.1,Surkhet,direct_overlay,False,0.0,direct_overlay,FMR_014,18.619489559164734,38.26538461538461,3.932906747983473,7.072,136.42499999999998,20.05775509771551,24.950813803862246,127.15000000000003,228.33870413115739,423.61903059465334,166.42499999999998,25.297929770204593,41.479739423696955,1.6591895769478784,27.133333333333322,145.0
112,Surkhet,Maintada-1,4,78,60,40,,UDP,basal ,planting time,T4-JPC591nL,28.43691255,81.79985831,476.0,5.0,15827,15097,9480,370,25.0,8101.0,8.1,104,0.8,28.43691255,81.79985831,6.74,2.05,0.13,67.54,276.34,46.04,12.39,41.59,Surkhet,direct_overlay,False,0.0,direct_overlay,FMR_168,11.890951276102086,25.97692307692308,2.256169584890812,7.072,75.60266821345706,16.010784624308407,31.26203306812995,248.79466357308587,274.6765160516687,408.3458799751255,114.60266821345706,21.25095929679749,47.79095868796466,1.9116383475185865,13.179487179487174,103.84615384615384
113,Surkhet,Lekhpharsa,4,78,60,40,,UDP,basal ,planting time,T4-AFR544rB,28.45900873,81.78539612,418.0,4.0,18397,14203,9280,374,21.0,8373.0,8.4,107,21.8,28.45900873,81.78539612,6.99,2.82,0.15,131.37,319.63,46.18,10.5,42.53,Surkhet,direct_overlay,False,0.0,direct_overlay,FMR_088,16.357308584686773,50.526923076923076,2.609609482589022,7.072,110.9516241299304,28.182954867927894,23.565421775548224,178.0967517401392,135.3051667622256,426.9716793031733,149.9516241299304,33.42312954041698,40.09434739538294,1.6037738958153176,17.02564102564103,107.6923076923077
114,Surkhet,Lekhpharsa,4,78,60,40,,UDP,basal ,planting time,T4-XAB929fJ,28.46931966,81.79767294,510.0,5.0,15217,14507,8367,399,23.0,7340.0,7.3,94,39.6,28.46931966,81.79767294,7.54,3.58,0.18,99.83,375.28,45.68,9.39,45.37,Surkhet,direct_overlay,False,0.0,direct_overlay,FMR_044,20.765661252900234,38.396153846153844,3.0639622270312805,7.072,160.269373549884,17.84768597180082,14.217169575602357,79.46125290023201,253.6439956228806,449.5944496270423,199.269373549884,23.087860644289904,30.74609519543707,1.229843807817483,2.9230769230769202,93.58974358974359
115,Surkhet,Kalyan,4,78,60,40,,UDP,basal ,planting time,T4-ACN253jW,28.50403975,81.7360047,482.0,5.0,22383,16747,9860,374,24.0,8516.0,8.5,109,28.9,28.50403975,81.7360047,7.31,3.21,0.16,99.49,481.71,45.07,10.42,43.1,,direct_overlay_plus_nearest8,True,8.0,nearest_8_valid_mean,FMR_120,18.619489559164734,38.26538461538461,3.932906747983473,7.072,136.42499999999998,20.05775509771551,24.950813803862246,127.15000000000003,228.33870413115739,423.61903059465334,175.42499999999998,25.297929770204593,41.479739423696955,1.6591895769478784,18.307692307692307,108.97435897435898
116,Surkhet,Ramghat,4,78,60,40,,UDP,basal ,planting time,T4-TQU129qI,28.48771628,81.73950588,435.0,5.0,31450,23177,9700,374,20.0,8851.0,8.9,113,31.6,28.48771628,81.73950588,6.67,2.34,0.13,116.37,266.16,46.3,12.01,42.82,Surkhet,direct_overlay,False,0.0,direct_overlay,FMR_043,13.57308584686775,44.75769230769231,2.173055282313594,7.072,84.68248259860789,26.063158508834555,27.9737864014885,230.63503480278422,159.57683507384434,416.3034369083978,123.68248259860789,31.303333181323637,44.50271202132321,1.7801084808529286,23.435897435897438,114.1025641025641
117,Surkhet,Ramghat,4,78,60,40,,UDP,basal ,planting time,T4-NUM732zH,28.48753404,81.74482885,417.0,5.0,31037,19883,9770,399,18.0,9104.0,9.1,117,20.0,28.48753404,81.74482885,6.76,2.57,0.14,109.67,309.03,46.59,12.05,42.79,Surkhet,direct_overlay,False,0.0,direct_overlay,FMR_016,14.907192575406032,42.18076923076923,2.523066102695258,7.072,95.28677494199535,24.801082991254685,28.476908616980676,209.4264501160093,174.02759975013385,415.0858811469068,134.28677494199536,30.041257663743767,45.00583423681539,1.8002333694726156,25.999999999999993,116.66666666666667
118,Surkhet,Kalyan,4,78,60,40,,UDP,basal ,planting time,T4-WHW285iT,28.50849933,81.726463,416.0,5.0,22467,16470,9873,399,22.0,8706.0,8.7,112,27.8,28.50849933,81.726463,7.31,3.21,0.16,99.49,481.71,45.07,10.42,43.1,,direct_overlay_plus_nearest8,True,8.0,nearest_8_valid_mean,FMR_036,18.619489559164734,38.26538461538461,3.932906747983473,7.072,136.42499999999998,20.05775509771551,24.950813803862246,127.15000000000003,228.33870413115739,423.61903059465334,175.42499999999998,25.297929770204593,41.479739423696955,1.6591895769478784,20.87179487179486,111.53846153846153
119,Surkhet,Maintada-2,4,78,60,40,,UDP,basal ,planting time,T4-HHU584aI,28.41943233,81.79058484,512.0,5.0,17310,19037,9733,399,20.0,8848.0,8.8,113,35.0,28.41943233,81.79058484,7.03,2.32,0.14,84.47,282.24,47.88,12.08,41.9,Surkhet,direct_overlay,False,0.0,direct_overlay,FMR_094,13.45707656612529,32.488461538461536,2.3043399567184735,7.072,92.19443155452436,18.45580037479921,24.00461470532921,215.6111368909513,246.68108570854903,425.9088324131033,131.19443155452436,23.695975047288293,40.533540325163926,1.621341613006557,22.153846153846164,112.82051282051282
120,Surkhet,Maintada-2,4,78,60,40,,UDP,basal ,planting time,T4-XTF395vB,28.42836237,81.80324338,478.0,5.0,15757,15710,9200,374,18.0,8573.0,8.6,110,38.0,28.42836237,81.80324338,6.96,2.4,0.15,74.96125,261.0425,46.5275,12.1675,41.39375,,direct_overlay_plus_nearest8,True,8.0,nearest_8_valid_mean,FMR_091,13.921113689095128,28.83125,2.1312736081054497,7.072,93.7169373549884,17.042817575406033,22.590411124942676,212.5661252900232,262.8597387616009,429.3312050776387,132.7169373549884,22.282992247895116,39.119336744777385,1.5647734697910956,19.589743589743584,110.25641025641026
121,Surkhet,Kalyan,4,78,60,40,,UDP,basal ,planting time,T4-FMB220pT,28.50200085,81.74806402,502.0,5.0,23390,16977,9957,370,24.0,8645.0,8.6,111,5.7,28.50200085,81.74806402,7.31,3.21,0.16,99.49,481.71,45.07,10.42,43.1,Surkhet,direct_overlay,False,0.0,direct_overlay,FMR_014,18.619489559164734,38.26538461538461,3.932906747983473,7.072,136.42499999999998,20.05775509771551,24.950813803862246,127.15000000000003,228.33870413115739,423.61903059465334,175.42499999999998,25.297929770204593,41.479739423696955,1.6591895769478784,19.589743589743584,110.25641025641026
122,Surkhet,Maintada-1,5,60,60,40,6.0,Urea,top dressed ,knee ht+shoulder ht,T5-KHC367bJ,28.4369146,81.79987529,475.0,5.0,13067,12967,7720,407,20.0,7062.0,7.1,118,-16.3,28.4369146,81.79987529,6.74,2.05,0.13,67.55,275.74,46.02,12.38,41.61,Surkhet,direct_overlay,False,0.0,direct_overlay,FMR_168,11.890951276102086,25.98076923076923,2.251270903010033,7.072,75.60266821345706,16.01270770123148,31.194155743671388,248.79466357308587,274.6544968208995,408.51014310031525,105.60266821345706,21.252882373720563,47.7230813635061,1.9089232545402437,0.4666666666666597,118.33333333333333
123,Surkhet,Lekhpharsa,5,60,60,40,6.0,Urea,top dressed ,knee ht+shoulder ht,T5-USU801wV,28.45898896,81.78540404,420.0,5.0,20000,20000,9900,419,21.0,8854.0,8.9,148,36.4,28.45898896,81.78540404,6.99,2.82,0.15,131.37,319.63,46.18,10.5,42.53,Surkhet,direct_overlay,False,0.0,direct_overlay,FMR_088,16.357308584686773,50.526923076923076,2.609609482589022,7.072,110.9516241299304,28.182954867927894,23.565421775548224,178.0967517401392,135.3051667622256,426.9716793031733,140.9516241299304,33.42312954041698,40.09434739538294,1.6037738958153176,30.466666666666672,148.33333333333334
124,Surkhet,Lekhpharsa,5,60,60,40,6.0,Urea,top dressed ,knee ht+shoulder ht,T5-LWC990lZ,28.46931455,81.79764875,511.0,5.0,19627,15140,9343,405,20.0,8505.0,8.5,142,70.9,28.46931455,81.79764875,7.54,3.58,0.18,99.6,376.72,45.65,9.37,45.41,Surkhet,direct_overlay,False,0.0,direct_overlay,FMR_044,20.765661252900234,38.30769230769231,3.0757190635451503,7.072,160.269373549884,17.803455202570053,14.271722773718077,79.46125290023201,254.15043793057288,449.46243088760224,190.269373549884,23.043629875059136,30.80064839355279,1.2320259357421117,23.8,141.66666666666666
125,Surkhet,Kalyan,5,60,60,40,6.0,Urea,top dressed ,knee ht+shoulder ht,T5-WGL841jA,28.50407359,81.73592103,484.0,5.0,23210,14333,8833,419,22.0,7849.0,7.8,131,26.5,28.50407359,81.73592103,7.31,3.21,0.16,99.49,481.71,45.07,10.42,43.1,,direct_overlay_plus_nearest8,True,8.0,nearest_8_valid_mean,FMR_120,18.619489559164734,38.26538461538461,3.932906747983473,7.072,136.42499999999998,20.05775509771551,24.950813803862246,127.15000000000003,228.33870413115739,423.61903059465334,166.42499999999998,25.297929770204593,41.479739423696955,1.6591895769478784,12.13333333333333,130.0
126,Surkhet,Ramghat,5,60,60,40,6.0,Urea,top dressed ,knee ht+shoulder ht,T5-FPL987xB,28.48770621,81.73948884,437.0,5.0,27733,19967,9500,419,21.0,8582.0,8.6,143,36.6,28.48770621,81.73948884,6.66,2.34,0.13,116.84,265.78,46.31,12.02,42.81,Surkhet,direct_overlay,False,0.0,direct_overlay,FMR_043,13.57308584686775,44.93846153846154,2.1699527837891006,7.072,84.45174013921114,26.185134481527754,28.086491850107848,231.09651972157772,158.18021018650722,416.030689722739,114.45174013921114,31.425309154016837,44.61541746994256,1.7846166987977021,25.466666666666658,143.33333333333334
127,Surkhet,Ramghat,5,60,60,40,6.0,Urea,top dressed ,knee ht+shoulder ht,T5-EUS107kN,28.48766669,81.74479116,414.0,5.0,24417,19833,9353,385,19.0,8620.0,8.6,144,17.9,28.48766669,81.74479116,6.78,2.6,0.14,107.64,311.21,46.43,11.87,42.94,Surkhet,direct_overlay,False,0.0,direct_overlay,FMR_016,15.081206496519721,41.4,2.540864646862089,7.072,96.91183294663573,24.372726218097444,28.063077771331987,206.17633410672855,178.93228480278424,416.08735179337657,126.91183294663573,29.612900890586527,44.5920033911667,1.783680135646668,25.466666666666658,143.33333333333334
128,Surkhet,Kalyan,5,60,60,40,6.0,Urea,top dressed ,knee ht+shoulder ht,T5-XYF491lV,28.50849671,81.72647665,417.0,5.0,23227,16810,9780,405,24.0,8502.0,8.5,142,32.7,28.50849671,81.72647665,7.31,3.21,0.16,99.49,481.71,45.07,10.42,43.1,,direct_overlay_plus_nearest8,True,8.0,nearest_8_valid_mean,FMR_036,18.619489559164734,38.26538461538461,3.932906747983473,7.072,136.42499999999998,20.05775509771551,24.950813803862246,127.15000000000003,228.33870413115739,423.61903059465334,166.42499999999998,25.297929770204593,41.479739423696955,1.6591895769478784,23.8,141.66666666666666
129,Surkhet,Maintada-2,5,60,60,40,6.0,Urea,top dressed ,knee ht+shoulder ht,T5-JIR579kS,28.41943244,81.79057877,511.0,5.0,14266,14940,9657,405,19.0,8943.0,8.9,149,47.1,28.41943244,81.79057877,7.03,2.32,0.14,84.51,282.23,47.89,12.08,41.89,Surkhet,direct_overlay,False,0.0,direct_overlay,FMR_094,13.45707656612529,32.503846153846155,2.30425831202046,7.072,92.19443155452436,18.46349268249152,24.003764201690267,215.6111368909513,246.5930087854721,425.9108906319095,122.19443155452436,23.703667354980603,40.53268982152498,1.6213075928609992,30.466666666666672,148.33333333333334
130,Surkhet,Maintada-2,5,60,60,40,6.0,Urea,top dressed ,knee ht+shoulder ht,T5-PZT813uU,28.42836266,81.80325322,480.0,5.0,9203,12613,8077,419,18.0,7508.0,7.5,125,31.7,28.42836266,81.80325322,6.96,2.4,0.15,74.96125,261.0425,46.5275,12.1675,41.39375,,direct_overlay_plus_nearest8,True,8.0,nearest_8_valid_mean,FMR_091,13.921113689095128,28.83125,2.1312736081054497,7.072,93.7169373549884,17.042817575406033,22.590411124942676,212.5661252900232,262.8597387616009,429.3312050776387,123.7169373549884,22.282992247895116,39.119336744777385,1.5647734697910956,7.133333333333332,125.0
131,Surkhet,Kalyan,5,60,60,40,6.0,Urea,top dressed ,knee ht+shoulder ht,T5-KAO996wI,28.50200401,81.74805344,504.0,5.0,23183,15463,9630,407,24.0,8295.0,8.3,138,1.6,28.50200401,81.74805344,7.31,3.21,0.16,99.49,481.71,45.07,10.42,43.1,Surkhet,direct_overlay,False,0.0,direct_overlay,FMR_014,18.619489559164734,38.26538461538461,3.932906747983473,7.072,136.42499999999998,20.05775509771551,24.950813803862246,127.15000000000003,228.33870413115739,423.61903059465334,166.42499999999998,25.297929770204593,41.479739423696955,1.6591895769478784,20.46666666666668,138.33333333333334
132,Surkhet,Maintada-1,6,120,0,40,,Urea,top dressed ,knee ht+shoulder ht,T6-UJR581bI,28.43690946,81.79987304,475.0,4.0,18803,14547,8613,345,20.0,7302.0,7.3,61,-6.1,28.43690946,81.79987304,6.74,2.05,0.13,67.56,275.77,46.02,12.39,41.61,Surkhet,direct_overlay,False,0.0,direct_overlay,FMR_168,11.890951276102086,25.984615384615385,2.251515837104072,7.072,75.60266821345706,16.014630778154558,31.19754960989432,248.79466357308587,274.6324775901303,408.50192994405575,135.60266821345706,16.014630778154558,47.72647522972903,1.9090590091891613,1.8999999999999981,60.833333333333336
133,Surkhet,Lekhpharsa,6,120,0,40,,Urea,top dressed ,knee ht+shoulder ht,T6-MNS133kO,28.45893935,81.78539341,420.0,5.0,17840,16167,9733,334,20.0,8815.0,8.8,73,17.9,28.45893935,81.78539341,6.99,2.82,0.15,131.37,319.63,46.18,10.5,42.53,Surkhet,direct_overlay,False,0.0,direct_overlay,FMR_088,16.357308584686773,50.526923076923076,2.609609482589022,7.072,110.9516241299304,28.182954867927894,23.565421775548224,178.0967517401392,135.3051667622256,426.9716793031733,170.9516241299304,28.182954867927894,40.09434739538294,1.6037738958153176,14.400000000000006,73.33333333333333
134,Surkhet,Lekhpharsa,6,120,0,40,,Urea,top dressed ,knee ht+shoulder ht,T6-VYX105qD,28.46931191,81.79762399,512.0,5.0,13273,13063,8140,397,21.0,7345.0,7.3,61,25.8,28.46931191,81.79762399,7.54,3.58,0.18,99.38,378.16,45.63,9.36,45.44,Surkhet,direct_overlay,False,0.0,direct_overlay,FMR_044,20.765661252900234,38.22307692307692,3.08747590005902,7.072,160.269373549884,17.761147510262358,14.326275971833796,79.46125290023201,254.634861007496,449.33041214816217,220.269373549884,17.761147510262358,30.85520159166851,1.2342080636667403,1.8999999999999981,60.833333333333336
135,Surkhet,Kalyan,6,120,0,40,,Urea,top dressed ,knee ht+shoulder ht,T6-PXE236gQ,28.50408635,81.73588991,480.0,4.0,23327,15913,9457,334,22.0,8340.0,8.3,70,17.3,28.50408635,81.73588991,7.31,3.21,0.16,99.49,481.71,45.07,10.42,43.1,,direct_overlay_plus_nearest8,True,8.0,nearest_8_valid_mean,FMR_120,18.619489559164734,38.26538461538461,3.932906747983473,7.072,136.42499999999998,20.05775509771551,24.950813803862246,127.15000000000003,228.33870413115739,423.61903059465334,196.42499999999998,20.05775509771551,41.479739423696955,1.6591895769478784,10.23333333333334,69.16666666666667
136,Surkhet,Ramghat,6,120,0,40,,Urea,top dressed ,knee ht+shoulder ht,T6-VMU574nO,28.48770567,81.7394838,437.0,4.0,29130,18113,7320,334,19.0,6721.0,6.7,56,2.8,28.48770567,81.7394838,6.66,2.34,0.13,116.94,265.67,46.31,12.02,42.81,Surkhet,direct_overlay,False,0.0,direct_overlay,FMR_043,13.57308584686775,44.97692307692307,2.169054692110958,7.072,84.45174013921114,26.20436525075852,28.07486752132648,231.09651972157772,157.96001787881494,416.05882059838996,144.45174013921115,26.20436525075852,44.60379314116119,1.7841517256464476,-3.099999999999999,55.833333333333336
137,Surkhet,Ramghat,6,120,0,40,,Urea,top dressed ,knee ht+shoulder ht,T6-VOU702rT,28.48765505,81.7447936,413.0,5.0,27930,18367,9633,397,20.0,8790.0,8.8,73,10.4,28.48765505,81.7447936,6.78,2.6,0.14,107.81,311.06,46.44,11.89,42.93,Surkhet,direct_overlay,False,0.0,direct_overlay,FMR_016,15.081206496519721,41.465384615384615,2.5396399763918946,7.072,96.91183294663573,24.405418525789752,28.049551658206774,206.17633410672855,178.55795787970735,416.1200849871396,156.91183294663574,24.405418525789752,44.57847727804149,1.7831390911216596,14.400000000000006,73.33333333333333
138,Surkhet,Kalyan,6,120,0,40,,Urea,top dressed ,knee ht+shoulder ht,T6-HWW820hI,28.50847094,81.7264479,415.0,5.0,23307,15267,9437,397,24.0,8387.0,8.4,70,15.4,28.50847094,81.7264479,7.31,3.21,0.16,99.49,481.71,45.07,10.42,43.1,,direct_overlay_plus_nearest8,True,8.0,nearest_8_valid_mean,FMR_036,18.619489559164734,38.26538461538461,3.932906747983473,7.072,136.42499999999998,20.05775509771551,24.950813803862246,127.15000000000003,228.33870413115739,423.61903059465334,196.42499999999998,20.05775509771551,41.479739423696955,1.6591895769478784,11.066666666666668,70.0
139,Surkhet,Maintada-2,6,120,0,40,,Urea,top dressed ,knee ht+shoulder ht,T6-DBT268aX,28.41946827,81.79056947,514.0,5.0,10607,12717,8937,397,20.0,8145.0,8.1,68,16.9,28.41946827,81.79056947,7.03,2.32,0.14,84.96,281.95,47.89,12.11,41.88,Surkhet,direct_overlay,False,0.0,direct_overlay,FMR_094,13.45707656612529,32.676923076923075,2.3019722604760964,7.072,92.19443155452436,18.55003114402998,23.97995009980006,215.6111368909513,245.60214340085673,425.96852075848386,152.19443155452436,18.55003114402998,40.50887571963477,1.620355028785391,8.566666666666663,67.5
140,Surkhet,Maintada-2,6,120,0,40,,Urea,top dressed ,knee ht+shoulder ht,T6-PIG552xZ,28.42835598,81.80326464,480.0,5.0,14597,15137,9697,334,21.0,8705.0,8.7,73,25.8,28.42835598,81.80326464,6.96,2.4,0.15,74.96125,261.0425,46.5275,12.1675,41.39375,,direct_overlay_plus_nearest8,True,8.0,nearest_8_valid_mean,FMR_091,13.921113689095128,28.83125,2.1312736081054497,7.072,93.7169373549884,17.042817575406033,22.590411124942676,212.5661252900232,262.8597387616009,429.3312050776387,153.7169373549884,17.042817575406033,39.119336744777385,1.5647734697910956,13.566666666666661,72.5
141,Surkhet,Kalyan,6,120,0,40,,Urea,top dressed ,knee ht+shoulder ht,T6-YXS648lD,28.50207584,81.74802,494.0,5.0,23990,15527,9913,345,23.0,8629.0,8.6,72,3.6,28.50207584,81.74802,7.31,3.21,0.16,99.49,481.71,45.07,10.42,43.1,Surkhet,direct_overlay,False,0.0,direct_overlay,FMR_014,18.619489559164734,38.26538461538461,3.932906747983473,7.072,136.42499999999998,20.05775509771551,24.950813803862246,127.15000000000003,228.33870413115739,423.61903059465334,196.42499999999998,20.05775509771551,41.479739423696955,1.6591895769478784,12.733333333333329,71.66666666666667
142,Surkhet,Maintada-1,7,0,60,40,,,,,T7-FEJ460qH,28.43692502,81.7999257,471.0,5.0,15373,16200,7773,375,19.0,7173.0,7.2,0,0.0,28.43692502,81.7999257,6.74,2.04,0.13,67.6,274.01,45.95,12.37,41.67,Surkhet,direct_overlay,False,0.0,direct_overlay,FMR_168,11.83294663573086,25.999999999999996,2.237146370253787,7.072,75.23387470997682,16.00758004640371,31.126371067859722,249.53225058004637,274.7132084686775,408.6741820157794,75.23387470997682,21.247754718892793,47.65529668769443,1.9062118675077773,128.0000000000001,7200.0
143,Surkhet,Lekhpharsa,7,0,60,40,,,,,T7-CJK822mX,28.45894994,81.78541155,417.0,5.0,23303,16033,9700,334,20.0,8862.0,8.9,0,0.0,28.45894994,81.78541155,6.99,2.82,0.15,131.37,319.63,46.18,10.5,42.53,Surkhet,direct_overlay,False,0.0,direct_overlay,FMR_088,16.357308584686773,50.526923076923076,2.609609482589022,7.072,110.9516241299304,28.182954867927894,23.565421775548224,178.0967517401392,135.3051667622256,426.9716793031733,110.9516241299304,33.42312954041698,40.09434739538294,1.6037738958153176,1828.0000000000002,8900.0
144,Surkhet,Lekhpharsa,7,0,60,40,,,,,T7-XGG422cQ,28.46931431,81.79762081,514.0,5.0,15183,13170,7497,380,21.0,6704.0,6.7,0,0.0,28.46931431,81.79762081,7.54,3.58,0.18,99.35,378.33,45.63,9.36,45.44,Surkhet,direct_overlay,False,0.0,direct_overlay,FMR_044,20.765661252900234,38.21153846153846,3.0888638599252403,7.072,160.269373549884,17.75537827949313,14.332716279944675,79.46125290023201,254.70091869980368,449.3148266025339,160.269373549884,22.995552951982212,30.861641899779386,1.2344656759911754,-371.9999999999999,6700.0
145,Surkhet,Kalyan,7,0,60,40,,,,,T7-KCN750dM,28.50409123,81.73589973,482.0,4.0,24050,15913,7390,334,20.0,6701.0,6.7,0,0.0,28.50409123,81.73589973,7.31,3.21,0.16,99.49,481.71,45.07,10.42,43.1,,direct_overlay_plus_nearest8,True,8.0,nearest_8_valid_mean,FMR_120,18.619489559164734,38.26538461538461,3.932906747983473,7.072,136.42499999999998,20.05775509771551,24.950813803862246,127.15000000000003,228.33870413115739,423.61903059465334,136.42499999999998,25.297929770204593,41.479739423696955,1.6591895769478784,-371.9999999999999,6700.0
146,Surkhet,Ramghat,7,0,60,40,,,,,T7-COB226oT,28.48771163,81.73949259,436.0,4.0,29990,19447,8607,334,19.0,7922.0,7.9,0,0.0,28.48771163,81.73949259,6.67,2.34,0.13,116.68,265.87,46.31,12.01,42.82,Surkhet,direct_overlay,False,0.0,direct_overlay,FMR_043,13.57308584686775,44.87692307692308,2.170687586071218,7.072,84.68248259860789,26.12277389344994,27.94330699791009,230.63503480278422,158.8942389199982,416.37719706505754,84.68248259860789,31.36294856593902,44.4722326177448,1.778889304709792,828.0000000000003,7900.0
147,Surkhet,Ramghat,7,0,60,40,,,,,T7-OCT396xV,28.48759359,81.74483701,417.0,5.0,25627,19497,9267,380,19.0,8530.0,8.5,0,0.0,28.48759359,81.74483701,6.77,2.58,0.14,108.77,309.24,46.53,12.01,42.82,Surkhet,direct_overlay,False,0.0,direct_overlay,FMR_016,14.965197215777263,41.83461538461538,2.5247806413535314,7.072,95.91194895591646,24.602375267713725,28.236871000636466,208.17610208816708,176.30280318467786,415.6667721784598,95.91194895591646,29.842549940202808,44.76579662047118,1.790631864818847,1428.0,8500.0
148,Surkhet,Kalyan,7,0,60,40,,,,,T7-IYC247oM,28.50844784,81.72646918,417.0,5.0,21530,15377,7700,380,22.0,6834.0,6.8,0,0.0,28.50844784,81.72646918,7.31,3.21,0.16,99.49,481.71,45.07,10.42,43.1,,direct_overlay_plus_nearest8,True,8.0,nearest_8_valid_mean,FMR_036,18.619489559164734,38.26538461538461,3.932906747983473,7.072,136.42499999999998,20.05775509771551,24.950813803862246,127.15000000000003,228.33870413115739,423.61903059465334,136.42499999999998,25.297929770204593,41.479739423696955,1.6591895769478784,-272.0000000000002,6800.0
149,Surkhet,Maintada-2,7,0,60,40,,,,,T7-YTP214xC,28.41949354,81.79053942,515.0,5.0,10920,10920,7047,380,21.0,6366.0,6.4,0,0.0,28.41949354,81.79053942,7.03,2.32,0.14,85.39,281.63,47.91,12.14,41.86,Surkhet,direct_overlay,False,0.0,direct_overlay,FMR_094,13.45707656612529,32.84230769230769,2.2993596301396813,7.072,92.19443155452436,18.63272345172229,23.952733983354108,215.6111368909513,244.65531647777976,426.03438376028305,92.19443155452436,23.87289812421137,40.48165960318882,1.6192663841275525,-671.9999999999997,6400.0
150,Surkhet,Maintada-2,7,0,60,40,,,,,T7-GCW138wE,28.42833879,81.80326607,478.0,5.0,10983,12283,7783,334,19.0,5606.0,5.6,0,0.0,28.42833879,81.80326607,6.96,2.4,0.15,74.96125,261.0425,46.5275,12.1675,41.39375,,direct_overlay_plus_nearest8,True,8.0,nearest_8_valid_mean,FMR_091,13.921113689095128,28.83125,2.1312736081054497,7.072,93.7169373549884,17.042817575406033,22.590411124942676,212.5661252900232,262.8597387616009,429.3312050776387,93.7169373549884,22.282992247895116,39.119336744777385,1.5647734697910956,-1472.0000000000005,5600.0
151,Surkhet,Kalyan,7,0,60,40,,,,,T7-HCN346kW,28.5020624,81.74803725,510.0,5.0,28397,15780,9917,375,19.0,9082.0,9.1,0,0.0,28.5020624,81.74803725,7.31,3.21,0.16,99.49,481.71,45.07,10.42,43.1,Surkhet,direct_overlay,False,0.0,direct_overlay,FMR_014,18.619489559164734,38.26538461538461,3.932906747983473,7.072,136.42499999999998,20.05775509771551,24.950813803862246,127.15000000000003,228.33870413115739,423.61903059465334,136.42499999999998,25.297929770204593,41.479739423696955,1.6591895769478784,2027.9999999999995,9100.0
152,Surkhet,Maintada-1,8,0,0,0,,,,,T8-GLZ803yB,28.43690916,81.80009407,476.0,5.0,18903,13677,7307,329,23.0,8037.0,8.0,0,0.0,28.43690916,81.80009407,6.75,2.0,0.12,67.84,267.62,45.74,12.35,41.89,Surkhet,direct_overlay,False,0.0,direct_overlay,FMR_168,11.600928074245939,26.092307692307692,2.18497540822349,7.072,73.95591647331786,15.964512314831339,30.73513057912284,252.0881670533643,275.2063339951812,409.6209839985228,73.95591647331786,15.964512314831339,30.73513057912284,1.2294052231649135,927.9999999999999,8000.0
153,Surkhet,Lekhpharsa,8,0,0,0,,,,,T8-NXF610uU,28.458972,81.78546624,407.0,5.0,14327,11367,7350,331,20.0,6673.0,6.7,0,0.0,28.458972,81.78546624,6.99,2.82,0.15,131.37,319.63,46.18,10.5,42.53,Surkhet,direct_overlay,False,0.0,direct_overlay,FMR_088,16.357308584686773,50.526923076923076,2.609609482589022,7.072,110.9516241299304,28.182954867927894,23.565421775548224,178.0967517401392,135.3051667622256,426.9716793031733,110.9516241299304,28.182954867927894,23.565421775548224,0.942616871021929,-371.9999999999999,6700.0
154,Surkhet,Lekhpharsa,8,0,0,0,,,,,T8-LIQ823lU,28.46930445,81.79762411,517.0,5.0,11033,7717,7400,350,21.0,4251.0,4.3,0,0.0,28.46930445,81.79762411,7.54,3.58,0.18,99.36,378.19,45.63,9.36,45.46,Surkhet,direct_overlay,False,0.0,direct_overlay,FMR_044,20.765661252900234,38.215384615384615,3.0877208341530586,7.072,160.269373549884,17.757301356416207,14.327412496794537,79.46125290023201,254.67889946903443,449.32766175775726,160.269373549884,17.757301356416207,14.327412496794537,0.5730964998717815,-2772.0000000000005,4300.0
155,Surkhet,Kalyan,8,0,0,0,,,,,T8-XNI310fW,28.50407675,81.73590332,483.0,5.0,21017,13667,7000,331,21.0,6260.0,6.3,0,0.0,28.50407675,81.73590332,7.31,3.21,0.16,99.49,481.71,45.07,10.42,43.1,,direct_overlay_plus_nearest8,True,8.0,nearest_8_valid_mean,FMR_120,18.619489559164734,38.26538461538461,3.932906747983473,7.072,136.42499999999998,20.05775509771551,24.950813803862246,127.15000000000003,228.33870413115739,423.61903059465334,136.42499999999998,20.05775509771551,24.950813803862246,0.9980325521544898,-772.0000000000002,6300.0
156,Surkhet,Ramghat,8,0,0,0,,,,,T8-VGI593wJ,28.48771316,81.73949597,436.0,4.0,27667,17067,6940,331,19.0,6388.0,6.4,0,0.0,28.48771316,81.73949597,6.67,2.34,0.13,116.59,265.94,46.31,12.01,42.82,Surkhet,direct_overlay,False,0.0,direct_overlay,FMR_043,13.57308584686775,44.84230769230769,2.1712590989573086,7.072,84.68248259860789,26.105466201142246,27.950664095325568,230.63503480278422,159.09241199692127,416.35939288931206,84.68248259860789,26.105466201142246,27.950664095325568,1.1180265638130227,-671.9999999999997,6400.0
157,Surkhet,Ramghat,8,0,0,0,,,,,T8-RFA317vY,28.48760256,81.74483375,421.0,5.0,29780,14630,8383,350,21.0,7545.0,7.5,0,0.0,28.48760256,81.74483375,6.77,2.58,0.14,108.63,309.42,46.52,12.0,42.83,Surkhet,direct_overlay,False,0.0,direct_overlay,FMR_016,14.965197215777263,41.78076923076923,2.526250245917765,7.072,95.91194895591646,24.57545219079065,28.253306897610056,208.17610208816708,176.61107241544704,415.62699730778365,95.91194895591646,24.57545219079065,28.253306897610056,1.1301322759044021,427.99999999999994,7500.0
158,Surkhet,Kalyan,8,0,0,0,,,,,T8-UDF344uT,28.50843152,81.72644885,422.0,5.0,23297,14333,7250,350,21.0,6541.0,6.5,0,0.0,28.50843152,81.72644885,7.31,3.21,0.16,99.49,481.71,45.07,10.42,43.1,,direct_overlay_plus_nearest8,True,8.0,nearest_8_valid_mean,FMR_036,18.619489559164734,38.26538461538461,3.932906747983473,7.072,136.42499999999998,20.05775509771551,24.950813803862246,127.15000000000003,228.33870413115739,423.61903059465334,136.42499999999998,20.05775509771551,24.950813803862246,0.9980325521544898,-572.0000000000001,6500.0
159,Surkhet,Maintada-2,8,0,0,0,,,,,T8-WXV675aT,28.41951416,81.79047363,517.0,5.0,10447,11607,6770,350,21.0,6116.0,6.1,0,0.0,28.41951416,81.79047363,7.04,2.32,0.14,85.94,281.08,47.99,12.18,41.82,Surkhet,direct_overlay,False,0.0,direct_overlay,FMR_094,13.45707656612529,33.05384615384615,2.294869171748967,7.072,92.42320185614848,18.68974442263073,23.743330730265605,215.15359628770304,244.0024263608781,426.5411396327572,92.42320185614848,18.68974442263073,23.743330730265605,0.9497332292106241,-972.0000000000005,6100.0
160,Surkhet,Maintada-2,8,0,0,0,,,,,T8-WPW679hK,28.42833446,81.80325811,472.0,5.0,14273,11107,6090,331,19.0,5607.0,5.6,0,0.0,28.42833446,81.80325811,6.96,2.4,0.15,74.96125,261.0425,46.5275,12.1675,41.39375,,direct_overlay_plus_nearest8,True,8.0,nearest_8_valid_mean,FMR_091,13.921113689095128,28.83125,2.1312736081054497,7.072,93.7169373549884,17.042817575406033,22.590411124942676,212.5661252900232,262.8597387616009,429.3312050776387,93.7169373549884,17.042817575406033,22.590411124942676,0.9036164449977071,-1472.0000000000005,5600.0
161,Surkhet,Kalyan,8,0,0,0,,,,,T8-ZDL919oZ,28.50208136,81.74801401,507.0,5.0,17043,13707,9017,329,20.0,8197.0,8.2,0,0.0,28.50208136,81.74801401,7.31,3.21,0.16,99.49,481.71,45.07,10.42,43.1,Surkhet,direct_overlay,False,0.0,direct_overlay,FMR_014,18.619489559164734,38.26538461538461,3.932906747983473,7.072,136.42499999999998,20.05775509771551,24.950813803862246,127.15000000000003,228.33870413115739,423.61903059465334,136.42499999999998,20.05775509771551,24.950813803862246,0.9980325521544898,1127.9999999999993,8200.0
162,Surkhet,Maintada-1,9,120,60,40,,Urea ,top dressed ,V6 and V10 stages,T9-KWP463gE,28.43694028,81.80009716,481.0,5.0,16080,14867,9380,358,25.0,8037.0,8.0,67,0.0,28.43694028,81.80009716,6.75,2.0,0.12,67.74,267.9,45.72,12.33,41.9,Surkhet,direct_overlay,False,0.0,direct_overlay,FMR_168,11.600928074245939,26.053846153846152,2.187261459767853,7.072,73.95591647331786,15.945281545600569,30.767287505220114,252.0881670533643,275.42652630287347,409.5431642373673,133.95591647331787,21.18545621808965,47.29621312505483,1.891848525002193,7.7333333333333325,66.66666666666667
163,Surkhet,Lekhpharsa,9,120,60,40,,Urea ,top dressed ,V6 and V10 stages,T9-MXB435cD,28.45895366,81.78544898,408.0,5.0,21167,19050,9867,348,21.0,8914.0,8.9,74,18.7,28.45895366,81.78544898,6.99,2.82,0.15,131.37,319.63,46.18,10.5,42.53,Surkhet,direct_overlay,False,0.0,direct_overlay,FMR_088,16.357308584686773,50.526923076923076,2.609609482589022,7.072,110.9516241299304,28.182954867927894,23.565421775548224,178.0967517401392,135.3051667622256,426.9716793031733,170.9516241299304,33.42312954041698,40.09434739538294,1.6037738958153176,15.233333333333336,74.16666666666667
164,Surkhet,Lekhpharsa,9,120,60,40,,Urea ,top dressed ,V6 and V10 stages,T9-GMM688vL,28.46930024,81.79764097,513.0,5.0,17840,17173,9837,387,21.0,8786.0,8.8,73,37.8,28.46930024,81.79764097,7.54,3.58,0.18,99.5,377.26,45.64,9.36,45.45,Surkhet,direct_overlay,False,0.0,direct_overlay,FMR_044,20.765661252900234,38.26923076923077,3.080127877237851,7.072,160.269373549884,17.784224433339283,14.292180223011469,79.46125290023201,254.3706302382652,449.4129238603123,220.269373549884,23.024399105828365,30.82110584284618,1.2328442337138472,14.400000000000006,73.33333333333333
165,Surkhet,Kalyan,9,120,60,40,,Urea ,top dressed ,V6 and V10 stages,T9-ZBX281gP,28.50407168,81.73591843,482.0,5.0,20640,13983,9810,348,26.0,8416.0,8.4,70,18.0,28.50407168,81.73591843,7.31,3.21,0.16,99.49,481.71,45.07,10.42,43.1,,direct_overlay_plus_nearest8,True,8.0,nearest_8_valid_mean,FMR_120,18.619489559164734,38.26538461538461,3.932906747983473,7.072,136.42499999999998,20.05775509771551,24.950813803862246,127.15000000000003,228.33870413115739,423.61903059465334,196.42499999999998,25.297929770204593,41.479739423696955,1.6591895769478784,11.066666666666668,70.0
166,Surkhet,Ramghat,9,120,60,40,,Urea ,top dressed ,V6 and V10 stages,T9-CJV596nP,28.48769539,81.73948428,438.0,5.0,33270,18780,9703,348,20.0,8788.0,8.8,73,20.0,28.48769539,81.73948428,6.66,2.34,0.13,117.13,265.66,46.31,12.02,42.81,Surkhet,direct_overlay,False,0.0,direct_overlay,FMR_043,13.57308584686775,45.05,2.168973047412945,7.072,84.45174013921114,26.240903712296983,28.073810764164538,231.09651972157772,157.54165249419955,416.0613779507218,144.45174013921115,31.481078384786066,44.60273638399925,1.7841094553599701,14.400000000000006,73.33333333333333
167,Surkhet,Ramghat,9,120,60,40,,Urea ,top dressed ,V6 and V10 stages,T9-VHN226aJ,28.48758668,81.74487291,419.0,5.0,32803,18780,9867,387,22.0,8745.0,8.7,73,10.0,28.48758668,81.74487291,6.77,2.56,0.14,108.91,308.01,46.55,12.08,42.77,Surkhet,direct_overlay,False,0.0,direct_overlay,FMR_016,14.849187935034804,41.888461538461534,2.5147383434979336,7.072,95.16844547563804,24.600731929323576,28.31568032410697,209.66310904872392,176.32161940924505,415.4760536156611,155.16844547563804,29.84090660181266,44.84460594394169,1.7937842377576676,13.566666666666661,72.5
168,Surkhet,Kalyan,9,120,60,40,,Urea ,top dressed ,V6 and V10 stages,T9-XGH762hZ,28.50841116,81.7264388,431.0,4.0,220672,15990,9860,387,23.0,8617.0,8.6,72,17.3,28.50841116,81.7264388,7.31,3.21,0.16,99.49,481.71,45.07,10.42,43.1,,direct_overlay_plus_nearest8,True,8.0,nearest_8_valid_mean,FMR_036,18.619489559164734,38.26538461538461,3.932906747983473,7.072,136.42499999999998,20.05775509771551,24.950813803862246,127.15000000000003,228.33870413115739,423.61903059465334,196.42499999999998,25.297929770204593,41.479739423696955,1.6591895769478784,12.733333333333329,71.66666666666667
169,Surkhet,Maintada-2,9,120,60,40,,Urea ,top dressed ,V6 and V10 stages,T9-OYI860cV,28.41952886,81.79045293,510.0,5.0,15117,13563,8857,387,20.0,8031.0,8.0,67,16.0,28.41952886,81.79045293,7.04,2.32,0.14,86.18,280.77,48.02,12.19,41.81,Surkhet,direct_overlay,False,0.0,direct_overlay,FMR_094,13.45707656612529,33.14615384615385,2.2923381861105643,7.072,92.42320185614848,18.73589826878458,23.717144475368837,215.15359628770304,243.47396482241655,426.60451036960745,152.42320185614847,23.976072941273664,40.24607009520355,1.609842803808142,7.7333333333333325,66.66666666666667
170,Surkhet,Maintada-2,9,120,60,40,,Urea ,top dressed ,V6 and V10 stages,T9-TXD538xT,28.42832504,81.80326215,473.0,5.0,14140,13480,9867,348,17.0,9272.0,9.3,77,30.5,28.42832504,81.80326215,6.96,2.4,0.15,74.96125,261.0425,46.5275,12.1675,41.39375,,direct_overlay_plus_nearest8,True,8.0,nearest_8_valid_mean,FMR_091,13.921113689095128,28.83125,2.1312736081054497,7.072,93.7169373549884,17.042817575406033,22.590411124942676,212.5661252900232,262.8597387616009,429.3312050776387,153.7169373549884,22.282992247895116,39.119336744777385,1.5647734697910956,18.56666666666667,77.5
171,Surkhet,Kalyan,9,120,60,40,,Urea ,top dressed ,V6 and V10 stages,T9-RPD801xG,28.50206497,81.74798373,513.0,5.0,23333,16457,9897,358,24.0,8581.0,8.6,72,3.2,28.50206497,81.74798373,7.31,3.21,0.16,99.49,481.71,45.07,10.42,43.1,Surkhet,direct_overlay,False,0.0,direct_overlay,FMR_014,18.619489559164734,38.26538461538461,3.932906747983473,7.072,136.42499999999998,20.05775509771551,24.950813803862246,127.15000000000003,228.33870413115739,423.61903059465334,196.42499999999998,25.297929770204593,41.479739423696955,1.6591895769478784,12.733333333333329,71.66666666666667
172,Surkhet,Maintada-1,1,120,60,40,,Urea,top dressed ,knee ht+shoulder ht,T1-TRR912sV,28.44930707,81.79298934,411.0,5.0,15110,12083,9367,398,24.0,8047.0,8.0,67,13.7,28.44930707,81.79298934,6.09,2.44,0.12,178.43,205.87,46.62,12.87,41.16,Surkhet,direct_overlay,False,0.0,direct_overlay,FMR_040,14.153132250580047,68.62692307692308,1.6808193979933106,7.072,74.34640371229698,39.24699576119936,27.48557803667556,251.30719257540605,8.621898534267352,417.48490115124514,134.346403712297,44.48717043368844,44.01450365651027,1.760580146260411,7.7333333333333325,66.66666666666667
173,Surkhet,Ramghat,1,120,60,40,,Urea,top dressed ,knee ht+shoulder ht,T1-DGI431nT,28.49014764,81.74308792,435.0,3.0,29530,16737,9400,391,21.0,8395.0,8.4,70,17.3,28.49014764,81.74308792,6.8,2.6,0.14,101.13,333.64,45.98,10.86,43.92,Surkhet,direct_overlay,False,0.0,direct_overlay,FMR_097,15.081206496519721,38.896153846153844,2.7239937045052134,7.072,97.4245939675174,23.037404069248616,29.73584903592028,205.1508120649652,194.22172340710333,412.0392453330729,157.4245939675174,28.2775787417377,46.26477465575499,1.8505909862301997,11.066666666666668,70.0
174,Surkhet,Maintada-1,2,120,60,40,,PCU,basal ,planting time,T2-TMQ860pY,28.44931341,81.79298811,418.0,5.0,13183,15290,9470,381,26.0,8093.0,8.1,67,14.0,28.44931341,81.79298811,6.09,2.44,0.12,178.42,206.04,46.63,12.88,41.15,Surkhet,direct_overlay,False,0.0,direct_overlay,FMR_040,14.153132250580047,68.62307692307692,1.6822073578595316,7.072,74.34640371229698,39.24507268427628,27.508274632907337,251.30719257540605,8.643917765036589,417.42997538836426,134.346403712297,44.48524735676536,44.03720025274205,1.7614880101096821,8.566666666666663,67.5
175,Surkhet,Ramghat,2,120,60,40,,PCU,basal ,planting time,T2-XEY999tE,28.49013158,81.74307377,434.0,5.0,30437,19437,9867,387,20.0,8925.0,8.9,74,21.8,28.49013158,81.74307377,6.8,2.6,0.14,101.13,333.64,45.98,10.86,43.92,Surkhet,direct_overlay,False,0.0,direct_overlay,FMR_097,15.081206496519721,38.896153846153844,2.7239937045052134,7.072,97.4245939675174,23.037404069248616,29.73584903592028,205.1508120649652,194.22172340710333,412.0392453330729,157.4245939675174,28.2775787417377,46.26477465575499,1.8505909862301997,15.233333333333336,74.16666666666667
176,Surkhet,Maintada-1,3,60,60,40,,PCU,basal ,planting time,T3-EMO227rI,28.44930375,81.79298041,424.0,5.0,18550,15613,9800,408,26.0,8230.0,8.2,137,30.4,28.44930375,81.79298041,6.09,2.44,0.12,178.21,206.29,46.62,12.86,41.16,Surkhet,direct_overlay,False,0.0,direct_overlay,FMR_040,14.153132250580047,68.54230769230769,1.6842484753098563,7.072,74.34640371229698,39.20468806889166,27.541651980306998,251.30719257540605,9.106321611190458,417.3492022076571,104.34640371229698,44.444862741380746,44.07057760014171,1.7628231040056686,18.79999999999999,136.66666666666666
177,Surkhet,Ramghat,3,60,60,40,,PCU,basal ,planting time,T3-THC655eA,28.4901182,81.74305859,434.0,5.0,29797,19770,9233,379,21.0,8268.0,8.3,138,32.6,28.4901182,81.74305859,6.8,2.6,0.14,101.13,333.64,45.98,10.86,43.92,Surkhet,direct_overlay,False,0.0,direct_overlay,FMR_097,15.081206496519721,38.896153846153844,2.7239937045052134,7.072,97.4245939675174,23.037404069248616,29.73584903592028,205.1508120649652,194.22172340710333,412.0392453330729,127.4245939675174,28.2775787417377,46.26477465575499,1.8505909862301997,20.46666666666668,138.33333333333334
178,Surkhet,Maintada-1,4,78,60,40,,UDP,basal ,planting time,T4-SEU735xM,28.44927829,81.79298279,415.0,5.0,12067,14797,9700,374,22.0,8642.0,8.6,111,28.6,28.44927829,81.79298279,6.09,2.46,0.12,178.18,205.73,46.61,12.84,41.2,Surkhet,direct_overlay,False,0.0,direct_overlay,FMR_040,14.269141531322507,68.53076923076924,1.679676372221129,7.072,74.95580046403713,39.239357643226846,27.273669604342793,250.08839907192575,8.709354985052613,417.9977195574904,113.95580046403713,44.47953231571593,43.80259522417751,1.7521038089671004,19.589743589743584,110.25641025641026
179,Surkhet,Ramghat,4,78,60,40,,UDP,basal ,planting time,T4-JIL754fO,28.49011618,81.74305891,433.0,5.0,29660,18447,9933,407,19.0,9143.0,9.1,117,36.3,28.49011618,81.74305891,6.8,2.6,0.14,101.13,333.64,45.98,10.86,43.92,Surkhet,direct_overlay,False,0.0,direct_overlay,FMR_097,15.081206496519721,38.896153846153844,2.7239937045052134,7.072,97.4245939675174,23.037404069248616,29.73584903592028,205.1508120649652,194.22172340710333,412.0392453330729,136.4245939675174,28.2775787417377,46.26477465575499,1.8505909862301997,25.999999999999993,116.66666666666667
180,Surkhet,Maintada-1,5,60,60,40,6.0,Urea,top dressed ,knee ht+shoulder ht,T5-ODN350pT,28.44926357,81.79297843,426.0,5.0,10170,12590,8643,419,24.0,7455.0,7.5,124,17.5,28.44926357,81.79297843,6.09,2.46,0.12,178.02,205.73,46.6,12.83,41.22,Surkhet,direct_overlay,False,0.0,direct_overlay,FMR_040,14.269141531322507,68.46923076923078,1.679676372221129,7.072,74.95580046403713,39.208588412457615,27.273669604342793,250.08839907192575,9.061662677360303,417.9977195574904,104.95580046403713,44.4487630849467,43.80259522417751,1.7521038089671004,7.133333333333332,125.0
181,Surkhet,Ramghat,5,60,60,40,6.0,Urea,top dressed ,knee ht+shoulder ht,T5-MIW619tP,28.49010247,81.74305249,433.0,4.0,24403,19187,9867,407,22.0,8802.0,8.8,147,41.5,28.49010247,81.74305249,6.8,2.6,0.14,101.13,333.64,45.98,10.86,43.92,Surkhet,direct_overlay,False,0.0,direct_overlay,FMR_097,15.081206496519721,38.896153846153844,2.7239937045052134,7.072,97.4245939675174,23.037404069248616,29.73584903592028,205.1508120649652,194.22172340710333,412.0392453330729,127.4245939675174,28.2775787417377,46.26477465575499,1.8505909862301997,28.80000000000001,146.66666666666666
182,Surkhet,Maintada-1,6,120,0,40,,Urea,top dressed ,knee ht+shoulder ht,T6-UFB182eU,28.44925222,81.79296541,426.0,5.0,13397,14987,9833,334,24.0,8526.0,8.5,71,17.7,28.44925222,81.79296541,6.09,2.47,0.12,177.65,206.3,46.6,12.81,41.23,Surkhet,direct_overlay,False,0.0,direct_overlay,FMR_040,14.327146171693737,68.32692307692308,1.6843301200078695,7.072,75.26049883990719,39.157653968855975,27.25337703798386,249.47900232018563,9.644862056599088,418.04682756807904,135.2604988399072,39.157653968855975,43.782302657818576,1.7512921063127431,11.9,70.83333333333333
183,Surkhet,Ramghat,6,120,0,40,,Urea,top dressed ,knee ht+shoulder ht,T6-TBU878nF,28.49009491,81.74304774,432.0,5.0,27090,17177,7837,345,19.0,7213.0,7.2,60,7.5,28.49009491,81.74304774,6.8,2.6,0.14,101.13,333.64,45.98,10.86,43.92,Surkhet,direct_overlay,False,0.0,direct_overlay,FMR_097,15.081206496519721,38.896153846153844,2.7239937045052134,7.072,97.4245939675174,23.037404069248616,29.73584903592028,205.1508120649652,194.22172340710333,412.0392453330729,157.4245939675174,23.037404069248616,46.26477465575499,1.8505909862301997,1.0666666666666675,60.0
184,Surkhet,Maintada-1,7,0,60,40,,,,,T7-XMP445vW,28.449255,81.79295056,425.0,5.0,10590,12777,8920,334,29.0,7207.0,7.2,0,0.0,28.449255,81.79295056,6.1,2.46,0.12,177.29,207.2,46.61,12.79,41.23,Surkhet,direct_overlay,False,0.0,direct_overlay,FMR_040,14.269141531322507,68.18846153846154,1.6916781428290377,7.072,75.19837587006961,39.06345930751383,27.354570438367304,249.60324825986078,10.723390928966632,417.8019395391511,75.19837587006961,44.303633980002914,43.88349605820201,1.7553398423280806,128.0000000000001,7200.0
185,Surkhet,Ramghat,7,0,60,40,,,,,T7-JCU877fQ,28.49009298,81.74304654,433.0,5.0,26457,19103,8097,375,20.0,7379.0,7.4,0,0.0,28.49009298,81.74304654,6.8,2.6,0.14,101.13,333.64,45.98,10.86,43.92,Surkhet,direct_overlay,False,0.0,direct_overlay,FMR_097,15.081206496519721,38.896153846153844,2.7239937045052134,7.072,97.4245939675174,23.037404069248616,29.73584903592028,205.1508120649652,194.22172340710333,412.0392453330729,97.4245939675174,28.2775787417377,46.26477465575499,1.8505909862301997,328.0000000000003,7400.0
186,Surkhet,Maintada-1,8,0,0,0,,,,,T8-XNI701uD,28.44924491,81.79294438,423.0,5.0,11707,13083,7703,331,27.0,6408.0,6.4,0,0.0,28.44924491,81.79294438,6.1,2.47,0.12,177.08,207.41,46.61,12.78,41.24,Surkhet,direct_overlay,False,0.0,direct_overlay,FMR_040,14.327146171693737,68.1076923076923,1.6933926814873104,7.072,75.50406032482599,39.0432748081385,27.28632120461833,248.99187935034803,10.954503446814192,417.9671026848236,75.50406032482599,39.0432748081385,27.28632120461833,1.091452848184733,-671.9999999999997,6400.0
187,Surkhet,Ramghat,8,0,0,0,,,,,T8-WXT551iJ,28.49008993,81.74304734,433.0,5.0,26327,16470,7017,329,21.0,6315.0,6.3,0,0.0,28.49008993,81.74304734,6.8,2.6,0.14,101.13,333.64,45.98,10.86,43.92,Surkhet,direct_overlay,False,0.0,direct_overlay,FMR_097,15.081206496519721,38.896153846153844,2.7239937045052134,7.072,97.4245939675174,23.037404069248616,29.73584903592028,205.1508120649652,194.22172340710333,412.0392453330729,97.4245939675174,23.037404069248616,29.73584903592028,1.1894339614368112,-772.0000000000002,6300.0
188,Surkhet,Maintada-1,9,120,60,40,,Urea ,top dressed ,V6 and V10 stages,T9-BZO700hB,28.44923314,81.79295449,427.0,4.0,13393,12707,8963,384,25.0,7680.0,7.7,64,10.6,28.44923314,81.79295449,6.09,2.47,0.12,177.28,206.64,46.6,12.78,41.26,Surkhet,direct_overlay,False,0.0,direct_overlay,FMR_040,14.327146171693737,68.18461538461538,1.6871060397403106,7.072,75.26049883990719,39.08650012270213,27.298292928400308,249.47900232018563,10.459573595060649,417.93813111327125,135.2604988399072,44.32667479519121,43.827218548235024,1.7530887419294008,5.233333333333334,64.16666666666667
189,Surkhet,Ramghat,9,120,60,40,,Urea ,top dressed ,V6 and V10 stages,T9-ZPK483nC,28.49008154,81.74305611,433.0,5.0,28143,19693,9477,358,21.0,8507.0,8.5,71,18.3,28.49008154,81.74305611,6.8,2.6,0.14,101.13,333.64,45.98,10.86,43.92,Surkhet,direct_overlay,False,0.0,direct_overlay,FMR_097,15.081206496519721,38.896153846153844,2.7239937045052134,7.072,97.4245939675174,23.037404069248616,29.73584903592028,205.1508120649652,194.22172340710333,412.0392453330729,157.4245939675174,28.2775787417377,46.26477465575499,1.8505909862301997,11.9,70.83333333333333
190,Surkhet,Gadhi,1,120,60,40,,Urea,top dressed ,knee ht+shoulder ht,T1-DVC265bP,28.64072541,81.59202004,1270.0,5.0,22833,16457,9640,453,22.0,8556.0,8.6,71,23.5,28.64072541,81.59202004,6.49,4.04,0.18,246.06,520.32,45.8,12.55,41.97,,direct_overlay_plus_nearest8,True,8.0,nearest_8_valid_mean,FMR_037,23.4338747099768,94.63846153846154,4.248136927011607,7.072,139.03317865429233,54.536454087096196,36.979536788981356,121.93364269141534,0.0,394.5095209706651,199.03317865429233,59.77662875958528,53.50846240881607,2.140338496352643,12.733333333333329,71.66666666666667
191,Surkhet,Gadhi,1,120,60,40,,Urea,top dressed ,knee ht+shoulder ht,T1-BVN563oA,28.63686951,81.58274943,1472.0,4.0,222137,15933,9840,400,21.0,8867.0,8.9,74,31.4,28.63686951,81.58274943,6.49,4.04,0.18,246.06,520.32,45.8,12.55,41.97,Surkhet,direct_overlay,False,0.0,direct_overlay,FMR_123,23.4338747099768,94.63846153846154,4.248136927011607,7.072,139.03317865429233,54.536454087096196,36.979536788981356,121.93364269141534,0.0,394.5095209706651,199.03317865429233,59.77662875958528,53.50846240881607,2.140338496352643,15.233333333333336,74.16666666666667
192,Surkhet,Gadhi,1,120,60,40,,Urea,top dressed ,knee ht+shoulder ht,T1-BIE535vO,28.64120778,81.60431514,1400.0,5.0,11313,13037,9697,421,20.0,8826.0,8.8,74,22.9,28.64120778,81.60431514,6.61,4.42,0.19,294.69,535.58,43.69,13.17,45.74,Surkhet,direct_overlay,False,0.0,direct_overlay,FMR_170,25.638051044083525,113.34230769230768,4.3727267361794215,7.072,157.3407192575406,63.974985922719966,32.95992849101873,85.3185614849188,0.0,404.23697305173465,217.3407192575406,69.21516059520906,49.48885411085344,1.9795541644341375,14.400000000000006,73.33333333333333
193,Surkhet,Gadhi,2,120,60,40,,PCU,basal ,planting time,T2-KFM701dP,28.64068164,81.59200141,1267.0,5.0,20583,13120,9773,461,22.0,8640.0,8.6,72,24.2,28.64068164,81.59200141,6.49,4.04,0.18,246.06,520.32,45.8,12.55,41.97,,direct_overlay_plus_nearest8,True,8.0,nearest_8_valid_mean,FMR_037,23.4338747099768,94.63846153846154,4.248136927011607,7.072,139.03317865429233,54.536454087096196,36.979536788981356,121.93364269141534,0.0,394.5095209706651,199.03317865429233,59.77662875958528,53.50846240881607,2.140338496352643,12.733333333333329,71.66666666666667
194,Surkhet,Gadhi,2,120,60,40,,PCU,basal ,planting time,T2-KAZ812eX,28.63687903,81.58275475,1467.0,4.0,26967,17430,9650,495,20.0,8729.0,8.7,73,30.2,28.63687903,81.58275475,6.49,4.04,0.18,246.06,520.32,45.8,12.55,41.97,Surkhet,direct_overlay,False,0.0,direct_overlay,FMR_123,23.4338747099768,94.63846153846154,4.248136927011607,7.072,139.03317865429233,54.536454087096196,36.979536788981356,121.93364269141534,0.0,394.5095209706651,199.03317865429233,59.77662875958528,53.50846240881607,2.140338496352643,13.566666666666661,72.5
195,Surkhet,Gadhi,2,120,60,40,,PCU,basal ,planting time,T2-EVE895uD,28.64121919,81.60428305,1405.0,5.0,17317,15593,9770,495,19.0,8971.0,9.0,75,24.1,28.64121919,81.60428305,6.61,4.42,0.19,291.7,533.42,43.67,13.18,45.88,Surkhet,direct_overlay,False,0.0,direct_overlay,FMR_170,25.638051044083525,112.19230769230768,4.355091481408616,7.072,157.3407192575406,63.399985922719964,32.827000738786374,85.3185614849188,0.0,404.55865821213695,217.3407192575406,68.64016059520904,49.35592635862109,1.9742370543448438,16.066666666666666,75.0
196,Surkhet,Gadhi,3,60,60,40,,PCU,basal ,planting time,T3-BKZ687oA,28.64066059,81.59203411,1270.0,5.0,23767,15343,9867,431,22.0,8701.0,8.7,145,49.4,28.64066059,81.59203411,6.49,4.04,0.18,246.06,520.32,45.8,12.55,41.97,,direct_overlay_plus_nearest8,True,8.0,nearest_8_valid_mean,FMR_037,23.4338747099768,94.63846153846154,4.248136927011607,7.072,139.03317865429233,54.536454087096196,36.979536788981356,121.93364269141534,0.0,394.5095209706651,169.03317865429233,59.77662875958528,53.50846240881607,2.140338496352643,27.133333333333322,145.0
197,Surkhet,Gadhi,3,60,60,40,,PCU,basal ,planting time,T3-NMQ471aB,28.63688923,81.58274865,1465.0,5.0,22610,15613,9847,456,20.0,8907.0,8.9,148,63.4,28.63688923,81.58274865,6.49,4.04,0.18,246.06,520.32,45.8,12.55,41.97,Surkhet,direct_overlay,False,0.0,direct_overlay,FMR_123,23.4338747099768,94.63846153846154,4.248136927011607,7.072,139.03317865429233,54.536454087096196,36.979536788981356,121.93364269141534,0.0,394.5095209706651,169.03317865429233,59.77662875958528,53.50846240881607,2.140338496352643,30.466666666666672,148.33333333333334
198,Surkhet,Gadhi,3,60,60,40,,PCU,basal ,planting time,T3-DHA981zW,28.64119652,81.60429267,1405.0,5.0,17317,13163,9673,426,21.0,7737.0,7.7,129,27.7,28.64119652,81.60429267,6.61,4.42,0.19,293.89,534.94,43.65,13.23,45.82,Surkhet,direct_overlay,False,0.0,direct_overlay,FMR_170,25.638051044083525,113.03461538461538,4.36750147550659,7.072,157.3407192575406,63.82113976887381,32.92054249035729,85.3185614849188,0.0,404.3322871733353,187.3407192575406,69.0613144413629,49.449468110192,1.97797872440768,10.466666666666669,128.33333333333334
199,Surkhet,Gadhi,4,78,60,40,,UDP,basal ,planting time,T4-TPD396gU,28.6406611,81.59204699,1271.0,5.0,26513,20433,9803,421,22.0,8645.0,8.6,111,37.3,28.6406611,81.59204699,6.49,4.04,0.18,246.06,520.32,45.8,12.55,41.97,,direct_overlay_plus_nearest8,True,8.0,nearest_8_valid_mean,FMR_037,23.4338747099768,94.63846153846154,4.248136927011607,7.072,139.03317865429233,54.536454087096196,36.979536788981356,121.93364269141534,0.0,394.5095209706651,178.03317865429233,59.77662875958528,53.50846240881607,2.140338496352643,19.589743589743584,110.25641025641026
200,Surkhet,Gadhi,4,78,60,40,,UDP,basal ,planting time,T4-PUN308nE,28.63689108,81.58273642,1465.0,5.0,19960,13097,8490,496,22.0,7555.0,7.6,97,31.4,28.63689108,81.58273642,6.49,4.04,0.18,246.06,520.32,45.8,12.55,41.97,Surkhet,direct_overlay,False,0.0,direct_overlay,FMR_123,23.4338747099768,94.63846153846154,4.248136927011607,7.072,139.03317865429233,54.536454087096196,36.979536788981356,121.93364269141534,0.0,394.5095209706651,178.03317865429233,59.77662875958528,53.50846240881607,2.140338496352643,6.769230769230764,97.43589743589743
201,Surkhet,Gadhi,4,78,60,40,,UDP,basal ,planting time,T4-PUH779hO,28.64119867,81.60430799,1402.0,5.0,15133,15560,9707,402,18.0,9012.0,9.0,116,37.6,28.64119867,81.60430799,6.61,4.42,0.19,294.81,535.63,43.67,13.21,45.76,Surkhet,direct_overlay,False,0.0,direct_overlay,FMR_170,25.638051044083525,113.38846153846154,4.3731349596694855,7.072,157.3407192575406,63.998062845796895,32.963005522320394,85.3185614849188,0.0,404.2295266359846,196.3407192575406,69.23823751828598,49.49193114215511,1.9796772456862046,24.71794871794872,115.38461538461539
202,Surkhet,Gadhi,5,60,60,40,6.0,Urea,top dressed ,knee ht+shoulder ht,T5-QVH297uY,28.64063646,81.59205303,1272.0,5.0,23850,13673,5770,418,20.0,8337.0,8.3,139,43.3,28.64063646,81.59205303,6.49,4.04,0.18,246.06,520.32,45.8,12.55,41.97,,direct_overlay_plus_nearest8,True,8.0,nearest_8_valid_mean,FMR_037,23.4338747099768,94.63846153846154,4.248136927011607,7.072,139.03317865429233,54.536454087096196,36.979536788981356,121.93364269141534,0.0,394.5095209706651,169.03317865429233,59.77662875958528,53.50846240881607,2.140338496352643,20.46666666666668,138.33333333333334
203,Surkhet,Gadhi,5,60,60,40,6.0,Urea,top dressed ,knee ht+shoulder ht,T5-SXL913pH,28.63690424,81.58272432,1464.0,5.0,21193,13097,9490,492,21.0,8520.0,8.5,142,57.0,28.63690424,81.58272432,6.49,4.04,0.18,246.06,520.32,45.8,12.55,41.97,Surkhet,direct_overlay,False,0.0,direct_overlay,FMR_123,23.4338747099768,94.63846153846154,4.248136927011607,7.072,139.03317865429233,54.536454087096196,36.979536788981356,121.93364269141534,0.0,394.5095209706651,169.03317865429233,59.77662875958528,53.50846240881607,2.140338496352643,23.8,141.66666666666666
204,Surkhet,Gadhi,5,60,60,40,6.0,Urea,top dressed ,knee ht+shoulder ht,T5-FRU896mX,28.64120594,81.60431453,1401.0,5.0,24606,18073,9580,403,23.0,8393.0,8.4,140,38.6,28.64120594,81.60431453,6.61,4.42,0.19,294.77,535.64,43.68,13.18,45.74,Surkhet,direct_overlay,False,0.0,direct_overlay,FMR_170,25.638051044083525,113.37307692307691,4.3732166043674985,7.072,157.3407192575406,63.99037053810458,32.96362092858073,85.3185614849188,0.0,404.22803735283463,187.3407192575406,69.23054521059366,49.49254654841545,1.9797018619366178,22.133333333333336,140.0
205,Surkhet,Gadhi,6,120,0,40,,Urea,top dressed ,knee ht+shoulder ht,T6-UUS785kP,28.64062579,81.59205531,1272.0,5.0,25667,18040,9553,466,19.0,8804.0,8.8,73,25.5,28.64062579,81.59205531,6.49,4.04,0.18,246.06,520.32,45.8,12.55,41.97,,direct_overlay_plus_nearest8,True,8.0,nearest_8_valid_mean,FMR_037,23.4338747099768,94.63846153846154,4.248136927011607,7.072,139.03317865429233,54.536454087096196,36.979536788981356,121.93364269141534,0.0,394.5095209706651,199.03317865429233,54.536454087096196,53.50846240881607,2.140338496352643,14.400000000000006,73.33333333333333
206,Surkhet,Gadhi,6,120,0,40,,Urea,top dressed ,knee ht+shoulder ht,T6-EHC796cT,28.6369143,81.58271777,1464.0,5.0,23533,12223,7753,449,22.0,6917.0,6.9,58,15.1,28.6369143,81.58271777,6.49,4.04,0.18,246.06,520.32,45.8,12.55,41.97,Surkhet,direct_overlay,False,0.0,direct_overlay,FMR_123,23.4338747099768,94.63846153846154,4.248136927011607,7.072,139.03317865429233,54.536454087096196,36.979536788981356,121.93364269141534,0.0,394.5095209706651,199.03317865429233,54.536454087096196,53.50846240881607,2.140338496352643,-1.433333333333331,57.5
207,Surkhet,Gadhi,6,120,0,40,,Urea,top dressed ,knee ht+shoulder ht,T6-WXQ477oZ,28.64121078,81.60435158,1397.0,5.0,18123,12433,9043,404,19.0,8324.0,8.3,69,18.7,28.64121078,81.60435158,6.6,4.43,0.19,297.0,537.32,43.73,13.13,45.59,Surkhet,direct_overlay,False,0.0,direct_overlay,FMR_170,25.696055684454755,114.23076923076923,4.3869329136336805,7.072,157.25986078886308,64.49015259682312,33.17290145412641,85.48027842227384,0.0,403.72157848101403,217.25986078886308,64.49015259682312,49.70182707396113,1.988073082958445,10.23333333333334,69.16666666666667
208,Surkhet,Gadhi,7,0,60,40,,,,,T7-GNC371sE,28.6406211,81.59206093,1269.0,5.0,19267,17093,7043,396,22.0,6227.0,6.2,0,0.0,28.6406211,81.59206093,6.49,4.04,0.18,246.06,520.32,45.8,12.55,41.97,,direct_overlay_plus_nearest8,True,8.0,nearest_8_valid_mean,FMR_037,23.4338747099768,94.63846153846154,4.248136927011607,7.072,139.03317865429233,54.536454087096196,36.979536788981356,121.93364269141534,0.0,394.5095209706651,139.03317865429233,59.77662875958528,53.50846240881607,2.140338496352643,-871.9999999999999,6200.0
209,Surkhet,Gadhi,7,0,60,40,,,,,T7-QSH306yU,28.63693221,81.58270946,1463.0,5.0,18213,13920,9807,432,20.0,8893.0,8.9,0,0.0,28.63693221,81.58270946,6.49,4.04,0.18,246.06,520.32,45.8,12.55,41.97,Surkhet,direct_overlay,False,0.0,direct_overlay,FMR_123,23.4338747099768,94.63846153846154,4.248136927011607,7.072,139.03317865429233,54.536454087096196,36.979536788981356,121.93364269141534,0.0,394.5095209706651,139.03317865429233,59.77662875958528,53.50846240881607,2.140338496352643,1828.0000000000002,8900.0
210,Surkhet,Gadhi,7,0,60,40,,,,,T7-KOS212yD,28.6412057,81.60433914,1399.0,5.0,11567,9003,6660,405,20.0,6085.0,6.1,0,0.0,28.6412057,81.60433914,6.61,4.43,0.19,296.49,536.91,43.71,13.15,45.64,Surkhet,direct_overlay,False,0.0,direct_overlay,FMR_170,25.696055684454755,114.03461538461538,4.383585481015148,7.072,157.69669373549885,64.33766427583437,32.973128002032674,84.60661252900229,0.0,404.2050302350809,157.69669373549885,69.57783894832346,49.50205362186739,1.9800821448746957,-972.0000000000005,6100.0
211,Surkhet,Gadhi,8,0,0,0,,,,,T8-TMY730hT,28.6406062,81.5920645,1270.0,5.0,23033,12480,6377,439,21.0,5739.0,5.7,0,0.0,28.6406062,81.5920645,6.49,4.04,0.18,246.06,520.32,45.8,12.55,41.97,,direct_overlay_plus_nearest8,True,8.0,nearest_8_valid_mean,FMR_037,23.4338747099768,94.63846153846154,4.248136927011607,7.072,139.03317865429233,54.536454087096196,36.979536788981356,121.93364269141534,0.0,394.5095209706651,139.03317865429233,54.536454087096196,36.979536788981356,1.4791814715592544,-1372.0,5700.0
212,Surkhet,Gadhi,8,0,0,0,,,,,T8-WVM366cX,28.63693923,81.58270607,1463.0,5.0,12827,8753,5940,395,24.0,5103.0,5.1,0,0.0,28.63693923,81.58270607,6.49,4.04,0.18,246.06,520.32,45.8,12.55,41.97,Surkhet,direct_overlay,False,0.0,direct_overlay,FMR_123,23.4338747099768,94.63846153846154,4.248136927011607,7.072,139.03317865429233,54.536454087096196,36.979536788981356,121.93364269141534,0.0,394.5095209706651,139.03317865429233,54.536454087096196,36.979536788981356,1.4791814715592544,-1972.0000000000005,5100.0
213,Surkhet,Gadhi,8,0,0,0,,,,,T8-EJD889nT,28.64121304,81.60432963,1400.0,5.0,21333,17183,6610,396,19.0,6077.0,6.1,0,0.0,28.64121304,81.60432963,6.61,4.43,0.19,295.33,536.09,43.71,13.14,45.68,Surkhet,direct_overlay,False,0.0,direct_overlay,FMR_170,25.696055684454755,113.58846153846153,4.376890615778084,7.072,157.69669373549885,64.11458735275744,32.92276953420443,84.60661252900229,0.0,404.32689772722523,157.69669373549885,64.11458735275744,32.92276953420443,1.316910781368177,-972.0000000000005,6100.0
214,Surkhet,Gadhi,9,120,60,40,,Urea ,top dressed ,V6 and V10 stages,T9-MID756wQ,28.64059251,81.59206185,1270.0,5.0,25850,23077,9750,418,21.0,8764.0,8.8,73,25.2,28.64059251,81.59206185,6.49,4.04,0.18,246.06,520.32,45.8,12.55,41.97,,direct_overlay_plus_nearest8,True,8.0,nearest_8_valid_mean,FMR_037,23.4338747099768,94.63846153846154,4.248136927011607,7.072,139.03317865429233,54.536454087096196,36.979536788981356,121.93364269141534,0.0,394.5095209706651,199.03317865429233,59.77662875958528,53.50846240881607,2.140338496352643,14.400000000000006,73.33333333333333
215,Surkhet,Gadhi,9,120,60,40,,Urea ,top dressed ,V6 and V10 stages,T9-VCF289eR,28.63694382,81.58269912,1461.0,5.0,24360,12627,9067,566,22.0,8068.0,8.1,67,24.7,28.63694382,81.58269912,6.49,4.04,0.18,246.06,520.32,45.8,12.55,41.97,Surkhet,direct_overlay,False,0.0,direct_overlay,FMR_123,23.4338747099768,94.63846153846154,4.248136927011607,7.072,139.03317865429233,54.536454087096196,36.979536788981356,121.93364269141534,0.0,394.5095209706651,199.03317865429233,59.77662875958528,53.50846240881607,2.140338496352643,8.566666666666663,67.5
216,Surkhet,Gadhi,9,120,60,40,,Urea ,top dressed ,V6 and V10 stages,T9-IFB530gJ,28.64122374,81.60433352,1401.0,5.0,18600,17317,9923,487,23.0,8694.0,8.7,72,21.8,28.64122374,81.60433352,6.6,4.43,0.19,294.85,535.79,43.72,13.11,45.68,Surkhet,direct_overlay,False,0.0,direct_overlay,FMR_170,25.696055684454755,113.40384615384616,4.374441274837693,7.072,157.25986078886308,64.07669105836159,33.07844277173079,85.48027842227384,0.0,403.9501684924114,217.25986078886308,69.31686573085068,49.6073683915655,1.98429473566262,13.566666666666661,72.5
217,Surkhet,Maintada-1,1,120,60,40,,Urea,top dressed ,knee ht+shoulder ht,T1-PTN737lD,28.44637916,81.81801401,409.0,4.0,17790,1380,9817,390,19.0,9013.0,9.0,75,23.4,28.44637916,81.81801401,6.55,2.46,0.13,163.5,263.9,48.04,13.45,39.15,Surkhet,direct_overlay,False,0.0,direct_overlay,FMR_064,14.269141531322507,62.88461538461538,2.1546035805626595,7.072,86.11426914153132,35.681134548456185,28.307590734467507,227.77146171693735,49.451009420176675,415.4956304225886,146.11426914153134,40.92130922094527,44.83651635430222,1.7934606541720886,16.066666666666666,75.0
218,Surkhet,Maintada-2,2,120,60,40,,PCU,basal ,planting time,T2-SFF653dA,28.44639313,81.81801978,404.0,5.0,15333,15563,9750,397,19.0,8943.0,8.9,75,22.8,28.44639313,81.81801978,6.55,2.46,0.13,163.5,263.9,48.04,13.45,39.15,Surkhet,direct_overlay,False,0.0,direct_overlay,FMR_065,14.269141531322507,62.88461538461538,2.1546035805626595,7.072,86.11426914153132,35.681134548456185,28.307590734467507,227.77146171693735,49.451009420176675,415.4956304225886,146.11426914153134,40.92130922094527,44.83651635430222,1.7934606541720886,15.233333333333336,74.16666666666667
219,Surkhet,Maintada-3,3,60,60,40,,PCU,basal ,planting time,T3-NBJ343iN,28.44635759,81.81801785,412.0,5.0,11667,14183,9986,382,19.0,9087.0,9.1,151,48.1,28.44635759,81.81801785,6.55,2.46,0.13,163.5,263.9,48.04,13.45,39.15,Surkhet,direct_overlay,False,0.0,direct_overlay,FMR_066,14.269141531322507,62.88461538461538,2.1546035805626595,7.072,86.11426914153132,35.681134548456185,28.307590734467507,227.77146171693735,49.451009420176675,415.4956304225886,116.11426914153132,40.92130922094527,44.83651635430222,1.7934606541720886,33.79999999999999,151.66666666666666
220,Surkhet,Maintada-4,4,78,60,40,,UDP,basal ,planting time,T4-FQC185wZ,28.44632369,81.81796125,407.0,5.0,14617,13820,8430,399,20.0,7712.0,7.7,99,19.4,28.44632369,81.81796125,6.55,2.46,0.13,163.5,263.9,48.04,13.45,39.15,Surkhet,direct_overlay,False,0.0,direct_overlay,FMR_067,14.269141531322507,62.88461538461538,2.1546035805626595,7.072,86.11426914153132,35.681134548456185,28.307590734467507,227.77146171693735,49.451009420176675,415.4956304225886,125.11426914153132,40.92130922094527,44.83651635430222,1.7934606541720886,8.051282051282053,98.71794871794872
221,Surkhet,Maintada-5,5,60,60,40,6.0,Urea,top dressed ,knee ht+shoulder ht,T5-IRC376dY,28.44626985,81.81794102,414.0,4.0,13010,14700,9047,405,20.0,8235.0,8.2,137,33.9,28.44626985,81.81794102,6.55,2.46,0.13,163.5,263.9,48.04,13.45,39.15,Surkhet,direct_overlay,False,0.0,direct_overlay,FMR_068,14.269141531322507,62.88461538461538,2.1546035805626595,7.072,86.11426914153132,35.681134548456185,28.307590734467507,227.77146171693735,49.451009420176675,415.4956304225886,116.11426914153132,40.92130922094527,44.83651635430222,1.7934606541720886,18.79999999999999,136.66666666666666
222,Surkhet,Maintada-6,6,120,0,40,,Urea,top dressed ,knee ht+shoulder ht,T6-UNS418rU,28.44630107,81.81800988,417.0,5.0,13223,12083,8200,397,21.0,7380.0,7.4,62,9.8,28.44630107,81.81800988,6.55,2.46,0.13,163.5,263.9,48.04,13.45,39.15,Surkhet,direct_overlay,False,0.0,direct_overlay,FMR_069,14.269141531322507,62.88461538461538,2.1546035805626595,7.072,86.11426914153132,35.681134548456185,28.307590734467507,227.77146171693735,49.451009420176675,415.4956304225886,146.11426914153134,35.681134548456185,44.83651635430222,1.7934606541720886,2.7333333333333356,61.666666666666664
223,Surkhet,Maintada-7,7,0,60,40,,,,,T7-CBU791lL,28.44627709,81.81803668,413.0,5.0,10713,9883,7170,380,20.0,6551.0,6.6,0,0.0,28.44627709,81.81803668,6.55,2.46,0.13,163.5,263.9,48.04,13.45,39.15,Surkhet,direct_overlay,False,0.0,direct_overlay,FMR_070,14.269141531322507,62.88461538461538,2.1546035805626595,7.072,86.11426914153132,35.681134548456185,28.307590734467507,227.77146171693735,49.451009420176675,415.4956304225886,86.11426914153132,40.92130922094527,44.83651635430222,1.7934606541720886,-472.0000000000004,6600.0
224,Surkhet,Maintada-8,8,0,0,0,,,,,T8-YTY782fV,28.44624253,81.81802132,414.0,5.0,11683,12233,6680,350,18.0,6202.0,6.2,0,0.0,28.44624253,81.81802132,6.55,2.46,0.13,163.5,263.9,48.04,13.45,39.15,Surkhet,direct_overlay,False,0.0,direct_overlay,FMR_071,14.269141531322507,62.88461538461538,2.1546035805626595,7.072,86.11426914153132,35.681134548456185,28.307590734467507,227.77146171693735,49.451009420176675,415.4956304225886,86.11426914153132,35.681134548456185,28.307590734467507,1.1323036293787,-871.9999999999999,6200.0
225,Surkhet,Maintada-9,9,120,60,40,,Urea ,top dressed ,V6 and V10 stages,T9-ISO340kS,28.4462335,81.81801484,413.0,5.0,15110,15490,9100,387,19.0,8342.0,8.3,70,17.8,28.4462335,81.81801484,6.55,2.46,0.13,163.5,263.9,48.04,13.45,39.15,Surkhet,direct_overlay,False,0.0,direct_overlay,FMR_072,14.269141531322507,62.88461538461538,2.1546035805626595,7.072,86.11426914153132,35.681134548456185,28.307590734467507,227.77146171693735,49.451009420176675,415.4956304225886,146.11426914153134,40.92130922094527,44.83651635430222,1.7934606541720886,10.23333333333334,69.16666666666667
226,Dang,Purandhara,1,120,60,40,,Urea,top dressed ,knee ht+shoulder ht,T1-WUF412yB,28.18209987,82.09935646,536.0,5.0,23017,16170,8000,326,20.0,7282.0,7.3,61,8.6,28.18209987,82.09935646,6.71,2.58,0.13,239.67,502.44,46.53,18.39,34.97,Dang,direct_overlay,False,0.0,direct_overlay,FMR_128,14.965197215777263,92.18076923076923,4.10215620696439,6.4375,94.38549883990719,50.00801135552383,47.4692139209683,211.22900232018563,0.0,369.1245023112567,154.3854988399072,55.24818602801291,63.99813954080301,2.55992558163212,7.187499999999998,60.833333333333336
227,Dang,Purandhara,2,120,60,40,,PCU,basal ,planting time,T2-AMN863xL,28.18211249,82.09935193,529.0,5.0,20667,14637,8667,311,18.0,8115.0,8.1,68,15.5,28.18211249,82.09935193,6.71,2.58,0.13,239.26,501.8,46.52,18.4,34.99,Dang,direct_overlay,False,0.0,direct_overlay,FMR_128,14.965197215777263,92.02307692307691,4.096930946291559,6.4375,94.38549883990719,49.92916520167767,47.40874839889717,211.22900232018563,0.0,369.27082887466884,154.3854988399072,55.16933987416675,63.93767401873188,2.5575069607492753,13.854166666666663,67.5
228,Dang,Purandhara,3,60,60,40,,PCU,basal ,planting time,T3-NOD250nO,28.1821632,82.09931815,531.0,5.0,22667,15303,7430,301,26.0,6262.0,6.3,104,0.2,28.1821632,82.09931815,6.72,2.59,0.13,237.86,499.25,46.47,18.44,35.04,Dang,direct_overlay,False,0.0,direct_overlay,FMR_128,15.023201856148491,91.48461538461538,4.076111548298249,6.4375,95.00672853828306,49.63752346956987,46.74656188987891,209.9865429234339,0.0,370.87332022649304,125.00672853828306,54.877698142058954,63.27548750971363,2.531019500388545,-2.2916666666666696,105.0
229,Dang,Purandhara,4,78,60,40,,UDP,basal ,planting time,T4-LMB761jK,28.18212682,82.09934388,533.0,5.0,19667,13847,8000,300,21.0,7191.0,7.2,92,12.0,28.18212682,82.09934388,6.72,2.58,0.13,238.83,501.05,46.5,18.41,35.0,Dang,direct_overlay,False,0.0,direct_overlay,FMR_128,14.965197215777263,91.8576923076923,4.0908075939405855,6.4375,94.63990719257541,49.80902248795288,47.0734328771462,210.72018561484919,0.0,370.08229243730614,133.6399071925754,55.04919716044196,63.60235849698091,2.5440943398792366,9.775641025641029,92.3076923076923
230,Dang,Purandhara,5,60,60,40,6.0,Urea,top dressed ,knee ht+shoulder ht,T5-XAR852vC,28.18212586,82.0992749,531.0,5.0,18667,13440,7667,270,25.0,6517.0,6.5,109,4.4,28.18212586,82.0992749,6.72,2.58,0.13,240.04,500.3,46.55,18.39,35.02,Dang,direct_overlay,False,0.0,direct_overlay,FMR_128,14.965197215777263,92.32307692307691,4.084684241589612,6.4375,94.63990719257541,50.041714795645184,47.00297069840584,210.72018561484919,0.0,370.2528109098578,124.63990719257541,55.28188946813427,63.531896318240555,2.541275852729622,1.0416666666666667,108.33333333333333
231,Dang,Purandhara,6,120,0,40,,Urea,top dressed ,knee ht+shoulder ht,T6-KTV342dK,28.18216186,82.09924338,530.0,5.0,22667,16450,9000,306,25.0,7701.0,7.7,64,12.1,28.18216186,82.09924338,6.72,2.59,0.13,239.22,498.76,46.52,18.41,35.06,Dang,direct_overlay,False,0.0,direct_overlay,FMR_128,15.023201856148491,92.00769230769231,4.072110958095613,6.4375,95.00672853828306,49.899061931108335,46.70068143854984,209.9865429234339,0.0,370.98435091870937,155.00672853828306,49.899061931108335,63.22960705838456,2.529184282335382,10.520833333333336,64.16666666666667
232,Dang,Purandhara,7,0,60,40,,,,,T7-JSR898rW,28.18215356,82.09927054,533.0,5.0,22333,16117,9667,296,17.0,9073.0,9.1,0,0.0,28.18215356,82.09927054,6.72,2.59,0.13,239.06,499.26,46.51,18.41,35.05,Dang,direct_overlay,False,0.0,direct_overlay,FMR_128,15.023201856148491,91.94615384615385,4.076193192996262,6.4375,95.00672853828306,49.868292700339104,46.74749822562032,209.9865429234339,0.0,370.87105429399884,95.00672853828306,55.10846737282819,63.27642384545503,2.5310569538182013,2662.4999999999995,9100.0
233,Dang,Purandhara,8,0,0,0,,,,,T8-AKD290pU,28.18212368,82.09919116,527.0,5.0,22650,12717,7000,239,21.0,6252.0,6.3,0,0.0,28.18212368,82.09919116,6.72,2.58,0.13,241.55,499.39,46.61,18.35,35.05,Dang,direct_overlay,False,0.0,direct_overlay,FMR_128,14.965197215777263,92.90384615384616,4.07725457407043,6.4375,94.63990719257541,50.33209941102981,46.91747658820086,210.72018561484919,0.0,370.4597066565539,94.63990719257541,50.33209941102981,46.91747658820086,1.8766990635280345,-137.50000000000017,6300.0
234,Dang,Purandhara,9,120,60,40,,Urea ,top dressed ,V6 and V10 stages,T9-MKH553vJ,28.18212971,82.09924162,530.0,5.0,22283,14170,9667,311,20.0,8799.0,8.8,73,21.2,28.18212971,82.09924162,6.72,2.58,0.13,240.46,499.79,46.57,18.38,35.04,Dang,direct_overlay,False,0.0,direct_overlay,FMR_128,14.965197215777263,92.48461538461538,4.08052036199095,6.4375,94.63990719257541,50.12248402641442,46.9550564168624,210.72018561484919,0.0,370.368763471193,154.6399071925754,55.3626586989035,63.483982036697114,2.5393592814678847,19.687500000000007,73.33333333333333
235,Dang,Purandhara,1,120,60,40,,Urea,top dressed ,knee ht+shoulder ht,T1-QGD354jJ,28.19554092,82.10245022,562.0,5.0,17500,11837,7400,326,24.0,6416.0,6.4,53,7.5,28.19554092,82.10245022,6.71,2.82,0.15,205.9,455.06,44.67,18.56,35.45,Dang,direct_overlay,False,0.0,direct_overlay,FMR_028,16.357308584686773,79.1923076923077,3.7153236277788704,6.4375,103.16554524361948,43.87821098072461,39.77154191196226,193.66890951276105,0.0,387.75286857305133,163.16554524361948,49.11838565321369,56.30046753179697,2.252018701271879,-0.31249999999999706,53.333333333333336
236,Dang,Purandhara,1,120,60,40,,Urea,top dressed ,knee ht+shoulder ht,T1-FOX481bO,28.18520512,82.09244189,548.0,5.0,30000,15077,9767,308,27.0,8146.0,8.1,68,8.0,28.18520512,82.09244189,6.72,2.55,0.13,221.23,500.29,48.38,17.57,34.82,Dang,direct_overlay,False,0.0,direct_overlay,FMR_103,14.791183294663572,85.08846153846153,4.0846025968915995,6.4375,93.53944315545243,46.37928877387114,47.48277021415708,212.92111368909514,0.0,369.0916960817398,153.53944315545243,51.61946344636022,64.0116958339918,2.5604678333596715,13.854166666666663,67.5
237,Dang,Purandhara,2,120,60,40,,PCU,basal ,planting time,T2-TSO604pC,28.19552734,82.10244737,563.0,5.0,17533,13103,8400,326,22.0,7493.0,7.5,62,16.4,28.19552734,82.10244737,6.71,2.82,0.15,205.99,454.47,44.7,18.54,35.44,Dang,direct_overlay,False,0.0,direct_overlay,FMR_028,16.357308584686773,79.22692307692307,3.7105065905961045,6.4375,103.16554524361948,43.8955186730323,39.719976822242096,193.66890951276105,0.0,387.8776560901741,163.16554524361948,49.13569334552138,56.24890244207681,2.2499560976830724,8.854166666666666,62.5
238,Dang,Purandhara,2,120,60,40,,PCU,basal ,planting time,T2-JZR221aQ,28.18516606,82.0925123,548.0,5.0,23863,14203,8333,381,22.0,7367.0,7.4,61,1.5,28.18516606,82.0925123,6.71,2.56,0.13,218.63,500.16,48.31,17.68,34.89,Dang,direct_overlay,False,0.0,direct_overlay,FMR_103,14.849187935034804,84.08846153846153,4.08354121581743,6.4375,93.6538283062645,45.931488309834016,47.574920153895924,212.692343387471,0.0,368.86869322757184,153.6538283062645,51.1716629823231,64.10384577373064,2.5641538309492256,8.020833333333336,61.666666666666664
239,Dang,Purandhara,3,60,60,40,,PCU,basal ,planting time,T3-POU407aN,28.19547651,82.10247159,563.0,5.0,24033,13617,8867,323,22.0,7960.0,8.0,133,40.7,28.19547651,82.10247159,6.71,2.82,0.15,206.05,453.97,44.8,18.52,35.4,Dang,direct_overlay,False,0.0,direct_overlay,FMR_028,16.357308584686773,79.25,3.7064243556954555,6.4375,103.16554524361948,43.90705713457076,39.67627759366569,193.66890951276105,0.0,387.983408223329,133.16554524361948,49.147231807059846,56.2052032135004,2.248208128540016,26.041666666666668,133.33333333333334
240,Dang,Purandhara,3,60,60,40,,PCU,basal ,planting time,T3-OUJ399fM,28.1852088,82.09243912,546.0,5.0,25517,15810,9333,335,20.0,8453.0,8.5,141,21.0,28.1852088,82.09243912,6.72,2.55,0.13,221.33,500.25,48.38,17.56,34.81,Dang,direct_overlay,False,0.0,direct_overlay,FMR_103,14.791183294663572,85.12692307692308,4.084276018099548,6.4375,93.53944315545243,46.39851954310191,47.478973794463364,212.92111368909514,0.0,369.1008834173986,123.53944315545243,51.638694215590995,64.00789941429808,2.5603159765719234,34.375,141.66666666666666
241,Dang,Purandhara,4,78,60,40,,UDP,basal ,planting time,T4-ABB734kO,28.19542379,82.10242993,564.0,5.0,18867,12367,7367,329,21.0,6605.0,6.6,85,13.9,28.19542379,82.10242993,6.71,2.81,0.15,206.86,449.67,45.0,18.38,35.36,Dang,direct_overlay,False,0.0,direct_overlay,FMR_028,16.299303944315547,79.56153846153846,3.671317135549872,6.4375,102.79970997679814,44.04764176557202,39.42354314016799,194.40058004640372,0.0,388.59502560079346,141.79970997679814,49.2878164380611,55.9524687600027,2.238098750400108,2.083333333333329,84.61538461538461
242,Dang,Purandhara,4,78,60,40,,UDP,basal ,planting time,T4-HOD740kR,28.18516191,82.09246066,551.0,5.0,25967,16273,7333,337,22.0,6542.0,6.5,84,-8.3,28.18516191,82.09246066,6.71,2.56,0.13,220.54,500.8,48.33,17.59,34.83,Dang,direct_overlay,False,0.0,direct_overlay,FMR_103,14.849187935034804,84.82307692307691,4.088766476490261,6.4375,93.6538283062645,46.29879600214171,47.63579657123936,212.692343387471,0.0,368.72137229760074,132.6538283062645,51.53897067463079,64.16472219107408,2.566588887642963,0.8012820512820513,83.33333333333333
243,Dang,Purandhara,5,60,60,40,6.0,Urea,top dressed ,knee ht+shoulder ht,T5-XSH246bP,28.19544189,82.10247092,566.0,5.0,21933,13507,8333,350,26.0,7008.0,7.0,117,24.8,28.19544189,82.10247092,6.71,2.81,0.15,206.21,452.81,44.89,18.48,35.38,Dang,direct_overlay,False,0.0,direct_overlay,FMR_028,16.299303944315547,79.31153846153846,3.696953570725949,6.4375,102.79970997679814,43.92264176557202,39.69883374318827,194.40058004640372,0.0,387.9288223414844,132.79970997679814,49.1628164380611,56.22775936302298,2.249110374520919,9.375,116.66666666666667
244,Dang,Purandhara,5,60,60,40,6.0,Urea,top dressed ,knee ht+shoulder ht,T5-WZX581mV,28.18517553,82.09246066,550.0,5.0,26660,16633,9167,362,20.0,8333.0,8.3,139,19.0,28.18517553,82.09246066,6.72,2.56,0.13,220.54,500.58,48.34,17.59,34.83,Dang,direct_overlay,False,0.0,direct_overlay,FMR_103,14.849187935034804,84.82307692307691,4.086970293133976,6.4375,93.9062645011601,46.26163590933428,47.34886544075086,212.1874709976798,0.0,369.41574563338287,123.9062645011601,51.501810581823364,63.87779106058558,2.5551116424234235,31.04166666666668,138.33333333333334
245,Dang,Purandhara,6,120,0,40,,Urea,top dressed ,knee ht+shoulder ht,T6-JTQ534iK,28.19539173,82.10244812,560.0,5.0,17767,14500,8333,343,23.0,77301.0,,644,598.2,28.19539173,82.10244812,6.71,2.81,0.15,206.86,449.67,45.0,18.38,35.36,Dang,direct_overlay,False,0.0,direct_overlay,FMR_028,16.299303944315547,79.56153846153846,3.671317135549872,6.4375,102.79970997679814,44.04764176557202,39.42354314016799,194.40058004640372,0.0,388.59502560079346,162.79970997679814,44.04764176557202,55.9524687600027,2.238098750400108,,
246,Dang,Purandhara,6,120,0,40,,Urea,top dressed ,knee ht+shoulder ht,T6-IHT560oZ,28.18518098,82.09238405,552.0,5.0,24837,14170,9333,382,22.0,8230.0,8.2,69,8.7,28.18518098,82.09238405,6.72,2.55,0.13,223.35,501.3,48.39,17.47,34.74,Dang,direct_overlay,False,0.0,direct_overlay,FMR_103,14.791183294663572,85.90384615384615,4.092848711390911,6.4375,93.53944315545243,46.78698108156345,47.57862981142326,212.92111368909514,0.0,368.85971585635565,153.53944315545243,46.78698108156345,64.10755543125798,2.564302217250319,14.687499999999995,68.33333333333333
247,Dang,Purandhara,7,0,60,40,,,,,T7-RWX358gX,28.19535476,82.10249003,564.0,5.0,19733,13623,7667,339,21.0,6865.0,6.9,0,0.0,28.19535476,82.10249003,6.71,2.81,0.15,206.86,449.67,45.0,18.38,35.36,Dang,direct_overlay,False,0.0,direct_overlay,FMR_028,16.299303944315547,79.56153846153846,3.671317135549872,6.4375,102.79970997679814,44.04764176557202,39.42354314016799,194.40058004640372,0.0,388.59502560079346,102.79970997679814,49.2878164380611,55.9524687600027,2.238098750400108,462.50000000000034,6900.0
248,Dang,Purandhara,7,0,60,40,,,,,T7-JVH972fI,28.18520989,82.09240308,554.0,5.0,23103,14503,8667,351,22.0,7721.0,7.7,0,0.0,28.18520989,82.09240308,6.72,2.55,0.13,222.62,500.56,48.4,17.5,34.77,Dang,direct_overlay,False,0.0,direct_overlay,FMR_103,14.791183294663572,85.62307692307692,4.086807003737949,6.4375,93.53944315545243,46.646596466178835,47.50839604708961,212.92111368909514,0.0,369.02968156604317,93.53944315545243,51.88677113866792,64.03732166692433,2.5614928666769727,1262.5000000000002,7700.0
249,Dang,Purandhara,8,0,0,0,,,,,T8-DIC289jX,28.19538209,82.10246547,568.0,5.0,15500,10310,6333,346,23.0,5520.0,5.5,0,0.0,28.19538209,82.10246547,6.71,2.81,0.15,206.86,449.67,45.0,18.38,35.36,Dang,direct_overlay,False,0.0,direct_overlay,FMR_028,16.299303944315547,79.56153846153846,3.671317135549872,6.4375,102.79970997679814,44.04764176557202,39.42354314016799,194.40058004640372,0.0,388.59502560079346,102.79970997679814,44.04764176557202,39.42354314016799,1.5769417256067197,-937.5,5500.0
250,Dang,Purandhara,8,0,0,0,,,,,T8-VLH559nB,28.18522037,82.09231658,553.0,5.0,19987,12897,8000,341,21.0,7191.0,7.2,0,0.0,28.18522037,82.09231658,6.72,2.55,0.13,225.7,501.09,48.46,17.36,34.67,Dang,direct_overlay,False,0.0,direct_overlay,FMR_103,14.791183294663572,86.8076923076923,4.091134172732637,6.4375,93.53944315545243,47.23890415848653,47.558698608031264,212.92111368909514,0.0,368.90794936856435,93.53944315545243,47.23890415848653,47.558698608031264,1.9023479443212505,762.5000000000002,7200.0
251,Dang,Purandhara,9,120,60,40,,Urea ,top dressed ,V6 and V10 stages,T9-NEQ553mM,28.19528088,82.10252247,570.0,5.0,21500,15000,7533,340,22.0,6694.0,6.7,56,9.8,28.19528088,82.10252247,6.71,2.81,0.15,206.86,449.67,45.0,18.38,35.36,Dang,direct_overlay,False,0.0,direct_overlay,FMR_028,16.299303944315547,79.56153846153846,3.671317135549872,6.4375,102.79970997679814,44.04764176557202,39.42354314016799,194.40058004640372,0.0,388.59502560079346,162.79970997679814,49.2878164380611,55.9524687600027,2.238098750400108,2.1875000000000013,55.833333333333336
252,Dang,Purandhara,9,120,60,40,,Urea ,top dressed ,V6 and V10 stages,T9-TGV593kV,28.18517586,82.09249109,551.0,5.0,24867,15067,9833,366,21.0,8893.0,8.9,74,14.2,28.18517586,82.09249109,6.71,2.56,0.13,219.43,500.25,48.33,17.64,34.87,Dang,direct_overlay,False,0.0,direct_overlay,FMR_103,14.849187935034804,84.39615384615385,4.084276018099548,6.4375,93.6538283062645,46.08533446368018,47.58348090008485,212.692343387471,0.0,368.8479762217946,153.6538283062645,51.32550913616926,64.11240651991956,2.5644962607967825,20.520833333333336,74.16666666666667
253,Dang,Panchakaule,1,120,60,40,,Urea,top dressed ,knee ht+shoulder ht,T1-BSS885zB,28.1121886,82.17592816,515.0,5.0,17000,15567,9700,381,31.0,7628.0,7.6,64,36.9,28.1121886,82.17592816,6.89,2.44,0.14,188.13,517.8,41.67,22.46,36.99,Dang,direct_overlay,False,0.0,direct_overlay,FMR_148,14.153132250580047,72.3576923076923,4.227562463112334,6.4375,93.59466357308584,39.17057063180439,46.18305838756734,212.81067285382832,9.496966265839758,372.236998702087,153.59466357308582,44.41074530429347,62.71198400740205,2.508479360296082,9.687499999999996,63.333333333333336
254,Dang,Panchakaule,1,120,60,40,,Urea,top dressed ,knee ht+shoulder ht,T1-TBL143pI,28.10631594,82.17759088,519.0,5.0,236337,16733,9833,400,29.0,7990.0,8.0,67,17.1,28.10631594,82.17759088,6.85,2.52,0.14,183.28,503.82,39.54,23.32,37.37,Dang,direct_overlay,False,0.0,direct_overlay,FMR_038,14.617169373549885,70.49230769230769,4.113423175290182,6.4375,95.66937354988399,38.51400477422809,44.78354089264561,208.66125290023203,17.014645335088353,375.6238310397976,155.66937354988397,43.754179446717174,61.31246651248033,2.4524986604992134,13.020833333333334,66.66666666666667
255,Dang,Panchakaule,1,120,60,40,,Urea,top dressed ,knee ht+shoulder ht,T1-IOF554dX,28.11102628,82.18944649,520.0,5.0,18000,16000,9700,402,28.0,7980.0,8.0,67,15.2,28.11102628,82.18944649,6.74,2.43,0.14,212.28,508.92,40.59,24.03,37.64,Dang,direct_overlay,False,0.0,direct_overlay,FMR_156,14.095127610208817,81.64615384615384,4.155061971276805,6.4375,89.61682134570766,44.40563550776369,49.79641060007476,220.76635730858467,0.0,363.4926863478191,149.61682134570765,49.645810180252774,66.32533621990947,2.653013448796379,13.020833333333334,66.66666666666667
256,Dang,Panchakaule,2,120,60,40,,PCU,basal ,planting time,T2-HIH435nO,28.11210239,82.17595322,510.0,5.0,17367,15567,9700,381,31.0,7628.0,7.6,64,36.9,28.11210239,82.17595322,6.9,2.44,0.14,187.73,518.55,41.57,22.49,37.01,Dang,direct_overlay,False,0.0,direct_overlay,FMR_148,14.153132250580047,72.20384615384614,4.233685815463308,6.4375,93.83526682134573,39.04931286810636,45.96268479759911,212.32946635730855,10.885367660182151,372.77030278981016,153.83526682134573,44.289487540595445,62.49161041743382,2.4996644166973527,9.687499999999996,63.333333333333336
257,Dang,Panchakaule,2,120,60,40,,PCU,basal ,planting time,T2-HNU859yP,28.10638262,82.17768677,516.0,5.0,24733,18067,9667,399,31.0,7613.0,7.6,63,13.9,28.10638262,82.17768677,6.85,2.51,0.14,183.85,502.01,39.47,23.33,37.46,Dang,direct_overlay,False,0.0,direct_overlay,FMR_038,14.559164733178653,70.71153846153845,4.098645484949833,6.4375,95.28973317865427,38.61065249643048,44.77689126080455,209.42053364269145,15.908028915870975,375.639923148853,155.28973317865427,43.850827168919565,61.305816880639256,2.4522326752255705,9.687499999999996,63.333333333333336
258,Dang,Panchakaule,2,120,60,40,,PCU,basal ,planting time,T2-RLN721cD,28.11107301,82.18935379,521.0,5.0,21233,15833,9933,400,29.0,7969.0,8.0,66,15.1,28.11107301,82.18935379,6.75,2.43,0.14,211.98,504.66,40.9,24.02,37.48,Dang,direct_overlay,False,0.0,direct_overlay,FMR_156,14.095127610208817,81.53076923076922,4.120281329923273,6.4375,89.85643851508121,44.31119015482777,49.09901561094285,220.28712296983758,0.0,365.1803822215183,149.8564385150812,49.55136482731685,65.62794123077757,2.6251176492311026,13.020833333333334,66.66666666666667
259,Dang,Panchakaule,3,60,60,40,,PCU,basal ,planting time,T3-SIE619hH,28.11221119,82.17596211,511.0,5.0,16367,15399,8133,350,29.0,6544.0,6.5,109,55.7,28.11221119,82.17596211,6.89,2.44,0.14,188.28,517.71,41.7,22.46,36.98,Dang,direct_overlay,False,0.0,direct_overlay,FMR_148,14.153132250580047,72.41538461538461,4.226827660830218,6.4375,93.59466357308584,39.19941678565054,46.175031204765354,212.81067285382832,9.166677804301301,372.2564244844678,123.59466357308584,44.439591458139624,62.70395682460007,2.508158272984003,1.0416666666666667,108.33333333333333
260,Dang,Panchakaule,3,60,60,40,,PCU,basal ,planting time,T3-ZAN313yD,28.10638958,82.17773655,517.0,5.0,24733,17367,9900,397,28.0,8089.0,8.1,135,35.8,28.10638958,82.17773655,6.85,2.51,0.14,184.49,500.72,39.49,23.3,37.5,Dang,direct_overlay,False,0.0,direct_overlay,FMR_038,14.559164733178653,70.95769230769231,4.088113318906157,6.4375,95.28973317865427,38.73372941950741,44.661829429911855,209.42053364269145,14.49879814664013,375.9183727796133,125.28973317865427,43.973904091996495,61.19075504974657,2.4476302019898633,27.708333333333325,135.0
261,Dang,Panchakaule,3,60,60,40,,PCU,basal ,planting time,T3-FCO575uD,28.11104099,82.1894014,525.0,5.0,21100,16700,9900,400,27.0,8235.0,8.2,137,34.6,28.11104099,82.1894014,6.75,2.43,0.14,212.2,507.08,40.74,24.03,37.57,Dang,direct_overlay,False,0.0,direct_overlay,FMR_156,14.095127610208817,81.61538461538461,4.140039346842415,6.4375,89.85643851508121,44.353497847135465,49.33446050013256,220.28712296983758,0.0,364.6106055896792,119.85643851508121,49.59367251962455,65.86338611996727,2.634535444798691,29.37499999999999,136.66666666666666
262,Dang,Panchakaule,4,78,60,40,,UDP,basal ,planting time,T4-GMF515eF,28.11212016,82.17594283,512.0,5.0,17333,13833,8833,355,33.0,6776.0,6.8,87,45.8,28.11212016,82.17594283,6.9,2.44,0.14,187.8,518.34,41.59,22.48,37.0,Dang,direct_overlay,False,0.0,direct_overlay,FMR_148,14.153132250580047,72.23076923076923,4.2319712768050355,6.4375,93.83526682134573,39.062774406567904,45.944071040377054,212.32946635730855,10.7312330447975,372.8153480822875,132.83526682134573,44.30294907905699,62.47299666021176,2.4989198664084706,4.647435897435895,87.17948717948718
263,Dang,Panchakaule,4,78,60,40,,UDP,basal ,planting time,T4-RPV210nW,28.10642574,82.17767537,513.0,5.0,21800,17400,9933,402,30.0,7902.0,7.9,101,25.1,28.10642574,82.17767537,6.85,2.52,0.14,183.17,502.55,39.36,23.4,37.47,Dang,direct_overlay,False,0.0,direct_overlay,FMR_038,14.617169373549885,70.44999999999999,4.103054298642533,6.4375,95.66937354988399,38.49285092807424,44.6706531610477,208.66125290023203,17.25685687354995,375.89701935026454,134.66937354988397,43.73302560056332,61.19957878088242,2.4479831512352965,18.750000000000007,101.28205128205128
264,Dang,Panchakaule,4,78,60,40,,UDP,basal ,planting time,T4-RHR108qK,28.11109618,82.18939167,515.0,5.0,28633,17000,9917,402,28.0,8091.0,8.1,104,24.8,28.11109618,82.18939167,6.75,2.43,0.14,211.85,505.23,40.84,23.97,37.52,Dang,direct_overlay,False,0.0,direct_overlay,FMR_156,14.095127610208817,81.48076923076923,4.124935077710013,6.4375,89.85643851508121,44.28619015482777,49.154471638561915,220.28712296983758,0.0,365.04617863468013,128.8564385150812,49.526364827316854,65.68339725839662,2.627335890335865,21.31410256410256,103.84615384615384
265,Dang,Panchakaule,5,60,60,40,6.0,Urea,top dressed ,knee ht+shoulder ht,T5-PMB319qS,28.11223164,82.17595481,514.0,5.0,20287,16033,9817,385,36.0,1784.0,1.8,30,-23.7,28.11223164,82.17595481,6.89,2.44,0.14,188.37,517.53,41.73,22.45,36.98,Dang,direct_overlay,False,0.0,direct_overlay,FMR_148,14.153132250580047,72.45,4.225358056265984,6.4375,93.59466357308584,39.21672447795824,46.15897683916132,212.81067285382832,8.96850472737818,372.29527604922964,123.59466357308584,44.45689915044732,62.687902458996035,2.5075160983598415,-77.29166666666667,30.0
266,Dang,Panchakaule,5,60,60,40,6.0,Urea,top dressed ,knee ht+shoulder ht,T5-GNB701hR,28.10634029,82.17759532,514.0,5.0,24967,16700,9683,405,32.0,7472.0,7.5,125,25.5,28.10634029,82.17759532,6.84,2.52,0.14,183.04,503.97,39.49,23.35,37.38,Dang,direct_overlay,False,0.0,direct_overlay,FMR_038,14.617169373549885,70.39999999999999,4.114647845760377,6.4375,95.42088167053365,38.51108120649651,45.0683702958928,209.1582366589327,17.048120185614923,374.9345438839394,125.42088167053365,43.751255878985596,61.597295915727514,2.4638918366291005,17.708333333333332,125.0
267,Dang,Panchakaule,5,60,60,40,6.0,Urea,top dressed ,knee ht+shoulder ht,T5-LUY860bH,28.11102238,82.18948388,519.0,5.0,25383,16800,9767,405,27.0,8080.0,8.1,135,32.0,28.11102238,82.18948388,6.74,2.43,0.14,212.09,509.78,40.59,23.93,37.66,Dang,direct_overlay,False,0.0,direct_overlay,FMR_156,14.095127610208817,81.57307692307693,4.162083415305921,6.4375,89.61682134570766,44.369097046225235,49.88055921501633,220.76635730858467,0.0,363.2890466996605,119.61682134570766,49.60927171871432,66.40948483485104,2.6563793933940416,27.708333333333325,135.0
268,Dang,Panchakaule,6,120,0,40,,Urea,top dressed ,knee ht+shoulder ht,T6-HWJ922dW,28.11216584,82.17598029,517.0,5.0,15500,13000,8133,345,33.0,6229.0,6.2,52,25.2,28.11216584,82.17598029,6.89,2.44,0.14,188.07,518.16,41.66,22.48,36.99,Dang,direct_overlay,False,0.0,direct_overlay,FMR_148,14.153132250580047,72.33461538461538,4.230501672240802,6.4375,93.59466357308584,39.159032170265924,46.21516711877539,212.81067285382832,9.629081650455172,372.15929557256356,153.59466357308582,39.159032170265924,62.74409273861011,2.509763709544404,-1.9791666666666652,51.666666666666664
269,Dang,Panchakaule,6,120,0,40,,Urea,top dressed ,knee ht+shoulder ht,T6-VBT730aZ,28.1064231,82.17775214,518.0,5.0,22867,17900,9933,397,31.0,7823.0,7.8,65,15.7,28.1064231,82.17775214,6.85,2.51,0.14,184.33,500.34,39.42,23.33,37.52,Dang,direct_overlay,False,0.0,direct_overlay,FMR_038,14.559164733178653,70.89615384615385,4.0850108203816635,6.4375,95.28973317865427,38.70296018873818,44.627935247168274,209.42053364269145,14.851105838947822,376.00039670185276,155.28973317865427,38.70296018873818,61.15686086700299,2.4462744346801197,11.354166666666664,65.0
270,Dang,Panchakaule,6,120,0,40,,Urea,top dressed ,knee ht+shoulder ht,T6-UHJ347yF,28.11109824,82.18935379,523.0,5.0,20333,16800,7900,391,28.0,7903.0,7.9,66,14.5,28.11109824,82.18935379,6.75,2.43,0.14,211.8,503.95,40.94,23.99,37.47,Dang,direct_overlay,False,0.0,direct_overlay,FMR_156,14.095127610208817,81.46153846153847,4.114484556364351,6.4375,89.85643851508121,44.27657477021239,49.029938804610325,220.28712296983758,0.0,365.34754809284306,149.8564385150812,44.27657477021239,65.55886442444503,2.622354576977801,12.187500000000004,65.83333333333333
271,Dang,Panchakaule,7,0,60,40,,,,,T7-RGV353dF,28.11221194,82.17595917,515.0,5.0,17667,13233,7333,304,33.0,5592.0,5.6,0,0.0,28.11221194,82.17595917,6.89,2.44,0.14,188.28,517.7,41.71,22.46,36.98,Dang,direct_overlay,False,0.0,direct_overlay,FMR_148,14.153132250580047,72.41538461538461,4.226746016132205,6.4375,93.59466357308584,39.19941678565054,46.17413929556512,212.81067285382832,9.166677804301301,372.2585829047324,93.59466357308584,44.439591458139624,62.703064915399835,2.5081225966159937,-837.5000000000003,5600.0
272,Dang,Panchakaule,7,0,60,40,,,,,T7-TOB430dI,28.10637738,82.17761359,512.0,5.0,22633,17233,9700,390,27.0,8091.0,8.1,0,0.0,28.10637738,82.17761359,6.84,2.52,0.14,182.85,503.88,39.42,23.38,37.4,Dang,direct_overlay,False,0.0,direct_overlay,FMR_038,14.617169373549885,70.32692307692307,4.11391304347826,6.4375,95.42088167053365,38.47454274495805,45.06032189355411,209.1582366589327,17.466485570230322,374.954021017599,95.42088167053365,43.71471741744713,61.58924751338883,2.4635699005355534,1662.4999999999995,8100.0
273,Dang,Panchakaule,7,0,60,40,,,,,T7-RNH317uC,28.11110599,82.18931783,521.0,5.0,19700,14600,9933,392,26.0,8308.0,8.3,0,0.0,28.11110599,82.18931783,6.76,2.44,0.14,211.71,502.57,41.03,24.0,37.41,Dang,direct_overlay,False,0.0,direct_overlay,FMR_156,14.153132250580047,81.42692307692307,4.103217588038559,6.4375,90.46682134570766,44.236459218275925,48.44406482955976,219.06635730858468,0.0,366.7653631124654,90.46682134570766,49.47663389076501,64.97299044939447,2.598919617975779,1862.5000000000007,8300.0
274,Dang,Panchakaule,8,0,0,0,,,,,T8-PER323xC,28.11207976,82.17598625,518.0,5.0,11333,7733,4033,335,30.0,3204.0,3.2,0,0.0,28.11207976,82.17598625,6.9,2.44,0.14,187.66,519.0,41.56,22.5,37.01,Dang,direct_overlay,False,0.0,direct_overlay,FMR_148,14.153132250580047,72.17692307692307,4.237359826873893,6.4375,93.83526682134573,39.03585132964483,46.0025714202178,212.32946635730855,11.03950227556672,372.6737771630729,93.83526682134573,39.03585132964483,46.0025714202178,1.8401028568087119,-3237.5,3200.0
275,Dang,Panchakaule,8,0,0,0,,,,,T8-KWQ240jM,28.10644745,82.17772549,512.0,5.0,20400,14933,7567,392,31.0,5942.0,5.9,0,0.0,28.10644745,82.17772549,6.85,2.52,0.14,183.66,501.17,39.35,23.39,37.51,Dang,direct_overlay,False,0.0,direct_overlay,FMR_038,14.617169373549885,70.63846153846154,4.091787330316741,6.4375,95.66937354988399,38.58708169730502,44.54798775190981,208.66125290023203,16.17791456585756,376.1938696403783,95.66937354988399,38.58708169730502,44.54798775190981,1.7819195100763923,-537.4999999999997,5900.0
276,Dang,Panchakaule,8,0,0,0,,,,,T8-LHP906qJ,28.11101442,82.18944641,522.0,5.0,16433,11567,7467,495,27.0,6160.0,6.2,0,0.0,28.11101442,82.18944641,6.74,2.43,0.14,212.34,509.25,40.57,24.04,37.65,Dang,direct_overlay,False,0.0,direct_overlay,FMR_156,14.095127610208817,81.66923076923077,4.157756246311233,6.4375,89.61682134570766,44.417173969302155,49.82870018487792,220.76635730858467,0.0,363.4145455525955,89.61682134570766,44.417173969302155,49.82870018487792,1.9931480073951167,-237.49999999999983,6200.0
277,Dang,Panchakaule,9,120,60,40,,Urea ,top dressed ,V6 and V10 stages,T9-WSF110fP,28.11215478,82.17595289,521.0,5.0,18000,14867,9933,380,33.0,7574.0,7.6,63,36.4,28.11215478,82.17595289,6.89,2.44,0.14,187.99,518.14,41.63,22.47,36.99,Dang,direct_overlay,False,0.0,direct_overlay,FMR_148,14.153132250580047,72.30384615384615,4.230338382844776,6.4375,93.59466357308584,39.14364755488131,46.21338330037495,212.81067285382832,9.805235496608976,372.1636124130926,153.59466357308582,44.383822227370395,62.742308920209666,2.5096923568083866,9.687499999999996,63.333333333333336
278,Dang,Panchakaule,9,120,60,40,,Urea ,top dressed ,V6 and V10 stages,T9-GAO173fB,28.10638367,82.17762642,515.0,5.0,23667,17000,9967,401,28.0,8143.0,8.1,68,18.3,28.10638367,82.17762642,6.85,2.52,0.14,182.96,503.6,39.42,23.38,37.41,Dang,direct_overlay,False,0.0,direct_overlay,FMR_038,14.617169373549885,70.36923076923077,4.111626991933897,6.4375,95.66937354988399,38.45246631268963,44.76398553756566,208.66125290023203,17.719260719703737,375.67115499909113,155.66937354988397,43.69264098517871,61.29291115740037,2.4517164462960146,13.854166666666663,67.5
279,Dang,Panchakaule,9,120,60,40,,Urea ,top dressed ,V6 and V10 stages,T9-GRI552tX,28.11107276,82.18939444,519.0,5.0,24200,17000,9800,400,31.0,7673.0,7.7,64,12.6,28.11107276,82.18939444,6.75,2.43,0.14,212.0,505.97,40.8,24.0,37.54,Dang,direct_overlay,False,0.0,direct_overlay,FMR_156,14.095127610208817,81.53846153846153,4.130976785362974,6.4375,89.85643851508121,44.315036308673925,49.226467183190174,220.28712296983758,0.0,364.87194941667974,149.8564385150812,49.55521098116301,65.75539280302489,2.6302157121209957,10.520833333333336,64.16666666666667
280,Dang,Pawannagar,1,120,60,40,,Urea,top dressed ,knee ht+shoulder ht,T1-EUC933cN,28.17022359,82.26103473,718.0,5.0,28167,14000,7700,345,23.0,6764.0,6.8,56,14.8,28.17022359,82.26103473,6.65,2.74,0.13,230.26,556.21,45.52,16.89,37.17,Dang,direct_overlay,False,0.0,direct_overlay,FMR_104,15.893271461716939,88.56153846153846,4.541159748180208,6.4375,98.61774941995361,48.668305483669464,51.52830119839885,202.76450116009278,0.0,359.30151109987474,158.6177494199536,53.90848015615855,68.05722681823356,2.7222890727293425,3.0208333333333317,56.666666666666664
281,Dang,Pawannagar,1,120,60,40,,Urea,top dressed ,knee ht+shoulder ht,T1-LBO397hM,28.17092013,82.26028623,722.0,5.0,24433,12000,4083,321,14.0,3972.0,4.0,33,-19.5,28.17092013,82.26028623,6.68,2.8,0.13,225.98,557.33,44.69,17.0,36.94,Dang,direct_overlay,False,0.0,direct_overlay,FMR_105,16.241299303944313,86.91538461538461,4.550303954357663,6.4375,101.60556844547561,47.82790112439764,49.83732795137165,196.78886310904878,0.0,363.39366635768056,161.60556844547563,53.068075796886724,66.36625357120636,2.6546501428482543,-20.3125,33.333333333333336
282,Dang,Pawannagar,1,120,60,40,,Urea,top dressed ,knee ht+shoulder ht,T1-ZTT679gP,28.17028068,82.25943865,710.0,5.0,25200,14333,8067,324,32.0,6261.0,6.3,52,0.7,28.17028068,82.25943865,6.69,2.87,0.13,237.77,539.54,44.6,17.37,36.98,Dang,direct_overlay,False,0.0,direct_overlay,FMR_029,16.647331786542924,91.45,4.405058036592562,6.4375,104.42871229698378,50.164552059164734,46.94896953243012,191.14257540603245,0.0,370.38349373151914,164.42871229698378,55.40472673165382,63.477895152264836,2.5391158060905936,-1.1458333333333348,52.5
283,Dang,Pawannagar,2,120,60,40,,PCU,basal ,planting time,T2-GRN650lY,28.17021517,82.26098662,712.0,5.0,27333,13333,7833,355,24.0,6747.0,6.7,56,14.7,28.17021517,82.26098662,6.65,2.74,0.13,230.07,554.95,45.59,16.83,37.12,Dang,direct_overlay,False,0.0,direct_overlay,FMR_104,15.893271461716939,88.48846153846154,4.530872516230572,6.4375,98.61774941995361,48.631767022131,51.41157251766679,202.76450116009278,0.0,359.58399450724636,158.6177494199536,53.871941694620084,67.9404981375015,2.71761992550006,2.1875000000000013,55.833333333333336
284,Dang,Pawannagar,2,120,60,40,,PCU,basal ,planting time,T2-VWM661fE,28.17090923,82.26048371,729.0,5.0,28800,11333,3710,316,20.0,3373.0,3.4,28,-24.5,28.17090923,82.26048371,6.67,2.79,0.13,228.24,561.77,44.81,16.75,36.91,Dang,direct_overlay,False,0.0,direct_overlay,FMR_105,16.183294663573086,87.78461538461538,4.586554200275428,6.4375,100.96757540603248,48.28514165402463,50.6695552123151,198.06484918793504,0.0,361.3796763861974,160.9675754060325,53.52531632651371,67.19848083214981,2.6879392332859924,-25.3125,28.333333333333332
285,Dang,Pawannagar,2,120,60,40,,PCU,basal ,planting time,T2-AVP115qG,28.17035967,82.25950529,719.0,5.0,30000,13333,8417,356,26.0,7116.0,7.1,59,7.8,28.17035967,82.25950529,6.69,2.86,0.13,236.05,542.74,44.59,17.38,37.01,Dang,direct_overlay,False,0.0,direct_overlay,FMR_029,16.589327146171694,90.78846153846153,4.431184339956718,6.4375,104.06484918793505,49.8183140058897,47.37304666909187,191.8703016241299,0.0,369.35722706079764,164.06484918793507,55.05848867837878,63.901972288926586,2.556078891557063,5.52083333333333,59.166666666666664
286,Dang,Pawannagar,3,60,60,40,,PCU,basal ,planting time,T3-EIM615iM,28.17016836,82.26097615,716.0,5.0,27000,11667,8100,360,24.0,7014.0,7.0,117,33.8,28.17016836,82.26097615,6.65,2.74,0.13,230.15,555.03,45.62,16.83,37.11,Dang,direct_overlay,False,0.0,direct_overlay,FMR_104,15.893271461716939,88.51923076923077,4.531525673814676,6.4375,98.61774941995361,48.64715163751562,51.41898386247517,202.76450116009278,0.0,359.5660590528101,128.6177494199536,53.8873263100047,67.94790948230988,2.7179163792923955,9.375,116.66666666666667
287,Dang,Pawannagar,3,60,60,40,,PCU,basal ,planting time,T3-KJZ443iI,28.17092063,82.26029889,719.0,5.0,28533,12333,7333,314,19.0,6792.0,6.8,113,8.0,28.17092063,82.26029889,6.68,2.8,0.13,226.11,557.63,44.7,16.98,36.94,Dang,direct_overlay,False,0.0,direct_overlay,FMR_105,16.241299303944313,86.96538461538462,4.552753295298052,6.4375,101.60556844547561,47.85290112439765,49.86415442470954,196.78886310904878,0.0,363.3287462922029,131.60556844547563,53.09307579688673,66.39308004454425,2.65572320178177,6.041666666666663,113.33333333333333
288,Dang,Pawannagar,3,60,60,40,,PCU,basal ,planting time,T3-KTG153uV,28.17035833,82.2594058,727.0,5.0,27433,13000,9000,348,24.0,7742.0,7.7,129,26.1,28.17035833,82.2594058,6.69,2.86,0.13,236.52,539.04,44.53,17.46,37.03,Dang,direct_overlay,False,0.0,direct_overlay,FMR_029,16.589327146171694,90.96923076923078,4.400975801691914,6.4375,104.06484918793505,49.90869862127432,47.050092266107676,191.8703016241299,0.0,370.13877671601944,134.06484918793507,55.1488732937634,63.57901788594239,2.5431607154376956,21.04166666666667,128.33333333333334
289,Dang,Pawannagar,4,78,60,40,,UDP,basal ,planting time,T4-IIP422tJ,28.17020536,82.26101864,718.0,5.0,23333,13000,7067,335,24.0,6095.0,6.1,78,14.2,28.17020536,82.26101864,6.65,2.74,0.13,230.23,555.9,45.55,16.88,37.15,Dang,direct_overlay,False,0.0,direct_overlay,FMR_104,15.893271461716939,88.55,4.538628762541805,6.4375,98.61774941995361,48.66253625290023,51.49958223726635,202.76450116009278,0.0,359.3710109858155,137.6177494199536,53.902710925389314,68.02850785710106,2.721140314284043,-4.326923076923081,78.2051282051282
290,Dang,Pawannagar,4,78,60,40,,UDP,basal ,planting time,T4-ZKB895dJ,28.17097864,82.26035999,726.0,5.0,30000,13333,6843,345,20.0,6260.0,6.3,80,-0.7,28.17097864,82.26035999,6.67,2.8,0.13,226.32,559.75,44.67,16.92,36.93,Dang,direct_overlay,False,0.0,direct_overlay,FMR_105,16.241299303944313,87.04615384615384,4.570061971276804,6.4375,101.32946635730856,47.93165580938783,50.328748654079206,197.34106728538288,0.0,362.20442825712826,140.32946635730855,53.17183048187691,66.85767427391391,2.6743069709565566,-1.762820512820515,80.76923076923077
291,Dang,Pawannagar,4,78,60,40,,UDP,basal ,planting time,T4-BMF179lK,28.17032749,82.25954737,719.0,5.0,27133,13333,7767,318,28.0,6399.0,6.4,82,2.9,28.17032749,82.25954737,6.7,2.86,0.13,236.5,544.22,44.63,17.32,36.99,Dang,direct_overlay,False,0.0,direct_overlay,FMR_029,16.589327146171694,90.96153846153845,4.44326775526264,6.4375,104.34686774941996,49.86449892914509,47.2397851792895,191.3062645011601,0.0,369.6797198661194,143.34686774941997,55.104673601634175,63.76871079912421,2.5507484319649683,-0.48076923076922623,82.05128205128206
292,Dang,Pawannagar,5,60,60,40,6.0,Urea,top dressed ,knee ht+shoulder ht,T5-CIW169zM,28.17011991,82.26089777,709.0,5.0,27733,12667,6967,359,26.0,5882.0,5.9,98,15.0,28.17011991,82.26089777,6.65,2.75,0.13,230.0,553.32,45.74,16.74,37.04,Dang,direct_overlay,False,0.0,direct_overlay,FMR_104,15.951276102088167,88.46153846153845,4.517564430454456,6.4375,98.97766821345708,48.63431838970194,51.09695721147399,202.04466357308584,0.0,360.34536354823297,128.9776682134571,53.87449306219102,67.6258828313087,2.7050353132523477,-8.958333333333327,98.33333333333333
293,Dang,Pawannagar,5,60,60,40,6.0,Urea,top dressed ,knee ht+shoulder ht,1514631,28.17095705,82.2603247,724.0,5.0,29133,12000,7833,330,18.0,7299.0,7.3,122,16.5,28.17095705,82.2603247,6.67,2.8,0.13,226.06,558.6,44.68,16.96,36.94,Dang,direct_overlay,False,0.0,direct_overlay,FMR_105,16.241299303944313,86.94615384615385,4.560672831005311,6.4375,101.32946635730856,47.88165580938783,50.22534881316418,197.34106728538288,0.0,362.45465587214267,131.32946635730855,53.12183048187691,66.7542744329989,2.670170977319956,14.374999999999996,121.66666666666667
294,Dang,Pawannagar,5,60,60,40,6.0,Urea,top dressed ,knee ht+shoulder ht,T5-JOW605eQ,28.1702466,82.25951476,714.0,5.0,23333,14400,8600,327,28.0,7085.0,7.1,118,15.2,28.1702466,82.25951476,6.69,2.86,0.13,237.66,543.91,44.67,17.29,36.96,Dang,direct_overlay,False,0.0,direct_overlay,FMR_029,16.589327146171694,91.4076923076923,4.440736769624237,6.4375,104.06484918793505,50.12792939050508,47.4751700884139,191.8703016241299,0.0,369.11008838603834,134.06484918793507,55.36810406299416,64.00409570824861,2.5601638283299444,11.04166666666666,118.33333333333333
295,Dang,Pawannagar,6,120,0,40,,Urea,top dressed ,knee ht+shoulder ht,T6-AON451aB,28.17022996,82.26104303,712.0,5.0,25200,13000,8333,348,28.0,6828.0,6.8,57,15.4,28.17022996,82.26104303,6.65,2.74,0.13,230.28,556.39,45.51,16.9,37.17,Dang,direct_overlay,False,0.0,direct_overlay,FMR_104,15.893271461716939,88.56923076923077,4.5426293527444415,6.4375,98.61774941995361,48.67215163751562,51.54497672421772,202.76450116009278,0.0,359.2611563273931,158.6177494199536,48.67215163751562,68.07390234405243,2.722956093762097,3.0208333333333317,56.666666666666664
296,Dang,Pawannagar,6,120,0,40,,Urea,top dressed ,knee ht+shoulder ht,T6-EDX829pT,28.17085437,82.26039025,719.0,5.0,27967,15000,8373,355,19.0,7698.0,7.7,64,11.6,28.17085437,82.26039025,6.67,2.8,0.13,227.63,558.9,44.82,16.85,36.93,Dang,direct_overlay,False,0.0,direct_overlay,FMR_105,16.241299303944313,87.55,4.5631221719457,6.4375,101.32946635730856,48.183578886310904,50.252322684707224,197.34106728538288,0.0,362.3893791030085,161.32946635730855,48.183578886310904,66.78124830454193,2.671249932181677,10.520833333333336,64.16666666666667
297,Dang,Pawannagar,6,120,0,40,,Urea,top dressed ,knee ht+shoulder ht,T6-UHB986hJ,28.17038805,82.25948224,715.0,5.0,26100,13333,9400,342,26.0,7915.0,7.9,66,14.5,28.17038805,82.25948224,6.69,2.86,0.13,235.62,542.07,44.56,17.42,37.03,Dang,direct_overlay,False,0.0,direct_overlay,FMR_029,16.589327146171694,90.62307692307692,4.425714145189848,6.4375,104.06484918793505,49.73562169819739,47.3145657366596,191.8703016241299,0.0,369.49875091728376,164.06484918793507,49.73562169819739,63.84349135649431,2.553739654259773,12.187500000000004,65.83333333333333
298,Dang,Pawannagar,7,0,60,40,,,,,T7-VQA499uA,28.17022183,82.26104169,711.0,5.0,26667,11667,5200,357,27.0,4325.0,4.3,0,0.0,28.17022183,82.26104169,6.65,2.74,0.13,230.29,556.41,45.52,16.9,37.17,Dang,direct_overlay,False,0.0,direct_overlay,FMR_104,15.893271461716939,88.57307692307691,4.542792642140467,6.4375,98.61774941995361,48.67407471443869,51.54682956041981,202.76450116009278,0.0,359.25667246378407,98.61774941995361,53.91424938692777,68.07575518025452,2.7230302072101806,-2137.5,4300.0
299,Dang,Pawannagar,7,0,60,40,,,,,T7-RLI855vS,28.17083945,82.26036527,717.0,5.0,26667,12000,318,5760,19.0,5315.0,5.3,0,0.0,28.17083945,82.26036527,6.67,2.8,0.13,227.52,558.21,44.82,16.88,36.93,Dang,direct_overlay,False,0.0,direct_overlay,FMR_105,16.241299303944313,87.50769230769231,4.557488687782805,6.4375,101.32946635730856,48.16242504015706,50.19028278015821,197.34106728538288,0.0,362.5395156720171,101.32946635730856,53.40259971264614,66.71920839999292,2.668768335999717,-1137.5000000000002,5300.0
300,Dang,Pawannagar,7,0,60,40,,,,,T7-GDO234eL,28.17027598,82.2594633,718.0,5.0,26467,13000,9133,337,24.0,7919.0,7.9,0,0.0,28.17027598,82.2594633,6.69,2.87,0.13,237.72,540.7,44.61,17.35,36.97,Dang,direct_overlay,False,0.0,direct_overlay,FMR_029,16.647331786542924,91.43076923076923,4.414528821562069,6.4375,104.42871229698378,50.15493667454935,47.049908859741564,191.14257540603245,0.0,370.13922055942544,104.42871229698378,55.39511134703843,63.57883447957627,2.5431533791830505,1462.5000000000005,7900.0
301,Dang,Pawannagar,8,0,0,0,,,,,T8-QUO842rG,28.17019049,82.26093063,723.0,5.0,15000,9333,5733,351,24.0,4984.0,5.0,0,0.0,28.17019049,82.26093063,6.64,2.74,0.13,229.9,553.61,45.67,16.77,37.07,Dang,direct_overlay,False,0.0,direct_overlay,FMR_104,15.893271461716939,88.42307692307692,4.519932126696832,6.4375,98.34756380510441,48.63495377476352,51.564661856948646,203.30487238979117,0.0,359.21351830618426,98.34756380510441,48.63495377476352,51.564661856948646,2.062586474277946,-1437.5,5000.0
302,Dang,Pawannagar,8,0,0,0,,,,,T8-QHJ315gO,28.17088765,82.26043132,730.0,5.0,23333,10000,6900,325,20.0,6312.0,6.3,0,0.0,28.17088765,82.26043132,6.67,2.8,0.13,227.8,560.24,44.81,16.81,36.92,Dang,direct_overlay,False,0.0,direct_overlay,FMR_105,16.241299303944313,87.61538461538461,4.57406256147944,6.4375,101.32946635730856,48.21627119400321,50.372805977599526,197.34106728538288,0.0,362.09780953420915,101.32946635730856,48.21627119400321,50.372805977599526,2.014912239103981,-137.50000000000017,6300.0
303,Dang,Pawannagar,8,0,0,0,,,,,T8-AVJ742xT,28.17030632,82.25940471,717.0,5.0,16667,9667,6967,350,22.0,6175.0,6.2,0,0.0,28.17030632,82.25940471,6.69,2.87,0.13,237.43,538.41,44.56,17.42,36.99,Dang,direct_overlay,False,0.0,direct_overlay,FMR_029,16.647331786542924,91.31923076923077,4.395832185717095,6.4375,104.42871229698378,50.09916744378012,46.85064070496293,191.14257540603245,0.0,370.6214494939897,104.42871229698378,50.09916744378012,46.85064070496293,1.874025628198517,-237.49999999999983,6200.0
304,Dang,Pawannagar,9,120,60,40,,Urea ,top dressed ,V6 and V10 stages,T9-YFO621dQ,28.17028072,82.26110045,716.0,7.0,26000,10000,7800,342,25.0,6621.0,6.6,55,13.6,28.17028072,82.26110045,6.65,2.73,0.14,230.45,557.68,45.41,16.96,37.23,Dang,direct_overlay,False,0.0,direct_overlay,FMR_104,15.835266821345709,88.63461538461537,4.553161518788116,6.4375,98.25783062645013,48.68883103917543,51.830442387118325,203.48433874709974,0.0,358.57032942317363,158.25783062645013,53.929005711664516,68.35936800695303,2.7343747202781215,1.3541666666666639,55.0
305,Dang,Pawannagar,9,120,60,40,,Urea ,top dressed ,V6 and V10 stages,T9-KPY505aN,28.17086217,82.26049201,724.0,5.0,29883,14000,8767,320,19.0,8089.0,8.1,67,14.8,28.17086217,82.26049201,6.67,2.79,0.13,228.53,561.1,44.87,16.74,36.91,Dang,direct_overlay,False,0.0,direct_overlay,FMR_105,16.183294663573086,87.89615384615384,4.581084005508558,6.4375,100.96757540603248,48.34091088479386,50.60912371545295,198.06484918793504,0.0,361.5259206086039,160.9675754060325,53.58108555728294,67.13804933528766,2.685521973411506,13.854166666666663,67.5
306,Dang,Pawannagar,9,120,60,40,,Urea ,top dressed ,V6 and V10 stages,T9-GCO750pP,28.17031684,82.25955985,717.0,5.0,27800,16667,9933,301,23.0,8714.0,8.7,73,21.2,28.17031684,82.25955985,6.7,2.86,0.13,236.66,544.69,44.64,17.3,36.98,Dang,direct_overlay,False,0.0,direct_overlay,FMR_029,16.589327146171694,91.02307692307691,4.44710505606925,6.4375,104.34686774941996,49.89526815991432,47.2805824653765,191.3062645011601,0.0,369.5809904337889,164.34686774941997,55.135442832403406,63.809508085211206,2.552380323408448,18.85416666666666,72.5
307,Dang,Dhikpur,1,120,60,40,,Urea,top dressed ,knee ht+shoulder ht,T1-EKQ556eE,28.02591811,82.37744009,537.0,5.0,21033,14093,9883,340,26.0,8932.0,8.9,74,17.6,28.02591811,82.37744009,6.68,1.9,0.1,133.17,427.2,44.22,23.81,34.97,Dang,direct_overlay,False,0.0,direct_overlay,FMR_079,11.020881670533642,51.21923076923076,3.4878614991146955,6.4375,68.94663573085846,28.575114224522572,53.259651881166995,262.10672853828305,130.81494212921655,355.11164244757583,128.94663573085847,33.815288897011655,69.78857750100171,2.7915431000400686,20.520833333333336,74.16666666666667
308,Dang,Dhikpur,1,120,60,40,,Urea,top dressed ,knee ht+shoulder ht,T1-DAC820jV,28.02224587,82.36637531,524.0,5.0,26667,15993,8267,296,17.0,7780.0,7.8,65,4.9,28.02224587,82.36637531,6.62,2.0,0.1,130.24,454.47,43.96,25.14,33.29,Dang,direct_overlay,False,0.0,direct_overlay,FMR_023,11.600928074245939,50.09230769230769,3.7105065905961045,6.4375,71.39211136890951,28.3260842405854,56.071415147859206,257.21577726218095,133.6663354452972,348.30717534218076,131.39211136890953,33.56625891307448,72.60034076769392,2.904013630707757,11.354166666666664,65.0
309,Dang,Hapur,1,120,60,40,,Urea,top dressed ,knee ht+shoulder ht,T1-OUF373hZ,28.08776428,82.42327477,635.0,5.0,28333,15000,6667,281,22.0,5879.0,5.9,49,3.0,28.08776428,82.42327477,6.55,1.67,0.08,198.91,768.85,43.76,19.22,38.82,Dang,direct_overlay,False,0.0,direct_overlay,FMR_034,9.68677494199536,76.50384615384615,6.277252606728309,6.4375,58.459686774941986,41.12950065812957,114.20536753598455,283.08062645011603,0.0,207.6230105629174,118.45968677494199,46.369675330618655,130.73429315581927,4.7383874709976785,-4.479166666666663,49.166666666666664
310,Dang,Dhuruwa,1,120,60,40,,Urea,top dressed ,knee ht+shoulder ht,T1-DYC999kJ,28.02165771,82.32455607,491.0,5.0,26617,13590,7967,287,18.0,7460.0,7.5,62,0.7,28.02165771,82.32455607,6.78,2.07,0.11,144.74,426.85,44.87,22.4,31.73,Dang,direct_overlay,False,0.0,direct_overlay,FMR_035,12.006960556844547,55.66923076923077,3.485003934684242,6.4375,77.15672853828306,30.758670489023736,46.8068324460571,245.68654292343388,105.81322290067823,370.72746548054175,137.15672853828306,35.99884516151282,63.33575806589181,2.5334303226356725,8.854166666666666,62.5
311,Dang,Shantinagar,1,120,60,40,,Urea,top dressed ,knee ht+shoulder ht,T1-XLX950uM,28.16904862,82.22781231,645.0,5.0,25667,12333,8067,0,31.0,6334.0,6.3,53,6.5,28.16904862,82.22781231,6.66,3.14,0.13,335.23,452.41,44.9,17.77,36.58,Dang,direct_overlay,False,0.0,direct_overlay,FMR_058,18.213457076566126,128.9346153846154,3.693687782805429,6.4375,113.32412993039445,69.45360583615921,36.95272056611601,173.3517401392111,0.0,394.57441622999926,173.32412993039446,74.6937805086483,53.48164618595072,2.1392658474380286,-1.1458333333333348,52.5
312,Dang,Dhuruwa,1,120,60,40,,Urea,top dressed ,knee ht+shoulder ht,T3-GPX231eB,28.02144033,82.32480668,489.0,5.0,20560,11833,6867,340,26.0,5869.0,5.9,49,-20.3,28.02144033,82.32480668,6.79,2.06,0.11,146.31,425.44,45.2,22.21,31.84,Dang,direct_overlay,False,0.0,direct_overlay,FMR_074,11.948955916473318,56.27307692307692,3.4734920322644096,6.4375,76.98712296983759,31.013637939496697,46.57082704564656,246.02575406032483,102.89384559276283,371.2985985495353,136.98712296983757,36.25381261198578,63.099752665481276,2.523990106619251,-4.479166666666663,49.166666666666664
313,Dang,Shantinagar,1,120,60,40,,Urea,top dressed ,knee ht+shoulder ht,T1-XJM101cL,28.15952841,82.22269943,605.0,5.0,21767,12133,9120,346,26.0,7711.0,7.7,64,14.7,28.15952841,82.22269943,6.82,3.09,0.16,280.61,664.21,44.37,18.6,36.63,Dang,direct_overlay,False,0.0,direct_overlay,FMR_098,17.923433874709975,107.92692307692307,5.422922486720441,6.4375,116.39477958236658,58.1276129305729,50.24799685436733,167.21044083526684,0.0,362.3998476124311,176.3947795823666,63.367787603061984,66.77692247420204,2.6710768989680815,10.520833333333336,64.16666666666667
314,Dang,Shantinagar,1,120,60,40,,Urea,top dressed ,knee ht+shoulder ht,T1-REL117aO,28.16819865,82.22613651,643.0,5.0,28100,14000,8667,335,21.0,7820.0,7.8,65,14.4,28.16819865,82.22613651,6.71,3.25,0.15,342.41,603.45,44.72,17.82,36.63,Dang,direct_overlay,False,0.0,direct_overlay,FMR_116,18.85150812064965,131.69615384615386,4.926849301593546,6.4375,118.89646171693734,70.7830718476709,46.49843987627872,162.20707656612532,0.0,371.47377549940546,178.89646171693732,76.02324652015997,63.02736549611343,2.521094619844537,11.354166666666664,65.0
315,Dang,Dhikpur,2,120,60,40,,PCU,basal ,planting time,T2-DYA118fA,28.02591564,82.37738016,536.0,5.0,20717,13710,9583,342,24.0,8277.0,8.3,69,12.1,28.02591564,82.37738016,6.68,1.9,0.1,133.53,428.92,44.21,23.77,35.01,Dang,direct_overlay,False,0.0,direct_overlay,FMR_079,11.020881670533642,51.357692307692304,3.5019043871729294,6.4375,68.94663573085846,28.644344993753343,53.47408680915298,262.10672853828305,130.0222498215242,354.59270992184975,128.94663573085847,33.884519666242426,70.00301242898769,2.8001204971595075,15.52083333333334,69.16666666666667
316,Dang,Dhikpur,2,120,60,40,,PCU,basal ,planting time,T2-ANT105wF,28.02229549,82.36624857,511.0,5.0,27377,16727,8933,310,15.0,8692.0,8.7,72,12.5,28.02229549,82.36624857,6.62,2.0,0.1,131.28,458.52,43.86,25.14,33.38,Dang,direct_overlay,False,0.0,direct_overlay,FMR_023,11.600928074245939,50.49230769230769,3.743572693291363,6.4375,71.39211136890951,28.526084240585398,56.57109440358308,257.21577726218095,131.3763354452972,347.0979515433289,131.39211136890953,33.76625891307448,73.1000200234178,2.924000800936712,18.85416666666666,72.5
317,Dang,Hapur,2,120,60,40,,PCU,basal ,planting time,T2-OAU986qT,28.08774672,82.4232223,633.0,5.0,29667,13333,5833,279,24.0,5038.0,5.0,42,-4.1,28.08774672,82.4232223,6.55,1.67,0.08,197.97,769.9,43.81,19.19,38.86,Dang,direct_overlay,False,0.0,direct_overlay,FMR_034,9.68677494199536,76.1423076923077,6.285825300019672,6.4375,58.459686774941986,40.94873142736034,114.3613350665988,283.08062645011603,0.0,207.24556913883092,118.45968677494199,46.188906099849426,130.89026068643352,4.7383874709976785,-11.979166666666666,41.666666666666664
318,Dang,Dhuruwa,2,120,60,40,,PCU,basal ,planting time,T2-UGC548vT,28.02156044,82.32449303,508.0,5.0,28420,17290,8000,330,21.0,7227.0,7.2,60,-1.2,28.02156044,82.32449303,6.78,2.07,0.11,145.93,427.98,45.02,22.14,31.77,Dang,direct_overlay,False,0.0,direct_overlay,FMR_035,12.006960556844547,56.12692307692308,3.494229785559708,6.4375,77.15672853828306,30.98751664286989,46.930744173043244,245.68654292343388,103.19293443913978,370.42759910123533,137.15672853828306,36.22769131535897,63.45966979287796,2.5383867917151184,6.354166666666669,60.0
319,Dang,Shantinagar,2,120,60,40,,PCU,basal ,planting time,T2-QDM972fI,28.16894862,82.227572,649.0,5.0,26333,11333,7667,301,29.0,6186.0,6.2,52,5.3,28.16894862,82.227572,6.63,3.09,0.13,329.31,438.63,44.69,18.02,36.66,Dang,direct_overlay,False,0.0,direct_overlay,FMR_058,17.923433874709975,126.6576923076923,3.581181388943537,6.4375,110.60551044083525,68.35713110164197,36.93550149141752,178.7889791183295,0.0,394.6160863907696,170.60551044083525,73.59730577413106,53.464427111252235,2.1385770844500893,-1.9791666666666652,51.666666666666664
320,Dang,Dhuruwa,2,120,60,40,,PCU,basal ,planting time,T2-VLN500xY,28.02133778,82.32476922,508.0,5.0,27883,13550,6867,312,17.0,6508.0,6.5,54,-15.0,28.02133778,82.32476922,6.8,2.05,0.11,147.65,424.22,45.35,21.97,31.86,Dang,direct_overlay,False,0.0,direct_overlay,FMR_074,11.890951276102086,56.78846153846154,3.463531379106826,6.4375,76.81554524361948,31.22427717294307,46.355456050261594,246.36890951276104,100.48202636980187,371.81979635836694,136.81554524361948,36.46445184543215,62.8843816700963,2.5153752668038525,0.5208333333333334,54.166666666666664
321,Dang,Shantinagar,2,120,60,40,,PCU,basal ,planting time,T2-BGK774bP,28.15943969,82.22277763,605.0,5.0,22607,12067,9580,336,26.0,8045.0,8.0,67,17.5,28.15943969,82.22277763,6.82,3.09,0.16,279.37,660.07,44.49,18.5,36.61,Dang,direct_overlay,False,0.0,direct_overlay,FMR_098,17.923433874709975,107.45,5.389121581743065,6.4375,116.39477958236658,57.889151392111366,49.934802673344635,167.21044083526684,0.0,363.157777530506,176.3947795823666,63.12932606460045,66.46372829317934,2.6585491317271734,13.020833333333334,66.66666666666667
322,Dang,Shantinagar,2,120,60,40,,PCU,basal ,planting time,T2-EZZ320fN,28.16824991,82.22633131,637.0,5.0,25500,12333,7333,340,21.0,6617.0,6.6,55,4.4,28.16824991,82.22633131,6.72,3.27,0.15,342.48,607.41,44.5,17.87,36.6,Dang,direct_overlay,False,0.0,direct_overlay,FMR_116,18.96751740139211,131.72307692307692,4.959180602006688,6.4375,119.95058004640372,70.77943637337141,46.28729453430853,160.09883990719257,0.0,371.98474722697335,179.95058004640373,76.0196110458605,62.81622015414324,2.5126488061657297,1.3541666666666639,55.0
323,Dang,Dhikpur,3,60,60,40,,PCU,basal ,planting time,T3-SOO644dU,28.02600524,82.37724898,533.0,5.0,21000,14310,9383,325,22.0,8370.0,8.4,140,25.8,28.02600524,82.37724898,6.66,1.9,0.1,131.29,433.8,44.19,23.56,35.21,Dang,direct_overlay,False,0.0,direct_overlay,FMR_079,11.020881670533642,50.49615384615384,3.541746999803265,6.4375,68.57192575406033,28.265263698018913,54.67679658796925,262.85614849187937,134.36273065768344,351.6821522571144,98.57192575406033,33.505438370507996,71.20572220780396,2.8482288883121583,32.70833333333334,140.0
324,Dang,Dhikpur,3,60,60,40,,PCU,basal ,planting time,T3-VYC933hT,28.02235211,82.36640532,517.0,5.0,26507,14677,9400,320,16.0,8930.0,8.9,149,29.0,28.02235211,82.36640532,6.62,2.0,0.1,132.04,458.98,44.12,24.94,33.28,Dang,direct_overlay,False,0.0,direct_overlay,FMR_023,11.600928074245939,50.78461538461538,3.74732834939996,6.4375,71.39211136890951,28.67223808673924,56.627848096825794,257.21577726218095,129.7028739068357,346.96060760568156,101.39211136890951,33.912412759228324,73.15677371666051,2.9262709486664202,41.04166666666667,148.33333333333334
325,Dang,Hapur,3,60,60,40,,PCU,basal ,planting time,T3-PMY385xU,28.08773058,82.42307905,638.0,5.0,28333,13333,6167,235,23.0,5368.0,5.4,89,-2.6,28.08773058,82.42307905,6.54,1.67,0.08,195.8,771.24,43.95,19.13,39.0,Dang,direct_overlay,False,0.0,direct_overlay,FMR_034,9.68677494199536,75.3076923076923,6.296765689553412,6.4375,58.29501160092807,40.54990125825451,115.1478684686035,283.4099767981439,0.0,205.34215830597952,88.29501160092806,45.79007593074359,131.6767940884382,3.5318004640371226,-17.29166666666666,90.0
326,Dang,Dhuruwa,3,60,60,40,,PCU,basal ,planting time,T3-ZYU715nN,28.02167741,82.32446068,492.0,5.0,27817,15093,7267,318,18.0,6746.0,6.7,112,-10.5,28.02167741,82.32446068,6.78,2.08,0.11,144.9,429.2,44.87,22.3,31.74,Dang,direct_overlay,False,0.0,direct_overlay,FMR_035,12.064965197215777,55.73076923076923,3.5041904387172926,6.4375,77.52946635730858,30.803565589862572,46.873447420243636,244.94106728538284,105.29917399607355,370.5662572430104,107.52946635730858,36.043740262351655,63.402373040078345,2.536094921603134,4.375000000000003,111.66666666666667
327,Dang,Shantinagar,3,60,60,40,,PCU,basal ,planting time,T3-WVK807wL,28.16910478,82.22770879,645.0,5.0,24667,10667,7333,301,34.0,549.0,0.5,9,-83.4,28.16910478,82.22770879,6.65,3.14,0.13,333.57,451.29,44.95,17.77,36.54,Dang,direct_overlay,False,0.0,direct_overlay,FMR_058,18.213457076566126,128.29615384615383,3.6845435766279757,6.4375,113.0145011600928,69.17612941727644,37.06157210576908,173.9709976798144,0.0,394.31099550403883,143.0145011600928,74.41630408976553,53.5904977256038,2.1436199090241517,-98.95833333333333,8.333333333333334
328,Dang,Dhuruwa,3,60,60,40,,PCU,basal ,planting time,T3-GPX231eB,28.02137277,82.32482202,519.0,5.0,22890,10493,5433,345,18.0,5075.0,5.1,85,-53.8,28.02137277,82.32482202,6.79,2.06,0.11,146.99,425.32,45.3,22.09,31.86,Dang,direct_overlay,False,0.0,direct_overlay,FMR_074,11.948955916473318,56.534615384615385,3.4725122958882544,6.4375,76.98712296983759,31.14440717026593,46.55769123508461,246.02575406032483,101.39653790045512,371.3303872110952,106.98712296983759,36.38458184275501,63.08661685491933,2.5234646741967732,-22.291666666666675,85.0
329,Dang,Shantinagar,3,60,60,40,,PCU,basal ,planting time,T3-ZPF376uO,28.15956936,82.22263573,602.0,5.0,17800,12677,9020,384,25.0,7677.0,7.7,128,28.8,28.15956936,82.22263573,6.82,3.1,0.16,281.69,662.05,44.38,18.62,36.65,Dang,direct_overlay,False,0.0,direct_overlay,FMR_098,17.98143851508121,108.34230769230768,5.405287231949636,6.4375,116.77146171693738,58.34878145636266,49.94079850593453,166.45707656612524,0.0,363.1432676156384,146.77146171693738,63.58895612885174,66.46972412576925,2.65878896503077,21.04166666666667,128.33333333333334
330,Dang,Shantinagar,3,60,60,40,,PCU,basal ,planting time,T3-FBJ805bF,28.16818118,82.22611975,643.0,5.0,24467,13333,8667,322,21.0,7770.0,7.8,130,28.0,28.16818118,82.22611975,6.71,3.25,0.15,342.59,603.01,44.74,17.82,36.63,Dang,direct_overlay,False,0.0,direct_overlay,FMR_116,18.85150812064965,131.7653846153846,4.923256934880976,6.4375,118.89646171693734,70.81768723228626,46.464535967842956,162.20707656612532,0.0,371.55582295782006,148.89646171693732,76.05786190477534,62.99346158767767,2.5197384635071067,22.70833333333333,130.0
331,Dang,Dhikpur,4,78,60,40,,UDP,basal ,planting time,T4-FCQ762dX,28.02592699,82.37743489,533.0,5.0,21067,17127,9783,353,25.0,10409.0,10.4,133,46.0,28.02592699,82.37743489,6.68,1.9,0.1,132.94,427.13,44.22,23.8,34.98,Dang,direct_overlay,False,0.0,direct_overlay,FMR_079,11.020881670533642,51.130769230769225,3.487289986228605,6.4375,68.94663573085846,28.530883455291807,53.250924878283854,262.10672853828305,131.3213844369088,355.13276179455306,107.94663573085846,33.77105812778089,69.77985049811856,2.7911940199247423,50.80128205128206,133.33333333333334
332,Dang,Dhikpur,4,78,60,40,,UDP,basal ,planting time,T4-NDO933oR,28.02229524,82.36626609,510.0,5.0,26667,13793,8750,310,17.0,8293.0,8.3,106,14.2,28.02229524,82.36626609,6.62,2.0,0.1,130.99,458.01,43.9,25.12,33.36,Dang,direct_overlay,False,0.0,direct_overlay,FMR_023,11.600928074245939,50.38076923076923,3.739408813692701,6.4375,71.39211136890951,28.47031500981617,56.50817183064008,257.21577726218095,132.01489313760487,347.250224169851,110.39211136890951,33.71048968230525,73.03709745047479,2.9214838980189914,23.87820512820514,106.41025641025641
333,Dang,Hapur,4,78,60,40,,UDP,basal ,planting time,T4-BSV944lI,28.08775107,82.42306061,636.0,5.0,31667,13333,9967,296,21.0,8970.0,9.0,115,44.2,28.08775107,82.42306061,6.54,1.66,0.08,195.88,770.77,43.95,19.13,39.01,Dang,direct_overlay,False,0.0,direct_overlay,FMR_034,9.62877030162413,75.33846153846153,6.292928388746803,6.4375,57.94593967517401,40.54794422630733,115.64094378241782,284.108120649652,0.0,204.14891604654886,96.945939675174,45.78811889879641,132.16986940225254,3.8778375870069604,32.8525641025641,115.38461538461539
334,Dang,Dhuruwa,4,78,60,40,,UDP,basal ,planting time,T4-FTP982nT,28.02160365,82.32455766,495.0,5.0,24833,14623,7900,345,18.0,7334.0,7.3,94,-0.5,28.02160365,82.32455766,6.78,2.07,0.11,145.32,426.53,44.94,22.3,31.75,Dang,direct_overlay,False,0.0,direct_overlay,FMR_035,12.006960556844547,55.89230769230769,3.482391304347826,6.4375,77.15672853828306,30.870208950562194,46.771742399476935,245.68654292343388,104.53610751606288,370.81238339326586,116.15672853828306,36.11038362305128,63.300668019311644,2.5320267207724654,11.057692307692305,93.58974358974359
335,Dang,Shantinagar,4,78,60,40,,UDP,basal ,planting time,T4-IOC843aI,28.16890537,82.22773176,646.0,5.0,24000,12000,8000,321,30.0,6373.0,6.4,82,10.5,28.16890537,82.22773176,6.65,3.11,0.13,333.27,443.85,44.69,17.95,36.65,Dang,direct_overlay,False,0.0,direct_overlay,FMR_058,18.039443155452435,128.18076923076922,3.623799921306315,6.4375,111.93474477958236,69.07039839148669,36.7636219511876,176.13051044083528,0.0,395.032034878126,150.93474477958236,74.31057306397577,53.29254757102231,2.1317019028408923,-0.48076923076922623,82.05128205128206
336,Dang,Dhuruwa,4,78,60,40,,UDP,basal ,planting time,T4-UUM197eH,28.02138228,82.32476301,507.0,5.0,29683,15740,7033,358,18.0,6538.0,6.5,84,-22.7,28.02138228,82.32476301,6.79,2.05,0.11,147.17,424.38,45.28,22.06,31.84,Dang,direct_overlay,False,0.0,direct_overlay,FMR_074,11.890951276102086,56.60384615384615,3.464837694275034,6.4375,76.61339907192574,31.165056052561123,46.64572160119906,246.77320185614852,101.16010819817514,371.11735372509827,115.61339907192574,36.4052307250502,63.174647221033766,2.5269858888413506,0.8012820512820513,83.33333333333333
337,Dang,Shantinagar,4,78,60,40,,UDP,basal ,planting time,T10-DAY772nT,28.15952736,82.22269968,593.0,5.0,19167,1300,9433,395,28.0,7718.0,7.7,99,22.7,28.15952736,82.22269968,6.82,3.09,0.16,280.57,664.22,44.36,18.6,36.63,Dang,direct_overlay,False,0.0,direct_overlay,FMR_098,17.923433874709975,107.91153846153846,5.423004131418453,6.4375,116.39477958236658,58.11992062288059,50.24875336205095,167.21044083526684,0.0,362.39801686383674,155.3947795823666,63.360095295369675,66.77767898188566,2.671107159275426,16.185897435897438,98.71794871794872
338,Dang,Shantinagar,4,78,60,40,,UDP,basal ,planting time,T4-RAM500eJ,28.16826164,82.22625344,649.0,5.0,28100,14517,9020,395,20.0,8231.0,8.2,106,27.4,28.16826164,82.22625344,6.72,3.27,0.15,342.05,605.22,44.59,17.83,36.61,Dang,direct_overlay,False,0.0,direct_overlay,FMR_116,18.96751740139211,131.55769230769232,4.941300413141845,6.4375,119.95058004640372,70.69674406567911,46.12040697066926,160.09883990719257,0.0,372.3886151309804,158.95058004640373,75.9369187381682,62.649332590503974,2.505973303620159,22.596153846153836,105.12820512820512
339,Dang,Dhikpur,5,60,60,40,6.0,Urea,top dressed ,knee ht+shoulder ht,T5-ZHK933dU,28.0259617,82.37733247,531.0,5.0,19400,14060,9933,339,21.0,9817.0,9.8,164,49.9,28.0259617,82.37733247,6.67,1.9,0.1,132.22,430.51,44.2,23.68,35.1,Dang,direct_overlay,False,0.0,direct_overlay,FMR_079,11.020881670533642,50.85384615384615,3.5148858941569934,6.4375,68.7592807424594,28.418458749776903,53.967217272696985,262.4814385150812,132.60864731505447,353.39933420007327,98.7592807424594,33.658633422265986,70.4961428925317,2.8198457157012675,56.04166666666668,163.33333333333334
340,Dang,Dhikpur,5,60,60,40,6.0,Urea,top dressed ,knee ht+shoulder ht,T5-QKS451bE,28.02224579,82.36632301,524.0,5.0,26417,15810,0,305,16.0,11350.0,11.4,189,69.4,28.02224579,82.36632301,6.62,2.0,0.1,129.43,454.2,43.93,25.16,33.31,Dang,direct_overlay,False,0.0,direct_overlay,FMR_023,11.600928074245939,49.78076923076923,3.708302183749754,6.4375,71.39211136890951,28.170315009816168,56.03810319747762,257.21577726218095,135.44989313760487,348.38779026210415,101.39211136890951,33.410489682305254,72.56702881731233,2.9026811526924936,82.70833333333333,190.0
341,Dang,Hapur,5,60,60,40,6.0,Urea,top dressed ,knee ht+shoulder ht,T5-AWV959bC,28.08777509,82.42318986,634.0,5.0,29669,11667,4360,301,20.0,3964.0,4.0,66,-26.0,28.08777509,82.42318986,6.55,1.67,0.08,197.95,769.07,43.83,19.19,38.89,Dang,direct_overlay,False,0.0,direct_overlay,FMR_034,9.68677494199536,76.13461538461537,6.2790487900845955,6.4375,58.459686774941986,40.94488527351418,114.23804644716087,283.08062645011603,0.0,207.5439275978707,88.45968677494199,46.185059946003264,130.76697206699558,3.5383874709976793,-40.625,66.66666666666667
342,Dang,Dhuruwa,5,60,60,40,6.0,Urea,top dressed ,knee ht+shoulder ht,T5-QUL264aG,28.02155097,82.32444978,513.0,5.0,22823,15570,7100,387,27.0,5886.0,5.9,98,-24.8,28.02155097,82.32444978,6.78,2.07,0.11,146.12,429.08,45.04,22.07,31.78,Dang,direct_overlay,False,0.0,direct_overlay,FMR_035,12.006960556844547,56.2,3.503210702341137,6.4375,77.15672853828306,31.02405510440835,47.051366208162534,245.68654292343388,102.77456905452438,370.1356937762467,107.15672853828306,36.26422977689744,63.58029182799724,2.54321167311989,-8.958333333333327,98.33333333333333
343,Dang,Shantinagar,5,60,60,40,6.0,Urea,top dressed ,knee ht+shoulder ht,T5-VKN705gO,28.16896027,82.22761407,650.0,5.0,26167,11000,7667,311,33.0,5881.0,5.9,98,5.5,28.16896027,82.22761407,6.63,3.1,0.13,330.53,441.07,44.72,17.97,36.64,Dang,direct_overlay,False,0.0,direct_overlay,FMR_058,17.98143851508121,127.12692307692306,3.6011026952587053,6.4375,110.96345707656613,68.60801925307871,37.034333792237554,178.07308584686774,0.0,394.3769122227851,140.96345707656613,73.84819392556778,53.56325941207227,2.142530376482891,-8.958333333333327,98.33333333333333
344,Dang,Dhuruwa,5,60,60,40,6.0,Urea,top dressed ,knee ht+shoulder ht,T5-ZVH684vM,28.02131447,82.32477793,522.0,7.0,25663,15170,0,278,20.0,12591.0,12.6,210,71.4,28.02131447,82.32477793,6.8,2.05,0.11,147.88,424.23,45.38,21.93,31.86,Dang,direct_overlay,False,0.0,direct_overlay,FMR_074,11.890951276102086,56.87692307692307,3.46361302380484,6.4375,76.81554524361948,31.268507942173834,46.35654877234096,246.36890951276104,99.9755840621096,371.8171519709349,106.81554524361948,36.508682614662916,62.88547439217567,2.515418975687026,102.70833333333333,210.0
345,Dang,Shantinagar,5,60,60,40,6.0,Urea,top dressed ,knee ht+shoulder ht,T5-YTW582kY,28.1594715,82.22253959,615.0,5.0,20667,12107,8667,330,27.0,7209.0,7.2,120,21.0,28.1594715,82.22253959,6.81,3.09,0.16,278.87,657.15,44.2,18.72,36.77,Dang,direct_overlay,False,0.0,direct_overlay,FMR_098,17.923433874709975,107.25769230769231,5.365281329923273,6.4375,116.09008120649649,57.84412414108513,50.00981851561598,167.81983758700702,0.0,362.9762391922093,146.0900812064965,63.084298813574215,66.5387441354507,2.661549765418028,12.708333333333337,120.0
346,Dang,Shantinagar,5,60,60,40,6.0,Urea,top dressed ,knee ht+shoulder ht,T5-LYW825kF,28.16816102,82.2261977,639.0,5.0,26167,13333,7680,330,21.0,6938.0,6.9,116,14.1,28.16816102,82.2261977,6.72,3.25,0.15,343.08,606.32,44.64,17.87,36.63,Dang,direct_overlay,False,0.0,direct_overlay,FMR_116,18.85150812064965,131.95384615384614,4.950281329923274,6.4375,119.21693735498839,70.86474210244512,46.45858255172226,161.56612529002322,0.0,371.57023022483213,149.21693735498837,76.1049167749342,62.98750817155697,2.5195003268622784,7.708333333333339,115.0
347,Dang,Dhikpur,6,120,0,40,,Urea,top dressed ,knee ht+shoulder ht,T6-VWN181rB,28.02593709,82.37736792,528.0,5.0,20667,14227,9500,331,21.0,8528.0,8.5,71,14.2,28.02593709,82.37736792,6.67,1.9,0.1,132.87,429.28,44.21,23.73,35.05,Dang,direct_overlay,False,0.0,direct_overlay,FMR_079,11.020881670533642,51.103846153846156,3.504843596301396,6.4375,68.7592807424594,28.543458749776907,53.81302880496008,262.4814385150812,131.1773973150544,353.77247029199657,128.7592807424594,28.543458749776907,70.34195442479479,2.813678176991792,17.1875,70.83333333333333
348,Dang,Dhikpur,6,120,0,40,,Urea,top dressed ,knee ht+shoulder ht,T6-RGE322jH,28.02234918,82.36633005,515.0,5.0,27900,14660,8333,302,17.0,7907.0,7.9,66,6.0,28.02234918,82.36633005,6.63,2.0,0.1,130.86,458.76,44.1,24.94,33.29,Dang,direct_overlay,False,0.0,direct_overlay,FMR_023,11.600928074245939,50.330769230769235,3.7455321660436742,6.4375,71.58932714617168,28.41993797965376,56.29963744621819,256.82134570765663,132.59171013296447,347.754877380152,131.58932714617168,28.41993797965376,72.82856306605291,2.913142522642116,12.187500000000004,65.83333333333333
349,Dang,Hapur,6,120,0,40,,Urea,top dressed ,knee ht+shoulder ht,T6-MNA133dM,28.08783971,82.42311769,639.0,5.0,25000,15000,6167,277,22.0,5487.0,5.5,46,-0.3,28.08783971,82.42311769,6.54,1.66,0.08,198.02,767.63,43.86,19.17,38.94,Dang,direct_overlay,False,0.0,direct_overlay,FMR_034,9.62877030162413,76.16153846153847,6.267291953570725,6.4375,57.94593967517401,40.9594826878458,115.16984012830986,284.108120649652,0.0,205.28898688949013,117.945939675174,40.9594826878458,131.69876574814458,4.717837587006961,-7.8125,45.833333333333336
351,Dang,Shantinagar,6,120,0,40,,Urea,top dressed ,knee ht+shoulder ht,T6-NSQ548qX,28.16912552,82.22759706,644.0,4.0,24000,10333,7567,340,29.0,6071.0,6.1,51,4.3,28.16912552,82.22759706,6.64,3.14,0.13,332.2,449.19,44.96,17.78,36.5,Dang,direct_overlay,False,0.0,direct_overlay,FMR_058,18.213457076566126,127.76923076923076,3.667398190045249,6.4375,112.70487238979118,68.95378475816527,37.08851309488676,174.59025522041765,0.0,394.245798310374,172.70487238979118,68.95378475816527,53.61743871472147,2.1446975485888586,-2.8125000000000027,50.833333333333336
352,Dang,Dhuruwa,6,120,0,40,,Urea,top dressed ,knee ht+shoulder ht,T6-MDZ240wJ,28.02138044,82.32478682,510.0,12.0,28290,15987,5667,318,19.0,5222.0,5.2,44,-25.7,28.02138044,82.32478682,6.79,2.05,0.11,147.08,424.77,45.29,22.07,31.85,Dang,direct_overlay,False,0.0,direct_overlay,FMR_074,11.890951276102086,56.56923076923077,3.46802183749754,6.4375,76.61339907192574,31.147748360253434,46.68858844559433,246.77320185614852,101.35828127509818,371.01361596166174,136.61339907192576,31.147748360253434,63.21751406542904,2.528700562617162,-10.312499999999998,43.333333333333336
353,Dang,Shantinagar,6,120,0,40,,Urea,top dressed ,knee ht+shoulder ht,T6-YTI550uY,28.15942674,82.22259843,603.0,5.0,25000,13200,9233,334,26.0,7775.0,7.8,65,15.2,28.15942674,82.22259843,6.8,3.09,0.16,279.06,655.1,44.33,18.63,36.74,Dang,direct_overlay,False,0.0,direct_overlay,FMR_098,17.923433874709975,107.33076923076923,5.348544166830611,6.4375,115.78538283062643,57.93116187756559,50.148804287373316,168.42923433874714,0.0,362.6398936245566,175.78538283062642,57.93116187756559,66.67772990720803,2.667109196288321,11.354166666666664,65.0
354,Dang,Shantinagar,6,120,0,40,,Urea,top dressed ,knee ht+shoulder ht,T6-XLR240bS,28.1681888,82.2261925,641.0,5.0,27067,13333,8000,300,19.0,7336.0,7.3,61,10.4,28.1681888,82.2261925,6.71,3.25,0.15,342.72,605.52,44.65,17.85,36.63,Dang,direct_overlay,False,0.0,direct_overlay,FMR_116,18.85150812064965,131.81538461538463,4.943749754082234,6.4375,118.89646171693734,70.84268723228628,46.65794235460153,162.20707656612532,0.0,371.0877795018643,178.89646171693732,70.84268723228628,63.18686797443624,2.52747471897745,7.187499999999998,60.833333333333336
355,Dang,Dhikpur,7,0,60,40,,,,,T7-NMT796iG,28.02594518,82.37739005,527.0,5.0,21900,14460,9817,300,20.0,8106.0,8.1,0,0.0,28.02594518,82.37739005,6.67,1.9,0.1,132.51,428.52,44.21,23.74,35.04,Dang,direct_overlay,False,0.0,direct_overlay,FMR_079,11.020881670533642,50.96538461538461,3.498638599252409,6.4375,68.7592807424594,28.474227980546132,53.71775788180556,262.4814385150812,131.9700896227468,354.0030259260305,68.7592807424594,33.714402653035215,70.24668350164028,2.7503712296983758,1662.4999999999995,8100.0
356,Dang,Dhikpur,7,0,60,40,,,,,T7-VOV633uW,28.02234432,82.36631194,525.0,5.0,26334,13227,8000,258,17.0,7536.0,7.5,0,0.0,28.02234432,82.36631194,6.62,2.0,0.1,130.83,458.81,44.07,24.97,33.31,Dang,direct_overlay,False,0.0,direct_overlay,FMR_023,11.600928074245939,50.31923076923077,3.7459403895337395,6.4375,71.39211136890951,28.439545779046938,56.60687390584479,257.21577726218095,132.36720082991258,347.0113651478556,71.39211136890951,33.67972045153602,73.1357995256795,2.8556844547563807,1062.5,7500.0
357,Dang,Hapur,7,0,60,40,,,,,T7-EWD901oJ,28.08779965,82.42304645,634.0,5.0,26333,11667,4933,259,21.0,4412.0,4.4,0,0.0,28.08779965,82.42304645,6.54,1.66,0.08,196.5,769.57,43.93,19.13,39.0,Dang,direct_overlay,False,0.0,direct_overlay,FMR_034,9.62877030162413,75.57692307692308,6.283131024985245,6.4375,57.94593967517401,40.667174995538105,115.46090416938294,284.108120649652,0.0,204.5846119100933,57.94593967517401,45.90734966802719,131.98982978921765,2.3178375870069603,-2037.4999999999995,4400.0
358,Dang,Dhuruwa,7,0,60,40,,,,,T7-UIQ403gZ,28.02167988,82.32444878,482.0,5.0,28160,13867,7667,305,20.0,6961.0,7.0,0,0.0,28.02167988,82.32444878,6.78,2.08,0.11,144.92,429.49,44.87,22.29,31.74,Dang,direct_overlay,False,0.0,direct_overlay,FMR_035,12.064965197215777,55.73846153846153,3.5065581349596693,6.4375,77.52946635730858,30.80741174370872,46.90511866850056,244.94106728538284,105.25513553453516,370.48961282222865,77.52946635730858,36.0475864161978,63.43404428833527,2.5373617715334107,562.5,7000.0
359,Dang,Shantinagar,7,0,60,40,,,,,T7-DPO831cE,28.16893584,82.22765121,654.0,12.0,23333,10000,7267,295,31.0,5732.0,5.7,0,0.0,28.16893584,82.22765121,6.64,3.1,0.13,331.23,441.47,44.7,17.98,36.66,Dang,direct_overlay,False,0.0,direct_overlay,FMR_058,17.98143851508121,127.39615384615385,3.6043684831792246,6.4375,111.26914153132252,68.70267089059433,36.869695524122186,177.46171693735496,0.0,394.77533683162426,111.26914153132252,73.94284556308341,53.3986211439569,2.135944845758276,-737.4999999999998,5700.0
360,Dang,Dhuruwa,7,0,60,40,,,,,T7-YIG621nC,28.02133409,82.32488338,504.0,5.0,27117,16643,0,316,22.0,12071.0,12.1,0,0.0,28.02133409,82.32488338,6.8,2.06,0.11,147.12,426.16,45.38,22.07,31.88,Dang,direct_overlay,False,0.0,direct_overlay,FMR_074,11.948955916473318,56.58461538461538,3.4793704505213454,6.4375,77.19025522041764,31.13615920042834,46.37683698557374,245.61948955916472,101.49097715509548,371.76805449491155,77.19025522041764,36.37633387291743,62.905762605408455,2.5162305042163378,5662.5,12100.0
361,Dang,Shantinagar,7,0,60,40,,,,,T7-DIE347dI,28.15940193,82.22264654,605.0,5.0,21667,11333,8560,364,25.0,7295.0,7.3,0,0.0,28.15940193,82.22264654,6.8,3.09,0.16,279.06,653.86,44.42,18.57,36.71,Dang,direct_overlay,False,0.0,direct_overlay,FMR_098,17.923433874709975,107.33076923076923,5.338420224277002,6.4375,115.78538283062643,57.93116187756559,50.053880585165494,168.42923433874714,0.0,362.86960898389947,115.78538283062643,63.171336550054676,66.58280620500021,2.6633122482000084,862.4999999999998,7300.0
362,Dang,Shantinagar,7,0,60,40,,,,,T7-KAI654rX,28.16830167,82.2261868,650.0,5.0,24467,11667,7000,350,21.0,6260.0,6.3,0,0.0,28.16830167,82.2261868,6.71,3.27,0.15,341.29,603.03,44.67,17.8,36.62,Dang,direct_overlay,False,0.0,direct_overlay,FMR_116,18.96751740139211,131.26538461538462,4.9234202242770015,6.4375,119.62813225058004,70.59805643182224,46.21168524639531,160.74373549883992,0.0,372.1677217037233,119.62813225058004,75.83823110431132,62.74061086623003,2.509624434649201,-137.50000000000017,6300.0
363,Dang,Dhikpur,8,0,0,0,,,,,T8-OLJ338rS,28.02603797,82.37731428,534.0,5.0,19000,13760,7667,320,22.0,6822.0,6.8,0,0.0,28.02603797,82.37731428,6.66,1.89,0.1,129.9,431.38,44.2,23.58,35.21,Dang,direct_overlay,False,0.0,direct_overlay,FMR_079,10.962877030162412,49.96153846153846,3.521988982884123,6.4375,68.21102088167054,27.982076075316794,54.610971609862624,263.5779582366589,137.6052289376227,351.84144870413246,68.21102088167054,27.982076075316794,54.610971609862624,2.184438864394505,362.49999999999983,6800.0
364,Dang,Dhikpur,8,0,0,0,,,,,T8-ZMB477dA,28.02234231,82.36645259,524.0,5.0,24167,14760,7667,298,18.0,7188.0,7.2,0,0.0,28.02234231,82.36645259,6.62,2.0,0.1,132.64,458.64,44.13,24.96,33.27,Dang,direct_overlay,False,0.0,direct_overlay,FMR_023,11.600928074245939,51.01538461538461,3.7445524296675186,6.4375,71.39211136890951,28.78762270212386,56.585899714863785,257.21577726218095,128.38172006068183,347.06212269002964,71.39211136890951,28.78762270212386,56.585899714863785,2.2634359885945514,762.5000000000002,7200.0
365,Dang,Hapur,8,0,0,0,,,,,T8-BUO246qW,28.08769307,82.42310411,638.0,5.0,20000,11667,6233,259,22.0,5525.0,5.5,0,0.0,28.08769307,82.42310411,6.54,1.67,0.08,195.55,772.25,43.94,19.13,38.98,Dang,direct_overlay,False,0.0,direct_overlay,FMR_034,9.68677494199536,75.21153846153847,6.305011804052724,6.4375,58.29501160092807,40.50182433517759,115.298663742647,283.4099767981439,0.0,204.97723374279425,58.29501160092807,40.50182433517759,115.298663742647,2.331800464037123,-937.5,5500.0
366,Dang,Dhuruwa,8,0,0,0,,,,,T8-GWN640uE,28.02155143,82.32441039,510.0,8.0,27617,14607,7800,395,17.0,7375.0,7.4,0,0.0,28.02155143,82.32441039,6.78,2.08,0.11,146.2,430.11,45.05,22.03,31.78,Dang,direct_overlay,False,0.0,direct_overlay,FMR_035,12.064965197215777,56.230769230769226,3.5116201062364736,6.4375,77.52946635730858,31.053565589862572,46.97282961304984,244.94106728538284,102.43667399607355,370.3257523364194,77.52946635730858,31.053565589862572,46.97282961304984,1.8789131845219935,962.5000000000003,7400.0
367,Dang,Shantinagar,8,0,0,0,,,,,T8-FIH450mN,28.16910721,82.22765582,646.0,5.0,22107,9667,6667,305,27.0,5553.0,5.6,0,0.0,28.16910721,82.22765582,6.64,3.14,0.13,332.82,449.88,44.94,17.78,36.53,Dang,direct_overlay,False,0.0,direct_overlay,FMR_058,18.213457076566126,128.0076923076923,3.6730316742081444,6.4375,112.70487238979118,69.07301552739604,37.14548469718304,174.59025522041765,0.0,394.10792703281703,112.70487238979118,69.07301552739604,37.14548469718304,1.4858193878873216,-837.5000000000003,5600.0
368,Dang,Dhuruwa,8,0,0,0,,,,,T8-AEU191iM,28.02132877,82.32491632,507.0,5.0,32427,18950,9000,396,19.0,8305.0,8.3,0,0.0,28.02132877,82.32491632,6.8,2.06,0.11,147.01,426.7,45.39,22.09,31.88,Dang,direct_overlay,False,0.0,direct_overlay,FMR_074,11.948955916473318,56.54230769230769,3.483779264214047,6.4375,77.19025522041764,31.115005354274494,46.43560245387722,245.61948955916472,101.73318869355704,371.62584206161716,77.19025522041764,31.115005354274494,46.43560245387722,1.857424098155089,1862.5000000000007,8300.0
369,Dang,Shantinagar,8,0,0,0,,,,,T8-KYR576bS,28.15941651,82.22264838,617.0,5.0,20333,13133,7087,300,26.0,5951.0,6.0,0,0.0,28.15941651,82.22264838,6.8,3.09,0.16,279.09,655.18,44.4,18.58,36.71,Dang,direct_overlay,False,0.0,direct_overlay,FMR_098,17.923433874709975,107.34230769230768,5.349197324414714,6.4375,115.78538283062643,57.93693110833482,50.15492839719316,168.42923433874714,0.0,362.62507327879257,115.78538283062643,57.93693110833482,50.15492839719316,2.006197135887726,-437.5,6000.0
370,Dang,Shantinagar,8,0,0,0,,,,,T8-QYN760pK,28.16827996,82.22616342,641.0,5.0,22822,10000,6667,305,20.0,6091.0,6.1,0,0.0,28.16827996,82.22616342,6.71,3.26,0.15,341.47,603.07,44.69,17.8,36.62,Dang,direct_overlay,False,0.0,direct_overlay,FMR_116,18.90951276102088,131.3346153846154,4.923746803069054,6.4375,119.26229698375869,70.61748721666964,46.341605722822294,161.47540603248262,0.0,371.85331415077,119.26229698375869,70.61748721666964,46.341605722822294,1.8536642289128917,-337.50000000000034,6100.0
371,Dang,Dhikpur,9,120,60,40,,Urea ,top dressed ,V6 and V10 stages,T9-CQE472sJ,28.02591145,82.37750924,536.0,5.0,21000,14593,9583,346,22.0,8549.0,8.5,71,14.4,28.02591145,82.37750924,6.68,1.9,0.1,132.28,427.45,44.22,23.81,34.92,Dang,direct_overlay,False,0.0,direct_overlay,FMR_079,11.020881670533642,50.87692307692308,3.4899026165650198,6.4375,68.94663573085846,28.40396037836873,53.29081974860681,262.10672853828305,132.77465366767805,355.03621620837157,128.94663573085847,33.64413505085781,69.81974536844152,2.792789814737661,17.1875,70.83333333333333
372,Dang,Dhikpur,9,120,60,40,,Urea ,top dressed ,V6 and V10 stages,T9-WHR879uZ,28.02239314,82.36639006,520.0,5.0,31300,15777,9333,306,17.0,8856.0,8.9,74,13.9,28.02239314,82.36639006,6.63,1.99,0.1,132.33,460.66,44.18,24.87,33.28,Dang,direct_overlay,False,0.0,direct_overlay,FMR_023,11.54292343387471,50.89615384615385,3.7610446586661417,6.4375,71.23138051044083,28.686357520524723,56.77103031267252,257.53723897911834,129.5412063899919,346.61410664333255,131.23138051044083,33.926532193013806,73.29995593250723,2.9319982373002893,20.520833333333336,74.16666666666667
373,Dang,Hapur,9,120,60,40,,Urea ,top dressed ,V6 and V10 stages,T9-SOZ468iV,28.08781436,82.42315055,627.0,5.0,29667,15000,6633,288,24.0,5766.0,5.8,48,2.0,28.08781436,82.42315055,6.54,1.66,0.08,198.03,768.07,43.85,19.18,38.92,Dang,direct_overlay,False,0.0,direct_overlay,FMR_034,9.62877030162413,76.16538461538461,6.270884320283297,6.4375,57.94593967517401,40.96140576476887,115.23585465308932,284.108120649652,0.0,205.12923173952385,117.945939675174,46.20158043725795,131.76478027292404,4.717837587006961,-5.312500000000002,48.333333333333336
374,Dang,Dhuruwa,9,120,60,40,,Urea ,top dressed ,V6 and V10 stages,T9-YOB504tC,28.02160005,82.32436948,509.0,5.0,24113,13133,4667,319,19.0,4317.0,4.3,36,-25.5,28.02160005,82.32436948,6.78,2.08,0.11,145.89,431.25,45.0,22.05,31.77,Dang,direct_overlay,False,0.0,direct_overlay,FMR_035,12.064965197215777,56.11153846153845,3.5209276018099547,6.4375,77.52946635730858,30.99395020524718,47.097330382059816,244.94106728538284,103.11927014991979,370.0244604754152,137.5294663573086,36.234124877736264,63.62625600189453,2.5450502400757813,-17.8125,35.833333333333336
375,Dang,Shantinagar,9,120,60,40,,Urea ,top dressed ,V6 and V10 stages,T9-ACI302kU,28.1691298,82.22761483,651.0,5.0,27667,14000,9000,324,37.0,6453.0,6.5,54,7.5,28.1691298,82.22761483,6.64,3.14,0.13,332.49,449.89,44.97,17.77,36.5,Dang,direct_overlay,False,0.0,direct_overlay,FMR_058,18.213457076566126,127.88076923076923,3.6731133189061573,6.4375,112.70487238979118,69.0095539889345,37.14631037257864,174.59025522041765,0.0,394.1059288983597,172.70487238979118,74.24972866142357,53.67523599241335,2.147009439696534,0.5208333333333334,54.166666666666664
376,Dang,Dhuruwa,9,120,60,40,,Urea ,top dressed ,V6 and V10 stages,T9-QVD244dZ,28.02138329,82.32484298,511.0,5.0,28567,13563,4967,301,19.0,4594.0,4.6,38,-30.9,28.02138329,82.32484298,6.79,2.06,0.11,146.77,425.72,45.29,22.13,31.86,Dang,direct_overlay,False,0.0,direct_overlay,FMR_074,11.948955916473318,56.45,3.4757780838087737,6.4375,76.98712296983759,31.102099477958237,46.60147727029113,246.02575406032483,101.88096097737818,371.22442500589545,136.98712296983757,36.342274150447324,63.130402890125836,2.5252161156050335,-15.312500000000004,38.333333333333336
377,Dang,Shantinagar,9,120,60,40,,Urea ,top dressed ,V6 and V10 stages,T9-DDL533tM,28.15957497,82.22269775,608.0,5.0,22333,11553,8703,340,26.0,7348.0,7.3,61,11.6,28.15957497,82.22269775,6.83,3.1,0.16,282.37,664.16,44.45,18.57,36.6,Dang,direct_overlay,False,0.0,direct_overlay,FMR_098,17.98143851508121,108.60384615384615,5.422514263230375,6.4375,117.07714617169376,58.42762928341959,49.801749282191196,165.8457076566125,0.0,363.4797667370973,177.07714617169376,63.667803955908674,66.3306749020259,2.6532269960810364,7.187499999999998,60.833333333333336
378,Dang,Shantinagar,9,120,60,40,,Urea ,top dressed ,V6 and V10 stages,T9-DMK770nI,28.16825867,82.22629384,648.0,5.0,26533,15333,9333,353,21.0,8368.0,8.4,70,19.0,28.16825867,82.22629384,6.72,3.27,0.15,342.24,606.19,44.55,17.85,36.61,Dang,direct_overlay,False,0.0,direct_overlay,FMR_116,18.96751740139211,131.63076923076923,4.949219948849104,6.4375,119.95058004640372,70.73328252721757,46.19432520661908,160.09883990719257,0.0,372.2097329999818,179.95058004640373,75.97345719970664,62.72325082645379,2.5089300330581517,16.35416666666667,70.0
379,Dang,Dhikpur,1,120,60,40,,Urea,top dressed ,knee ht+shoulder ht,T1-EII276hI,28.05341519,82.37637249,554.0,5.0,20433,13926,8857,355,18.0,8233.0,8.2,69,16.3,28.05341519,82.37637249,6.47,1.8,0.09,131.26,706.2,43.99,21.32,37.81,Dang,direct_overlay,False,0.0,direct_overlay,FMR_095,10.440835266821347,50.48461538461538,5.765748573676961,6.4375,61.590487238979115,28.492983446368015,102.70004885112341,276.8190255220418,131.75533953908624,235.46588178028134,121.59048723897911,33.7331581188571,119.22897447095812,4.769158978838324,14.687499999999995,68.33333333333333
380,Dang,Dhikpur,2,120,60,40,,PCU,basal ,planting time,T2-PFM670wY,28.05334504,82.3763486,555.0,5.0,20717,13427,8200,301,17.0,7697.0,7.7,64,11.8,28.05334504,82.3763486,6.48,1.81,0.09,133.15,708.93,44.11,21.24,37.71,Dang,direct_overlay,False,0.0,direct_overlay,FMR_095,10.498839907192576,51.21153846153846,5.788037576234506,6.4375,62.11113689095128,28.857049973228627,102.12141604258349,275.7777262180974,127.58677780653223,236.86617317694794,122.11113689095129,34.09722464571771,118.6503416624182,4.746013666496728,10.520833333333336,64.16666666666667
381,Dang,Dhikpur,3,60,60,40,,PCU,basal ,planting time,T3-WSO670rQ,28.05340614,82.37640962,552.0,5.0,21083,13427,9933,308,18.0,9245.0,9.2,154,49.4,28.05340614,82.37640962,6.47,1.8,0.09,130.31,704.9,44.0,21.34,37.81,Dang,direct_overlay,False,0.0,direct_overlay,FMR_095,10.440835266821347,50.11923076923077,5.755134762935274,6.4375,61.590487238979115,28.31029113867571,102.51099466887129,276.8190255220418,133.84716646216313,235.92339290133148,91.59048723897911,33.55046581116479,119.039920288706,3.6636194895591645,46.04166666666665,153.33333333333334
382,Dang,Dhikpur,4,78,60,40,,UDP,basal ,planting time,T4-MCK149nJ,28.05337098,82.37637634,546.0,5.0,18170,13760,8033,342,22.0,7130.0,7.1,91,10.9,28.05337098,82.37637634,6.48,1.81,0.09,131.92,707.17,44.06,21.28,37.75,Dang,direct_overlay,False,0.0,direct_overlay,FMR_095,10.498839907192576,50.73846153846153,5.773668109384221,6.4375,62.11113689095128,28.62051151169016,101.86788791958834,275.7777262180974,130.29514319114767,237.4797112345962,101.11113689095129,33.860686184179244,118.39681353942305,4.044445475638051,8.49358974358974,91.02564102564102
383,Dang,Dhikpur,5,60,60,40,6.0,Urea,top dressed ,knee ht+shoulder ht,T5-KQT543lD,28.05328301,82.37644172,550.0,5.0,20667,13760,8817,324,22.0,7845.0,7.8,131,26.1,28.05328301,82.37644172,6.48,1.81,0.09,131.76,706.88,44.19,21.23,37.66,Dang,direct_overlay,False,0.0,direct_overlay,FMR_095,10.498839907192576,50.676923076923075,5.771300413141844,6.4375,62.11113689095128,28.589742280920934,101.8261133993221,275.7777262180974,130.6474508834553,237.58080557364053,92.11113689095129,33.82991695341002,118.3550390191568,3.6844454756380514,22.70833333333333,130.0
384,Dang,Dhikpur,6,120,0,40,,Urea,top dressed ,knee ht+shoulder ht,T6-MIE147uV,28.05336486,82.37643837,556.0,5.0,19733,13760,8267,315,18.0,7684.0,7.7,64,11.7,28.05336486,82.37643837,6.47,1.8,0.09,130.26,704.82,44.06,21.31,37.76,Dang,direct_overlay,False,0.0,direct_overlay,FMR_095,10.440835266821347,50.099999999999994,5.754481605351169,6.4375,61.590487238979115,28.30067575406032,102.49936056534806,276.8190255220418,133.95726261600933,235.9515474318577,121.59048723897911,28.30067575406032,119.02828618518276,4.761131447407311,10.520833333333336,64.16666666666667
385,Dang,Dhikpur,7,0,60,40,,,,,T7-FIH863zK,28.05330359,82.3763895,551.0,5.0,19867,14267,8267,295,18.0,7694.0,7.7,0,0.0,28.05330359,82.3763895,6.48,1.81,0.09,132.75,708.36,44.17,21.22,37.66,Dang,direct_overlay,False,0.0,direct_overlay,FMR_095,10.498839907192576,51.05769230769231,5.783383828447767,6.4375,62.11113689095128,28.78012689630555,102.03930750274985,275.7777262180974,128.46754703730144,237.06487584334536,62.11113689095128,34.020301568794636,118.56823312258456,2.484445475638051,1262.5000000000002,7700.0
386,Dang,Dhikpur,8,0,0,0,,,,,T8-UHG173bG,28.05335811,82.37643879,549.0,5.0,19667,12260,6717,217,18.0,6282.0,6.3,0,0.0,28.05335811,82.37643879,6.47,1.81,0.09,130.38,704.98,44.07,21.31,37.75,Dang,direct_overlay,False,0.0,direct_overlay,FMR_095,10.498839907192576,50.146153846153844,5.755787920519377,6.4375,61.932656612528994,28.34181198688203,102.05515301043707,276.134686774942,133.48625275020078,237.02652971474228,61.932656612528994,28.34181198688203,102.05515301043707,2.4773062645011596,-137.50000000000017,6300.0
387,Dang,Dhikpur,9,120,60,40,,Urea ,top dressed ,V6 and V10 stages,T9-PIU615aX,28.05339583,82.37630426,549.0,5.0,20000,14427,8617,318,17.0,8098.0,8.1,67,15.1,28.05339583,82.37630426,6.48,1.81,0.09,133.61,709.5,44.03,21.26,37.76,Dang,direct_overlay,False,0.0,direct_overlay,FMR_095,10.498839907192576,51.38846153846154,5.792691324021247,6.4375,62.11113689095128,28.945511511690167,102.20352458241713,275.7777262180974,126.57389319114758,236.66747051055054,122.11113689095129,34.18568618417925,118.73245020225184,4.749298008090073,13.854166666666663,67.5
388,Dang,Hapur,1,120,60,40,,Urea,top dressed ,knee ht+shoulder ht,T1-TJC736rM,28.09183805,82.41417973,617.0,5.0,28333,13333,5997,275,16.0,5751.0,5.8,48,16.2,28.09183805,82.41417973,6.48,1.65,0.08,199.67,676.99,44.51,18.61,38.63,Dang,direct_overlay,False,0.0,direct_overlay,FMR_030,9.5707656612529,76.79615384615384,5.527264410781035,6.4375,56.62064965197216,41.36195163305372,105.19503642614889,286.7587006960557,0.0,229.42801184871968,116.62064965197216,46.602126305542804,121.7239620459836,4.6648259860788865,-5.312500000000002,48.333333333333336
389,Dang,Hapur,1,120,60,40,,Urea,top dressed ,knee ht+shoulder ht,T1-YUP336dE,28.09176496,82.42587433,653.0,5.0,25000,11667,5280,287,17.0,4992.0,5.0,42,-7.5,28.09176496,82.42587433,6.53,1.69,0.08,197.5,699.1,45.24,18.48,38.96,Dang,direct_overlay,False,0.0,direct_overlay,FMR_004,9.80278422273782,75.96153846153845,5.707780838087744,6.4375,58.82650812064966,40.92986334329823,103.89764125190608,282.3469837587007,0.0,232.56770817038728,118.82650812064966,46.17003801578731,120.42656687174079,4.753060324825987,-11.979166666666666,41.666666666666664
390,Dang,Hapur,2,120,60,40,,PCU,basal ,planting time,T2-CYA448gR,28.09181265,82.41430638,612.0,5.0,28333,13000,5740,268,15.0,5620.0,5.6,47,15.1,28.09181265,82.41430638,6.47,1.64,0.08,197.94,678.45,44.51,18.6,38.6,Dang,direct_overlay,False,0.0,direct_overlay,FMR_030,9.51276102088167,76.13076923076923,5.5391845366909305,6.4375,56.11577726218097,41.027111413528466,106.46745884637511,287.76844547563803,0.0,226.34874959177222,116.11577726218097,46.26728608601755,122.99638446620982,4.6446310904872385,-6.97916666666667,46.666666666666664
391,Dang,Hapur,2,120,60,40,,PCU,basal ,planting time,T2-RMR295kW,28.09180817,82.42594424,647.0,5.0,24333,10000,5033,222,18.0,4719.0,4.7,39,-9.8,28.09180817,82.42594424,6.53,1.69,0.08,196.51,696.21,45.3,18.42,38.84,Dang,direct_overlay,False,0.0,direct_overlay,FMR_004,9.80278422273782,75.58076923076922,5.68418552036199,6.4375,58.82650812064966,40.739478727913614,103.4681402031033,282.3469837587007,0.0,233.60710070849,118.82650812064966,45.9796534004027,119.99706582293801,4.753060324825987,-14.479166666666664,39.166666666666664
392,Dang,Hapur,3,60,60,40,,PCU,basal ,planting time,T3-NDD368yO,28.09191793,82.41413673,618.0,5.0,27333,13000,5867,398,16.0,5620.0,5.6,94,30.2,28.09191793,82.41413673,6.5,1.67,0.08,201.26,675.59,44.32,18.72,38.72,Dang,direct_overlay,False,0.0,direct_overlay,FMR_030,9.68677494199536,77.4076923076923,5.515834153059217,6.4375,57.63631090487239,41.67042097983223,102.92562052033865,284.7273781902552,0.0,234.91999834078044,87.63631090487239,46.91059565232131,119.45454614017336,3.5054524361948958,-13.95833333333334,93.33333333333333
393,Dang,Hapur,3,60,60,40,,PCU,basal ,planting time,T3-XLH249iH,28.09168575,82.42592085,661.0,5.0,25000,11667,6207,289,17.0,5882.0,5.9,98,-0.2,28.09168575,82.42592085,6.53,1.69,0.08,197.8,695.82,45.25,18.49,38.98,Dang,direct_overlay,False,0.0,direct_overlay,FMR_004,9.80278422273782,76.07692307692308,5.681001377139484,6.4375,58.82650812064966,40.987555650990544,103.4101798539569,282.3469837587007,0.0,233.74736475342428,88.82650812064966,46.227730323479626,119.93910547379161,3.553060324825987,-8.958333333333327,98.33333333333333
394,Dang,Hapur,4,78,60,40,,UDP,basal ,planting time,T4-NYA213dY,28.09189806,82.41424126,614.0,5.0,28333,13333,6733,268,15.0,6496.0,6.5,83,34.4,28.09189806,82.41424126,6.48,1.65,0.08,199.72,676.35,44.33,18.72,38.7,Dang,direct_overlay,False,0.0,direct_overlay,FMR_030,9.5707656612529,76.81538461538462,5.522039150108204,6.4375,56.62064965197216,41.37156701766911,105.09558913252161,286.7587006960557,0.0,229.6686742992977,95.62064965197216,46.61174169015819,121.62451475235632,3.8248259860788862,0.8012820512820513,83.33333333333333
395,Dang,Hapur,4,78,60,40,,UDP,basal ,planting time,T4-YLK581rA,28.09178185,82.42599998,656.0,5.0,23333,11000,8907,287,18.0,8350.0,8.4,107,31.5,28.09178185,82.42599998,6.53,1.7,0.08,196.27,693.15,45.33,18.39,38.8,Dang,direct_overlay,False,0.0,direct_overlay,FMR_004,9.860788863109049,75.48846153846154,5.659202242770017,6.4375,59.1745939675174,40.71077514278065,102.51885744119345,281.6508120649652,0.0,235.90436499231186,98.17459396751741,45.95094981526973,119.04778306102816,3.9269837587006964,25.160256410256416,107.6923076923077
396,Dang,Hapur,5,60,60,40,6.0,Urea,top dressed ,knee ht+shoulder ht,T5-PBI508fL,28.09189073,82.41428451,613.0,5.0,29133,16667,6467,265,15.0,6224.0,6.2,104,40.2,28.09189073,82.41428451,6.47,1.65,0.08,199.11,676.7,44.33,18.72,38.69,Dang,direct_overlay,False,0.0,direct_overlay,FMR_030,9.5707656612529,76.58076923076923,5.5248967145386585,6.4375,56.45794663573084,41.270170723273246,105.67051879880441,287.0841067285383,0.0,228.27734450689331,86.45794663573085,46.51034539576233,122.19944441863912,3.458317865429234,-3.9583333333333304,103.33333333333333
397,Dang,Hapur,5,60,60,40,6.0,Urea,top dressed ,knee ht+shoulder ht,T5-NBE892pH,28.09178834,82.42595874,654.0,5.0,27333,11667,3990,245,3990.0,3713.0,3.7,62,-36.4,28.09178834,82.42595874,6.53,1.69,0.08,196.56,695.26,45.3,18.42,38.84,Dang,direct_overlay,False,0.0,direct_overlay,FMR_004,9.80278422273782,75.6,5.676429274050756,6.4375,58.82650812064966,40.749094112529,103.32695473723388,282.3469837587007,0.0,233.948769535894,88.82650812064966,45.98926878501808,119.85588035706859,3.553060324825987,-45.625,61.666666666666664
398,Dang,Hapur,6,120,0,40,,Urea,top dressed ,knee ht+shoulder ht,T6-TOK987rE,28.09193188,82.4142027,614.0,5.0,27667,13000,6133,254,15.0,6133.0,6.1,51,19.4,28.09193188,82.4142027,6.49,1.66,0.08,200.62,675.61,44.26,18.76,38.73,Dang,direct_overlay,False,0.0,direct_overlay,FMR_030,9.62877030162413,77.16153846153846,5.515997442455243,6.4375,57.12749419953596,41.54626198018918,103.94961375621929,285.7450116009281,0.0,232.4419347099493,117.12749419953596,41.54626198018918,120.478539376054,4.685099767981439,-2.8125000000000027,50.833333333333336
399,Dang,Hapur,6,120,0,40,,Urea,top dressed ,knee ht+shoulder ht,T6-DGU505lO,28.09182024,82.42596142,644.0,6.0,25000,10000,4747,266,17.0,4482.0,4.5,37,-11.8,28.09182024,82.42596142,6.53,1.7,0.08,196.25,695.5,45.31,18.4,38.81,Dang,direct_overlay,False,0.0,direct_overlay,FMR_004,9.860788863109049,75.48076923076923,5.678388746803068,6.4375,59.1745939675174,40.70692898893449,102.86642912839939,281.6508120649652,0.0,235.06324150927347,119.17459396751741,40.70692898893449,119.3953547482341,4.766983758700697,-16.145833333333332,37.5
400,Dang,Hapur,7,0,60,40,,,,,T7-WRG997wI,28.09186018,82.41422835,617.0,5.0,28333,12667,6353,288,17.0,6021.0,6.0,0,0.0,28.09186018,82.41422835,6.48,1.65,0.08,199.4,676.96,44.43,18.66,38.65,Dang,direct_overlay,False,0.0,direct_overlay,FMR_030,9.5707656612529,76.6923076923077,5.527019476686996,6.4375,56.62064965197216,41.310028556130646,105.19037483426011,286.7587006960557,0.0,229.4392929010905,56.62064965197216,46.55020322861973,121.71930045409482,2.264825986078886,-437.5,6000.0
401,Dang,Hapur,7,0,60,40,,,,,T7-KVF338iR,28.09176286,82.42599646,656.0,5.0,23333,11333,5533,292,17.0,5206.0,5.2,0,0.0,28.09176286,82.42599646,6.53,1.7,0.08,196.47,693.12,45.32,18.4,38.82,Dang,direct_overlay,False,0.0,direct_overlay,FMR_004,9.860788863109049,75.56538461538462,5.658957308675978,6.4375,59.1745939675174,40.74923668124219,102.51442035582485,281.6508120649652,0.0,235.91510273890384,59.1745939675174,45.98941135373127,119.04334597565956,2.366983758700696,-1237.4999999999998,5200.0
402,Dang,Hapur,8,0,0,0,,,,,T8-QMH329cY,28.09181693,82.41416255,622.0,5.0,23667,8333,4010,296,16.0,3810.0,3.8,0,0.0,28.09181693,82.41416255,6.48,1.65,0.08,199.58,677.18,44.57,18.58,38.61,Dang,direct_overlay,False,0.0,direct_overlay,FMR_030,9.5707656612529,76.76153846153846,5.528815660043281,6.4375,56.62064965197216,41.34464394074603,105.22455984144449,286.7587006960557,0.0,229.35656518370433,56.62064965197216,41.34464394074603,105.22455984144449,2.264825986078886,-2637.5,3800.0
403,Dang,Hapur,8,0,0,0,,,,,T8-OTG313bK,28.09175997,82.42595446,648.0,5.0,25667,12667,6267,309,17.0,5896.0,5.9,0,0.0,28.09175997,82.42595446,6.53,1.69,0.08,196.86,695.13,45.29,18.43,38.87,Dang,direct_overlay,False,0.0,direct_overlay,FMR_004,9.80278422273782,75.71538461538462,5.675367892976588,6.4375,58.82650812064966,40.806786420221314,103.30763462085174,282.3469837587007,0.0,233.9955242175388,58.82650812064966,40.806786420221314,103.30763462085174,2.3530603248259867,-537.4999999999997,5900.0
404,Dang,Hapur,9,120,60,40,,Urea ,top dressed ,V6 and V10 stages,T9-IMT943mP,28.09186843,82.41426188,618.0,5.0,26167,12333,6003,278,16.0,5765.0,5.8,48,16.3,28.09186843,82.41426188,6.47,1.65,0.08,199.11,677.02,44.39,18.68,38.66,Dang,direct_overlay,False,0.0,direct_overlay,FMR_030,9.5707656612529,76.58076923076923,5.527509344875074,6.4375,56.45794663573084,41.270170723273246,105.72048860228543,287.0841067285383,0.0,228.15641758246926,116.45794663573085,46.51034539576233,122.24941422212014,4.658317865429234,-5.312500000000002,48.333333333333336
405,Dang,Hapur,9,120,60,40,,Urea ,top dressed ,V6 and V10 stages,T9-PER577lJ,28.09180154,82.42587475,651.0,5.0,26333,12000,6103,304,16.0,5805.0,5.8,48,-0.8,28.09180154,82.42587475,6.53,1.69,0.08,197.18,699.58,45.25,18.47,38.93,Dang,direct_overlay,False,0.0,direct_overlay,FMR_004,9.80278422273782,75.83846153846154,5.7116997835923655,6.4375,58.82650812064966,40.868324881759776,103.96897706624007,282.3469837587007,0.0,232.39507549969903,118.82650812064966,46.10849955424886,120.49790268607478,4.753060324825987,-5.312500000000002,48.333333333333336
406,Dang,Laxmipur,1,120,60,40,,Urea,top dressed ,knee ht+shoulder ht,T1-GEW900eN,27.97637859,82.46335192,551.0,5.0,21667,12000,7053,330,21.0,6300.0,6.3,53,26.0,27.97637859,82.46335192,6.74,1.99,0.1,149.78,336.9,46.94,22.48,31.88,Dang,direct_overlay,False,0.0,direct_overlay,FMR_018,11.54292343387471,57.607692307692304,2.7506098760574456,6.4375,73.38990719257542,31.737711003034086,39.07674178447673,253.22018561484916,94.60320901525972,389.4342848815663,133.38990719257544,36.97788567552317,55.60566740431145,2.224226696172458,-1.1458333333333348,52.5
407,Dang,Laxmipur,1,120,60,40,,Urea,top dressed ,knee ht+shoulder ht,T1-COX513jQ,27.98061606,82.46868423,548.0,5.0,33500,13000,8283,360,25.0,7270.0,7.3,61,18.6,27.98061606,82.46868423,6.62,1.98,0.1,157.93,323.42,44.86,22.83,33.22,Dang,direct_overlay,False,0.0,direct_overlay,FMR_052,11.48491879350348,60.74230769230769,2.6405528231359434,6.4375,70.67819025522041,33.61828493664108,40.24049542092517,258.64361948955917,73.0706374754596,386.61800108136106,130.67819025522041,38.858459609130165,56.76942104075988,2.2707768416303953,7.187499999999998,60.833333333333336
408,Dang,Laxmipur,1,120,60,40,,Urea,top dressed ,knee ht+shoulder ht,T1-ECQ956yX,27.97637536,82.45890507,549.0,5.0,27467,13333,8273,310,20.0,7813.0,7.8,65,19.2,27.97637536,82.45890507,6.65,1.95,0.1,169.22,418.1,49.07,19.31,30.9,Dang,direct_overlay,False,0.0,direct_overlay,FMR_020,11.310904872389791,65.08461538461538,3.4135648239228806,6.4375,70.18416473317866,35.664824368641796,51.848860126772216,259.6316705336427,49.63776097905144,358.5257584932112,130.18416473317865,40.90499904113088,68.37778574660693,2.7351114298642774,11.354166666666664,65.0
409,Dang,Laxmipur,2,120,60,40,,PCU,basal ,planting time,T2-UGP765yF,27.97635076,82.46331168,543.0,5.0,29000,13667,7733,325,20.0,7093.0,7.1,59,32.6,27.97635076,82.46331168,6.74,1.99,0.1,149.9,337.38,46.96,22.5,31.82,Dang,direct_overlay,False,0.0,direct_overlay,FMR_018,11.54292343387471,57.65384615384615,2.7545288215620696,6.4375,73.38990719257542,31.76078792611101,39.132416572415444,253.22018561484916,94.33897824602892,389.2995518947546,133.38990719257544,37.0009625986001,55.66134219225016,2.2264536876900065,5.52083333333333,59.166666666666664
410,Dang,Laxmipur,2,120,60,40,,PCU,basal ,planting time,T2-TRM228vH,27.98065965,82.46857837,548.0,5.0,29000,12617,8267,335,24.0,7440.0,7.4,62,20.1,27.98065965,82.46857837,6.62,1.99,0.11,156.55,318.27,44.56,23.11,33.28,Dang,direct_overlay,False,0.0,direct_overlay,FMR_052,11.54292343387471,60.21153846153847,2.598505803659256,6.4375,71.03515081206497,33.36929997322863,39.432854810169886,257.9296983758701,75.92151530653221,388.5724913593889,131.03515081206496,38.60947464571771,55.961780430004595,2.2384712172001837,8.020833333333336,61.666666666666664
411,Dang,Laxmipur,2,120,60,40,,PCU,basal ,planting time,T2-HBX935cE,27.97634762,82.45890792,552.0,5.0,27433,11467,6367,280,16.0,6048.0,6.0,50,4.4,27.97634762,82.45890792,6.65,1.95,0.1,169.22,418.1,49.07,19.31,30.9,Dang,direct_overlay,False,0.0,direct_overlay,FMR_020,11.310904872389791,65.08461538461538,3.4135648239228806,6.4375,70.18416473317866,35.664824368641796,51.848860126772216,259.6316705336427,49.63776097905144,358.5257584932112,130.18416473317865,40.90499904113088,68.37778574660693,2.7351114298642774,-3.6458333333333335,50.0
412,Dang,Laxmipur,3,60,60,40,,PCU,basal ,planting time,T3-JXV636tZ,27.97635914,82.46336516,531.0,8.0,28333,13000,9100,340,19.0,8428.0,8.4,140,87.5,27.97635914,82.46336516,6.74,1.99,0.1,149.93,336.48,46.93,22.48,31.87,Dang,direct_overlay,False,0.0,direct_overlay,FMR_018,11.54292343387471,57.66538461538462,2.7471807987409007,6.4375,73.38990719257542,31.766557156880243,39.028026345030376,253.22018561484916,94.27292055372122,389.5521762450265,103.38990719257542,37.00673182936933,55.55695196486509,2.222278078594604,32.70833333333334,140.0
413,Dang,Laxmipur,3,60,60,40,,PCU,basal ,planting time,T3-ISM719qS,27.98071819,82.46872162,544.0,5.0,31000,10273,8070,300,23.0,7329.0,7.3,122,38.3,27.98071819,82.46872162,6.63,1.98,0.11,159.18,325.4,44.89,22.8,33.24,Dang,direct_overlay,False,0.0,direct_overlay,FMR_052,11.48491879350348,61.223076923076924,2.6567184733425138,6.4375,70.87343387470997,33.83354629216491,40.27149497761642,258.25313225058005,70.60589495471177,386.54298215416827,100.87343387470997,39.073720964653994,56.80042059745114,2.2720168238980456,14.374999999999996,121.66666666666667
414,Dang,Laxmipur,3,60,60,40,,PCU,basal ,planting time,T3-ZSK564iN,27.97639254,82.45883717,549.0,5.0,28167,13667,9067,345,17.0,8510.0,8.5,142,49.9,27.97639254,82.45883717,6.65,1.95,0.1,169.22,418.1,49.07,19.31,30.9,Dang,direct_overlay,False,0.0,direct_overlay,FMR_020,11.310904872389791,65.08461538461538,3.4135648239228806,6.4375,70.18416473317866,35.664824368641796,51.848860126772216,259.6316705336427,49.63776097905144,358.5257584932112,100.18416473317866,40.90499904113088,68.37778574660693,2.7351114298642774,34.375,141.66666666666666
415,Dang,Laxmipur,4,78,60,40,,UDP,basal ,planting time,T4-MOT234fM,27.97635944,82.46332367,546.0,5.0,28000,13333,7967,360,20.0,7270.0,7.3,93,52.4,27.97635944,82.46332367,6.74,1.99,0.1,149.87,337.24,46.95,22.49,31.83,Dang,direct_overlay,False,0.0,direct_overlay,FMR_018,11.54292343387471,57.64230769230769,2.753385795789888,6.4375,73.38990719257542,31.75501869534178,39.116178092599995,253.22018561484916,94.40503593833662,389.338849015908,112.38990719257542,36.995193367830865,55.645103712434704,2.2258041484973883,11.057692307692305,93.58974358974359
416,Dang,Laxmipur,4,78,60,40,,UDP,basal ,planting time,T4-DIK949zG,27.98068286,82.46877031,546.0,5.0,25000,10033,8500,305,26.0,7430.0,7.4,95,30.7,27.98068286,82.46877031,6.63,1.97,0.1,159.72,327.75,45.04,22.67,33.21,Dang,direct_overlay,False,0.0,direct_overlay,FMR_052,11.42691415313225,61.43076923076923,2.675904977375565,6.4375,70.5154872389791,33.92111967918972,40.73470836935279,258.96902552204176,69.60317967327768,385.42200574616623,109.5154872389791,39.161294351678805,57.2636339891875,2.2905453595675,12.339743589743595,94.87179487179488
417,Dang,Laxmipur,4,78,60,40,,UDP,basal ,planting time,T4-MQG505pB,27.97634779,82.45888755,546.0,6.0,27467,13667,8433,320,18.0,7897.0,7.9,101,30.5,27.97634779,82.45888755,6.65,1.95,0.1,169.22,418.1,49.07,19.31,30.9,Dang,direct_overlay,False,0.0,direct_overlay,FMR_020,11.310904872389791,65.08461538461538,3.4135648239228806,6.4375,70.18416473317866,35.664824368641796,51.848860126772216,259.6316705336427,49.63776097905144,358.5257584932112,109.18416473317866,40.90499904113088,68.37778574660693,2.7351114298642774,18.750000000000007,101.28205128205128
418,Dang,Laxmipur,5,60,60,40,6.0,Urea,top dressed ,knee ht+shoulder ht,T5-QGY525qI,27.97640533,82.46336156,544.0,5.0,25667,13667,7667,350,18.0,7109.0,7.1,118,65.5,27.97640533,82.46336156,6.74,1.99,0.1,149.61,336.97,46.95,22.48,31.91,Dang,direct_overlay,False,0.0,direct_overlay,FMR_018,11.54292343387471,57.542307692307695,2.7511813889435373,6.4375,73.38990719257542,31.70501869534178,39.08486102438447,253.22018561484916,94.9775359383366,389.41463632098953,103.38990719257542,36.94519336783087,55.61378664421919,2.2245514657687675,11.04166666666666,118.33333333333333
419,Dang,Laxmipur,5,60,60,40,6.0,Urea,top dressed ,knee ht+shoulder ht,T5-EJF486aH,27.98061258,82.46870938,546.0,5.0,29333,13333,9443,349,26.0,8255.0,8.3,138,53.7,27.98061258,82.46870938,6.62,1.98,0.1,158.32,324.61,44.93,22.77,33.21,Dang,direct_overlay,False,0.0,direct_overlay,FMR_052,11.48491879350348,60.89230769230769,2.6502685421994885,6.4375,70.67819025522041,33.693284936641085,40.38855735138989,258.64361948955917,72.21188747545958,386.25969120963646,100.67819025522041,38.93345960913017,56.9174829712246,2.2766993188489844,31.04166666666668,138.33333333333334
420,Dang,Laxmipur,5,60,60,40,6.0,Urea,top dressed ,knee ht+shoulder ht,T5-KCE497bN,27.97630998,82.45880767,547.0,5.0,27833,12333,7933,215,20.0,7257.0,7.3,121,29.0,27.97630998,82.45880767,6.65,1.95,0.1,169.22,418.1,49.07,19.31,30.9,Dang,direct_overlay,False,0.0,direct_overlay,FMR_020,11.310904872389791,65.08461538461538,3.4135648239228806,6.4375,70.18416473317866,35.664824368641796,51.848860126772216,259.6316705336427,49.63776097905144,358.5257584932112,100.18416473317866,40.90499904113088,68.37778574660693,2.7351114298642774,14.374999999999996,121.66666666666667
421,Dang,Laxmipur,6,120,0,40,,Urea,top dressed ,knee ht+shoulder ht,T6-DDG516dY,27.9763205,82.46329509,543.0,5.0,29333,12333,7400,300,18.0,6921.0,6.9,58,31.2,27.9763205,82.46329509,6.73,1.99,0.1,150.03,337.39,46.96,22.5,31.78,Dang,direct_overlay,False,0.0,direct_overlay,FMR_018,11.54292343387471,57.70384615384615,2.7546104662600817,6.4375,73.19367749419955,31.81548209664465,39.35592633010259,253.6126450116009,93.71272999341875,388.7586582811517,133.19367749419956,31.81548209664465,55.8848519499373,2.235394077997492,3.8541666666666696,57.5
422,Dang,Laxmipur,6,120,0,40,,Urea,top dressed ,knee ht+shoulder ht,T6-FKE652bT,27.98069569,82.46870594,538.0,9.0,28667,10047,9543,345,29.0,7994.0,8.0,67,24.7,27.98069569,82.46870594,6.62,1.98,0.11,158.79,324.57,44.87,22.83,33.24,Dang,direct_overlay,False,0.0,direct_overlay,FMR_052,11.48491879350348,61.07307692307692,2.649941963407436,6.4375,70.67819025522041,33.7836695520257,40.38358047977763,258.64361948955917,71.17698362930574,386.2717352389381,130.67819025522041,33.7836695520257,56.912506099612344,2.276500243984494,13.020833333333334,66.66666666666667
423,Dang,Laxmipur,6,120,0,40,,Urea,top dressed ,knee ht+shoulder ht,T6-FWS434uY,27.97645512,82.45888855,541.0,6.0,27333,13333,8000,340,17.0,7527.0,7.5,63,16.8,27.97645512,82.45888855,6.65,1.95,0.1,169.22,418.1,49.07,19.31,30.9,Dang,direct_overlay,False,0.0,direct_overlay,FMR_020,11.310904872389791,65.08461538461538,3.4135648239228806,6.4375,70.18416473317866,35.664824368641796,51.848860126772216,259.6316705336427,49.63776097905144,358.5257584932112,130.18416473317865,35.664824368641796,68.37778574660693,2.7351114298642774,8.854166666666666,62.5
424,Dang,Laxmipur,7,0,60,40,,,,,T7-VTU643wV,27.97640516,82.46336323,536.0,5.0,21333,10667,7050,280,18.0,6553.0,6.6,0,0.0,27.97640516,82.46336323,6.74,1.99,0.1,149.61,336.94,46.94,22.48,31.91,Dang,direct_overlay,False,0.0,direct_overlay,FMR_018,11.54292343387471,57.542307692307695,2.750936454849498,6.4375,73.38990719257542,31.70501869534178,39.081381350138294,253.22018561484916,94.9775359383366,389.42305713266535,73.38990719257542,36.94519336783087,55.61030696997301,2.2244122787989205,162.49999999999966,6600.0
425,Dang,Laxmipur,7,0,60,40,,,,,T7-LBB830eV,27.98064749,82.46882941,553.0,5.0,20333,9833,7617,332,29.0,6371.0,6.4,0,0.0,27.98064749,82.46882941,6.63,1.96,0.1,160.44,330.49,45.22,22.51,33.17,Dang,direct_overlay,False,0.0,direct_overlay,FMR_052,11.368909512761022,61.707692307692305,2.698275624631123,6.4375,70.15754060324825,34.04330845082991,41.25055396782901,259.68491879350347,68.2041182379975,384.1736593978538,70.15754060324825,39.283483123318995,57.77947958766373,2.311179183506549,-37.499999999999645,6400.0
426,Dang,Laxmipur,7,0,60,40,,,,,T7-IRY166pZ,27.97633094,82.45876911,547.0,5.0,27000,11667,6300,340,17.0,5949.0,5.9,0,0.0,27.97633094,82.45876911,6.65,1.95,0.1,169.22,418.1,49.07,19.31,30.9,Dang,direct_overlay,False,0.0,direct_overlay,FMR_020,11.310904872389791,65.08461538461538,3.4135648239228806,6.4375,70.18416473317866,35.664824368641796,51.848860126772216,259.6316705336427,49.63776097905144,358.5257584932112,70.18416473317866,40.90499904113088,68.37778574660693,2.7351114298642774,-537.4999999999997,5900.0
427,Dang,Laxmipur,8,0,0,0,,,,,T8-YRB722zS,27.97651597,82.46350346,542.0,5.0,16667,6000,3380,200,17.0,3180.0,3.2,0,0.0,27.97651597,82.46350346,6.75,2.0,0.1,148.6,335.2,46.91,22.45,32.16,Dang,direct_overlay,False,0.0,direct_overlay,FMR_018,11.600928074245939,57.153846153846146,2.7367302773952384,6.4375,73.95591647331786,31.495281545600566,38.49643438503092,252.0881670533643,97.37902630287351,390.8386287882252,73.95591647331786,31.495281545600566,38.49643438503092,1.5398573754012368,-3237.5,3200.0
428,Dang,Laxmipur,8,0,0,0,,,,,T8-HOQ733kQ,27.98068224,82.46866956,552.0,5.0,19667,9153,5950,330,28.0,5033.0,5.0,0,0.0,27.98068224,82.46866956,6.62,1.98,0.11,158.13,322.74,44.78,22.91,33.25,Dang,direct_overlay,False,0.0,direct_overlay,FMR_052,11.48491879350348,60.819230769230764,2.63500098367106,6.4375,70.67819025522041,33.65674647510262,40.15588860351675,258.64361948955917,72.63025286007498,386.8227495794894,70.67819025522041,33.65674647510262,40.15588860351675,1.6062355441406702,-1437.5,5000.0
429,Dang,Laxmipur,8,0,0,0,,,,,T8-IRM287xJ,27.97638286,82.45877925,551.0,5.0,27667,12333,5933,335,18.0,5515.0,5.5,0,0.0,27.97638286,82.45877925,6.65,1.95,0.1,169.22,418.1,49.07,19.31,30.9,Dang,direct_overlay,False,0.0,direct_overlay,FMR_020,11.310904872389791,65.08461538461538,3.4135648239228806,6.4375,70.18416473317866,35.664824368641796,51.848860126772216,259.6316705336427,49.63776097905144,358.5257584932112,70.18416473317866,35.664824368641796,51.848860126772216,2.073954405070889,-937.5,5500.0
430,Dang,Laxmipur,9,120,60,40,,Urea ,top dressed ,V6 and V10 stages,T9-CBL802uL,27.97632352,82.46328595,545.0,5.0,28667,13333,7933,319,17.0,7474.0,7.5,62,35.8,27.97632352,82.46328595,6.73,1.99,0.1,150.0,337.58,46.97,22.51,31.77,Dang,direct_overlay,False,0.0,direct_overlay,FMR_018,11.54292343387471,57.69230769230769,2.756161715522329,6.4375,73.19367749419955,31.809712865875422,39.378089482545526,253.6126450116009,93.77878768572641,388.7050234522398,133.19367749419956,37.0498875383645,55.90701510238024,2.2362806040952097,8.854166666666666,62.5
431,Dang,Laxmipur,9,120,60,40,,Urea ,top dressed ,V6 and V10 stages,T9-BMB448iF,27.9806899,82.46873729,545.0,5.0,29667,13183,9700,337,26.0,8399.0,8.4,70,28.1,27.9806899,82.46873729,6.63,1.98,0.1,159.24,326.13,44.95,22.75,33.23,Dang,direct_overlay,False,0.0,direct_overlay,FMR_052,11.48491879350348,61.246153846153845,2.6626785362974617,6.4375,70.87343387470997,33.845084753703375,40.36183975737567,258.25313225058005,70.47377957009635,386.3243477871509,130.87343387470997,39.08525942619246,56.890765377210386,2.275630615088416,16.35416666666667,70.0
432,Dang,Laxmipur,9,120,60,40,,Urea ,top dressed ,V6 and V10 stages,T9-CMG920kB,27.97638634,82.4589059,544.0,5.0,29000,13000,7833,330,17.0,7370.0,7.4,61,15.5,27.97638634,82.4589059,6.65,1.95,0.1,169.22,418.1,49.07,19.31,30.9,Dang,direct_overlay,False,0.0,direct_overlay,FMR_020,11.310904872389791,65.08461538461538,3.4135648239228806,6.4375,70.18416473317866,35.664824368641796,51.848860126772216,259.6316705336427,49.63776097905144,358.5257584932112,130.18416473317865,40.90499904113088,68.37778574660693,2.7351114298642774,8.020833333333336,61.666666666666664
433,Dang,Panchakaule,1,120,60,40,,Urea,top dressed ,knee ht+shoulder ht,T1-QXG790vK,28.13507371,82.12228507,512.0,5.0,17763,13850,9517,350,18.0,8857.0,8.9,74,10.1,28.13507371,82.12228507,6.85,2.6,0.14,184.91,472.6,42.93,20.75,36.01,Dang,direct_overlay,False,0.0,direct_overlay,FMR_100,15.081206496519721,71.11923076923077,3.858528428093645,6.4375,98.70649651972155,38.93120761199358,40.881890519052355,202.5870069605569,12.23767284267353,385.0658249438933,158.70649651972155,44.17138228448266,57.41081613888707,2.2964326455554827,20.520833333333336,74.16666666666667
434,Dang,Panchakaule,2,120,60,40,,PCU,basal ,planting time,T2-BUA120rI,28.13494584,82.12230669,507.0,5.0,20720,16437,8783,343,17.0,8274.0,8.3,69,5.3,28.13494584,82.12230669,6.85,2.59,0.14,182.9,465.35,42.68,20.96,36.01,Dang,direct_overlay,False,0.0,direct_overlay,FMR_100,15.023201856148491,70.34615384615384,3.7993360220342316,6.4375,98.32685614849186,38.53170148804212,40.39013098242982,203.3462877030163,16.81201796191776,386.25588302251987,158.32685614849186,43.7718761605312,56.91905660226453,2.276762264090581,15.52083333333334,69.16666666666667
435,Dang,Panchakaule,3,60,60,40,,PCU,basal ,planting time,T3-OBI603vC,28.13496973,82.1221958,509.0,5.0,19067,15327,8483,339,17.0,8011.0,8.0,134,6.1,28.13496973,82.1221958,6.85,2.6,0.14,183.26,470.43,42.84,20.76,35.98,Dang,direct_overlay,False,0.0,direct_overlay,FMR_100,15.081206496519721,70.48461538461538,3.840811528624827,6.4375,98.70649651972155,38.613899919685885,40.69417637934363,202.5870069605569,15.87084591959662,385.5200931619884,128.70649651972155,43.85407459217497,57.22310199917834,2.2889240799671335,26.041666666666668,133.33333333333334
436,Dang,Panchakaule,4,78,60,40,,UDP,basal ,planting time,T4-KOG158uB,28.13504387,82.12228859,506.0,5.0,22880,15940,9833,351,17.0,9241.0,9.2,118,20.5,28.13504387,82.12228859,6.85,2.6,0.14,184.44,470.96,42.87,20.8,36.01,Dang,direct_overlay,False,0.0,direct_overlay,FMR_100,15.081206496519721,70.93846153846154,3.8451386976195154,6.4375,98.70649651972155,38.84082299660896,40.74002361162272,202.5870069605569,13.272576688827368,385.409142859873,137.70649651972155,44.080997669098046,57.26894923145743,2.2907579692582973,35.41666666666666,117.94871794871794
437,Dang,Panchakaule,5,60,60,40,6.0,Urea,top dressed ,knee ht+shoulder ht,T5-UVT242eG,28.13498695,82.12222036,518.0,5.0,22927,16950,9677,385,18.0,9039.0,9.0,151,23.3,28.13498695,82.12222036,6.85,2.6,0.14,183.55,470.46,42.84,20.77,35.98,Dang,direct_overlay,False,0.0,direct_overlay,FMR_100,15.081206496519721,70.59615384615385,3.8410564627188664,6.4375,98.70649651972155,38.66966915045512,40.69677150569905,202.5870069605569,15.232288227288864,385.5138129562083,128.70649651972155,43.909843822944204,57.225697125533756,2.2890278850213504,42.708333333333336,150.0
438,Dang,Panchakaule,6,120,0,40,,Urea,top dressed ,knee ht+shoulder ht,T6-DOY805cT,28.13504148,82.1221834,507.0,5.0,21120,16130,8617,327,18.0,8059.0,8.1,67,3.5,28.13504148,82.1221834,6.85,2.6,0.14,184.49,474.54,42.99,20.63,35.97,Dang,direct_overlay,False,0.0,direct_overlay,FMR_100,15.081206496519721,70.95769230769231,3.8743674995081645,6.4375,98.70649651972155,38.85043838122435,41.0497086900362,202.5870069605569,13.162480534981189,384.6597049701124,158.70649651972155,38.85043838122435,57.57863430987091,2.303145372394836,13.854166666666663,67.5
439,Dang,Panchakaule,7,0,60,40,,,,,T7-PFN506eW,28.13503582,82.12234718,509.0,5.0,19630,15933,8133,347,17.0,7643.0,7.6,0,0.0,28.13503582,82.12234718,6.85,2.6,0.14,184.26,468.49,42.79,20.9,36.03,Dang,direct_overlay,False,0.0,direct_overlay,FMR_100,15.081206496519721,70.86923076923077,3.8249724572103085,6.4375,98.70649651972155,38.80620761199358,40.526358208359795,202.5870069605569,13.668922842673531,385.9262131357693,98.70649651972155,44.04638228448266,57.055283828194504,2.28221135312778,1162.4999999999995,7600.0
440,Dang,Panchakaule,8,0,0,0,,,,,T8-LGK609uP,28.1351105,82.122287,506.0,5.0,22203,15430,8230,325,17.0,7643.0,7.6,0,0.0,28.1351105,82.122287,6.85,2.61,0.14,185.49,474.39,43.0,20.7,36.01,Dang,direct_overlay,False,0.0,direct_overlay,FMR_100,15.139211136890951,71.3423076923077,3.8731428290379695,6.4375,99.08613689095127,39.055713735945034,40.8996291167919,201.82772621809747,10.812077723429365,385.0228975373636,99.08613689095127,39.055713735945034,40.8996291167919,1.635985164671676,1162.4999999999995,7600.0
441,Dang,Panchakaule,9,120,60,40,,Urea ,top dressed ,V6 and V10 stages,T9-TQD803wE,28.13501822,82.12235925,507.0,5.0,22030,16010,8600,338,17.0,8082.0,8.1,67,3.7,28.13501822,82.12235925,6.85,2.6,0.14,184.0,467.18,42.75,20.94,36.03,Dang,direct_overlay,False,0.0,direct_overlay,FMR_100,15.081206496519721,70.76923076923077,3.8142770017706074,6.4375,98.70649651972155,38.75620761199358,40.41303769083978,202.5870069605569,14.241422842673497,386.2004487881677,158.70649651972155,43.996382284482664,56.941963310674495,2.2776785324269797,13.854166666666663,67.5
442,Kavre,Bhakundebesi,1,120,60,40,,Urea,top dressed ,knee ht+shoulder ht,T1-OBS749qQ,27.56067273,85.66487296,1317.0,5.0,13504,15040,9300,450,17.0,8932.0,8.9,74,17.9,27.56067273,85.66487296,5.95,3.4,0.18,77.54,337.96,38.95,12.38,47.53,Kabhrepalanchok,direct_overlay,False,0.0,direct_overlay,FMR_013,19.721577726218097,29.823076923076925,2.759264214046822,6.711764705882352,98.90371229698377,21.805462475459578,35.62698936146803,202.19257540603246,208.32745465598785,397.78268574524736,158.90371229698377,27.04563714794866,52.15591498130274,2.08623659925211,18.23529411764707,74.16666666666667
443,Kavre,Rabiopi,1,120,60,40,,Urea,top dressed ,knee ht+shoulder ht,T1-JXF488qK,27.6455971,85.55454796,1363.0,5.0,19456,19705,9000,320,13.0,9104.0,9.1,76,24.9,27.6455971,85.55454796,5.96,3.13,0.16,102.91,300.43,38.12,15.75,44.25,Kabhrepalanchok,direct_overlay,False,0.0,direct_overlay,FMR_152,18.155452436194896,39.58076923076923,2.452851662404092,6.711764705882352,91.35823665893271,26.13970944137069,33.97096374091031,217.28352668213458,158.70032689630557,401.7902677469971,151.3582366589327,31.379884113859774,50.499889360745016,2.019995574429801,19.901960784313726,75.83333333333333
444,Kavre,Rabiopi,1,120,60,40,,Urea,top dressed ,knee ht+shoulder ht,T1-UCU785xS,27.64692356,85.56242414,1256.0,11.0,20640,18900,10000,397,12.0,10267.0,10.3,86,27.2,27.64692356,85.56242414,5.97,3.13,0.16,90.03,276.39,36.2,17.51,45.5,Kabhrepalanchok,direct_overlay,False,0.0,direct_overlay,FMR_087,18.155452436194896,34.62692307692308,2.2565778083808774,6.711764705882352,91.66687935034803,23.66501040737105,31.129611481975587,216.66624129930395,187.03563083560147,408.6663402136191,151.66687935034804,28.905185079860132,47.658537101810296,1.9063414840724118,29.90196078431374,85.83333333333333
445,Kavre,Rabiopi,1,120,60,40,,Urea,top dressed ,knee ht+shoulder ht,T1-DMN268dW,27.65023801,85.57656571,1058.0,7.0,22336,17080,8500,370,13.0,8579.0,8.6,71,14.9,27.65023801,85.57656571,6.04,2.92,0.14,81.91,258.06,36.78,17.74,43.32,Kabhrepalanchok,direct_overlay,False,0.0,direct_overlay,FMR_172,16.937354988399072,31.50384615384615,2.1069230769230765,6.711764705882352,87.53225058004641,21.675254863465998,30.057673056222555,224.93549883990718,209.8183318133143,411.26043120394144,147.53225058004642,26.91542953595508,46.586598676057264,1.8634639470422905,15.735294117647063,71.66666666666667
446,Kavre,Bhakundebesi,1,120,60,40,,Urea,top dressed ,knee ht+shoulder ht,T1-PIO607zK,27.55477469,85.66746093,1390.0,3.0,17760,13200,6800,380,14.0,6768.0,6.8,56,1.5,27.55477469,85.66746093,5.96,3.16,0.16,83.68,317.62,38.86,12.39,46.76,Kabhrepalanchok,direct_overlay,False,0.0,direct_overlay,,18.329466357308586,32.184615384615384,2.5931988982884118,6.711764705882352,92.2338747099768,22.502488666785652,35.610619191071955,215.5322505800464,200.34650476530427,397.8223015576059,152.23387470997682,27.742663339274735,52.13954481090667,2.0855817924362667,0.7352941176470636,56.666666666666664
447,Kavre,Bhakundebesi,1,120,60,40,,Urea,top dressed ,knee ht+shoulder ht,T1-WHC651rF,27.55849285,85.66658275,1339.0,9.0,16880,18800,9300,400,20.0,8683.0,8.7,72,18.5,27.55849285,85.66658275,5.95,3.4,0.18,77.54,337.96,38.95,12.38,47.53,,direct_overlay_plus_nearest8,True,8.0,nearest_8_valid_mean,FMR_107,19.721577726218097,29.823076923076925,2.759264214046822,6.711764705882352,98.90371229698377,21.805462475459578,35.62698936146803,202.19257540603246,208.32745465598785,397.78268574524736,158.90371229698377,27.04563714794866,52.15591498130274,2.08623659925211,16.568627450980394,72.5
448,Kavre,Anekot,1,120,60,40,,Urea,top dressed ,knee ht+shoulder ht,T1-GEA400iI,27.65007995,85.59363208,919.0,9.0,17440,13608,4884,300,16.0,4787.0,4.8,40,10.6,27.65007995,85.59363208,6.01,2.68,0.14,81.89,254.28,36.08,19.29,44.24,Kabhrepalanchok,direct_overlay,False,0.0,direct_overlay,FMR_110,15.54524361948956,31.496153846153845,2.0760613810741684,6.711764705882352,79.54501160092806,21.188640148134926,32.327456667948155,240.90997679814387,215.39007030385508,405.76755486356546,139.54501160092806,26.42881482062401,48.856382287782864,1.9542552915113147,-15.931372549019605,40.0
449,Kavre,Anekot,1,120,60,40,,Urea,top dressed ,knee ht+shoulder ht,T1-NZF173cS,27.67026182,85.58068221,1277.0,10.0,27344,22246,8828,440,16.0,8643.0,8.6,72,32.2,27.67026182,85.58068221,5.96,2.85,0.15,90.07,273.91,36.19,19.62,43.41,Kabhrepalanchok,direct_overlay,False,0.0,direct_overlay,FMR_108,16.531322505800464,34.64230769230769,2.236329923273657,6.711764705882352,83.18561484918794,23.102487952882385,33.65454423265658,233.62877030162412,193.4765129394967,402.5560029569711,143.18561484918794,28.342662625371467,50.1834698524913,2.007338794099652,15.735294117647063,71.66666666666667
450,Kavre,Anekot,1,120,60,40,,Urea,top dressed ,knee ht+shoulder ht,T1-NZF173cS,27.66158589,85.59526126,987.0,12.0,16858,14059,6783,482,18.0,6467.0,6.5,54,14.5,27.66158589,85.59526126,6.05,2.91,0.16,67.19,249.42,36.31,19.66,44.68,Kabhrepalanchok,direct_overlay,False,0.0,direct_overlay,FMR_085,16.879350348027845,25.842307692307692,2.036382057839858,6.711764705882352,87.51943155452437,18.82154175218633,29.02108960086373,224.96113689095125,242.4933469374665,413.7689631659098,147.51943155452437,24.061716424675414,45.55001522069844,1.8220006088279377,-1.764705882352935,54.166666666666664
451,Kavre,Bhakundebesi,2,120,60,40,,PCU,basal ,planting time,T2-JJX157pK,27.56050845,85.6648662,1325.0,4.0,17440,14520,7350,400,16.0,7162.0,7.2,60,3.2,27.56050845,85.6648662,5.95,3.4,0.18,77.54,337.96,38.95,12.38,47.53,Kabhrepalanchok,direct_overlay,False,0.0,direct_overlay,FMR_013,19.721577726218097,29.823076923076925,2.759264214046822,6.711764705882352,98.90371229698377,21.805462475459578,35.62698936146803,202.19257540603246,208.32745465598785,397.78268574524736,158.90371229698377,27.04563714794866,52.15591498130274,2.08623659925211,4.0686274509804,60.0
452,Kavre,Rabiopi,2,120,60,40,,PCU,basal ,planting time,T2-AHC815zP,27.64557204,85.55466278,1374.0,5.0,18016,18130,9250,370,,,0.0,0,,27.64557204,85.55466278,5.96,3.13,0.16,102.91,300.43,38.12,15.75,44.25,Kabhrepalanchok,direct_overlay,False,0.0,direct_overlay,FMR_152,18.155452436194896,39.58076923076923,2.452851662404092,6.711764705882352,91.35823665893271,26.13970944137069,33.97096374091031,217.28352668213458,158.70032689630557,401.7902677469971,151.3582366589327,31.379884113859774,50.499889360745016,2.019995574429801,-55.9313725490196,0.0
453,Kavre,Rabiopi,2,120,60,40,,PCU,basal ,planting time,T2-MWI628aY,27.64693343,85.5624482,1248.0,5.0,19680,17850,10000,400,14.0,11289.0,11.3,94,35.74166667,27.64693343,85.5624482,5.97,3.13,0.16,90.03,276.39,36.2,17.51,45.5,Kabhrepalanchok,direct_overlay,False,0.0,direct_overlay,FMR_087,18.155452436194896,34.62692307692308,2.2565778083808774,6.711764705882352,91.66687935034803,23.66501040737105,31.129611481975587,216.66624129930395,187.03563083560147,408.6663402136191,151.66687935034804,28.905185079860132,47.658537101810296,1.9063414840724118,38.23529411764707,94.16666666666667
454,Kavre,Rabiopi,2,120,60,40,,PCU,basal ,planting time,T2-FPH399jN,27.65022523,85.57658286,1055.0,5.0,24480,17605,10000,350,13.0,10598.0,10.6,88,31.74166667,27.65022523,85.57658286,6.04,2.92,0.14,81.64,257.39,36.79,17.72,43.31,Kabhrepalanchok,direct_overlay,False,0.0,direct_overlay,FMR_172,16.937354988399072,31.4,2.101452882156207,6.711764705882352,87.53225058004641,21.623331786542924,29.979634456874848,224.93549883990718,210.4128510440835,411.4492846143628,147.53225058004642,26.863506459032006,46.50856007670956,1.8603424030683824,32.40196078431373,88.33333333333333
455,Kavre,Bhakundebesi,2,120,60,40,,PCU,basal ,planting time,T2-SZF397sU,27.55472657,85.66744222,1391.0,5.0,25600,12200,9350,477,16.0,9186.0,9.2,77,21.66666667,27.55472657,85.66744222,5.96,3.16,0.16,83.72,319.12,38.99,12.37,46.79,Kabhrepalanchok,direct_overlay,False,0.0,direct_overlay,,18.329466357308586,32.199999999999996,2.60544560299036,6.711764705882352,92.2338747099768,22.510180974477954,35.77879477443134,215.5322505800464,200.2584278422274,397.41531664587615,152.23387470997682,27.750355646967037,52.307720394266056,2.0923088157706426,20.73529411764706,76.66666666666667
456,Kavre,Bhakundebesi,2,120,60,40,,PCU,basal ,planting time,T2-GAO179qG,27.55850759,85.66659705,1338.0,3.0,26480,18150,7350,450,19.0,6914.0,6.9,58,3.783333333,27.55850759,85.66659705,5.95,3.4,0.18,77.54,337.96,38.95,12.38,47.53,,direct_overlay_plus_nearest8,True,8.0,nearest_8_valid_mean,FMR_107,19.721577726218097,29.823076923076925,2.759264214046822,6.711764705882352,98.90371229698377,21.805462475459578,35.62698936146803,202.19257540603246,208.32745465598785,397.78268574524736,158.90371229698377,27.04563714794866,52.15591498130274,2.08623659925211,1.5686274509804012,57.5
457,Kavre,Anekot,2,120,60,40,,PCU,basal ,planting time,T2-RHA236kL,27.65007897,85.59361875,917.0,5.0,21632,15456,5836,380,14.0,5829.0,5.8,49,19.26666667,27.65007897,85.59361875,6.01,2.68,0.14,81.89,254.28,36.08,19.29,44.24,Kabhrepalanchok,direct_overlay,False,0.0,direct_overlay,FMR_110,15.54524361948956,31.496153846153845,2.0760613810741684,6.711764705882352,79.54501160092806,21.188640148134926,32.327456667948155,240.90997679814387,215.39007030385508,405.76755486356546,139.54501160092806,26.42881482062401,48.856382287782864,1.9542552915113147,-7.59803921568627,48.333333333333336
458,Kavre,Anekot,2,120,60,40,,PCU,basal ,planting time,T2-UYP413iP,27.6699683,85.58099852,1258.0,5.0,19856,15834,8284,380,16.0,8091.0,8.1,67,27.63333333,27.6699683,85.58099852,5.99,2.77,0.14,92.79,268.95,36.25,19.71,43.33,Kabhrepalanchok,direct_overlay,False,0.0,direct_overlay,FMR_108,16.067285382830626,35.68846153846154,2.1958341530592165,6.711764705882352,81.67001160092808,23.467499475727287,33.48333702334189,236.65997679814384,189.29713100292255,402.97032440351256,141.6700116009281,28.70767414821637,50.0122626431766,2.000490505727064,11.568627450980395,67.5
459,Kavre,Anekot,2,120,60,40,,PCU,basal ,planting time,,27.66169643,85.59531521,1025.0,10.0,28160,13300,5117,480,17.0,4938.0,4.9,41,1.758333333,27.66169643,85.59531521,6.05,2.91,0.16,67.19,249.42,36.31,19.66,44.68,Kabhrepalanchok,direct_overlay,False,0.0,direct_overlay,FMR_085,16.879350348027845,25.842307692307692,2.036382057839858,6.711764705882352,87.51943155452437,18.82154175218633,29.02108960086373,224.96113689095125,242.4933469374665,413.7689631659098,147.51943155452437,24.061716424675414,45.55001522069844,1.8220006088279377,-15.098039215686265,40.833333333333336
460,Kavre,Bhakundebesi,3,60,60,40,,PCU,basal ,planting time,T3-ZAV853mG,27.56067362,85.66487197,1317.0,5.0,18048,14680,6900,480,17.0,6651.0,6.7,111,-2.216666667,27.56067362,85.66487197,5.95,3.4,0.18,77.54,337.96,38.95,12.38,47.53,Kabhrepalanchok,direct_overlay,False,0.0,direct_overlay,FMR_013,19.721577726218097,29.823076923076925,2.759264214046822,6.711764705882352,98.90371229698377,21.805462475459578,35.62698936146803,202.19257540603246,208.32745465598785,397.78268574524736,128.90371229698377,27.04563714794866,52.15591498130274,2.08623659925211,-0.19607843137253353,111.66666666666667
461,Kavre,Rabiopi,3,60,60,40,,PCU,basal ,planting time,T3-QUZ940wG,27.64556336,85.55466565,1372.0,5.0,18240,21000,9750,375,12.0,9999.0,10.0,167,64.66666667,27.64556336,85.55466565,5.96,3.13,0.16,102.91,300.43,38.12,15.75,44.25,Kabhrepalanchok,direct_overlay,False,0.0,direct_overlay,FMR_152,18.155452436194896,39.58076923076923,2.452851662404092,6.711764705882352,91.35823665893271,26.13970944137069,33.97096374091031,217.28352668213458,158.70032689630557,401.7902677469971,121.35823665893271,31.379884113859774,50.499889360745016,2.019995574429801,54.803921568627466,166.66666666666666
462,Kavre,Rabiopi,3,60,60,40,,PCU,basal ,planting time,T3-TII244tU,27.64694629,85.56232825,1248.0,5.0,20160,18655,10000,400,13.0,10393.0,10.4,173,56.55,27.64694629,85.56232825,5.94,3.08,0.16,80.09,264.77,36.36,15.86,45.17,Kabhrepalanchok,direct_overlay,False,0.0,direct_overlay,FMR_087,17.865429234338748,30.803846153846155,2.161706669289789,6.711764705882352,89.29141531322507,21.643568088524006,30.61012154296176,221.41716937354985,210.18114538640015,409.92350586603254,119.29141531322507,26.88374276101309,47.13904716279647,1.885561886511859,61.47058823529414,173.33333333333334
463,Kavre,Rabiopi,3,60,60,40,,PCU,basal ,planting time,T3-PAT569oP,27.6502128,85.57660026,1057.0,5.0,25216,18655,10000,359,13.0,11341.0,11.3,189,75.86666667,27.6502128,85.57660026,6.05,2.92,0.14,81.36,256.69,36.8,17.7,43.31,Kabhrepalanchok,direct_overlay,False,0.0,direct_overlay,FMR_172,16.937354988399072,31.29230769230769,2.095737753295298,6.711764705882352,87.82018561484918,21.566817999286094,29.776564593543725,224.35962877030164,211.0599339081742,411.94071368362415,117.82018561484918,26.806992671775177,46.305490213378434,1.8522196085351375,76.47058823529414,188.33333333333334
464,Kavre,Bhakundebesi,3,60,60,40,,PCU,basal ,planting time,T3-CJH121kU,27.55465296,85.66751449,1394.0,5.0,22560,14900,8700,480,15.0,8639.0,8.6,144,34.21666667,27.55465296,85.66751449,5.97,3.16,0.16,83.76,313.71,38.58,12.46,46.58,Kabhrepalanchok,direct_overlay,False,0.0,direct_overlay,,18.329466357308586,32.215384615384615,2.5612758213653346,6.711764705882352,92.54547563805104,22.520118641799037,35.03376811203465,214.9090487238979,200.144641551401,399.21828116887616,122.54547563805104,27.76029331428812,51.56269373186936,2.0625077492747743,31.470588235294127,143.33333333333334
465,Kavre,Bhakundebesi,3,60,60,40,,PCU,basal ,planting time,T3-WGI675kJ,27.55856394,85.6666829,1326.0,4.0,23160,18350,6900,340,17.0,6675.0,6.7,111,3.583333333,27.55856394,85.6666829,5.95,3.4,0.18,77.54,337.96,38.95,12.38,47.53,,direct_overlay_plus_nearest8,True,8.0,nearest_8_valid_mean,FMR_107,19.721577726218097,29.823076923076925,2.759264214046822,6.711764705882352,98.90371229698377,21.805462475459578,35.62698936146803,202.19257540603246,208.32745465598785,397.78268574524736,128.90371229698377,27.04563714794866,52.15591498130274,2.08623659925211,-0.19607843137253353,111.66666666666667
466,Kavre,Anekot,3,60,60,40,,PCU,basal ,planting time,T3-LUD757oP,27.65007923,85.59361339,917.0,5.0,20672,14056,5479,300,16.0,5383.0,5.4,90,31.1,27.65007923,85.59361339,6.01,2.68,0.14,81.89,254.28,36.08,19.29,44.24,Kabhrepalanchok,direct_overlay,False,0.0,direct_overlay,FMR_110,15.54524361948956,31.496153846153845,2.0760613810741684,6.711764705882352,79.54501160092806,21.188640148134926,32.327456667948155,240.90997679814387,215.39007030385508,405.76755486356546,109.54501160092806,26.42881482062401,48.856382287782864,1.9542552915113147,-21.862745098039195,90.0
467,Kavre,Anekot,3,60,60,40,,PCU,basal ,planting time,T3-AOG391aB,27.67011617,85.58106151,1276.0,5.0,18365,14389,6672,340,16.0,6516.0,6.5,109,29.01666667,27.67011617,85.58106151,5.99,2.81,0.14,90.54,271.49,36.13,19.64,43.41,Kabhrepalanchok,direct_overlay,False,0.0,direct_overlay,FMR_108,16.299303944315547,34.823076923076925,2.216571906354515,6.711764705882352,82.84936194895593,23.116009604229877,33.376152188925836,234.30127610208814,193.3216900315679,403.2297117027995,112.84936194895593,28.35618427671896,49.90507780876055,1.996203112350422,-3.52941176470587,108.33333333333333
468,Kavre,Anekot,3,60,60,40,,PCU,basal ,planting time,,27.66168304,85.59524301,1016.0,8.0,23776,11852,4953,450,18.0,4723.0,4.7,79,-0.066666667,27.66168304,85.59524301,6.04,2.94,0.16,68.22,249.39,36.34,19.37,44.54,Kabhrepalanchok,direct_overlay,False,0.0,direct_overlay,FMR_085,17.053364269141532,26.238461538461536,2.036137123745819,6.711764705882352,88.13178654292344,19.083133321434943,28.873007179654152,223.73642691415313,239.49812346956992,414.1273226252369,118.13178654292344,24.323307993924026,45.40193279948886,1.8160773119795544,-33.52941176470587,78.33333333333333
469,Kavre,Bhakundebesi,4,78,60,40,,UDP,basal ,planting time,T4-JVR191lK,27.5605062,85.6648713,1321.0,4.0,19136,10600,6950,500,18.0,6659.0,6.7,85,-1.602564103,27.5605062,85.6648713,5.95,3.4,0.18,77.54,337.96,38.95,12.38,47.53,Kabhrepalanchok,direct_overlay,False,0.0,direct_overlay,FMR_013,19.721577726218097,29.823076923076925,2.759264214046822,6.711764705882352,98.90371229698377,21.805462475459578,35.62698936146803,202.19257540603246,208.32745465598785,397.78268574524736,137.90371229698377,27.04563714794866,52.15591498130274,2.08623659925211,-0.15082956259425656,85.8974358974359
470,Kavre,Rabiopi,4,78,60,40,,UDP,basal ,planting time,T4-BFS662xA,27.64557517,85.55466834,1374.0,5.0,19200,18900,8750,350,12.0,9004.0,9.0,115,36.98717949,27.64557517,85.55466834,5.96,3.13,0.16,102.91,300.43,38.12,15.75,44.25,Kabhrepalanchok,direct_overlay,False,0.0,direct_overlay,FMR_152,18.155452436194896,39.58076923076923,2.452851662404092,6.711764705882352,91.35823665893271,26.13970944137069,33.97096374091031,217.28352668213458,158.70032689630557,401.7902677469971,130.3582366589327,31.379884113859774,50.499889360745016,2.019995574429801,29.336349924585228,115.38461538461539
471,Kavre,Rabiopi,4,78,60,40,,UDP,basal ,planting time,T4-ZKZ446dF,27.64696562,85.56233618,1250.0,5.0,18240,16275,8750,380,13.0,8883.0,8.9,114,24.14102564,27.64696562,85.56233618,5.94,3.08,0.16,80.09,264.77,36.36,15.86,45.17,Kabhrepalanchok,direct_overlay,False,0.0,direct_overlay,FMR_087,17.865429234338748,30.803846153846155,2.161706669289789,6.711764705882352,89.29141531322507,21.643568088524006,30.61012154296176,221.41716937354985,210.18114538640015,409.92350586603254,128.29141531322506,26.88374276101309,47.13904716279647,1.885561886511859,28.05429864253395,114.1025641025641
472,Kavre,Rabiopi,4,78,60,40,,UDP,basal ,planting time,T4-MQE928hU,27.65019554,85.57663125,1056.0,5.0,22816,18130,9500,495,14.0,9478.0,9.5,122,34.47435897,27.65019554,85.57663125,6.05,2.92,0.14,80.82,255.4,36.83,17.66,43.29,Kabhrepalanchok,direct_overlay,False,0.0,direct_overlay,FMR_172,16.937354988399072,31.084615384615383,2.085205587251623,6.711764705882352,87.82018561484918,21.46297184543994,29.626921957189875,224.35962877030164,212.24897236971265,412.3028488636005,126.82018561484918,26.703146517929024,46.15584757702459,1.8462339030809836,35.74660633484164,121.7948717948718
473,Kavre,Bhakundebesi,4,78,60,40,,UDP,basal ,planting time,T4-VGB755qO,27.5544684,85.66762976,1405.0,9.0,23480,14650,9900,380,17.0,9589.0,9.6,123,38.5,27.5544684,85.66762976,5.89,3.14,0.15,83.04,334.42,39.99,12.03,47.7,Kabhrepalanchok,direct_overlay,False,0.0,direct_overlay,,18.213457076566126,31.93846153846154,2.730361990950226,6.711764705882352,89.48271461716936,22.305373750669283,38.74620294234665,221.03457076566127,202.6034705548367,390.23418887952107,128.48271461716936,27.545548423158365,55.275128562181365,2.2110051424872545,37.028657616892914,123.07692307692308
474,Kavre,Bhakundebesi,4,78,60,40,,UDP,basal ,planting time,T4-DJM280wH,27.55867905,85.66662332,1331.0,5.0,23080,13250,6750,454,20.0,6318.0,6.3,81,-1.820512821,27.55867905,85.66662332,5.95,3.4,0.18,77.54,337.96,38.95,12.38,47.53,,direct_overlay_plus_nearest8,True,8.0,nearest_8_valid_mean,FMR_107,19.721577726218097,29.823076923076925,2.759264214046822,6.711764705882352,98.90371229698377,21.805462475459578,35.62698936146803,202.19257540603246,208.32745465598785,397.78268574524736,137.90371229698377,27.04563714794866,52.15591498130274,2.08623659925211,-5.2790346907993895,80.76923076923077
475,Kavre,Anekot,4,78,60,40,,UDP,basal ,planting time,T4-JMT988aA,27.65008583,85.59361389,916.0,5.0,15344,13174,5033,340,14.0,5039.0,5.0,65,19.51282051,27.65008583,85.59361389,6.01,2.68,0.14,81.89,254.28,36.08,19.29,44.24,Kabhrepalanchok,direct_overlay,False,0.0,direct_overlay,FMR_110,15.54524361948956,31.496153846153845,2.0760613810741684,6.711764705882352,79.54501160092806,21.188640148134926,32.327456667948155,240.90997679814387,215.39007030385508,405.76755486356546,118.54501160092806,26.42881482062401,48.856382287782864,1.9542552915113147,-21.945701357466053,64.1025641025641
476,Kavre,Anekot,4,78,60,40,,UDP,basal ,planting time,T4-OXF734bY,27.67005164,85.5808474,1250.0,5.0,19850,18306,8323,410,15.0,8226.0,8.2,105,44.24358974,27.67005164,85.5808474,5.98,2.8,0.14,92.26,269.89,36.29,19.66,43.4,Kabhrepalanchok,direct_overlay,False,0.0,direct_overlay,FMR_108,16.241299303944313,35.48461538461539,2.2035087546724372,6.711764705882352,82.2784222737819,23.42562555773693,33.41629333461081,235.4431554524362,189.77658736391214,403.1325701302418,121.2784222737819,28.66580023022601,49.94521895444552,1.997808758177821,19.079939668174962,105.12820512820512
477,Kavre,Anekot,4,78,60,40,,UDP,basal ,planting time,,27.66163535,85.59492434,1010.0,9.0,23149,9380,5299,432,17.0,5114.0,5.1,66,4.961538462,27.66163535,85.59492434,6.04,2.95,0.15,69.61,250.91,36.63,19.23,44.3,Kabhrepalanchok,direct_overlay,False,0.0,direct_overlay,FMR_085,17.111368909512763,26.77307692307692,2.0485471178437926,6.711764705882352,88.43155452436196,19.370726396573264,28.961831684313065,223.1368909512761,236.2051827592361,413.91236732396237,127.43155452436196,24.610901069062347,45.49075730414778,1.8196302921659113,-20.663650075414775,65.38461538461539
478,Kavre,Bhakundebesi,5,60,60,40,6.0,Urea,top dressed ,knee ht+shoulder ht,T5-GUB890tJ,27.5606008,85.66486519,1322.0,9.0,15648,12600,8600,500,17.0,8280.0,8.3,138,24.93333333,27.5606008,85.66486519,5.95,3.4,0.18,77.54,337.96,38.95,12.38,47.53,Kabhrepalanchok,direct_overlay,False,0.0,direct_overlay,FMR_013,19.721577726218097,29.823076923076925,2.759264214046822,6.711764705882352,98.90371229698377,21.805462475459578,35.62698936146803,202.19257540603246,208.32745465598785,397.78268574524736,128.90371229698377,27.04563714794866,52.15591498130274,2.08623659925211,26.47058823529414,138.33333333333334
479,Kavre,Rabiopi,5,60,60,40,6.0,Urea,top dressed ,knee ht+shoulder ht,T5-MNM924pE,27.64565601,85.55463457,1377.0,5.0,16800,17850,7750,340,12.0,7912.0,7.9,132,29.88333333,27.64565601,85.55463457,5.96,3.13,0.16,102.91,300.43,38.12,15.75,44.25,Kabhrepalanchok,direct_overlay,False,0.0,direct_overlay,FMR_152,18.155452436194896,39.58076923076923,2.452851662404092,6.711764705882352,91.35823665893271,26.13970944137069,33.97096374091031,217.28352668213458,158.70032689630557,401.7902677469971,121.35823665893271,31.379884113859774,50.499889360745016,2.019995574429801,19.80392156862747,131.66666666666666
480,Kavre,Rabiopi,5,60,60,40,6.0,Urea,top dressed ,knee ht+shoulder ht,T5-GOT226gG,27.64697419,85.56234037,1251.0,5.0,22560,16030,8500,355,12.0,8658.0,8.7,144,27.63333333,27.64697419,85.56234037,5.94,3.08,0.16,80.09,264.77,36.36,15.86,45.17,Kabhrepalanchok,direct_overlay,False,0.0,direct_overlay,FMR_087,17.865429234338748,30.803846153846155,2.161706669289789,6.711764705882352,89.29141531322507,21.643568088524006,30.61012154296176,221.41716937354985,210.18114538640015,409.92350586603254,119.29141531322507,26.88374276101309,47.13904716279647,1.885561886511859,33.13725490196079,145.0
481,Kavre,Rabiopi,5,60,60,40,6.0,Urea,top dressed ,knee ht+shoulder ht,T5-QTQ176wU,27.65020033,85.57666488,1058.0,7.0,24736,20755,10000,495,12.0,12064.0,12.1,201,87.91666667,27.65020033,85.57666488,6.05,2.93,0.14,80.22,254.04,36.9,17.6,43.26,Kabhrepalanchok,direct_overlay,False,0.0,direct_overlay,FMR_172,16.995359628770302,30.853846153846153,2.074101908321857,6.711764705882352,88.12093967517401,21.367863477155094,29.380212087899455,223.75812064965197,213.33796318657417,412.8998867472833,118.12093967517401,26.608038149644177,45.90913770773417,1.8363655083093668,89.80392156862746,201.66666666666666
482,Kavre,Bhakundebesi,5,60,60,40,6.0,Urea,top dressed ,knee ht+shoulder ht,T5-WVH988sC,27.55441664,85.66764621,1388.0,5.0,16520,14050,9000,430,18.0,8623.0,8.6,144,33.95,27.55441664,85.66764621,5.89,3.14,0.15,83.04,334.42,39.99,12.03,47.7,Kabhrepalanchok,direct_overlay,False,0.0,direct_overlay,,18.213457076566126,31.93846153846154,2.730361990950226,6.711764705882352,89.48271461716936,22.305373750669283,38.74620294234665,221.03457076566127,202.6034705548367,390.23418887952107,119.48271461716936,27.545548423158365,55.275128562181365,2.2110051424872545,31.470588235294127,143.33333333333334
483,Kavre,Bhakundebesi,5,60,60,40,6.0,Urea,top dressed ,knee ht+shoulder ht,T5-CYJ569pP,27.55879113,85.66651052,1334.0,9.0,18000,15750,7450,450,20.0,6956.0,7.0,116,8.266666667,27.55879113,85.66651052,5.95,3.4,0.18,77.54,337.96,38.95,12.38,47.53,,direct_overlay_plus_nearest8,True,8.0,nearest_8_valid_mean,FMR_107,19.721577726218097,29.823076923076925,2.759264214046822,6.711764705882352,98.90371229698377,21.805462475459578,35.62698936146803,202.19257540603246,208.32745465598785,397.78268574524736,128.90371229698377,27.04563714794866,52.15591498130274,2.08623659925211,4.803921568627463,116.66666666666667
484,Kavre,Anekot,5,60,60,40,6.0,Urea,top dressed ,knee ht+shoulder ht,T5-RKD633dN,27.65008951,85.59362833,915.0,5.0,17200,14056,5346,340,14.0,5346.0,5.3,89,30.48333333,27.65008951,85.59362833,6.01,2.68,0.14,81.89,254.28,36.08,19.29,44.24,Kabhrepalanchok,direct_overlay,False,0.0,direct_overlay,FMR_110,15.54524361948956,31.496153846153845,2.0760613810741684,6.711764705882352,79.54501160092806,21.188640148134926,32.327456667948155,240.90997679814387,215.39007030385508,405.76755486356546,109.54501160092806,26.42881482062401,48.856382287782864,1.9542552915113147,-23.529411764705873,88.33333333333333
485,Kavre,Anekot,5,60,60,40,6.0,Urea,top dressed ,knee ht+shoulder ht,T5-YLH923lD,27.67006662,85.5810992,1269.0,5.0,19610,16005,7327,380,16.0,7174.0,7.2,120,39.98333333,27.67006662,85.5810992,5.99,2.79,0.14,91.06,270.83,36.14,19.67,43.37,Kabhrepalanchok,direct_overlay,False,0.0,direct_overlay,FMR_108,16.183294663573086,35.02307692307692,2.211183356285658,6.711764705882352,82.259686774942,23.17540838613243,33.50487102266807,235.480626450116,192.6415739787837,402.91821212514327,112.259686774942,28.41558305862151,50.03379664250278,2.0013518657001113,8.1372549019608,120.0
486,Kavre,Anekot,5,60,60,40,6.0,Urea,top dressed ,knee ht+shoulder ht,,27.66162521,85.59493641,1011.0,5.0,18803,11544,5299,451,16.0,5175.0,5.2,86,7.466666667,27.66162521,85.59493641,6.04,2.95,0.15,69.63,250.89,36.62,19.22,44.31,Kabhrepalanchok,direct_overlay,False,0.0,direct_overlay,FMR_085,17.111368909512763,26.780769230769227,2.0483838284477667,6.711764705882352,88.43155452436196,19.374572550419416,28.95952314087643,223.1368909512761,236.1611442976977,413.91795399907903,118.43155452436196,24.6147472229085,45.488448760711144,1.819537950428446,-25.196078431372534,86.66666666666667
487,Kavre,Bhakundebesi,6,120,0,40,,Urea,top dressed ,knee ht+shoulder ht,T6-JIV482qP,27.56058342,85.66486177,1316.0,9.0,15008,12680,8550,400,17.0,8292.0,8.3,69,12.56666667,27.56058342,85.66486177,5.95,3.4,0.18,77.54,337.96,38.95,12.38,47.53,Kabhrepalanchok,direct_overlay,False,0.0,direct_overlay,FMR_013,19.721577726218097,29.823076923076925,2.759264214046822,6.711764705882352,98.90371229698377,21.805462475459578,35.62698936146803,202.19257540603246,208.32745465598785,397.78268574524736,158.90371229698377,21.805462475459578,52.15591498130274,2.08623659925211,13.23529411764707,69.16666666666667
488,Kavre,Rabiopi,6,120,0,40,,Urea,top dressed ,knee ht+shoulder ht,T6-UGZ405zA,27.64564698,85.55463757,1379.0,4.0,19200,18375,9250,370,12.0,9519.0,9.5,79,28.33333333,27.64564698,85.55463757,5.96,3.13,0.16,102.91,300.43,38.12,15.75,44.25,Kabhrepalanchok,direct_overlay,False,0.0,direct_overlay,FMR_152,18.155452436194896,39.58076923076923,2.452851662404092,6.711764705882352,91.35823665893271,26.13970944137069,33.97096374091031,217.28352668213458,158.70032689630557,401.7902677469971,151.3582366589327,26.13970944137069,50.499889360745016,2.019995574429801,23.235294117647065,79.16666666666667
489,Kavre,Rabiopi,6,120,0,40,,Urea,top dressed ,knee ht+shoulder ht,T6-CFS567uN,27.64697788,85.56235148,1249.0,11.0,18240,15750,8500,361,13.0,8628.0,8.6,72,13.56666667,27.64697788,85.56235148,5.94,3.08,0.16,80.09,264.77,36.36,15.86,45.17,Kabhrepalanchok,direct_overlay,False,0.0,direct_overlay,FMR_087,17.865429234338748,30.803846153846155,2.161706669289789,6.711764705882352,89.29141531322507,21.643568088524006,30.61012154296176,221.41716937354985,210.18114538640015,409.92350586603254,149.29141531322506,21.643568088524006,47.13904716279647,1.885561886511859,15.735294117647063,71.66666666666667
490,Kavre,Rabiopi,6,120,0,40,,Urea,top dressed ,knee ht+shoulder ht,T6-UJS392yX,27.65017272,85.57666896,1056.0,5.0,19456,17325,9000,359,12.0,9230.0,9.2,77,20.34166667,27.65017272,85.57666896,6.05,2.92,0.14,80.14,253.74,36.86,17.61,43.27,Kabhrepalanchok,direct_overlay,False,0.0,direct_overlay,FMR_172,16.937354988399072,30.823076923076922,2.0716525673814674,6.711764705882352,87.82018561484918,21.332202614670713,29.434358564672507,224.35962877030164,213.74628006202033,412.76885227349254,147.82018561484918,21.332202614670713,45.963284184507216,1.8385313673802886,20.73529411764706,76.66666666666667
491,Kavre,Bhakundebesi,6,120,0,40,,Urea,top dressed ,knee ht+shoulder ht,T6-LNX252zD,27.55470088,85.6674945,1396.0,4.0,18240,12850,9050,345,15.0,8934.0,8.9,74,19.56666667,27.55470088,85.6674945,5.97,3.16,0.16,83.76,313.71,38.58,12.46,46.58,Kabhrepalanchok,direct_overlay,False,0.0,direct_overlay,,18.329466357308586,32.215384615384615,2.5612758213653346,6.711764705882352,92.54547563805104,22.520118641799037,35.03376811203465,214.9090487238979,200.144641551401,399.21828116887616,152.54547563805104,22.520118641799037,51.56269373186936,2.0625077492747743,18.23529411764707,74.16666666666667
492,Kavre,Bhakundebesi,6,120,0,40,,Urea,top dressed ,knee ht+shoulder ht,T6-AAQ829vN,27.55879117,85.6665101,1334.0,9.0,20160,15850,8550,390,20.0,7953.0,8.0,66,12.44166667,27.55879117,85.6665101,5.95,3.4,0.18,77.54,337.96,38.95,12.38,47.53,,direct_overlay_plus_nearest8,True,8.0,nearest_8_valid_mean,FMR_107,19.721577726218097,29.823076923076925,2.759264214046822,6.711764705882352,98.90371229698377,21.805462475459578,35.62698936146803,202.19257540603246,208.32745465598785,397.78268574524736,158.90371229698377,21.805462475459578,52.15591498130274,2.08623659925211,10.735294117647065,66.66666666666667
493,Kavre,Anekot,6,120,0,40,,Urea,top dressed ,knee ht+shoulder ht,T6-WGW631zB,27.65009491,85.59363032,914.0,5.0,16704,13272,4873,320,15.0,4844.0,4.8,40,11.05833333,27.65009491,85.59363032,6.01,2.68,0.14,81.89,254.28,36.08,19.29,44.24,Kabhrepalanchok,direct_overlay,False,0.0,direct_overlay,FMR_110,15.54524361948956,31.496153846153845,2.0760613810741684,6.711764705882352,79.54501160092806,21.188640148134926,32.327456667948155,240.90997679814387,215.39007030385508,405.76755486356546,139.54501160092806,21.188640148134926,48.856382287782864,1.9542552915113147,-15.931372549019605,40.0
494,Kavre,Anekot,6,120,0,40,,Urea,top dressed ,knee ht+shoulder ht,T6-YPE618sN,27.67004168,85.58115009,1260.0,5.0,23136,18704,8158,360,15.0,8063.0,8.1,67,27.4,27.67004168,85.58115009,5.99,2.78,0.14,91.2,270.61,36.12,19.69,43.34,Kabhrepalanchok,direct_overlay,False,0.0,direct_overlay,FMR_108,16.125290023201856,35.07692307692308,2.2093871729293726,6.711764705882352,81.96484918793504,23.182030854006783,33.58349216729975,236.0703016241299,192.56574672162233,402.72794895513454,141.96484918793504,23.182030854006783,50.11241778713446,2.0044967114853787,11.568627450980395,67.5
495,Kavre,Anekot,6,120,0,40,,Urea,top dressed ,knee ht+shoulder ht,,27.66161149,85.59493882,1010.0,5.0,20227,12099,5784,426,17.0,5582.0,5.6,47,7.125,27.66161149,85.59493882,6.03,2.95,0.15,69.71,250.92,36.61,19.21,44.31,Kabhrepalanchok,direct_overlay,False,0.0,direct_overlay,FMR_085,17.111368909512763,26.811538461538458,2.0486287625418056,6.711764705882352,88.14066125290026,19.39205330849545,29.0807216712998,223.71867749419948,235.9609896177271,413.62465355545453,148.14066125290026,19.39205330849545,45.60964729113451,1.8243858916453803,-9.264705882352937,46.666666666666664
496,Kavre,Bhakundebesi,7,0,60,40,,,,,T7-DZX620mB,27.56066755,85.66487803,1317.0,5.0,15648,14960,7750,450,18.0,7390.0,7.4,0,0.0,27.56066755,85.66487803,5.95,3.4,0.18,77.54,337.96,38.95,12.38,47.53,Kabhrepalanchok,direct_overlay,False,0.0,direct_overlay,FMR_013,19.721577726218097,29.823076923076925,2.759264214046822,6.711764705882352,98.90371229698377,21.805462475459578,35.62698936146803,202.19257540603246,208.32745465598785,397.78268574524736,98.90371229698377,27.04563714794866,52.15591498130274,2.08623659925211,688.2352941176482,7400.0
497,Kavre,Rabiopi,7,0,60,40,,,,,T7-HAP996qO,27.64561833,85.554632,1379.0,4.0,16576,19425,8500,350,12.0,8678.0,8.7,0,0.0,27.64561833,85.554632,5.96,3.13,0.16,102.91,300.43,38.12,15.75,44.25,Kabhrepalanchok,direct_overlay,False,0.0,direct_overlay,FMR_152,18.155452436194896,39.58076923076923,2.452851662404092,6.711764705882352,91.35823665893271,26.13970944137069,33.97096374091031,217.28352668213458,158.70032689630557,401.7902677469971,91.35823665893271,31.379884113859774,50.499889360745016,2.019995574429801,1988.235294117647,8700.0
498,Kavre,Rabiopi,7,0,60,40,,,,,T7-PJF670zG,27.64699402,85.5623446,1243.0,5.0,18496,16275,8750,350,14.0,8750.0,8.8,0,0.0,27.64699402,85.5623446,5.94,3.08,0.16,80.09,264.77,36.36,15.86,45.17,Kabhrepalanchok,direct_overlay,False,0.0,direct_overlay,FMR_087,17.865429234338748,30.803846153846155,2.161706669289789,6.711764705882352,89.29141531322507,21.643568088524006,30.61012154296176,221.41716937354985,210.18114538640015,409.92350586603254,89.29141531322507,26.88374276101309,47.13904716279647,1.885561886511859,2088.2352941176487,8800.0
499,Kavre,Rabiopi,7,0,60,40,,,,,T7-NEH250aB,27.65016183,85.57668644,1060.0,5.0,20896,20475,9500,381,14.0,9489.0,9.5,0,0.0,27.65016183,85.57668644,6.06,2.92,0.15,79.8,252.94,36.88,17.59,43.27,Kabhrepalanchok,direct_overlay,False,0.0,direct_overlay,FMR_172,16.937354988399072,30.69230769230769,2.0651209915404287,6.711764705882352,88.10812064965195,21.263557558450827,29.221795472868358,223.7837587006961,214.53226595573804,413.28325495565855,88.10812064965195,26.50373223093991,45.750721092703074,1.8300288437081231,2788.2352941176478,9500.0
500,Kavre,Bhakundebesi,7,0,60,40,,,,,T7-DUJ241tN,27.55468903,85.66737718,1389.0,9.0,20160,13450,9100,432,20.0,8486.0,8.5,0,0.0,27.55468903,85.66737718,5.97,3.17,0.16,83.91,321.26,39.22,12.36,46.72,Kabhrepalanchok,direct_overlay,False,0.0,direct_overlay,,18.387470997679813,32.27307692307692,2.6229175683651382,6.711764705882352,92.83834106728537,22.56925728404426,35.775946013789465,214.32331786542926,199.58200409769321,397.42221064662954,92.83834106728537,27.80943195653334,52.304871633624174,2.0921948653449673,1788.2352941176478,8500.0
501,Kavre,Bhakundebesi,7,0,60,40,,,,,T7-QAP205uA,27.55876872,85.66634087,1330.0,9.0,19880,18700,8550,420,19.0,8053.0,8.1,0,0.0,27.55876872,85.66634087,5.95,3.4,0.18,77.54,337.96,38.95,12.38,47.53,,direct_overlay_plus_nearest8,True,8.0,nearest_8_valid_mean,FMR_107,19.721577726218097,29.823076923076925,2.759264214046822,6.711764705882352,98.90371229698377,21.805462475459578,35.62698936146803,202.19257540603246,208.32745465598785,397.78268574524736,98.90371229698377,27.04563714794866,52.15591498130274,2.08623659925211,1388.2352941176475,8100.0
502,Kavre,Anekot,7,0,60,40,,,,,T7-XQF728cC,27.65010726,85.59363155,915.0,4.0,9776,6972,2284,240,14.0,2276.0,2.3,0,0.0,27.65010726,85.59363155,6.01,2.68,0.14,81.89,254.28,36.08,19.29,44.24,Kabhrepalanchok,direct_overlay,False,0.0,direct_overlay,FMR_110,15.54524361948956,31.496153846153845,2.0760613810741684,6.711764705882352,79.54501160092806,21.188640148134926,32.327456667948155,240.90997679814387,215.39007030385508,405.76755486356546,79.54501160092806,26.42881482062401,48.856382287782864,1.9542552915113147,-4411.764705882352,2300.0
503,Kavre,Anekot,7,0,60,40,,,,,T7-WBO489iL,27.67004188,85.58090516,1256.0,5.0,17980,14893,5780,340,16.0,5632.0,5.6,0,0.0,27.67004188,85.58090516,5.98,2.8,0.14,92.16,269.88,36.26,19.67,43.39,Kabhrepalanchok,direct_overlay,False,0.0,direct_overlay,FMR_108,16.241299303944313,35.44615384615384,2.2034271099744243,6.711764705882352,82.2784222737819,23.406394788506155,33.41505518968752,235.4431554524362,189.99677967160451,403.1355664409562,82.2784222737819,28.646569460995238,49.94398080952223,1.9977592323808893,-1111.7647058823525,5600.0
504,Kavre,Anekot,7,0,60,40,,,,,,27.66162987,85.5949651,1008.0,5.0,21120,44644,7250,400,16.0,7081.0,7.1,0,0.0,27.66162987,85.5949651,6.04,2.95,0.15,69.51,250.73,36.59,19.23,44.33,Kabhrepalanchok,direct_overlay,False,0.0,direct_overlay,FMR_085,17.111368909512763,26.734615384615385,2.047077513279559,6.711764705882352,88.43155452436196,19.351495627342494,28.941054793383344,223.1368909512761,236.42537506692844,413.9626474000123,88.43155452436196,24.591670299831577,45.46998041321805,1.8187992165287221,388.23529411764747,7100.0
505,Kavre,Bhakundebesi,8,0,0,0,,,,,T8-FEK141tG,27.56058799,85.66485975,1315.0,4.0,12544,14000,6800,400,14.0,6784.0,6.8,0,0.0,27.56058799,85.66485975,5.95,3.4,0.18,77.54,337.96,38.95,12.38,47.53,Kabhrepalanchok,direct_overlay,False,0.0,direct_overlay,FMR_013,19.721577726218097,29.823076923076925,2.759264214046822,6.711764705882352,98.90371229698377,21.805462475459578,35.62698936146803,202.19257540603246,208.32745465598785,397.78268574524736,98.90371229698377,21.805462475459578,35.62698936146803,1.425079574458721,88.23529411764764,6800.0
506,Kavre,Rabiopi,8,0,0,0,,,,,T8-GRL174hS,27.64560389,85.55464565,1378.0,5.0,14656,13125,6000,290,12.0,6119.0,6.1,0,0.0,27.64560389,85.55464565,5.96,3.13,0.16,102.91,300.43,38.12,15.75,44.25,Kabhrepalanchok,direct_overlay,False,0.0,direct_overlay,FMR_152,18.155452436194896,39.58076923076923,2.452851662404092,6.711764705882352,91.35823665893271,26.13970944137069,33.97096374091031,217.28352668213458,158.70032689630557,401.7902677469971,91.35823665893271,26.13970944137069,33.97096374091031,1.3588385496364122,-611.7647058823526,6100.0
507,Kavre,Rabiopi,8,0,0,0,,,,,T8-AHW952wR,27.64701915,85.56237879,1241.0,5.0,13216,12355,7000,340,14.0,7000.0,7.0,0,0.0,27.64701915,85.56237879,5.95,3.09875,0.16,85.42750000000001,272.1325,36.54,16.25875,45.1375,,direct_overlay_plus_nearest8,True,8.0,nearest_8_valid_mean,FMR_087,17.974187935034802,32.85673076923077,2.2218175782018488,6.711764705882352,90.14055249419954,22.71146745465599,31.169647258541367,219.71889501160092,197.95369764418894,408.5694536343299,90.14055249419954,22.71146745465599,31.169647258541367,1.2467858903416547,288.2352941176478,7000.0
508,Kavre,Rabiopi,8,0,0,0,,,,,T8-AVP847dU,27.65015802,85.57668921,1062.0,4.0,16320,11025,6750,370,14.0,6789.0,6.8,0,0.0,27.65015802,85.57668921,6.06,2.92,0.15,79.75,252.8,36.88,17.59,43.27,Kabhrepalanchok,direct_overlay,False,0.0,direct_overlay,FMR_172,16.937354988399072,30.673076923076923,2.063977965768247,6.711764705882352,88.10812064965195,21.253942173835444,29.205621473634544,223.7837587006961,214.64236210958416,413.32239603380435,88.10812064965195,21.253942173835444,29.205621473634544,1.1682248589453819,88.23529411764764,6800.0
509,Kavre,Bhakundebesi,8,0,0,0,,,,,T8-TUD807nV,27.55455024,85.66750406,1393.0,10.0,15280,10300,6950,300,19.0,6586.0,6.6,0,0.0,27.55455024,85.66750406,5.97,3.16,0.16,83.76,313.71,38.58,12.46,46.58,Kabhrepalanchok,direct_overlay,False,0.0,direct_overlay,,18.329466357308586,32.215384615384615,2.5612758213653346,6.711764705882352,92.54547563805104,22.520118641799037,35.03376811203465,214.9090487238979,200.144641551401,399.21828116887616,92.54547563805104,22.520118641799037,35.03376811203465,1.4013507244813859,-111.76470588235254,6600.0
510,Kavre,Bhakundebesi,8,0,0,0,,,,,T8-REH695zS,27.55877039,85.66634072,1330.0,9.0,15000,17500,6800,340,18.0,6460.0,6.5,0,0.0,27.55877039,85.66634072,5.95,3.4,0.18,77.54,337.96,38.95,12.38,47.53,,direct_overlay_plus_nearest8,True,8.0,nearest_8_valid_mean,FMR_107,19.721577726218097,29.823076923076925,2.759264214046822,6.711764705882352,98.90371229698377,21.805462475459578,35.62698936146803,202.19257540603246,208.32745465598785,397.78268574524736,98.90371229698377,21.805462475459578,35.62698936146803,1.425079574458721,-211.7647058823522,6500.0
511,Kavre,Anekot,8,0,0,0,,,,,T8-RAB943oF,27.65010811,85.59363108,915.0,5.0,12960,10276,3485,300,13.0,3517.0,3.5,0,0.0,27.65010811,85.59363108,6.01,2.68,0.14,81.89,254.28,36.08,19.29,44.24,Kabhrepalanchok,direct_overlay,False,0.0,direct_overlay,FMR_110,15.54524361948956,31.496153846153845,2.0760613810741684,6.711764705882352,79.54501160092806,21.188640148134926,32.327456667948155,240.90997679814387,215.39007030385508,405.76755486356546,79.54501160092806,21.188640148134926,32.327456667948155,1.2930982667179263,-3211.7647058823522,3500.0
512,Kavre,Anekot,8,0,0,0,,,,,T8-DQB711gC,27.67011176,85.58107345,1271.0,4.0,16346,13692,5020,360,18.0,4775.0,4.8,0,0.0,27.67011176,85.58107345,5.99,2.81,0.14,90.55,271.45,36.13,19.65,43.4,Kabhrepalanchok,direct_overlay,False,0.0,direct_overlay,FMR_108,16.299303944315547,34.82692307692307,2.2162453275624627,6.711764705882352,82.84936194895593,23.11793268115295,33.371234710979834,234.30127610208814,193.2996708007987,403.2416119994288,82.84936194895593,23.11793268115295,33.371234710979834,1.3348493884391932,-1911.7647058823525,4800.0
514,Kavre,Bhakundebesi,9,120,60,40,,Urea ,top dressed ,V6 and V10 stages,T9-ACS902gS,27.56058527,85.66485618,1316.0,4.0,17504,13800,8050,500,17.0,7750.0,7.8,65,8.05,27.56058527,85.66485618,5.95,3.4,0.18,77.54,337.96,38.95,12.38,47.53,Kabhrepalanchok,direct_overlay,False,0.0,direct_overlay,FMR_013,19.721577726218097,29.823076923076925,2.759264214046822,6.711764705882352,98.90371229698377,21.805462475459578,35.62698936146803,202.19257540603246,208.32745465598785,397.78268574524736,158.90371229698377,27.04563714794866,52.15591498130274,2.08623659925211,9.068627450980395,65.0
515,Kavre,Rabiopi,9,120,60,40,,Urea ,top dressed ,V6 and V10 stages,T9-ZMS334dK,27.64556738,85.55469123,1371.0,5.0,20160,20755,9450,366,13.0,9570.0,9.6,80,28.75833333,27.64556738,85.55469123,5.96,3.13,0.16,102.91,300.43,38.12,15.75,44.25,Kabhrepalanchok,direct_overlay,False,0.0,direct_overlay,FMR_152,18.155452436194896,39.58076923076923,2.452851662404092,6.711764705882352,91.35823665893271,26.13970944137069,33.97096374091031,217.28352668213458,158.70032689630557,401.7902677469971,151.3582366589327,31.379884113859774,50.499889360745016,2.019995574429801,24.068627450980394,80.0
516,Kavre,Rabiopi,9,120,60,40,,Urea ,top dressed ,V6 and V10 stages,T9-GSU419gE,27.64703372,85.56239723,1239.0,5.0,19680,18375,10000,370,13.0,10081.0,10.1,84,25.675,27.64703372,85.56239723,5.95,3.09875,0.16,85.42750000000001,272.1325,36.54,16.25875,45.1375,,direct_overlay_plus_nearest8,True,8.0,nearest_8_valid_mean,FMR_087,17.974187935034802,32.85673076923077,2.2218175782018488,6.711764705882352,90.14055249419954,22.71146745465599,31.169647258541367,219.71889501160092,197.95369764418894,408.5694536343299,150.14055249419954,27.95164212714507,47.69857287837608,1.9079429151350433,28.23529411764706,84.16666666666667
517,Kavre,Rabiopi,9,120,60,40,,Urea ,top dressed ,V6 and V10 stages,T9-GSE575hA,27.65015014,85.57669031,1061.0,5.0,25696,17605,9850,352,12.0,100090.0,,834,777.5083333,27.65015014,85.57669031,6.06,2.91,0.15,79.78,252.91,36.87,17.6,43.27,Kabhrepalanchok,direct_overlay,False,0.0,direct_overlay,FMR_172,16.879350348027845,30.684615384615384,2.0648760574463894,6.711764705882352,87.80638051044083,21.23944632339818,29.30705522711277,224.38723897911834,214.80833959709082,413.0769263503871,147.80638051044082,26.479620995887263,45.83598084694748,1.833439233877899,,
518,Kavre,Bhakundebesi,9,120,60,40,,Urea ,top dressed ,V6 and V10 stages,T9-FOA113oU,27.55471127,85.66734462,1386.0,10.0,21440,14800,9950,523,16.0,9695.0,9.7,81,25.90833333,27.55471127,85.66734462,5.97,3.18,0.16,84.09,321.53,39.29,12.38,46.64,Kabhrepalanchok,direct_overlay,False,0.0,direct_overlay,,18.445475638051047,32.34230769230769,2.625121975211489,6.711764705882352,93.13120649651972,22.62416515705872,35.705522707120664,213.73758700696055,198.95330895167766,397.59263504876793,153.13120649651972,27.864339829547802,52.23444832695537,2.089377933078215,24.901960784313726,80.83333333333333
519,Kavre,Bhakundebesi,9,120,60,40,,Urea ,top dressed ,V6 and V10 stages,T9-GYX912xH,27.55877099,85.66633977,1330.0,10.0,24120,17250,8050,450,19.0,7582.0,7.6,63,9.35,27.55877099,85.66633977,5.95,3.4,0.18,77.54,337.96,38.95,12.38,47.53,,direct_overlay_plus_nearest8,True,8.0,nearest_8_valid_mean,FMR_107,19.721577726218097,29.823076923076925,2.759264214046822,6.711764705882352,98.90371229698377,21.805462475459578,35.62698936146803,202.19257540603246,208.32745465598785,397.78268574524736,158.90371229698377,27.04563714794866,52.15591498130274,2.08623659925211,7.4019607843137285,63.333333333333336
520,Kavre,Anekot,9,120,60,40,,Urea ,top dressed ,V6 and V10 stages,T9-BHW581vA,27.65009723,85.59362341,916.0,5.0,20496,14504,5403,340,14.0,5434.0,5.4,45,15.975,27.65009723,85.59362341,6.01,2.68,0.14,81.89,254.28,36.08,19.29,44.24,Kabhrepalanchok,direct_overlay,False,0.0,direct_overlay,FMR_110,15.54524361948956,31.496153846153845,2.0760613810741684,6.711764705882352,79.54501160092806,21.188640148134926,32.327456667948155,240.90997679814387,215.39007030385508,405.76755486356546,139.54501160092806,26.42881482062401,48.856382287782864,1.9542552915113147,-10.931372549019597,45.0
521,Kavre,Anekot,9,120,60,40,,Urea ,top dressed ,V6 and V10 stages,T9-UFJ501oF,27.67013182,85.58105466,1279.0,5.0,20281,17959,8163,420,14.0,8162.0,8.2,68,28.225,27.67013182,85.58105466,5.99,2.81,0.14,90.36,271.72,36.13,19.64,43.42,Kabhrepalanchok,direct_overlay,False,0.0,direct_overlay,FMR_108,16.299303944315547,34.753846153846155,2.218449734408814,6.711764705882352,82.84936194895593,23.08139421961449,33.40442768711528,234.30127610208814,193.71803618541406,403.161284997181,142.84936194895593,28.321568892103574,49.933353306949996,1.9973341322779998,12.401960784313726,68.33333333333333
522,Kavre,Anekot,9,120,60,40,,Urea ,top dressed ,V6 and V10 stages,,27.66162395,85.59497492,1007.0,5.0,25728,12894,6350,6350,17.0,6129.0,6.1,51,11.68333333,27.66162395,85.59497492,6.04,2.95,0.15,69.51,250.7,36.58,19.23,44.33,Kabhrepalanchok,direct_overlay,False,0.0,direct_overlay,FMR_085,17.111368909512763,26.734615384615385,2.04683257918552,6.711764705882352,88.43155452436196,19.351495627342494,28.937591978228394,223.1368909512761,236.42537506692844,413.97102741268725,148.43155452436196,24.591670299831577,45.466517598063106,1.8186607039225242,-5.0980392156862715,50.833333333333336
523,Doti,Chattiwan,1,120,60,40,,Urea,top dressed ,knee ht+shoulder ht,T1-GTS625sD,29.08329117,80.59328898,1124.0,5.0,24866,19100,8300,380,23.0,7431.0,7.4,62,20.89166667,29.08329117,80.59328898,6.02,3.02,0.15,67.23,288.94,49.39,15.29,35.58,Doti,direct_overlay,False,0.0,direct_overlay,FMR_054,17.51740139211137,25.857692307692307,2.3590419043871727,6.333333333333333,89.93433874709977,19.058710422987684,32.931078892012025,220.13132250580045,239.77776565679102,404.3067890813309,149.9343387470998,24.298885095476766,49.46000451184673,1.9784001804738693,8.888888888888895,61.666666666666664
524,Doti,Chattiwan,1,120,60,40,,Urea,top dressed ,knee ht+shoulder ht,T1-ZRQ671mQ,29.08353038,80.59551555,1122.0,5.0,26866,16700,6833,345,21.0,6277.0,6.3,52,-12.025,29.08353038,80.59551555,6.0275,3.015,0.15,67.33000000000001,289.18125,49.41125,15.295,35.49,,direct_overlay_plus_nearest8,True,8.0,nearest_8_valid_mean,FMR_093,17.488399071925755,25.89615384615385,2.3610115827267357,6.333333333333333,90.00841792343388,19.066702117936266,32.90725031035266,219.98316415313224,239.68626074962972,404.3644542489466,150.00841792343388,24.30687679042535,49.436175930187375,1.977447037207495,-0.2777777777777768,52.5
525,Doti,Chattiwan,1,120,60,40,,Urea,top dressed ,knee ht+shoulder ht,T1-OQE866aI,29.07951778,80.59137803,1172.0,5.0,24666,19266,6900,376,23.0,6177.0,6.2,51,14.525,29.07951778,80.59137803,5.79,2.93,0.16,63.46,293.22,49.98,15.6,36.16,Doti,direct_overlay,False,0.0,direct_overlay,FMR_153,16.995359628770302,24.407692307692308,2.3939858351367302,6.333333333333333,80.60899071925755,18.021060335980724,37.510220609001955,238.7820185614849,251.65885915302067,393.2252661262153,140.60899071925755,23.261235008469807,54.03914622883667,2.161565849153467,-1.1111111111111072,51.666666666666664
526,Doti,Chattiwan,2,120,60,40,,PCU,basal ,planting time,T2-KEV172iF,29.08327635,80.5932987,1126.0,5.0,28500,21433,8966,373,22.0,8132.0,8.1,68,26.73333333,29.08327635,80.5932987,6.02,3.02,0.15,67.22,288.97,49.39,15.3,35.57,Doti,direct_overlay,False,0.0,direct_overlay,FMR_054,17.51740139211137,25.853846153846153,2.359286838481212,6.333333333333333,89.93433874709977,19.056787346064606,32.93449805296849,220.13132250580045,239.79978488756026,404.29851471181627,149.9343387470998,24.29696201855369,49.4634236728032,1.9785369469121281,14.722222222222221,67.5
527,Doti,Chattiwan,2,120,60,40,,PCU,basal ,planting time,T2-LHN253oX,29.08350202,80.59555287,1124.0,5.0,28600,14866,5133,370,20.0,4775.0,4.8,40,-24.54166667,29.08350202,80.59555287,6.0275,3.015,0.15,67.33000000000001,289.18125,49.41125,15.295,35.49,,direct_overlay_plus_nearest8,True,8.0,nearest_8_valid_mean,FMR_093,17.488399071925755,25.89615384615385,2.3610115827267357,6.333333333333333,90.00841792343388,19.066702117936266,32.90725031035266,219.98316415313224,239.68626074962972,404.3644542489466,150.00841792343388,24.30687679042535,49.436175930187375,1.977447037207495,-12.777777777777777,40.0
528,Doti,Chattiwan,2,120,60,40,,PCU,basal ,planting time,T2-GFX885lB,29.07951436,80.59140166,1172.0,5.0,22333,15333,6766,400,21.0,6215.0,6.2,52,14.84166667,29.07951436,80.59140166,5.79,2.93,0.16,63.46,293.22,49.98,15.6,36.16,Doti,direct_overlay,False,0.0,direct_overlay,FMR_153,16.995359628770302,24.407692307692308,2.3939858351367302,6.333333333333333,80.60899071925755,18.021060335980724,37.510220609001955,238.7820185614849,251.65885915302067,393.2252661262153,140.60899071925755,23.261235008469807,54.03914622883667,2.161565849153467,-1.1111111111111072,51.666666666666664
529,Doti,Chattiwan,3,60,60,40,,PCU,basal ,planting time,T3-EAX597lN,29.08327673,80.59332831,1126.0,5.0,19100,16766,7733,315,21.0,7103.0,7.1,118,36.31666667,29.08327673,80.59332831,6.03,3.02,0.15,67.34,289.23,49.41,15.3,35.47,Doti,direct_overlay,False,0.0,direct_overlay,FMR_054,17.51740139211137,25.900000000000002,2.3614096006295493,6.333333333333333,90.23213457076568,19.078331496519723,32.83121089907533,219.53573085846864,239.55310436484916,404.54846962423767,120.23213457076568,24.318506169008806,49.36013651891004,1.9744054607564017,12.777777777777777,118.33333333333333
530,Doti,Chattiwan,3,60,60,40,,PCU,basal ,planting time,T3-UXA692dE,29.08351847,80.5955538,1126.0,5.0,23166,13500,6900,385,21.0,6338.0,6.3,106,-23.03333333,29.08351847,80.5955538,6.0275,3.015,0.15,67.33000000000001,289.18125,49.41125,15.295,35.49,,direct_overlay_plus_nearest8,True,8.0,nearest_8_valid_mean,FMR_093,17.488399071925755,25.89615384615385,2.3610115827267357,6.333333333333333,90.00841792343388,19.066702117936266,32.90725031035266,219.98316415313224,239.68626074962972,404.3644542489466,120.00841792343388,24.30687679042535,49.436175930187375,1.977447037207495,-0.5555555555555536,105.0
531,Doti,Chattiwan,3,60,60,40,,PCU,basal ,planting time,T3-RVL933jI,29.079512,80.59141333,1171.0,5.0,24666,16233,6766,396,22.0,6137.0,6.1,102,28.38333333,29.079512,80.59141333,5.79,2.93,0.16,63.46,293.22,49.98,15.6,36.16,Doti,direct_overlay,False,0.0,direct_overlay,FMR_153,16.995359628770302,24.407692307692308,2.3939858351367302,6.333333333333333,80.60899071925755,18.021060335980724,37.510220609001955,238.7820185614849,251.65885915302067,393.2252661262153,110.60899071925755,23.261235008469807,54.03914622883667,2.161565849153467,-3.88888888888889,101.66666666666667
532,Doti,Chattiwan,4,78,60,40,,UDP,basal ,planting time,T4-PPI317gZ,29.0832901,80.5933326,1124.0,5.0,25000,19800,8033,295,23.0,7192.0,7.2,92,29.07692308,29.0832901,80.5933326,6.03,3.01,0.15,67.42,289.31,49.42,15.29,35.45,Doti,direct_overlay,False,0.0,direct_overlay,FMR_054,17.459396751740137,25.93076923076923,2.362062758213653,6.333333333333333,89.93335266821346,19.073423623505263,32.93707709098838,220.13329466357308,239.60929951086473,404.29227343980807,128.93335266821344,24.313598295994346,49.46600271082309,1.9786401084329237,11.111111111111118,92.3076923076923
533,Doti,Chattiwan,4,78,60,40,,UDP,basal ,planting time,T4-WSQ240jL,29.08354801,80.5955566,1126.0,5.0,39300,19600,7733,285,22.0,7013.0,7.0,90,-9.064102564,29.08354801,80.5955566,6.0275,3.015,0.15,67.33000000000001,289.18125,49.41125,15.295,35.49,,direct_overlay_plus_nearest8,True,8.0,nearest_8_valid_mean,FMR_093,17.488399071925755,25.89615384615385,2.3610115827267357,6.333333333333333,90.00841792343388,19.066702117936266,32.90725031035266,219.98316415313224,239.68626074962972,404.3644542489466,129.00841792343388,24.30687679042535,49.436175930187375,1.977447037207495,8.54700854700855,89.74358974358974
534,Doti,Chattiwan,4,78,60,40,,UDP,basal ,planting time,T4-YKD484rB,29.07950258,80.59139689,1175.0,5.0,21300,22300,6366,381,23.0,5700.0,5.7,73,16.23076923,29.07950258,80.59139689,5.79,2.93,0.16,63.46,293.22,49.98,15.6,36.16,Doti,direct_overlay,False,0.0,direct_overlay,FMR_153,16.995359628770302,24.407692307692308,2.3939858351367302,6.333333333333333,80.60899071925755,18.021060335980724,37.510220609001955,238.7820185614849,251.65885915302067,393.2252661262153,119.60899071925755,23.261235008469807,54.03914622883667,2.161565849153467,-8.119658119658112,73.07692307692308
535,Doti,Chattiwan,5,60,60,40,6.0,Urea,top dressed ,knee ht+shoulder ht,T5-IIJ816pE,29.08328167,80.59332729,1124.0,5.0,24566,17866,8833,300,23.0,7908.0,7.9,132,49.73333333,29.08328167,80.59332729,6.03,3.01,0.15,67.36,289.23,49.42,15.29,35.47,Doti,direct_overlay,False,0.0,direct_overlay,FMR_054,17.459396751740137,25.907692307692308,2.3614096006295493,6.333333333333333,89.93335266821346,19.061885161966803,32.9279693305678,220.13329466357308,239.7414148954801,404.3143142200259,119.93335266821346,24.302059834455886,49.456894950402514,1.9782757980161005,26.111111111111125,131.66666666666666
536,Doti,Chattiwan,5,60,60,40,6.0,Urea,top dressed ,knee ht+shoulder ht,T5-KNS504uV,29.08356039,80.59555709,1125.0,5.0,26100,16500,7000,300,23.0,6267.0,6.3,104,-24.21666667,29.08356039,80.59555709,6.0275,3.015,0.15,67.33000000000001,289.18125,49.41125,15.295,35.49,,direct_overlay_plus_nearest8,True,8.0,nearest_8_valid_mean,FMR_093,17.488399071925755,25.89615384615385,2.3610115827267357,6.333333333333333,90.00841792343388,19.066702117936266,32.90725031035266,219.98316415313224,239.68626074962972,404.3644542489466,120.00841792343388,24.30687679042535,49.436175930187375,1.977447037207495,-0.5555555555555536,105.0
537,Doti,Chattiwan,5,60,60,40,6.0,Urea,top dressed ,knee ht+shoulder ht,T5-UDO360pQ,29.07950151,80.59141371,1173.0,5.0,23400,20833,7066,385,21.0,6491.0,6.5,108,34.28333333,29.07950151,80.59141371,5.79,2.93,0.16,63.46,293.22,49.98,15.6,36.16,Doti,direct_overlay,False,0.0,direct_overlay,FMR_153,16.995359628770302,24.407692307692308,2.3939858351367302,6.333333333333333,80.60899071925755,18.021060335980724,37.510220609001955,238.7820185614849,251.65885915302067,393.2252661262153,110.60899071925755,23.261235008469807,54.03914622883667,2.161565849153467,2.777777777777783,108.33333333333333
538,Doti,Chattiwan,6,120,0,40,,Urea,top dressed ,knee ht+shoulder ht,T6-NMA793tA,29.0832885,80.5933351,1124.0,5.0,21433,16900,5933,390,20.0,5519.0,5.5,46,4.958333333,29.0832885,80.5933351,6.03,3.01,0.15,67.42,289.32,49.43,15.29,35.44,Doti,direct_overlay,False,0.0,direct_overlay,FMR_054,17.459396751740137,25.93076923076923,2.362144402911666,6.333333333333333,89.93335266821346,19.073423623505263,32.938215561040955,220.13329466357308,239.60929951086473,404.28951834228087,149.93335266821344,19.073423623505263,49.46714118087567,1.978685647235027,-6.944444444444442,45.833333333333336
539,Doti,Chattiwan,6,120,0,40,,Urea,top dressed ,knee ht+shoulder ht,T6-RNK464sY,29.0835592,80.59555689,1126.0,5.0,35733,19233,9000,365,21.0,8267.0,8.3,69,4.558333333,29.0835592,80.59555689,6.0275,3.015,0.15,67.33000000000001,289.18125,49.41125,15.295,35.49,,direct_overlay_plus_nearest8,True,8.0,nearest_8_valid_mean,FMR_093,17.488399071925755,25.89615384615385,2.3610115827267357,6.333333333333333,90.00841792343388,19.066702117936266,32.90725031035266,219.98316415313224,239.68626074962972,404.3644542489466,150.00841792343388,19.066702117936266,49.436175930187375,1.977447037207495,16.388888888888896,69.16666666666667
540,Doti,Chattiwan,6,120,0,40,,Urea,top dressed ,knee ht+shoulder ht,T6-PNB508xE,29.07950266,80.59144786,1171.0,5.0,25000,24266,8566,295,23.0,7670.0,7.7,64,26.96666667,29.07950266,80.59144786,5.79,2.93,0.16,63.46,293.22,49.98,15.6,36.16,Doti,direct_overlay,False,0.0,direct_overlay,FMR_153,16.995359628770302,24.407692307692308,2.3939858351367302,6.333333333333333,80.60899071925755,18.021060335980724,37.510220609001955,238.7820185614849,251.65885915302067,393.2252661262153,140.60899071925755,18.021060335980724,54.03914622883667,2.161565849153467,11.388888888888893,64.16666666666667
541,Doti,Chattiwan,7,0,60,40,,,,,T7-KZE943xG,29.08328866,80.59333696,1124.0,5.0,25766,19066,6966,394,23.0,6237.0,6.2,0,0.0,29.08328866,80.59333696,6.03,3.01,0.15,67.43,289.34,49.43,15.29,35.43,Doti,direct_overlay,False,0.0,direct_overlay,FMR_054,17.459396751740137,25.934615384615388,2.362307692307692,6.333333333333333,89.93335266821346,19.07534670042834,32.9404925011461,220.13329466357308,239.5872802800955,404.2840081472264,89.93335266821346,24.315521372917424,49.46941812098082,1.978776724839233,-133.33333333333286,6200.0
542,Doti,Chattiwan,7,0,60,40,,,,,T7-TPY662fX,29.08355296,80.59553985,1127.0,5.0,19666,13636,5800,370,20.0,5395.0,5.4,0,0.0,29.08355296,80.59553985,6.0275,3.015,0.15,67.33000000000001,289.18125,49.41125,15.295,35.49,,direct_overlay_plus_nearest8,True,8.0,nearest_8_valid_mean,FMR_093,17.488399071925755,25.89615384615385,2.3610115827267357,6.333333333333333,90.00841792343388,19.066702117936266,32.90725031035266,219.98316415313224,239.68626074962972,404.3644542489466,90.00841792343388,24.30687679042535,49.436175930187375,1.977447037207495,-933.3333333333327,5400.0
543,Doti,Chattiwan,7,0,60,40,,,,,T7-TBZ485wV,29.0795114,80.59146346,1170.0,5.0,15933,11866,5500,365,21.0,5052.0,5.1,0,0.0,29.0795114,80.59146346,5.79,2.93,0.16,63.46,293.22,49.98,15.6,36.16,Doti,direct_overlay,False,0.0,direct_overlay,FMR_153,16.995359628770302,24.407692307692308,2.3939858351367302,6.333333333333333,80.60899071925755,18.021060335980724,37.510220609001955,238.7820185614849,251.65885915302067,393.2252661262153,80.60899071925755,23.261235008469807,54.03914622883667,2.161565849153467,-1233.3333333333335,5100.0
544,Doti,Chattiwan,8,0,0,0,,,,,T8-JVH486tL,29.08326987,80.59331328,1124.0,5.0,21366,17300,5500,299,23.0,4924.0,4.9,0,0.0,29.08326987,80.59331328,6.03,3.02,0.15,67.25,289.07,49.4,15.3,35.53,Doti,direct_overlay,False,0.0,direct_overlay,FMR_054,17.51740139211137,25.865384615384613,2.3601032854613413,6.333333333333333,90.23213457076568,19.061023804212027,32.81304890431734,219.53573085846864,239.7512774417723,404.59242165155206,90.23213457076568,19.061023804212027,32.81304890431734,1.3125219561726935,-1433.3333333333326,4900.0
545,Doti,Chattiwan,8,0,0,0,,,,,T8-SGZ977aB,29.08356178,80.5955264,1126.0,5.0,33033,18366,8300,280,20.0,7720.0,7.7,0,0.0,29.08356178,80.5955264,6.0275,3.015,0.15,67.33000000000001,289.18125,49.41125,15.295,35.49,,direct_overlay_plus_nearest8,True,8.0,nearest_8_valid_mean,FMR_093,17.488399071925755,25.89615384615385,2.3610115827267357,6.333333333333333,90.00841792343388,19.066702117936266,32.90725031035266,219.98316415313224,239.68626074962972,404.3644542489466,90.00841792343388,19.066702117936266,32.90725031035266,1.3162900124141064,1366.6666666666672,7700.0
546,Doti,Chattiwan,8,0,0,0,,,,,T8-STT575tH,29.07951102,80.59145253,1171.0,5.0,17433,9700,4766,370,20.0,4434.0,4.4,0,0.0,29.07951102,80.59145253,5.79,2.93,0.16,63.46,293.22,49.98,15.6,36.16,Doti,direct_overlay,False,0.0,direct_overlay,FMR_153,16.995359628770302,24.407692307692308,2.3939858351367302,6.333333333333333,80.60899071925755,18.021060335980724,37.510220609001955,238.7820185614849,251.65885915302067,393.2252661262153,80.60899071925755,18.021060335980724,37.510220609001955,1.5004088243600782,-1933.3333333333326,4400.0
547,Doti,Chattiwan,9,120,60,40,,Urea ,top dressed ,V6 and V10 stages,T9-IXL889aB,29.08326724,80.59330328,1123.0,7.0,28600,21866,8400,373,21.0,7716.0,7.7,64,23.26666667,29.08326724,80.59330328,6.02,3.02,0.15,67.2,288.98,49.39,15.3,35.56,Doti,direct_overlay,False,0.0,direct_overlay,FMR_054,17.51740139211137,25.846153846153847,2.3593684831792245,6.333333333333333,89.93433874709977,19.052941192218455,32.93563777328731,220.13132250580045,239.8438233490987,404.2957565886447,149.9343387470998,24.293115864707538,49.46456339312202,1.978582535724881,11.388888888888893,64.16666666666667
548,Doti,Chattiwan,9,120,60,40,,Urea ,top dressed ,V6 and V10 stages,T9-GRW143yF,29.08355348,80.59553606,1126.0,5.0,41200,22600,8633,300,22.0,7830.0,7.8,65,0.916666667,29.08355348,80.59553606,6.0275,3.015,0.15,67.33000000000001,289.18125,49.41125,15.295,35.49,,direct_overlay_plus_nearest8,True,8.0,nearest_8_valid_mean,FMR_093,17.488399071925755,25.89615384615385,2.3610115827267357,6.333333333333333,90.00841792343388,19.066702117936266,32.90725031035266,219.98316415313224,239.68626074962972,404.3644542489466,150.00841792343388,24.30687679042535,49.436175930187375,1.977447037207495,12.222222222222223,65.0
549,Doti,Chattiwan,9,120,60,40,,Urea ,top dressed ,V6 and V10 stages,T9-FQI254mK,29.07951271,80.59146397,1169.0,5.0,21866,18566,7733,380,22.0,7013.0,7.0,58,21.49166667,29.07951271,80.59146397,5.79,2.93,0.16,63.46,293.22,49.98,15.6,36.16,Doti,direct_overlay,False,0.0,direct_overlay,FMR_153,16.995359628770302,24.407692307692308,2.3939858351367302,6.333333333333333,80.60899071925755,18.021060335980724,37.510220609001955,238.7820185614849,251.65885915302067,393.2252661262153,140.60899071925755,23.261235008469807,54.03914622883667,2.161565849153467,5.555555555555558,58.333333333333336
550,Doti,Ghantesori,1,120,60,40,,Urea,top dressed ,knee ht+shoulder ht,T1-FGL275sJ,29.14440826,80.6019709,1821.0,5.0,55400,28933,8533,340,22.0,7739.0,7.7,64,20.1,29.14440826,80.6019709,6.2325,3.445,0.165,102.30375,395.50625,54.74625,16.107499999999998,28.6675,,direct_overlay_plus_nearest8,True,8.0,nearest_8_valid_mean,FMR_147,19.98259860788863,39.34759615384615,3.2290988343497933,6.333333333333333,109.80937499999999,26.4786753291345,36.63859835217595,180.38125000000002,154.81916748140998,395.33459198773414,169.809375,31.718850001623583,53.167523972010656,2.126700958880426,11.388888888888893,64.16666666666667
551,Doti,Ghantesori,1,120,60,40,,Urea,top dressed ,knee ht+shoulder ht,T1-VWO259nO,29.1440473,80.60301944,1815.0,4.0,50400,27866,9333,362,22.0,8465.0,8.5,71,6.208333333,29.1440473,80.60301944,6.2325,3.445,0.165,102.30375,395.50625,54.74625,16.107499999999998,28.6675,,direct_overlay_plus_nearest8,True,8.0,nearest_8_valid_mean,FMR_159,19.98259860788863,39.34759615384615,3.2290988343497933,6.333333333333333,109.80937499999999,26.4786753291345,36.63859835217595,180.38125000000002,154.81916748140998,395.33459198773414,169.809375,31.718850001623583,53.167523972010656,2.126700958880426,18.055555555555557,70.83333333333333
552,Doti,Ghantesori,1,120,60,40,,Urea,top dressed ,knee ht+shoulder ht,T1-IXV667yC,29.14415823,80.60541769,1788.0,5.0,41100,25733,9666,350,22.0,8767.0,8.8,73,28.1,29.14415823,80.60541769,6.3,3.59,0.17,113.93,430.9,56.52,16.38,26.41,Doti,direct_overlay,False,0.0,direct_overlay,FMR_157,20.82366589327146,43.81923076923077,3.5180700373794997,6.333333333333333,116.82076566125288,28.86992570944137,37.31566652993166,166.35846867749424,127.43935062689629,393.6960869975654,176.8207656612529,34.11010038193045,53.84459214976637,2.1537836859906547,20.555555555555564,73.33333333333333
553,Doti,Ghantesori,2,120,60,40,,PCU,basal ,planting time,T2-SAR964vJ,29.1444067,80.60198095,1818.0,5.0,37533,24300,6366,330,21.0,5848.0,5.8,49,4.341666667,29.1444067,80.60198095,6.2325,3.445,0.165,102.30375,395.50625,54.74625,16.107499999999998,28.6675,,direct_overlay_plus_nearest8,True,8.0,nearest_8_valid_mean,FMR_147,19.98259860788863,39.34759615384615,3.2290988343497933,6.333333333333333,109.80937499999999,26.4786753291345,36.63859835217595,180.38125000000002,154.81916748140998,395.33459198773414,169.809375,31.718850001623583,53.167523972010656,2.126700958880426,-4.444444444444444,48.333333333333336
554,Doti,Ghantesori,2,120,60,40,,PCU,basal ,planting time,T2-GRR568eF,29.14406642,80.60298455,1807.0,5.0,46466,27166,9333,335,21.0,8573.0,8.6,71,7.108333333,29.14406642,80.60298455,6.2325,3.445,0.165,102.30375,395.50625,54.74625,16.107499999999998,28.6675,,direct_overlay_plus_nearest8,True,8.0,nearest_8_valid_mean,FMR_159,19.98259860788863,39.34759615384615,3.2290988343497933,6.333333333333333,109.80937499999999,26.4786753291345,36.63859835217595,180.38125000000002,154.81916748140998,395.33459198773414,169.809375,31.718850001623583,53.167523972010656,2.126700958880426,18.88888888888889,71.66666666666667
555,Doti,Ghantesori,2,120,60,40,,PCU,basal ,planting time,T2-BYA479xD,29.14420051,80.60545099,1786.0,4.0,54666,26100,8533,350,22.0,7739.0,7.7,64,19.53333333,29.14420051,80.60545099,6.3,3.59,0.17,113.93,430.9,56.52,16.38,26.41,Doti,direct_overlay,False,0.0,direct_overlay,FMR_157,20.82366589327146,43.81923076923077,3.5180700373794997,6.333333333333333,116.82076566125288,28.86992570944137,37.31566652993166,166.35846867749424,127.43935062689629,393.6960869975654,176.8207656612529,34.11010038193045,53.84459214976637,2.1537836859906547,11.388888888888893,64.16666666666667
556,Doti,Ghantesori,3,60,60,40,,PCU,basal ,planting time,T3-YGX320jH,29.14440539,80.6019589,1816.0,5.0,44300,28933,5800,361,20.0,5395.0,5.4,90,1.133333333,29.14440539,80.6019589,6.2325,3.445,0.165,102.30375,395.50625,54.74625,16.107499999999998,28.6675,,direct_overlay_plus_nearest8,True,8.0,nearest_8_valid_mean,FMR_147,19.98259860788863,39.34759615384615,3.2290988343497933,6.333333333333333,109.80937499999999,26.4786753291345,36.63859835217595,180.38125000000002,154.81916748140998,395.33459198773414,139.809375,31.718850001623583,53.167523972010656,2.126700958880426,-15.555555555555545,90.0
557,Doti,Ghantesori,3,60,60,40,,PCU,basal ,planting time,T3-DIQ335jH,29.14402916,80.6029443,1816.0,5.0,46466,22166,9800,368,22.0,8888.0,8.9,148,19.46666667,29.14402916,80.6029443,6.2325,3.445,0.165,102.30375,395.50625,54.74625,16.107499999999998,28.6675,,direct_overlay_plus_nearest8,True,8.0,nearest_8_valid_mean,FMR_159,19.98259860788863,39.34759615384615,3.2290988343497933,6.333333333333333,109.80937499999999,26.4786753291345,36.63859835217595,180.38125000000002,154.81916748140998,395.33459198773414,139.809375,31.718850001623583,53.167523972010656,2.126700958880426,42.77777777777779,148.33333333333334
558,Doti,Ghantesori,3,60,60,40,,PCU,basal ,planting time,T3-BGS157kL,29.14419953,80.60541185,1791.0,5.0,48966,23600,7433,290,21.0,6828.0,6.8,114,23.88333333,29.14419953,80.60541185,6.3,3.59,0.17,113.93,430.9,56.52,16.38,26.41,Doti,direct_overlay,False,0.0,direct_overlay,FMR_157,20.82366589327146,43.81923076923077,3.5180700373794997,6.333333333333333,116.82076566125288,28.86992570944137,37.31566652993166,166.35846867749424,127.43935062689629,393.6960869975654,146.8207656612529,34.11010038193045,53.84459214976637,2.1537836859906547,7.77777777777778,113.33333333333333
559,Doti,Ghantesori,4,78,60,40,,UDP,basal ,planting time,T4-CWV252qB,29.14441456,80.60193439,1818.0,4.0,49300,24300,8833,340,20.0,8217.0,8.2,105,37.05128205,29.14441456,80.60193439,6.2325,3.445,0.165,102.30375,395.50625,54.74625,16.107499999999998,28.6675,,direct_overlay_plus_nearest8,True,8.0,nearest_8_valid_mean,FMR_147,19.98259860788863,39.34759615384615,3.2290988343497933,6.333333333333333,109.80937499999999,26.4786753291345,36.63859835217595,180.38125000000002,154.81916748140998,395.33459198773414,148.809375,31.718850001623583,53.167523972010656,2.126700958880426,23.93162393162393,105.12820512820512
560,Doti,Ghantesori,4,78,60,40,,UDP,basal ,planting time,T4-RQS224jI,29.14406162,80.60297787,1803.0,5.0,52166,30733,9666,380,20.0,8992.0,9.0,115,16.30769231,29.14406162,80.60297787,6.2325,3.445,0.165,102.30375,395.50625,54.74625,16.107499999999998,28.6675,,direct_overlay_plus_nearest8,True,8.0,nearest_8_valid_mean,FMR_159,19.98259860788863,39.34759615384615,3.2290988343497933,6.333333333333333,109.80937499999999,26.4786753291345,36.63859835217595,180.38125000000002,154.81916748140998,395.33459198773414,148.809375,31.718850001623583,53.167523972010656,2.126700958880426,34.188034188034194,115.38461538461539
561,Doti,Ghantesori,4,78,60,40,,UDP,basal ,planting time,T4-MBJ991qZ,29.14421015,80.60541811,1792.0,5.0,59333,29666,8533,368,20.0,7937.0,7.9,102,32.58974359,29.14421015,80.60541811,6.3,3.59,0.17,113.93,430.9,56.52,16.38,26.41,Doti,direct_overlay,False,0.0,direct_overlay,FMR_157,20.82366589327146,43.81923076923077,3.5180700373794997,6.333333333333333,116.82076566125288,28.86992570944137,37.31566652993166,166.35846867749424,127.43935062689629,393.6960869975654,155.8207656612529,34.11010038193045,53.84459214976637,2.1537836859906547,20.085470085470096,101.28205128205128
562,Doti,Ghantesori,5,60,60,40,6.0,Urea,top dressed ,knee ht+shoulder ht,T5-GNP929qI,29.14441108,80.60190207,1813.0,4.0,33600,24666,9633,330,24.0,8513.0,8.5,142,53.1,29.14441108,80.60190207,6.2325,3.445,0.165,102.30375,395.50625,54.74625,16.107499999999998,28.6675,,direct_overlay_plus_nearest8,True,8.0,nearest_8_valid_mean,FMR_147,19.98259860788863,39.34759615384615,3.2290988343497933,6.333333333333333,109.80937499999999,26.4786753291345,36.63859835217595,180.38125000000002,154.81916748140998,395.33459198773414,139.809375,31.718850001623583,53.167523972010656,2.126700958880426,36.111111111111114,141.66666666666666
563,Doti,Ghantesori,5,60,60,40,6.0,Urea,top dressed ,knee ht+shoulder ht,T5-HEK809wJ,29.14406546,80.6029904,1802.0,4.0,47533,30366,9933,335,23.0,8893.0,8.9,148,19.55,29.14406546,80.6029904,6.2325,3.445,0.165,102.30375,395.50625,54.74625,16.107499999999998,28.6675,,direct_overlay_plus_nearest8,True,8.0,nearest_8_valid_mean,FMR_159,19.98259860788863,39.34759615384615,3.2290988343497933,6.333333333333333,109.80937499999999,26.4786753291345,36.63859835217595,180.38125000000002,154.81916748140998,395.33459198773414,139.809375,31.718850001623583,53.167523972010656,2.126700958880426,42.77777777777779,148.33333333333334
564,Doti,Ghantesori,5,60,60,40,6.0,Urea,top dressed ,knee ht+shoulder ht,T5-SMV902mO,29.1442015,80.60538843,1793.0,5.0,55733,26800,9633,335,20.0,8961.0,9.0,149,59.43333333,29.1442015,80.60538843,6.3,3.59,0.17,113.93,430.9,56.52,16.38,26.41,Doti,direct_overlay,False,0.0,direct_overlay,FMR_157,20.82366589327146,43.81923076923077,3.5180700373794997,6.333333333333333,116.82076566125288,28.86992570944137,37.31566652993166,166.35846867749424,127.43935062689629,393.6960869975654,146.8207656612529,34.11010038193045,53.84459214976637,2.1537836859906547,44.44444444444445,150.0
565,Doti,Ghantesori,6,120,0,40,,Urea,top dressed ,knee ht+shoulder ht,T6-KHS407cD,29.14445984,80.60178671,1810.0,5.0,35733,27500,8000,200,23.0,7162.0,7.2,60,15.29166667,29.14445984,80.60178671,6.2325,3.445,0.165,102.30375,395.50625,54.74625,16.107499999999998,28.6675,,direct_overlay_plus_nearest8,True,8.0,nearest_8_valid_mean,FMR_147,19.98259860788863,39.34759615384615,3.2290988343497933,6.333333333333333,109.80937499999999,26.4786753291345,36.63859835217595,180.38125000000002,154.81916748140998,395.33459198773414,169.809375,26.4786753291345,53.167523972010656,2.126700958880426,7.222222222222227,60.0
566,Doti,Ghantesori,6,120,0,40,,Urea,top dressed ,knee ht+shoulder ht,T6-EJB519mN,29.14397863,80.60297518,1825.0,5.0,46466,24666,10000,363,23.0,8953.0,9.0,75,10.275,29.14397863,80.60297518,6.2325,3.445,0.165,102.30375,395.50625,54.74625,16.107499999999998,28.6675,,direct_overlay_plus_nearest8,True,8.0,nearest_8_valid_mean,FMR_159,19.98259860788863,39.34759615384615,3.2290988343497933,6.333333333333333,109.80937499999999,26.4786753291345,36.63859835217595,180.38125000000002,154.81916748140998,395.33459198773414,169.809375,26.4786753291345,53.167523972010656,2.126700958880426,22.222222222222225,75.0
567,Doti,Ghantesori,6,120,0,40,,Urea,top dressed ,knee ht+shoulder ht,T6-RRD162lX,29.14429276,80.60538251,1801.0,5.0,47533,24300,6900,340,22.0,6258.0,6.3,52,7.191666667,29.14429276,80.60538251,6.2325,3.445,0.165,102.30375,395.50625,54.74625,16.107499999999998,28.6675,,direct_overlay_plus_nearest8,True,8.0,nearest_8_valid_mean,FMR_157,19.98259860788863,39.34759615384615,3.2290988343497933,6.333333333333333,109.80937499999999,26.4786753291345,36.63859835217595,180.38125000000002,154.81916748140998,395.33459198773414,169.809375,26.4786753291345,53.167523972010656,2.126700958880426,-0.2777777777777768,52.5
568,Doti,Ghantesori,7,0,60,40,,,,,T7-ZVO105zA,29.14441114,80.60188293,1810.0,5.0,37533,25366,7833,300,20.0,7286.0,7.3,0,0.0,29.14441114,80.60188293,6.2325,3.445,0.165,102.30375,395.50625,54.74625,16.107499999999998,28.6675,,direct_overlay_plus_nearest8,True,8.0,nearest_8_valid_mean,FMR_147,19.98259860788863,39.34759615384615,3.2290988343497933,6.333333333333333,109.80937499999999,26.4786753291345,36.63859835217595,180.38125000000002,154.81916748140998,395.33459198773414,109.80937499999999,31.718850001623583,53.167523972010656,2.126700958880426,966.6666666666667,7300.0
569,Doti,Ghantesori,7,0,60,40,,,,,T7-KWL290jN,29.14405423,80.60298751,1803.0,5.0,48233,22866,9366,368,20.0,8713.0,8.7,0,0.0,29.14405423,80.60298751,6.2325,3.445,0.165,102.30375,395.50625,54.74625,16.107499999999998,28.6675,,direct_overlay_plus_nearest8,True,8.0,nearest_8_valid_mean,FMR_159,19.98259860788863,39.34759615384615,3.2290988343497933,6.333333333333333,109.80937499999999,26.4786753291345,36.63859835217595,180.38125000000002,154.81916748140998,395.33459198773414,109.80937499999999,31.718850001623583,53.167523972010656,2.126700958880426,2366.666666666666,8700.0
570,Doti,Ghantesori,7,0,60,40,,,,,T7-ONI784fH,29.14430126,80.60540403,1806.0,5.0,44666,26800,8533,360,20.0,7937.0,7.9,0,0.0,29.14430126,80.60540403,6.2325,3.445,0.165,102.30375,395.50625,54.74625,16.107499999999998,28.6675,,direct_overlay_plus_nearest8,True,8.0,nearest_8_valid_mean,FMR_157,19.98259860788863,39.34759615384615,3.2290988343497933,6.333333333333333,109.80937499999999,26.4786753291345,36.63859835217595,180.38125000000002,154.81916748140998,395.33459198773414,109.80937499999999,31.718850001623583,53.167523972010656,2.126700958880426,1566.6666666666674,7900.0
571,Doti,Ghantesori,8,0,0,0,,,,,T8-VMU614kG,29.14446111,80.6017681,1807.0,5.0,28600,26800,5800,200,21.0,5327.0,5.3,0,0.0,29.14446111,80.6017681,6.2325,3.445,0.165,102.30375,395.50625,54.74625,16.107499999999998,28.6675,,direct_overlay_plus_nearest8,True,8.0,nearest_8_valid_mean,FMR_147,19.98259860788863,39.34759615384615,3.2290988343497933,6.333333333333333,109.80937499999999,26.4786753291345,36.63859835217595,180.38125000000002,154.81916748140998,395.33459198773414,109.80937499999999,26.4786753291345,36.63859835217595,1.465543934087038,-1033.3333333333333,5300.0
572,Doti,Ghantesori,8,0,0,0,,,,,T8-EHC558oI,29.14404606,80.60298644,1803.0,5.0,42866,23233,8300,300,20.0,7720.0,7.7,0,0.0,29.14404606,80.60298644,6.2325,3.445,0.165,102.30375,395.50625,54.74625,16.107499999999998,28.6675,,direct_overlay_plus_nearest8,True,8.0,nearest_8_valid_mean,FMR_159,19.98259860788863,39.34759615384615,3.2290988343497933,6.333333333333333,109.80937499999999,26.4786753291345,36.63859835217595,180.38125000000002,154.81916748140998,395.33459198773414,109.80937499999999,26.4786753291345,36.63859835217595,1.465543934087038,1366.6666666666672,7700.0
573,Doti,Ghantesori,8,0,0,0,,,,,T8-IGQ331pW,29.14428681,80.60539869,1808.0,4.0,36100,24433,5800,202,20.0,5395.0,5.4,0,0.0,29.14428681,80.60539869,6.2325,3.445,0.165,102.30375,395.50625,54.74625,16.107499999999998,28.6675,,direct_overlay_plus_nearest8,True,8.0,nearest_8_valid_mean,FMR_157,19.98259860788863,39.34759615384615,3.2290988343497933,6.333333333333333,109.80937499999999,26.4786753291345,36.63859835217595,180.38125000000002,154.81916748140998,395.33459198773414,109.80937499999999,26.4786753291345,36.63859835217595,1.465543934087038,-933.3333333333327,5400.0
574,Doti,Ghantesori,9,120,60,40,,Urea ,top dressed ,V6 and V10 stages,T9-EZR430hW,29.14448158,80.60181535,1811.0,4.0,51800,30366,9633,380,22.0,8737.0,8.7,73,28.41666667,29.14448158,80.60181535,6.2325,3.445,0.165,102.30375,395.50625,54.74625,16.107499999999998,28.6675,,direct_overlay_plus_nearest8,True,8.0,nearest_8_valid_mean,FMR_147,19.98259860788863,39.34759615384615,3.2290988343497933,6.333333333333333,109.80937499999999,26.4786753291345,36.63859835217595,180.38125000000002,154.81916748140998,395.33459198773414,169.809375,31.718850001623583,53.167523972010656,2.126700958880426,19.722222222222218,72.5
575,Doti,Ghantesori,9,120,60,40,,Urea ,top dressed ,V6 and V10 stages,T9-MGK679tQ,29.14404993,80.60295616,1813.0,5.0,51800,25366,9366,386,22.0,8495.0,8.5,71,6.458333333,29.14404993,80.60295616,6.2325,3.445,0.165,102.30375,395.50625,54.74625,16.107499999999998,28.6675,,direct_overlay_plus_nearest8,True,8.0,nearest_8_valid_mean,FMR_159,19.98259860788863,39.34759615384615,3.2290988343497933,6.333333333333333,109.80937499999999,26.4786753291345,36.63859835217595,180.38125000000002,154.81916748140998,395.33459198773414,169.809375,31.718850001623583,53.167523972010656,2.126700958880426,18.055555555555557,70.83333333333333
576,Doti,Ghantesori,9,120,60,40,,Urea ,top dressed ,V6 and V10 stages,T9-IYD647qR,29.14427949,80.60539334,1806.0,4.0,57900,28933,9700,380,21.0,8910.0,8.9,74,29.29166667,29.14427949,80.60539334,6.3,3.59,0.17,113.93,430.9,56.52,16.38,26.41,Doti,direct_overlay,False,0.0,direct_overlay,FMR_157,20.82366589327146,43.81923076923077,3.5180700373794997,6.333333333333333,116.82076566125288,28.86992570944137,37.31566652993166,166.35846867749424,127.43935062689629,393.6960869975654,176.8207656612529,34.11010038193045,53.84459214976637,2.1537836859906547,21.388888888888896,74.16666666666667
