year,adm1,adm2,site,treatment_code,treatment,treatment_group,n_obs,n_trials,n_farmers,n_yield,mean_yield_kg_ha,sd_yield_kg_ha,min_yield_kg_ha,max_yield_kg_ha,mean_yield_t_ha,mean_N_fertilizer_kg_ha,mean_P2O5_fertilizer_kg_ha,mean_K2O_fertilizer_kg_ha,mean_organic_fertilizer_t_ha,mean_PFPN_kg_grain_per_kg_N,mean_AE_N_kg_grain_per_kg_N,mean_straw_yield_kg_ha,mean_cob_yield_kg_ha,mean_grain_yield_raw_kg_ha,mean_grain_moisture_pct,source_datasets,treatment_lc,study,variety,stage,stage_name,treatment_role,N_kg_ha,P2O5_kg_ha,K2O_kg_ha,FYM_t_ha,mineral_N_rate_response,government_reference,AE_N_applicable,PFP_N_applicable,government_reference_yield_kg_ha,government_reference_N_kg_ha,government_reference_available,relative_yield_to_government_reference_pct,yield_response_vs_government_reference_kg_ha,N_rate_difference_vs_government_reference_kg_ha,potential_mineral_N_reduction_applicable,potential_mineral_N_reduction_kg_ha,N0_PK_reference_yield_kg_ha,yield_response_to_N_kg_ha,AE_N_kg_grain_per_kg_N,PFP_N_kg_grain_per_kg_N
2017,Dang,Dhikpur,Dang | Dhikpur,1,CK,control,3,3,3,3,5216.0,1167.1559450219152,4145.0,6460.0,5.2,0.0,0.0,0.0,,0.0,,23788.666666666668,,,,nsaf_maize_trials_2017,ck,2017 core trial,All maize,1,No-input reference,N0-P0-K0,0.0,0.0,0.0,,False,False,False,False,8320.666666666666,120.0,True,62.68728467270251,-3104.666666666666,-120.0,False,,4394.333333333333,,,
2017,Dang,Dhikpur,Dang | Dhikpur,2,N0,omission,3,3,3,3,4394.333333333333,524.4352518026732,4051.0,4998.0,4.4,0.0,60.0,40.0,,0.0,,20511.0,,,,nsaf_maize_trials_2017,n0,2017 core trial,All maize,2,N-zero agronomic reference,N0-P60-K40,0.0,60.0,40.0,,True,False,False,False,8320.666666666666,120.0,True,52.81227465747937,-3926.333333333333,-120.0,False,,4394.333333333333,,,
2017,Dang,Dhikpur,Dang | Dhikpur,6,N-120,Nrates,3,3,3,3,8320.666666666666,761.5250050611163,7881.0,9200.0,8.333333333333334,120.0,60.0,40.0,,69.66666666666667,,31422.666666666668,,,,nsaf_maize_trials_2017,n-120,2017 core trial,All maize,4,Government-recommended NPK reference,N120-P60-K40,120.0,60.0,40.0,,True,True,True,True,8320.666666666666,120.0,True,100.0,0.0,0.0,False,,4394.333333333333,3926.333333333333,32.71944444444444,69.33888888888889
2017,Dang,Dhikpur,Dang | Dhikpur,5,N-60,Nrates,3,3,3,3,6440.0,2945.959436244837,3109.0,8703.0,6.433333333333334,60.0,60.0,40.0,,107.33333333333331,,33700.0,,,,nsaf_maize_trials_2017,n-60,2017 core trial,All maize,5,N-rate response and adjustment,N60-P60-K40,60.0,60.0,40.0,,True,False,True,True,8320.666666666666,120.0,True,77.39764441951768,-1880.666666666666,-60.0,True,0.0,4394.333333333333,2045.666666666667,34.09444444444445,107.33333333333333
2017,Dang,Dhikpur,Dang | Dhikpur,7,N-180,Nrates,3,3,3,3,7951.0,1266.788064358044,6607.0,9123.0,7.933333333333333,180.0,60.0,40.0,,44.333333333333336,,29011.666666666668,,,,nsaf_maize_trials_2017,n-180,2017 core trial,All maize,5,N-rate response and adjustment,N180-P60-K40,180.0,60.0,40.0,,True,False,True,True,8320.666666666666,120.0,True,95.55724701546352,-369.66666666666606,60.0,False,,4394.333333333333,3556.666666666667,19.75925925925926,44.172222222222224
2017,Dang,Dhikpur,Dang | Dhikpur,8,N-210,Nrates,3,3,3,3,7083.666666666667,1505.6999479754702,5695.0,8684.0,7.1000000000000005,210.0,60.0,40.0,,33.666666666666664,,34678.0,,,,nsaf_maize_trials_2017,n-210,2017 core trial,All maize,5,N-rate response and adjustment,N210-P60-K40,210.0,60.0,40.0,,True,False,True,True,8320.666666666666,120.0,True,85.13340277221378,-1236.999999999999,90.0,False,,4394.333333333333,2689.333333333334,12.806349206349209,33.731746031746034
2017,Dang,Dhikpur,Dang | Dhikpur,10,K and S,Ntiming,3,3,3,3,7439.333333333333,1287.6980753784378,6065.0,8618.0,7.433333333333333,120.0,60.0,40.0,,62.333333333333336,,33833.333333333336,,,,nsaf_maize_trials_2017,k and s,2017 core trial,All maize,6,Efficiency and nutrient-management alternatives,N120-P60-K40 + K/S,120.0,60.0,40.0,,False,False,True,True,8320.666666666666,120.0,True,89.40790000801218,-881.333333333333,0.0,False,,4394.333333333333,3045.0,25.375,61.99444444444444
2017,Dang,Dhikpur,Dang | Dhikpur,9,NPK+micros,NPK+micros,3,3,3,3,8220.666666666666,658.7566571453631,7460.0,8601.0,8.233333333333333,120.0,60.0,40.0,,68.66666666666667,,33578.0,,,,nsaf_maize_trials_2017,npk+micros,2017 core trial,All maize,6,Efficiency and nutrient-management alternatives,N120-P60-K40 + micronutrients,120.0,60.0,40.0,,False,False,True,True,8320.666666666666,120.0,True,98.79817322329941,-100.0,0.0,False,,4394.333333333333,3826.333333333333,31.88611111111111,68.50555555555555
2017,Dang,Dhuruwa,Dang | Dhuruwa,1,CK,control,3,3,3,3,7412.666666666667,206.67930068909493,7180.0,7575.0,7.433333333333334,0.0,0.0,0.0,,0.0,,19937.0,,,,nsaf_maize_trials_2017,ck,2017 core trial,All maize,1,No-input reference,N0-P0-K0,0.0,0.0,0.0,,False,False,False,False,6657.333333333333,120.0,True,111.34588423793312,755.3333333333339,-120.0,False,,5299.0,,,
2017,Dang,Dhuruwa,Dang | Dhuruwa,2,N0,omission,3,3,3,3,5299.0,829.3545683240673,4456.0,6114.0,5.3,0.0,60.0,40.0,,0.0,,19889.0,,,,nsaf_maize_trials_2017,n0,2017 core trial,All maize,2,N-zero agronomic reference,N0-P60-K40,0.0,60.0,40.0,,True,False,False,False,6657.333333333333,120.0,True,79.59643500901262,-1358.333333333333,-120.0,False,,5299.0,,,
2017,Dang,Dhuruwa,Dang | Dhuruwa,6,N-120,Nrates,3,3,3,3,6657.333333333333,364.2146802825683,6377.0,7069.0,6.666666666666667,120.0,60.0,40.0,,55.333333333333336,,20667.0,,,,nsaf_maize_trials_2017,n-120,2017 core trial,All maize,4,Government-recommended NPK reference,N120-P60-K40,120.0,60.0,40.0,,True,True,True,True,6657.333333333333,120.0,True,100.0,0.0,0.0,False,,5299.0,1358.333333333333,11.319444444444441,55.477777777777774
2017,Dang,Dhuruwa,Dang | Dhuruwa,5,N-60,Nrates,3,3,3,3,6823.666666666667,294.9191979735015,6499.0,7075.0,6.833333333333333,60.0,60.0,40.0,,113.66666666666669,,25166.666666666668,,,,nsaf_maize_trials_2017,n-60,2017 core trial,All maize,5,N-rate response and adjustment,N60-P60-K40,60.0,60.0,40.0,,True,False,True,True,6657.333333333333,120.0,True,102.4984978970559,166.33333333333394,-60.0,True,60.0,5299.0,1524.666666666667,25.411111111111115,113.72777777777779
2017,Dang,Dhuruwa,Dang | Dhuruwa,7,N-180,Nrates,3,3,3,3,6746.666666666667,1118.5062956163158,5701.0,7926.0,6.733333333333333,180.0,60.0,40.0,,37.66666666666666,,27777.666666666668,,,,nsaf_maize_trials_2017,n-180,2017 core trial,All maize,5,N-rate response and adjustment,N180-P60-K40,180.0,60.0,40.0,,True,False,True,True,6657.333333333333,120.0,True,101.34187863008214,89.33333333333394,60.0,False,,5299.0,1447.666666666667,8.042592592592595,37.48148148148148
2017,Dang,Dhuruwa,Dang | Dhuruwa,8,N-210,Nrates,3,3,3,3,7045.333333333333,1255.831331562218,5854.0,8357.0,7.066666666666667,210.0,60.0,40.0,,33.666666666666664,,28222.33333333333,,,,nsaf_maize_trials_2017,n-210,2017 core trial,All maize,5,N-rate response and adjustment,N210-P60-K40,210.0,60.0,40.0,,True,False,True,True,6657.333333333333,120.0,True,105.82815942319246,388.0,90.0,False,,5299.0,1746.333333333333,8.315873015873015,33.54920634920635
2017,Dang,Dhuruwa,Dang | Dhuruwa,10,K and S,Ntiming,3,3,3,3,6077.666666666667,714.1570788932455,5518.0,6882.0,6.066666666666666,120.0,60.0,40.0,,50.66666666666666,,28555.666666666668,,,,nsaf_maize_trials_2017,k and s,2017 core trial,All maize,6,Efficiency and nutrient-management alternatives,N120-P60-K40 + K/S,120.0,60.0,40.0,,False,False,True,True,6657.333333333333,120.0,True,91.29280993390749,-579.6666666666661,0.0,False,,5299.0,778.666666666667,6.488888888888892,50.647222222222226
2017,Dang,Dhuruwa,Dang | Dhuruwa,9,NPK+micros,NPK+micros,3,3,3,3,6418.0,316.7917296900284,6119.0,6750.0,6.433333333333334,120.0,60.0,40.0,,53.333333333333336,,24000.0,,,,nsaf_maize_trials_2017,npk+micros,2017 core trial,All maize,6,Efficiency and nutrient-management alternatives,N120-P60-K40 + micronutrients,120.0,60.0,40.0,,False,False,True,True,6657.333333333333,120.0,True,96.40496695373524,-239.33333333333303,0.0,False,,5299.0,1119.0,9.325,53.483333333333334
2017,Dang,Hapur,Dang | Hapur,1,CK,control,2,2,2,2,3718.0,322.44069222106566,3490.0,3946.0,3.7,0.0,0.0,0.0,,0.0,,21667.0,,,,nsaf_maize_trials_2017,ck,2017 core trial,All maize,1,No-input reference,N0-P0-K0,0.0,0.0,0.0,,False,False,False,False,7881.5,120.0,True,47.17376133984648,-4163.5,-120.0,False,,4099.0,,,
2017,Dang,Hapur,Dang | Hapur,2,N0,omission,2,2,2,2,4099.0,861.2560594852149,3490.0,4708.0,4.1,0.0,60.0,40.0,,0.0,,25834.0,,,,nsaf_maize_trials_2017,n0,2017 core trial,All maize,2,N-zero agronomic reference,N0-P60-K40,0.0,60.0,40.0,,True,False,False,False,7881.5,120.0,True,52.00786652287001,-3782.5,-120.0,False,,4099.0,,,
2017,Dang,Hapur,Dang | Hapur,6,N-120,Nrates,2,2,2,2,7881.5,43.1335136523794,7851.0,7912.0,6.4,120.0,60.0,40.0,,65.5,,27500.0,,,,nsaf_maize_trials_2017,n-120,2017 core trial,All maize,4,Government-recommended NPK reference,N120-P60-K40,120.0,60.0,40.0,,True,True,True,True,7881.5,120.0,True,100.0,0.0,0.0,False,,4099.0,3782.5,31.520833333333332,65.67916666666666
2017,Dang,Hapur,Dang | Hapur,5,N-60,Nrates,2,2,2,2,4991.0,636.3961030678928,4541.0,5441.0,4.95,60.0,60.0,40.0,,83.5,,27500.5,,,,nsaf_maize_trials_2017,n-60,2017 core trial,All maize,5,N-rate response and adjustment,N60-P60-K40,60.0,60.0,40.0,,True,False,True,True,7881.5,120.0,True,63.32550910359703,-2890.5,-60.0,True,0.0,4099.0,892.0,14.866666666666667,83.18333333333334
2017,Dang,Hapur,Dang | Hapur,7,N-180,Nrates,2,2,2,2,4880.5,1294.7125163525686,3965.0,5796.0,4.9,180.0,60.0,40.0,,27.0,,25667.0,,,,nsaf_maize_trials_2017,n-180,2017 core trial,All maize,5,N-rate response and adjustment,N180-P60-K40,180.0,60.0,40.0,,True,False,True,True,7881.5,120.0,True,61.92349172111908,-3001.0,60.0,False,,4099.0,781.5,4.341666666666667,27.113888888888887
2017,Dang,Hapur,Dang | Hapur,8,N-210,Nrates,2,2,2,2,5643.0,681.6509370638319,5161.0,6125.0,5.65,210.0,60.0,40.0,,27.0,,29167.0,,,,nsaf_maize_trials_2017,n-210,2017 core trial,All maize,5,N-rate response and adjustment,N210-P60-K40,210.0,60.0,40.0,,True,False,True,True,7881.5,120.0,True,71.5980460572226,-2238.5,90.0,False,,4099.0,1544.0,7.352380952380952,26.87142857142857
2017,Dang,Hapur,Dang | Hapur,10,K and S,Ntiming,2,2,2,2,4220.5,886.004796826744,3594.0,4847.0,4.2,120.0,60.0,40.0,,35.0,,22333.5,,,,nsaf_maize_trials_2017,k and s,2017 core trial,All maize,6,Efficiency and nutrient-management alternatives,N120-P60-K40 + K/S,120.0,60.0,40.0,,False,False,True,True,7881.5,120.0,True,53.54945124659012,-3661.0,0.0,False,,4099.0,121.5,1.0125,35.170833333333334
2017,Dang,Hapur,Dang | Hapur,9,NPK+micros,NPK+micros,2,2,2,2,4068.5,702.1570337182417,3572.0,4565.0,4.1,120.0,60.0,40.0,,34.0,,24166.5,,,,nsaf_maize_trials_2017,npk+micros,2017 core trial,All maize,6,Efficiency and nutrient-management alternatives,N120-P60-K40 + micronutrients,120.0,60.0,40.0,,False,False,True,True,7881.5,120.0,True,51.62088434942587,-3813.0,0.0,False,,4099.0,-30.5,-0.25416666666666665,33.90416666666667
2017,Dang,Laxmipur,Dang | Laxmipur,1,CK,control,3,3,3,3,5128.333333333333,592.543950549943,4450.0,5545.0,5.133333333333334,0.0,0.0,0.0,,0.0,,20428.0,,,,nsaf_maize_trials_2017,ck,2017 core trial,All maize,1,No-input reference,N0-P0-K0,0.0,0.0,0.0,,False,False,False,False,7269.333333333333,120.0,True,70.54750550256786,-2141.0,-120.0,False,,5839.0,,,
2017,Dang,Laxmipur,Dang | Laxmipur,2,N0,omission,3,3,3,3,5839.0,1746.6264626416262,3931.0,7359.0,5.833333333333333,0.0,60.0,40.0,,0.0,,20855.666666666668,,,,nsaf_maize_trials_2017,n0,2017 core trial,All maize,2,N-zero agronomic reference,N0-P60-K40,0.0,60.0,40.0,,True,False,False,False,7269.333333333333,120.0,True,80.32373440939105,-1430.333333333333,-120.0,False,,5839.0,,,
2017,Dang,Laxmipur,Dang | Laxmipur,6,N-120,Nrates,3,3,3,3,7269.333333333333,365.92941031479455,7035.0,7691.0,7.266666666666667,120.0,60.0,40.0,,60.66666666666666,,22022.33333333333,,,,nsaf_maize_trials_2017,n-120,2017 core trial,All maize,4,Government-recommended NPK reference,N120-P60-K40,120.0,60.0,40.0,,True,True,True,True,7269.333333333333,120.0,True,100.0,0.0,0.0,False,,5839.0,1430.333333333333,11.919444444444443,60.577777777777776
2017,Dang,Laxmipur,Dang | Laxmipur,5,N-60,Nrates,3,3,3,3,6507.333333333333,708.3652541827087,5758.0,7166.0,6.533333333333334,60.0,60.0,40.0,,108.33333333333331,,20808.666666666668,,,,nsaf_maize_trials_2017,n-60,2017 core trial,All maize,5,N-rate response and adjustment,N60-P60-K40,60.0,60.0,40.0,,True,False,True,True,7269.333333333333,120.0,True,89.517608217168,-762.0,-60.0,True,0.0,5839.0,668.333333333333,11.138888888888884,108.45555555555555
2017,Dang,Laxmipur,Dang | Laxmipur,7,N-180,Nrates,3,3,3,3,6430.333333333333,794.6378630126641,5513.0,6907.0,6.433333333333334,180.0,60.0,40.0,,35.666666666666664,,24494.33333333333,,,,nsaf_maize_trials_2017,n-180,2017 core trial,All maize,5,N-rate response and adjustment,N180-P60-K40,180.0,60.0,40.0,,True,False,True,True,7269.333333333333,120.0,True,88.4583639031548,-839.0,60.0,False,,5839.0,591.333333333333,3.2851851851851834,35.724074074074075
2017,Dang,Laxmipur,Dang | Laxmipur,8,N-210,Nrates,3,3,3,3,8038.333333333333,375.3456185082401,7800.0,8471.0,8.033333333333333,210.0,60.0,40.0,,38.0,,22450.0,,,,nsaf_maize_trials_2017,n-210,2017 core trial,All maize,5,N-rate response and adjustment,N210-P60-K40,210.0,60.0,40.0,,True,False,True,True,7269.333333333333,120.0,True,110.57868672046955,769.0,90.0,False,,5839.0,2199.333333333333,10.473015873015871,38.27777777777778
2017,Dang,Laxmipur,Dang | Laxmipur,10,K and S,Ntiming,3,3,3,3,6917.666666666667,1296.7287045998996,6169.0,8415.0,6.933333333333334,120.0,60.0,40.0,,57.333333333333336,,24780.0,,,,nsaf_maize_trials_2017,k and s,2017 core trial,All maize,6,Efficiency and nutrient-management alternatives,N120-P60-K40 + K/S,120.0,60.0,40.0,,False,False,True,True,7269.333333333333,120.0,True,95.16232575201762,-351.66666666666606,0.0,False,,5839.0,1078.666666666667,8.98888888888889,57.647222222222226
2017,Dang,Laxmipur,Dang | Laxmipur,9,NPK+micros,NPK+micros,3,3,3,3,6441.0,441.6729559300637,6186.0,6951.0,6.466666666666666,120.0,60.0,40.0,,54.0,,21765.33333333333,,,,nsaf_maize_trials_2017,npk+micros,2017 core trial,All maize,6,Efficiency and nutrient-management alternatives,N120-P60-K40 + micronutrients,120.0,60.0,40.0,,False,False,True,True,7269.333333333333,120.0,True,88.60509904622157,-828.333333333333,0.0,False,,5839.0,602.0,5.016666666666667,53.675
2017,Dang,Panchakule,Dang | Panchakule,1,CK,control,1,1,1,1,6879.0,,6879.0,6879.0,6.9,0.0,0.0,0.0,,0.0,,26953.0,,,,nsaf_maize_trials_2017,ck,2017 core trial,All maize,1,No-input reference,N0-P0-K0,0.0,0.0,0.0,,False,False,False,False,8504.0,120.0,True,80.89134524929445,-1625.0,-120.0,False,,8108.0,,,
2017,Dang,Panchakule,Dang | Panchakule,2,N0,omission,2,2,2,2,8108.0,123.03657992645928,8021.0,8195.0,8.1,0.0,60.0,40.0,,0.0,,33120.0,,,,nsaf_maize_trials_2017,n0,2017 core trial,All maize,2,N-zero agronomic reference,N0-P60-K40,0.0,60.0,40.0,,True,False,False,False,8504.0,120.0,True,95.34336782690498,-396.0,-120.0,False,,8108.0,,,
2017,Dang,Panchakule,Dang | Panchakule,6,N-120,Nrates,2,2,2,2,8504.0,427.0924958366747,8202.0,8806.0,8.5,120.0,60.0,40.0,,70.5,,27232.5,,,,nsaf_maize_trials_2017,n-120,2017 core trial,All maize,4,Government-recommended NPK reference,N120-P60-K40,120.0,60.0,40.0,,True,True,True,True,8504.0,120.0,True,100.0,0.0,0.0,False,,8108.0,396.0,3.3,70.86666666666666
2017,Dang,Panchakule,Dang | Panchakule,5,N-60,Nrates,2,2,2,2,8235.5,532.4514062334703,7859.0,8612.0,8.25,60.0,60.0,40.0,,137.5,,32468.5,,,,nsaf_maize_trials_2017,n-60,2017 core trial,All maize,5,N-rate response and adjustment,N60-P60-K40,60.0,60.0,40.0,,True,False,True,True,8504.0,120.0,True,96.84266227657572,-268.5,-60.0,True,60.0,8108.0,127.5,2.125,137.25833333333333
2017,Dang,Panchakule,Dang | Panchakule,7,N-180,Nrates,2,2,2,2,7531.0,308.2985565973347,7313.0,7749.0,7.5,180.0,60.0,40.0,,42.0,,29758.5,,,,nsaf_maize_trials_2017,n-180,2017 core trial,All maize,5,N-rate response and adjustment,N180-P60-K40,180.0,60.0,40.0,,True,False,True,True,8504.0,120.0,True,88.55832549388523,-973.0,60.0,False,,8108.0,-577.0,-3.2055555555555557,41.83888888888889
2017,Dang,Panchakule,Dang | Panchakule,8,N-210,Nrates,2,2,2,2,5706.5,3556.040002587148,3192.0,8221.0,5.699999999999999,210.0,60.0,40.0,,27.0,,33861.5,,,,nsaf_maize_trials_2017,n-210,2017 core trial,All maize,5,N-rate response and adjustment,N210-P60-K40,210.0,60.0,40.0,,True,False,True,True,8504.0,120.0,True,67.10371589840075,-2797.5,90.0,False,,8108.0,-2401.5,-11.435714285714285,27.173809523809524
2017,Dang,Panchakule,Dang | Panchakule,10,K and S,Ntiming,2,2,2,2,8544.5,627.2037149124676,8101.0,8988.0,8.55,120.0,60.0,40.0,,71.5,,33238.0,,,,nsaf_maize_trials_2017,k and s,2017 core trial,All maize,6,Efficiency and nutrient-management alternatives,N120-P60-K40 + K/S,120.0,60.0,40.0,,False,False,True,True,8504.0,120.0,True,100.47624647224835,40.5,0.0,False,,8108.0,436.5,3.6375,71.20416666666667
2017,Dang,Panchakule,Dang | Panchakule,9,NPK+micros,NPK+micros,2,2,2,2,8494.5,385.3731957466684,8222.0,8767.0,8.5,120.0,60.0,40.0,,71.0,,32635.0,,,,nsaf_maize_trials_2017,npk+micros,2017 core trial,All maize,6,Efficiency and nutrient-management alternatives,N120-P60-K40 + micronutrients,120.0,60.0,40.0,,False,False,True,True,8504.0,120.0,True,99.88828786453433,-9.5,0.0,False,,8108.0,386.5,3.220833333333333,70.7875
2017,Dang,Pawannagar,Dang | Pawannagar,1,CK,control,3,3,3,3,5758.0,403.4240944713144,5303.0,6072.0,5.766666666666667,0.0,0.0,0.0,,0.0,,13555.666666666666,,,,nsaf_maize_trials_2017,ck,2017 core trial,All maize,1,No-input reference,N0-P0-K0,0.0,0.0,0.0,,False,False,False,False,6501.333333333333,120.0,True,88.56644790812142,-743.333333333333,-120.0,False,,5612.0,,,
2017,Dang,Pawannagar,Dang | Pawannagar,2,N0,omission,3,3,3,3,5612.0,648.9992295835181,4892.0,6152.0,5.633333333333333,0.0,60.0,40.0,,0.0,,22444.33333333333,,,,nsaf_maize_trials_2017,n0,2017 core trial,All maize,2,N-zero agronomic reference,N0-P60-K40,0.0,60.0,40.0,,True,False,False,False,6501.333333333333,120.0,True,86.32075471698114,-889.333333333333,-120.0,False,,5612.0,,,
2017,Dang,Pawannagar,Dang | Pawannagar,6,N-120,Nrates,3,3,3,3,6501.333333333333,913.4880039351,5449.0,7090.0,6.5,120.0,60.0,40.0,,54.0,,20999.666666666668,,,,nsaf_maize_trials_2017,n-120,2017 core trial,All maize,4,Government-recommended NPK reference,N120-P60-K40,120.0,60.0,40.0,,True,True,True,True,6501.333333333333,120.0,True,99.99999999999999,0.0,0.0,False,,5612.0,889.333333333333,7.411111111111109,54.17777777777778
2017,Dang,Pawannagar,Dang | Pawannagar,5,N-60,Nrates,3,3,3,3,6437.666666666667,2217.6465753887232,3877.0,7732.0,6.433333333333334,60.0,60.0,40.0,,107.33333333333331,,19000.0,,,,nsaf_maize_trials_2017,n-60,2017 core trial,All maize,5,N-rate response and adjustment,N60-P60-K40,60.0,60.0,40.0,,True,False,True,True,6501.333333333333,120.0,True,99.02071369975391,-63.66666666666606,-60.0,True,60.0,5612.0,825.666666666667,13.761111111111116,107.29444444444445
2017,Dang,Pawannagar,Dang | Pawannagar,7,N-180,Nrates,3,3,3,3,8023.333333333333,501.617716327218,7448.0,8369.0,8.033333333333333,180.0,60.0,40.0,,44.333333333333336,,26000.33333333333,,,,nsaf_maize_trials_2017,n-180,2017 core trial,All maize,5,N-rate response and adjustment,N180-P60-K40,180.0,60.0,40.0,,True,False,True,True,6501.333333333333,120.0,True,123.41058244462674,1522.0,60.0,False,,5612.0,2411.333333333333,13.396296296296295,44.57407407407407
2017,Dang,Pawannagar,Dang | Pawannagar,8,N-210,Nrates,3,3,3,3,7171.333333333333,1643.1829883897085,5811.0,8997.0,7.166666666666667,210.0,60.0,40.0,,34.333333333333336,,14888.666666666666,,,,nsaf_maize_trials_2017,n-210,2017 core trial,All maize,5,N-rate response and adjustment,N210-P60-K40,210.0,60.0,40.0,,True,False,True,True,6501.333333333333,120.0,True,110.30557834290401,670.0,90.0,False,,5612.0,1559.333333333333,7.425396825396824,34.149206349206345
2017,Dang,Pawannagar,Dang | Pawannagar,10,K and S,Ntiming,3,3,3,3,6788.666666666667,1860.933726206641,5573.0,8931.0,6.8,120.0,60.0,40.0,,56.333333333333336,,12222.333333333334,,,,nsaf_maize_trials_2017,k and s,2017 core trial,All maize,6,Efficiency and nutrient-management alternatives,N120-P60-K40 + K/S,120.0,60.0,40.0,,False,False,True,True,6501.333333333333,120.0,True,104.41960623461856,287.33333333333394,0.0,False,,5612.0,1176.666666666667,9.805555555555559,56.57222222222222
2017,Dang,Pawannagar,Dang | Pawannagar,9,NPK+micros,NPK+micros,3,3,3,3,5380.666666666667,2336.714217300296,2784.0,7314.0,5.366666666666667,120.0,60.0,40.0,,44.66666666666666,,22444.666666666668,,,,nsaf_maize_trials_2017,npk+micros,2017 core trial,All maize,6,Efficiency and nutrient-management alternatives,N120-P60-K40 + micronutrients,120.0,60.0,40.0,,False,False,True,True,6501.333333333333,120.0,True,82.76251025430682,-1120.666666666666,0.0,False,,5612.0,-231.33333333333303,-1.9277777777777751,44.83888888888889
2017,Dang,Purandhara,Dang | Purandhara,1,CK,control,2,2,2,2,7004.5,700.7428201558686,6509.0,7500.0,7.0,0.0,0.0,0.0,,0.0,,32167.0,,,,nsaf_maize_trials_2017,ck,2017 core trial,All maize,1,No-input reference,N0-P0-K0,0.0,0.0,0.0,,False,False,False,False,7387.0,120.0,True,94.82198456748341,-382.5,-120.0,False,,6920.5,,,
2017,Dang,Purandhara,Dang | Purandhara,2,N0,omission,2,2,2,2,6920.5,762.9682169002848,6381.0,7460.0,6.9,0.0,60.0,40.0,,0.0,,33350.0,,,,nsaf_maize_trials_2017,n0,2017 core trial,All maize,2,N-zero agronomic reference,N0-P60-K40,0.0,60.0,40.0,,True,False,False,False,7387.0,120.0,True,93.68485176661703,-466.5,-120.0,False,,6920.5,,,
2017,Dang,Purandhara,Dang | Purandhara,6,N-120,Nrates,3,3,3,3,7387.0,1448.662831717581,5715.0,8267.0,7.399999999999999,120.0,60.0,40.0,,61.66666666666666,,36633.333333333336,,,,nsaf_maize_trials_2017,n-120,2017 core trial,All maize,4,Government-recommended NPK reference,N120-P60-K40,120.0,60.0,40.0,,True,True,True,True,7387.0,120.0,True,100.0,0.0,0.0,False,,6920.5,466.5,3.8875,61.55833333333333
2017,Dang,Purandhara,Dang | Purandhara,5,N-60,Nrates,3,3,3,3,7284.0,1420.9936664179752,6201.0,8893.0,7.3,60.0,60.0,40.0,,121.33333333333331,,38566.66666666666,,,,nsaf_maize_trials_2017,n-60,2017 core trial,All maize,5,N-rate response and adjustment,N60-P60-K40,60.0,60.0,40.0,,True,False,True,True,7387.0,120.0,True,98.60565858941384,-103.0,-60.0,True,60.0,6920.5,363.5,6.058333333333334,121.4
2017,Dang,Purandhara,Dang | Purandhara,7,N-180,Nrates,3,3,3,3,7628.666666666667,429.894560716152,7236.0,8088.0,7.633333333333333,180.0,60.0,40.0,,42.333333333333336,,36200.0,,,,nsaf_maize_trials_2017,n-180,2017 core trial,All maize,5,N-rate response and adjustment,N180-P60-K40,180.0,60.0,40.0,,True,False,True,True,7387.0,120.0,True,103.27151301836561,241.66666666666697,60.0,False,,6920.5,708.166666666667,3.934259259259261,42.38148148148149
2017,Dang,Purandhara,Dang | Purandhara,8,N-210,Nrates,3,3,3,3,7465.0,67.8159273327439,7387.0,7510.0,7.466666666666666,210.0,60.0,40.0,,35.666666666666664,,33810.0,,,,nsaf_maize_trials_2017,n-210,2017 core trial,All maize,5,N-rate response and adjustment,N210-P60-K40,210.0,60.0,40.0,,True,False,True,True,7387.0,120.0,True,101.05590902937593,78.0,90.0,False,,6920.5,544.5,2.592857142857143,35.54761904761905
2017,Dang,Purandhara,Dang | Purandhara,10,K and S,Ntiming,3,3,3,3,7804.333333333333,896.3818010944519,6774.0,8405.0,7.8,120.0,60.0,40.0,,65.0,,36322.333333333336,,,,nsaf_maize_trials_2017,k and s,2017 core trial,All maize,6,Efficiency and nutrient-management alternatives,N120-P60-K40 + K/S,120.0,60.0,40.0,,False,False,True,True,7387.0,120.0,True,105.64956455033617,417.33333333333303,0.0,False,,6920.5,883.833333333333,7.365277777777775,65.03611111111111
2017,Dang,Purandhara,Dang | Purandhara,9,NPK+micros,NPK+micros,3,3,3,3,7334.333333333333,1019.937416380698,6178.0,8106.0,7.333333333333333,120.0,60.0,40.0,,61.0,,33738.666666666664,,,,nsaf_maize_trials_2017,npk+micros,2017 core trial,All maize,6,Efficiency and nutrient-management alternatives,N120-P60-K40 + micronutrients,120.0,60.0,40.0,,False,False,True,True,7387.0,120.0,True,99.28703578358376,-52.66666666666697,0.0,False,,6920.5,413.83333333333303,3.4486111111111084,61.11944444444444
2017,Dang,Shantinagar,Dang | Shantinagar,1,CK,control,2,2,2,2,2909.0,369.1097397793778,2648.0,3170.0,2.9000000000000004,0.0,0.0,0.0,,0.0,,17528.0,,,,nsaf_maize_trials_2017,ck,2017 core trial,All maize,1,No-input reference,N0-P0-K0,0.0,0.0,0.0,,False,False,False,False,9076.5,120.0,True,32.04979893130612,-6167.5,-120.0,False,,5816.0,,,
2017,Dang,Shantinagar,Dang | Shantinagar,2,N0,omission,2,2,2,2,5816.0,3408.254685319159,3406.0,8226.0,5.8,0.0,60.0,40.0,,0.0,,20183.5,,,,nsaf_maize_trials_2017,n0,2017 core trial,All maize,2,N-zero agronomic reference,N0-P60-K40,0.0,60.0,40.0,,True,False,False,False,9076.5,120.0,True,64.07756293725555,-3260.5,-120.0,False,,5816.0,,,
2017,Dang,Shantinagar,Dang | Shantinagar,6,N-120,Nrates,2,2,2,2,9076.5,335.87572106361006,8839.0,9314.0,9.05,120.0,60.0,40.0,,76.0,,18683.0,,,,nsaf_maize_trials_2017,n-120,2017 core trial,All maize,4,Government-recommended NPK reference,N120-P60-K40,120.0,60.0,40.0,,True,True,True,True,9076.5,120.0,True,100.0,0.0,0.0,False,,5816.0,3260.5,27.170833333333334,75.6375
2017,Dang,Shantinagar,Dang | Shantinagar,5,N-60,Nrates,2,2,2,2,8702.5,258.0939751330898,8520.0,8885.0,8.7,60.0,60.0,40.0,,145.0,,21995.0,,,,nsaf_maize_trials_2017,n-60,2017 core trial,All maize,5,N-rate response and adjustment,N60-P60-K40,60.0,60.0,40.0,,True,False,True,True,9076.5,120.0,True,95.8794689582989,-374.0,-60.0,True,60.0,5816.0,2886.5,48.108333333333334,145.04166666666666
2017,Dang,Shantinagar,Dang | Shantinagar,7,N-180,Nrates,2,2,2,2,8879.5,307.59144981614816,8662.0,9097.0,8.899999999999999,180.0,60.0,40.0,,49.5,,19680.0,,,,nsaf_maize_trials_2017,n-180,2017 core trial,All maize,5,N-rate response and adjustment,N180-P60-K40,180.0,60.0,40.0,,True,False,True,True,9076.5,120.0,True,97.829559852366,-197.0,60.0,False,,5816.0,3063.5,17.019444444444446,49.330555555555556
2017,Dang,Shantinagar,Dang | Shantinagar,8,N-210,Nrates,2,2,2,2,8536.5,70.0035713374682,8487.0,8586.0,8.55,210.0,60.0,40.0,,40.5,,96745.0,,,,nsaf_maize_trials_2017,n-210,2017 core trial,All maize,5,N-rate response and adjustment,N210-P60-K40,210.0,60.0,40.0,,True,False,True,True,9076.5,120.0,True,94.0505701536936,-540.0,90.0,False,,5816.0,2720.5,12.954761904761904,40.65
2017,Dang,Shantinagar,Dang | Shantinagar,10,K and S,Ntiming,3,3,3,3,9194.0,1031.581795108851,8183.0,10245.0,9.2,120.0,60.0,40.0,,76.33333333333333,,24511.0,,,,nsaf_maize_trials_2017,k and s,2017 core trial,All maize,6,Efficiency and nutrient-management alternatives,N120-P60-K40 + K/S,120.0,60.0,40.0,,False,False,True,True,9076.5,120.0,True,101.29455186470555,117.5,0.0,False,,5816.0,3378.0,28.15,76.61666666666666
2017,Dang,Shantinagar,Dang | Shantinagar,9,NPK+micros,NPK+micros,3,3,3,3,8735.0,1274.8141040951814,7525.0,10066.0,8.733333333333333,120.0,60.0,40.0,,73.0,,18360.0,,,,nsaf_maize_trials_2017,npk+micros,2017 core trial,All maize,6,Efficiency and nutrient-management alternatives,N120-P60-K40 + micronutrients,120.0,60.0,40.0,,False,False,True,True,9076.5,120.0,True,96.23753649534513,-341.5,0.0,False,,5816.0,2919.0,24.325,72.79166666666667
2017,Dang,Shreegau,Dang | Shreegau,1,CK,control,3,3,3,3,4123.666666666667,847.5283672735288,3312.0,5003.0,4.133333333333333,0.0,0.0,0.0,,0.0,,15900.0,,,,nsaf_maize_trials_2017,ck,2017 core trial,All maize,1,No-input reference,N0-P0-K0,0.0,0.0,0.0,,False,False,False,False,6155.333333333333,120.0,True,66.9933932632947,-2031.666666666666,-120.0,False,,5164.666666666667,,,
2017,Dang,Shreegau,Dang | Shreegau,2,N0,omission,3,3,3,3,5164.666666666667,1485.9456024139424,3718.0,6687.0,5.166666666666667,0.0,60.0,40.0,,0.0,,22500.33333333333,,,,nsaf_maize_trials_2017,n0,2017 core trial,All maize,2,N-zero agronomic reference,N0-P60-K40,0.0,60.0,40.0,,True,False,False,False,6155.333333333333,120.0,True,83.905556157262,-990.6666666666661,-120.0,False,,5164.666666666667,,,
2017,Dang,Shreegau,Dang | Shreegau,6,N-120,Nrates,3,3,3,3,6155.333333333333,524.6449593137568,5692.0,6725.0,6.133333333333333,120.0,60.0,40.0,,51.0,,20616.666666666668,,,,nsaf_maize_trials_2017,n-120,2017 core trial,All maize,4,Government-recommended NPK reference,N120-P60-K40,120.0,60.0,40.0,,True,True,True,True,6155.333333333333,120.0,True,99.99999999999999,0.0,0.0,False,,5164.666666666667,990.6666666666661,8.255555555555551,51.294444444444444
2017,Dang,Shreegau,Dang | Shreegau,5,N-60,Nrates,3,3,3,3,6274.333333333333,641.54059367536,5637.0,6920.0,6.266666666666667,60.0,60.0,40.0,,104.33333333333331,,19744.666666666668,,,,nsaf_maize_trials_2017,n-60,2017 core trial,All maize,5,N-rate response and adjustment,N60-P60-K40,60.0,60.0,40.0,,True,False,True,True,6155.333333333333,120.0,True,101.9332827899924,119.0,-60.0,True,60.0,5164.666666666667,1109.666666666666,18.494444444444433,104.57222222222222
2017,Dang,Shreegau,Dang | Shreegau,7,N-180,Nrates,3,3,3,3,6728.0,266.6308309254577,6430.0,6944.0,6.7,180.0,60.0,40.0,,37.66666666666666,,20377.666666666668,,,,nsaf_maize_trials_2017,n-180,2017 core trial,All maize,5,N-rate response and adjustment,N180-P60-K40,180.0,60.0,40.0,,True,False,True,True,6155.333333333333,120.0,True,109.30358496696633,572.666666666667,60.0,False,,5164.666666666667,1563.333333333333,8.685185185185183,37.37777777777778
2017,Dang,Shreegau,Dang | Shreegau,8,N-210,Nrates,3,3,3,3,6435.666666666667,825.6496432103229,5547.0,7179.0,6.433333333333334,210.0,60.0,40.0,,30.33333333333333,,19188.666666666668,,,,nsaf_maize_trials_2017,n-210,2017 core trial,All maize,5,N-rate response and adjustment,N210-P60-K40,210.0,60.0,40.0,,True,False,True,True,6155.333333333333,120.0,True,104.55431604029027,280.33333333333394,90.0,False,,5164.666666666667,1271.0,6.052380952380952,30.64603174603175
2017,Dang,Shreegau,Dang | Shreegau,10,K and S,Ntiming,3,3,3,3,6628.0,93.15041599477696,6521.0,6691.0,6.633333333333333,120.0,60.0,40.0,,55.333333333333336,,20150.0,,,,nsaf_maize_trials_2017,k and s,2017 core trial,All maize,6,Efficiency and nutrient-management alternatives,N120-P60-K40 + K/S,120.0,60.0,40.0,,False,False,True,True,6155.333333333333,120.0,True,107.67897758041808,472.66666666666697,0.0,False,,5164.666666666667,1463.333333333333,12.194444444444441,55.233333333333334
2017,Dang,Shreegau,Dang | Shreegau,9,NPK+micros,NPK+micros,3,3,3,3,6055.333333333333,100.97689504700249,5944.0,6141.0,6.033333333333334,120.0,60.0,40.0,,50.66666666666666,,23933.33333333333,,,,nsaf_maize_trials_2017,npk+micros,2017 core trial,All maize,6,Efficiency and nutrient-management alternatives,N120-P60-K40 + micronutrients,120.0,60.0,40.0,,False,False,True,True,6155.333333333333,120.0,True,98.37539261345174,-100.0,0.0,False,,5164.666666666667,890.6666666666661,7.422222222222217,50.46111111111111
2017,Surkhet,Babiyachaur,Surkhet | Babiyachaur,1,CK,control,2,2,2,2,7458.3,412.5260961442316,7166.6,7750.0,7.5,0.0,0.0,0.0,,0.0,,12686.65,,,,nsaf_maize_trials_2017,ck,2017 core trial,All maize,1,No-input reference,N0-P0-K0,0.0,0.0,0.0,,False,False,False,False,11136.65,120.0,True,66.97076769046348,-3678.3499999999995,-120.0,False,,8686.65,,,
2017,Surkhet,Babiyachaur,Surkhet | Babiyachaur,2,N0,omission,2,2,2,2,8686.65,1418.951177807045,7683.3,9690.0,8.7,0.0,60.0,40.0,,0.0,,18434.965,,,,nsaf_maize_trials_2017,n0,2017 core trial,All maize,2,N-zero agronomic reference,N0-P60-K40,0.0,60.0,40.0,,True,False,False,False,11136.65,120.0,True,78.00056569973916,-2450.0,-120.0,False,,8686.65,,,
2017,Surkhet,Babiyachaur,Surkhet | Babiyachaur,6,N-120,Nrates,2,2,2,2,11136.65,429.0016841458789,10833.3,11440.0,11.1,120.0,60.0,40.0,,92.5,,18494.98,,,,nsaf_maize_trials_2017,n-120,2017 core trial,All maize,4,Government-recommended NPK reference,N120-P60-K40,120.0,60.0,40.0,,True,True,True,True,11136.65,120.0,True,100.0,0.0,0.0,False,,8686.65,2450.0,20.416666666666668,92.80541666666666
2017,Surkhet,Babiyachaur,Surkhet | Babiyachaur,5,N-60,Nrates,3,3,3,3,10565.433333333332,926.3458659341728,9590.0,11433.3,10.566666666666666,60.0,60.0,40.0,,176.33333333333334,,21753.3,,,,nsaf_maize_trials_2017,n-60,2017 core trial,All maize,5,N-rate response and adjustment,N60-P60-K40,60.0,60.0,40.0,,True,False,True,True,11136.65,120.0,True,94.87083937569496,-571.2166666666672,-60.0,True,0.0,8686.65,1878.7833333333328,31.313055555555547,176.09055555555554
2017,Surkhet,Babiyachaur,Surkhet | Babiyachaur,7,N-180,Nrates,3,3,3,3,11641.066666666666,630.5916692546233,10916.6,12066.6,11.633333333333333,180.0,60.0,40.0,,64.66666666666667,,23922.2,,,,nsaf_maize_trials_2017,n-180,2017 core trial,All maize,5,N-rate response and adjustment,N180-P60-K40,180.0,60.0,40.0,,True,False,True,True,11136.65,120.0,True,104.52933931358771,504.41666666666606,60.0,False,,8686.65,2954.416666666666,16.41342592592592,64.6725925925926
2017,Surkhet,Babiyachaur,Surkhet | Babiyachaur,8,N-210,Nrates,3,3,3,3,10792.2,191.68367170940823,10583.3,10960.0,10.8,210.0,60.0,40.0,,51.333333333333336,,24633.3,,,,nsaf_maize_trials_2017,n-210,2017 core trial,All maize,5,N-rate response and adjustment,N210-P60-K40,210.0,60.0,40.0,,True,False,True,True,11136.65,120.0,True,96.9070591246021,-344.4499999999989,90.0,False,,8686.65,2105.550000000001,10.026428571428577,51.39142857142858
2017,Surkhet,Babiyachaur,Surkhet | Babiyachaur,10,K and S,Ntiming,3,3,3,3,12013.299999999996,425.7933771208754,11733.3,12503.3,12.0,120.0,60.0,40.0,,100.0,,24422.2,,,,nsaf_maize_trials_2017,k and s,2017 core trial,All maize,6,Efficiency and nutrient-management alternatives,N120-P60-K40 + K/S,120.0,60.0,40.0,,False,False,True,True,11136.65,120.0,True,107.87175676707085,876.649999999996,0.0,False,,8686.65,3326.649999999996,27.7220833333333,100.1108333333333
2017,Surkhet,Babiyachaur,Surkhet | Babiyachaur,9,NPK+micros,NPK+micros,3,3,3,3,11182.2,543.5157863392733,10646.6,11733.3,11.166666666666666,120.0,60.0,40.0,,93.33333333333331,,21384.42,,,,nsaf_maize_trials_2017,npk+micros,2017 core trial,All maize,6,Efficiency and nutrient-management alternatives,N120-P60-K40 + micronutrients,120.0,60.0,40.0,,False,False,True,True,11136.65,120.0,True,100.40900989076607,45.55000000000109,0.0,False,,8686.65,2495.550000000001,20.796250000000008,93.185
2017,Surkhet,Gadhi,Surkhet | Gadhi,1,CK,control,2,2,2,2,4580.0,3446.0141874345204,2143.3,7016.7,4.55,0.0,0.0,0.0,,0.0,,30750.0,,,,nsaf_maize_trials_2017,ck,2017 core trial,All maize,1,No-input reference,N0-P0-K0,0.0,0.0,0.0,,False,False,False,False,11008.35,120.0,True,41.60478182470579,-6428.35,-120.0,False,,7116.65,,,
2017,Surkhet,Gadhi,Surkhet | Gadhi,2,N0,omission,2,2,2,2,7116.65,3629.791239864904,4550.0,9683.3,7.15,0.0,60.0,40.0,,0.0,,30750.0,,,,nsaf_maize_trials_2017,n0,2017 core trial,All maize,2,N-zero agronomic reference,N0-P60-K40,0.0,60.0,40.0,,True,False,False,False,11008.35,120.0,True,64.64774466654858,-3891.7000000000007,-120.0,False,,7116.65,,,
2017,Surkhet,Gadhi,Surkhet | Gadhi,6,N-120,Nrates,2,2,2,2,11008.35,931.0474987883276,10350.0,11666.7,11.05,120.0,60.0,40.0,,91.5,,28374.995000000003,,,,nsaf_maize_trials_2017,n-120,2017 core trial,All maize,4,Government-recommended NPK reference,N120-P60-K40,120.0,60.0,40.0,,True,True,True,True,11008.35,120.0,True,100.0,0.0,0.0,False,,7116.65,3891.7000000000007,32.43083333333334,91.73625
2017,Surkhet,Gadhi,Surkhet | Gadhi,5,N-60,Nrates,2,2,2,2,10416.7,1767.7669529663688,9166.7,11666.7,10.45,60.0,60.0,40.0,,173.5,,30750.0,,,,nsaf_maize_trials_2017,n-60,2017 core trial,All maize,5,N-rate response and adjustment,N60-P60-K40,60.0,60.0,40.0,,True,False,True,True,11008.35,120.0,True,94.62544341340892,-591.6499999999996,-60.0,True,0.0,7116.65,3300.050000000001,55.000833333333354,173.61166666666668
2017,Surkhet,Gadhi,Surkhet | Gadhi,7,N-180,Nrates,2,2,2,2,11375.0,1355.240856822136,10416.7,12333.3,11.35,180.0,60.0,40.0,,63.5,,30750.0,,,,nsaf_maize_trials_2017,n-180,2017 core trial,All maize,5,N-rate response and adjustment,N180-P60-K40,180.0,60.0,40.0,,True,False,True,True,11008.35,120.0,True,103.33065354935117,366.64999999999964,60.0,False,,7116.65,4258.35,23.657500000000002,63.19444444444444
2017,Surkhet,Gadhi,Surkhet | Gadhi,8,N-210,Nrates,2,2,2,2,11833.35,235.67869016947577,11666.7,12000.0,11.85,210.0,60.0,40.0,,56.5,,30750.0,,,,nsaf_maize_trials_2017,n-210,2017 core trial,All maize,5,N-rate response and adjustment,N210-P60-K40,210.0,60.0,40.0,,True,False,True,True,11008.35,120.0,True,107.49431113654634,825.0,90.0,False,,7116.65,4716.700000000001,22.460476190476193,56.34928571428571
2017,Surkhet,Gadhi,Surkhet | Gadhi,10,K and S,Ntiming,2,2,2,2,11693.35,669.4179897493051,11220.0,12166.7,11.7,120.0,60.0,40.0,,97.5,,30750.0,,,,nsaf_maize_trials_2017,k and s,2017 core trial,All maize,6,Efficiency and nutrient-management alternatives,N120-P60-K40 + K/S,120.0,60.0,40.0,,False,False,True,True,11008.35,120.0,True,106.22254924670818,685.0,0.0,False,,7116.65,4576.700000000001,38.139166666666675,97.44458333333334
2017,Surkhet,Gadhi,Surkhet | Gadhi,9,NPK+micros,NPK+micros,2,2,2,2,11083.3,1060.6601717798212,10333.3,11833.3,11.05,120.0,60.0,40.0,,92.5,,28000.0,,,,nsaf_maize_trials_2017,npk+micros,2017 core trial,All maize,6,Efficiency and nutrient-management alternatives,N120-P60-K40 + micronutrients,120.0,60.0,40.0,,False,False,True,True,11008.35,120.0,True,100.68084681173836,74.94999999999891,0.0,False,,7116.65,3966.6499999999996,33.055416666666666,92.36083333333333
2017,Surkhet,Ghumkhare,Surkhet | Ghumkhare,1,CK,control,1,1,1,1,7760.0,,7760.0,7760.0,7.8,0.0,0.0,0.0,,0.0,,17333.33,,,,nsaf_maize_trials_2017,ck,2017 core trial,All maize,1,No-input reference,N0-P0-K0,0.0,0.0,0.0,,False,False,False,False,10114.433333333332,120.0,True,76.7220440756279,-2354.4333333333325,-120.0,False,,5920.0,,,
2017,Surkhet,Ghumkhare,Surkhet | Ghumkhare,2,N0,omission,2,2,2,2,5920.0,5656.85424949238,1920.0,9920.0,5.9,0.0,60.0,40.0,,0.0,,22166.66,,,,nsaf_maize_trials_2017,n0,2017 core trial,All maize,2,N-zero agronomic reference,N0-P60-K40,0.0,60.0,40.0,,True,False,False,False,10114.433333333332,120.0,True,58.530219191716135,-4194.4333333333325,-120.0,False,,5920.0,,,
2017,Surkhet,Ghumkhare,Surkhet | Ghumkhare,6,N-120,Nrates,3,3,3,3,10114.433333333332,693.9639495920045,9313.3,10530.0,10.1,120.0,60.0,40.0,,84.66666666666667,,22777.77333333333,,,,nsaf_maize_trials_2017,n-120,2017 core trial,All maize,4,Government-recommended NPK reference,N120-P60-K40,120.0,60.0,40.0,,True,True,True,True,10114.433333333332,120.0,True,100.0,0.0,0.0,False,,5920.0,4194.4333333333325,34.9536111111111,84.28694444444444
2017,Surkhet,Ghumkhare,Surkhet | Ghumkhare,5,N-60,Nrates,3,3,3,3,10377.766666666666,227.13424077697647,10123.3,10560.0,10.4,60.0,60.0,40.0,,173.0,,21944.443333333333,,,,nsaf_maize_trials_2017,n-60,2017 core trial,All maize,5,N-rate response and adjustment,N60-P60-K40,60.0,60.0,40.0,,True,False,True,True,10114.433333333332,120.0,True,102.60354015548738,263.33333333333394,-60.0,True,60.0,5920.0,4457.766666666666,74.2961111111111,172.96277777777777
2017,Surkhet,Ghumkhare,Surkhet | Ghumkhare,7,N-180,Nrates,3,3,3,3,10018.533333333333,138.19140108318328,9870.0,10143.3,10.0,180.0,60.0,40.0,,55.66666666666666,,23666.553333333333,,,,nsaf_maize_trials_2017,n-180,2017 core trial,All maize,5,N-rate response and adjustment,N180-P60-K40,180.0,60.0,40.0,,True,False,True,True,10114.433333333332,120.0,True,99.0518499965396,-95.89999999999964,60.0,False,,5920.0,4098.533333333333,22.769629629629627,55.65851851851851
2017,Surkhet,Ghumkhare,Surkhet | Ghumkhare,8,N-210,Nrates,3,3,3,3,10162.2,545.6634768792941,9533.3,10510.0,10.133333333333333,210.0,60.0,40.0,,48.333333333333336,,21777.66333333333,,,,nsaf_maize_trials_2017,n-210,2017 core trial,All maize,5,N-rate response and adjustment,N210-P60-K40,210.0,60.0,40.0,,True,False,True,True,10114.433333333332,120.0,True,100.47226241048273,47.76666666666824,90.0,False,,5920.0,4242.200000000001,20.200952380952383,48.39142857142858
2017,Surkhet,Ghumkhare,Surkhet | Ghumkhare,10,K and S,Ntiming,3,3,3,3,10637.766666666666,343.2198323718102,10253.3,10913.3,10.633333333333333,120.0,60.0,40.0,,88.66666666666667,,22222.22,,,,nsaf_maize_trials_2017,k and s,2017 core trial,All maize,6,Efficiency and nutrient-management alternatives,N120-P60-K40 + K/S,120.0,60.0,40.0,,False,False,True,True,10114.433333333332,120.0,True,105.17412410647492,523.3333333333339,0.0,False,,5920.0,4717.766666666666,39.31472222222222,88.64805555555556
2017,Surkhet,Ghumkhare,Surkhet | Ghumkhare,9,NPK+micros,NPK+micros,3,3,3,3,10581.1,688.3295940172844,9820.0,11160.0,10.6,120.0,60.0,40.0,,88.33333333333333,,24144.44,,,,nsaf_maize_trials_2017,npk+micros,2017 core trial,All maize,6,Efficiency and nutrient-management alternatives,N120-P60-K40 + micronutrients,120.0,60.0,40.0,,False,False,True,True,10114.433333333332,120.0,True,104.61386862997763,466.6666666666679,0.0,False,,5920.0,4661.1,38.8425,88.17583333333333
2017,Surkhet,Guthu,Surkhet | Guthu,1,CK,control,2,2,2,2,6749.950000000001,117.87470042379702,6666.6,6833.3,6.75,0.0,0.0,0.0,,0.0,,9166.665,,,,nsaf_maize_trials_2017,ck,2017 core trial,All maize,1,No-input reference,N0-P0-K0,0.0,0.0,0.0,,False,False,False,False,11455.566666666666,120.0,True,58.92288174308271,-4705.616666666665,-120.0,False,,6866.7,,,
2017,Surkhet,Guthu,Surkhet | Guthu,2,N0,omission,2,2,2,2,6866.7,282.842712474619,6666.7,7066.7,6.9,0.0,60.0,40.0,,0.0,,11166.66,,,,nsaf_maize_trials_2017,n0,2017 core trial,All maize,2,N-zero agronomic reference,N0-P60-K40,0.0,60.0,40.0,,True,False,False,False,11455.566666666666,120.0,True,59.942036913640244,-4588.866666666666,-120.0,False,,6866.7,,,
2017,Surkhet,Guthu,Surkhet | Guthu,6,N-120,Nrates,3,3,3,3,11455.566666666666,3654.5769882892514,7700.0,15000.0,11.466666666666669,120.0,60.0,40.0,,95.33333333333331,,16111.106666666668,,,,nsaf_maize_trials_2017,n-120,2017 core trial,All maize,4,Government-recommended NPK reference,N120-P60-K40,120.0,60.0,40.0,,True,True,True,True,11455.566666666666,120.0,True,100.0,0.0,0.0,False,,6866.7,4588.866666666666,38.24055555555555,95.46305555555554
2017,Surkhet,Guthu,Surkhet | Guthu,5,N-60,Nrates,3,3,3,3,9200.633333333331,231.7786300186742,8933.3,9345.3,9.166666666666666,60.0,60.0,40.0,,153.33333333333334,,12222.22,,,,nsaf_maize_trials_2017,n-60,2017 core trial,All maize,5,N-rate response and adjustment,N60-P60-K40,60.0,60.0,40.0,,True,False,True,True,11455.566666666666,120.0,True,80.31582898561688,-2254.9333333333343,-60.0,True,0.0,6866.7,2333.9333333333316,38.89888888888886,153.34388888888887
2017,Surkhet,Guthu,Surkhet | Guthu,7,N-180,Nrates,3,3,3,3,11888.9,3671.745977052335,8333.3,15666.7,11.9,180.0,60.0,40.0,,66.0,,16000.0,,,,nsaf_maize_trials_2017,n-180,2017 core trial,All maize,5,N-rate response and adjustment,N180-P60-K40,180.0,60.0,40.0,,True,False,True,True,11455.566666666666,120.0,True,103.78273153954265,433.33333333333394,60.0,False,,6866.7,5022.2,27.90111111111111,66.04944444444445
2017,Surkhet,Guthu,Surkhet | Guthu,8,N-210,Nrates,3,3,3,3,10444.466666666667,1071.523664383262,9666.7,11666.7,10.466666666666669,210.0,60.0,40.0,,50.0,,15111.106666666668,,,,nsaf_maize_trials_2017,n-210,2017 core trial,All maize,5,N-rate response and adjustment,N210-P60-K40,210.0,60.0,40.0,,True,False,True,True,11455.566666666666,120.0,True,91.17372340085025,-1011.0999999999985,90.0,False,,6866.7,3577.7666666666673,17.03698412698413,49.73555555555556
2017,Surkhet,Guthu,Surkhet | Guthu,10,K and S,Ntiming,3,3,3,3,10022.2,2867.6906440548983,8333.3,13333.3,10.0,120.0,60.0,40.0,,83.33333333333333,,13888.886666666667,,,,nsaf_maize_trials_2017,k and s,2017 core trial,All maize,6,Efficiency and nutrient-management alternatives,N120-P60-K40 + K/S,120.0,60.0,40.0,,False,False,True,True,11455.566666666666,120.0,True,87.48759700524056,-1433.366666666665,0.0,False,,6866.7,3155.500000000001,26.29583333333334,83.51833333333335
2017,Surkhet,Guthu,Surkhet | Guthu,9,NPK+micros,NPK+micros,3,3,3,3,11111.1,2545.882660296818,8333.3,13333.3,11.1,120.0,60.0,40.0,,92.33333333333331,,16333.31,,,,nsaf_maize_trials_2017,npk+micros,2017 core trial,All maize,6,Efficiency and nutrient-management alternatives,N120-P60-K40 + micronutrients,120.0,60.0,40.0,,False,False,True,True,11455.566666666666,120.0,True,96.99301940541281,-344.46666666666533,0.0,False,,6866.7,4244.400000000001,35.370000000000005,92.5925
2017,Surkhet,Kalyan,Surkhet | Kalyan,1,CK,control,3,3,3,3,6695.533333333333,1048.4035307711113,5653.3,7750.0,6.733333333333333,0.0,0.0,0.0,,0.0,,10865.553333333335,,,,nsaf_maize_trials_2017,ck,2017 core trial,All maize,1,No-input reference,N0-P0-K0,0.0,0.0,0.0,,False,False,False,False,9803.333333333334,120.0,True,68.29853791227472,-3107.800000000001,-120.0,False,,7649.900000000001,,,
2017,Surkhet,Kalyan,Surkhet | Kalyan,2,N0,omission,3,3,3,3,7649.900000000001,1792.5975370952626,6326.7,9690.0,7.633333333333333,0.0,60.0,40.0,,0.0,,16899.996666666666,,,,nsaf_maize_trials_2017,n0,2017 core trial,All maize,2,N-zero agronomic reference,N0-P60-K40,0.0,60.0,40.0,,True,False,False,False,9803.333333333334,120.0,True,78.03366201972118,-2153.4333333333334,-120.0,False,,7649.900000000001,,,
2017,Surkhet,Kalyan,Surkhet | Kalyan,6,N-120,Nrates,3,3,3,3,9803.333333333334,925.9056233403774,9040.0,10833.3,9.766666666666667,120.0,60.0,40.0,,81.33333333333333,,16776.66,,,,nsaf_maize_trials_2017,n-120,2017 core trial,All maize,4,Government-recommended NPK reference,N120-P60-K40,120.0,60.0,40.0,,True,True,True,True,9803.333333333334,120.0,True,100.0,0.0,0.0,False,,7649.900000000001,2153.4333333333334,17.94527777777778,81.69444444444444
2017,Surkhet,Kalyan,Surkhet | Kalyan,5,N-60,Nrates,3,3,3,3,9432.233333333334,1138.3364411865816,8436.7,10673.3,9.433333333333332,60.0,60.0,40.0,,157.33333333333334,,14920.0,,,,nsaf_maize_trials_2017,n-60,2017 core trial,All maize,5,N-rate response and adjustment,N60-P60-K40,60.0,60.0,40.0,,True,False,True,True,9803.333333333334,120.0,True,96.2145528731724,-371.10000000000036,-60.0,True,60.0,7649.900000000001,1782.333333333333,29.705555555555552,157.20388888888888
2017,Surkhet,Kalyan,Surkhet | Kalyan,7,N-180,Nrates,3,3,3,3,10281.133333333331,1436.3004432685148,8636.7,11290.0,10.266666666666667,180.0,60.0,40.0,,57.333333333333336,,19363.33,,,,nsaf_maize_trials_2017,n-180,2017 core trial,All maize,5,N-rate response and adjustment,N180-P60-K40,180.0,60.0,40.0,,True,False,True,True,9803.333333333334,120.0,True,104.87385243114585,477.79999999999745,60.0,False,,7649.900000000001,2631.233333333331,14.617962962962949,57.1174074074074
2017,Surkhet,Kalyan,Surkhet | Kalyan,8,N-210,Nrates,3,3,3,3,9863.333333333334,1002.7458418429536,8993.3,10960.0,9.866666666666667,210.0,60.0,40.0,,47.0,,19888.88333333333,,,,nsaf_maize_trials_2017,n-210,2017 core trial,All maize,5,N-rate response and adjustment,N210-P60-K40,210.0,60.0,40.0,,True,False,True,True,9803.333333333334,120.0,True,100.61203672220333,60.0,90.0,False,,7649.900000000001,2213.4333333333334,10.54015873015873,46.96825396825397
2017,Surkhet,Kalyan,Surkhet | Kalyan,10,K and S,Ntiming,3,3,3,3,9946.666666666666,2489.60262357938,7530.0,12503.3,9.933333333333334,120.0,60.0,40.0,,83.0,,20125.553333333333,,,,nsaf_maize_trials_2017,k and s,2017 core trial,All maize,6,Efficiency and nutrient-management alternatives,N120-P60-K40 + K/S,120.0,60.0,40.0,,False,False,True,True,9803.333333333334,120.0,True,101.4620877252635,143.33333333333212,0.0,False,,7649.900000000001,2296.7666666666655,19.13972222222221,82.88888888888889
2017,Surkhet,Kalyan,Surkhet | Kalyan,9,NPK+micros,NPK+micros,3,3,3,3,9507.766666666666,1979.5913349308569,7943.3,11733.3,9.466666666666669,120.0,60.0,40.0,,79.33333333333333,,14371.106666666668,,,,nsaf_maize_trials_2017,npk+micros,2017 core trial,All maize,6,Efficiency and nutrient-management alternatives,N120-P60-K40 + micronutrients,120.0,60.0,40.0,,False,False,True,True,9803.333333333334,120.0,True,96.98503910234614,-295.5666666666675,0.0,False,,7649.900000000001,1857.8666666666659,15.482222222222216,79.23138888888889
2017,Surkhet,Lekhpharsa,Surkhet | Lekhpharsa,1,CK,control,3,3,3,3,6666.666666666667,1185.2874011535484,5313.3,7520.0,6.666666666666667,0.0,0.0,0.0,,0.0,,7592.22,,,,nsaf_maize_trials_2017,ck,2017 core trial,All maize,1,No-input reference,N0-P0-K0,0.0,0.0,0.0,,False,False,False,False,9904.433333333332,120.0,True,67.30992518501817,-3237.7666666666655,-120.0,False,,7815.533333333333,,,
2017,Surkhet,Lekhpharsa,Surkhet | Lekhpharsa,2,N0,omission,3,3,3,3,7815.533333333333,2094.7825575303355,5790.0,9973.3,7.833333333333333,0.0,60.0,40.0,,0.0,,9871.106666666668,,,,nsaf_maize_trials_2017,n0,2017 core trial,All maize,2,N-zero agronomic reference,N0-P60-K40,0.0,60.0,40.0,,True,False,False,False,9904.433333333332,120.0,True,78.90944459215234,-2088.8999999999996,-120.0,False,,7815.533333333333,,,
2017,Surkhet,Lekhpharsa,Surkhet | Lekhpharsa,6,N-120,Nrates,3,3,3,3,9904.433333333332,1440.371467133855,8583.3,11440.0,9.9,120.0,60.0,40.0,,82.66666666666667,,10971.11,,,,nsaf_maize_trials_2017,n-120,2017 core trial,All maize,4,Government-recommended NPK reference,N120-P60-K40,120.0,60.0,40.0,,True,True,True,True,9904.433333333332,120.0,True,100.0,0.0,0.0,False,,7815.533333333333,2088.8999999999996,17.407499999999995,82.53694444444444
2017,Surkhet,Lekhpharsa,Surkhet | Lekhpharsa,5,N-60,Nrates,3,3,3,3,9441.1,2277.004310492187,7093.3,11640.0,9.433333333333332,60.0,60.0,40.0,,157.33333333333334,,12948.883333333331,,,,nsaf_maize_trials_2017,n-60,2017 core trial,All maize,5,N-rate response and adjustment,N60-P60-K40,60.0,60.0,40.0,,True,False,True,True,9904.433333333332,120.0,True,95.32196019964124,-463.3333333333321,-60.0,True,60.0,7815.533333333333,1625.5666666666675,27.09277777777779,157.35166666666666
2017,Surkhet,Lekhpharsa,Surkhet | Lekhpharsa,7,N-180,Nrates,3,3,3,3,11156.666666666666,786.6709752706863,10366.7,11940.0,11.166666666666666,180.0,60.0,40.0,,62.0,,13114.443333333336,,,,nsaf_maize_trials_2017,n-180,2017 core trial,All maize,5,N-rate response and adjustment,N180-P60-K40,180.0,60.0,40.0,,True,False,True,True,9904.433333333332,120.0,True,112.64315979712788,1252.2333333333336,60.0,False,,7815.533333333333,3341.133333333333,18.561851851851852,61.98148148148148
2017,Surkhet,Lekhpharsa,Surkhet | Lekhpharsa,8,N-210,Nrates,3,3,3,3,10474.433333333332,1978.9471577920765,8443.3,12396.7,10.466666666666669,210.0,60.0,40.0,,49.66666666666666,,15589.996666666668,,,,nsaf_maize_trials_2017,n-210,2017 core trial,All maize,5,N-rate response and adjustment,N210-P60-K40,210.0,60.0,40.0,,True,False,True,True,9904.433333333332,120.0,True,105.75499860331905,570.0,90.0,False,,7815.533333333333,2658.8999999999996,12.66142857142857,49.878253968253965
2017,Surkhet,Lekhpharsa,Surkhet | Lekhpharsa,10,K and S,Ntiming,3,3,3,3,11026.633333333331,673.5230755759846,10603.3,11803.3,11.033333333333331,120.0,60.0,40.0,,91.66666666666669,,11472.216666666667,,,,nsaf_maize_trials_2017,k and s,2017 core trial,All maize,6,Efficiency and nutrient-management alternatives,N120-P60-K40 + K/S,120.0,60.0,40.0,,False,False,True,True,9904.433333333332,120.0,True,111.33027970639408,1122.199999999999,0.0,False,,7815.533333333333,3211.0999999999985,26.759166666666655,91.88861111111109
2017,Surkhet,Lekhpharsa,Surkhet | Lekhpharsa,9,NPK+micros,NPK+micros,3,3,3,3,9303.333333333334,1775.8097373686555,7290.0,10646.7,9.3,120.0,60.0,40.0,,77.66666666666667,,11527.773333333333,,,,nsaf_maize_trials_2017,npk+micros,2017 core trial,All maize,6,Efficiency and nutrient-management alternatives,N120-P60-K40 + micronutrients,120.0,60.0,40.0,,False,False,True,True,9904.433333333332,120.0,True,93.93100059569285,-601.0999999999985,0.0,False,,7815.533333333333,1487.800000000001,12.398333333333342,77.52777777777779
2017,Surkhet,Maintada-3,Surkhet | Maintada-3,1,CK,control,2,2,2,2,4391.7,1718.2694782833105,3176.7,5606.7,4.4,0.0,0.0,0.0,,0.0,,5164.995,,,,nsaf_maize_trials_2017,ck,2017 core trial,All maize,1,No-input reference,N0-P0-K0,0.0,0.0,0.0,,False,False,False,False,7838.866666666666,120.0,True,56.02468043849877,-3447.166666666666,-120.0,False,,6782.233333333334,,,
2017,Surkhet,Maintada-3,Surkhet | Maintada-3,2,N0,omission,3,3,3,3,6782.233333333334,2333.588002054633,4710.0,9310.0,6.766666666666667,0.0,60.0,40.0,,0.0,,11134.440000000002,,,,nsaf_maize_trials_2017,n0,2017 core trial,All maize,2,N-zero agronomic reference,N0-P60-K40,0.0,60.0,40.0,,True,False,False,False,7838.866666666666,120.0,True,86.52058545878232,-1056.6333333333323,-120.0,False,,6782.233333333334,,,
2017,Surkhet,Maintada-3,Surkhet | Maintada-3,6,N-120,Nrates,3,3,3,3,7838.866666666666,2983.191405748772,4433.3,9990.0,7.833333333333333,120.0,60.0,40.0,,65.33333333333333,,11682.216666666667,,,,nsaf_maize_trials_2017,n-120,2017 core trial,All maize,4,Government-recommended NPK reference,N120-P60-K40,120.0,60.0,40.0,,True,True,True,True,7838.866666666666,120.0,True,100.0,0.0,0.0,False,,6782.233333333334,1056.6333333333323,8.80527777777777,65.32388888888889
2017,Surkhet,Maintada-3,Surkhet | Maintada-3,5,N-60,Nrates,3,3,3,3,7437.766666666666,3672.0859144814863,3200.0,9680.0,7.433333333333333,60.0,60.0,40.0,,123.66666666666669,,10282.216666666667,,,,nsaf_maize_trials_2017,n-60,2017 core trial,All maize,5,N-rate response and adjustment,N60-P60-K40,60.0,60.0,40.0,,True,False,True,True,7838.866666666666,120.0,True,94.88318889635407,-401.09999999999945,-60.0,True,0.0,6782.233333333334,655.5333333333328,10.925555555555547,123.96277777777777
2017,Surkhet,Maintada-3,Surkhet | Maintada-3,7,N-180,Nrates,3,3,3,3,8094.433333333333,2024.3873056639463,5880.0,9850.0,8.133333333333333,180.0,60.0,40.0,,45.333333333333336,,12836.663333333336,,,,nsaf_maize_trials_2017,n-180,2017 core trial,All maize,5,N-rate response and adjustment,N180-P60-K40,180.0,60.0,40.0,,True,False,True,True,7838.866666666666,120.0,True,103.26025020623732,255.56666666666752,60.0,False,,6782.233333333334,1312.1999999999998,7.289999999999999,44.96907407407407
2017,Surkhet,Maintada-3,Surkhet | Maintada-3,8,N-210,Nrates,3,3,3,3,7997.766666666666,2363.024302315432,5323.3,9803.3,8.0,210.0,60.0,40.0,,38.0,,12922.216666666667,,,,nsaf_maize_trials_2017,n-210,2017 core trial,All maize,5,N-rate response and adjustment,N210-P60-K40,210.0,60.0,40.0,,True,False,True,True,7838.866666666666,120.0,True,102.02707874437631,158.90000000000055,90.0,False,,6782.233333333334,1215.5333333333328,5.788253968253966,38.084603174603174
2017,Surkhet,Maintada-3,Surkhet | Maintada-3,10,K and S,Ntiming,3,3,3,3,7751.099999999999,1730.4576360026847,5800.0,9100.0,7.766666666666667,120.0,60.0,40.0,,64.66666666666667,,12531.106666666668,,,,nsaf_maize_trials_2017,k and s,2017 core trial,All maize,6,Efficiency and nutrient-management alternatives,N120-P60-K40 + K/S,120.0,60.0,40.0,,False,False,True,True,7838.866666666666,120.0,True,98.88036535893795,-87.76666666666642,0.0,False,,6782.233333333334,968.8666666666659,8.073888888888883,64.5925
2017,Surkhet,Maintada-3,Surkhet | Maintada-3,9,NPK+micros,NPK+micros,3,3,3,3,8340.0,1564.8223189870478,6533.3,9266.7,8.333333333333334,120.0,60.0,40.0,,69.33333333333333,,10467.773333333333,,,,nsaf_maize_trials_2017,npk+micros,2017 core trial,All maize,6,Efficiency and nutrient-management alternatives,N120-P60-K40 + micronutrients,120.0,60.0,40.0,,False,False,True,True,7838.866666666666,120.0,True,106.39293095090278,501.1333333333341,0.0,False,,6782.233333333334,1557.7666666666664,12.981388888888887,69.5
2017,Surkhet,Maintada-4,Surkhet | Maintada-4,1,CK,control,3,3,3,3,6144.433333333333,482.2892942346256,5833.3,6700.0,6.133333333333333,0.0,0.0,0.0,,0.0,,16288.883333333331,,,,nsaf_maize_trials_2017,ck,2017 core trial,All maize,1,No-input reference,N0-P0-K0,0.0,0.0,0.0,,False,False,False,False,8033.333333333333,120.0,True,76.48672199170126,-1888.8999999999996,-120.0,False,,6811.133333333334,,,
2017,Surkhet,Maintada-4,Surkhet | Maintada-4,2,N0,omission,3,3,3,3,6811.133333333334,1367.220890468448,5800.0,8366.7,6.833333333333333,0.0,60.0,40.0,,0.0,,18344.44,,,,nsaf_maize_trials_2017,n0,2017 core trial,All maize,2,N-zero agronomic reference,N0-P60-K40,0.0,60.0,40.0,,True,False,False,False,8033.333333333333,120.0,True,84.78589211618258,-1222.199999999999,-120.0,False,,6811.133333333334,,,
2017,Surkhet,Maintada-4,Surkhet | Maintada-4,6,N-120,Nrates,3,3,3,3,8033.333333333333,448.4776731715114,7533.3,8400.0,8.033333333333333,120.0,60.0,40.0,,67.0,,27499.99333333333,,,,nsaf_maize_trials_2017,n-120,2017 core trial,All maize,4,Government-recommended NPK reference,N120-P60-K40,120.0,60.0,40.0,,True,True,True,True,8033.333333333333,120.0,True,100.0,0.0,0.0,False,,6811.133333333334,1222.199999999999,10.184999999999992,66.94444444444444
2017,Surkhet,Maintada-4,Surkhet | Maintada-4,5,N-60,Nrates,2,2,2,2,7933.35,377.1000464067856,7666.7,8200.0,7.949999999999999,60.0,60.0,40.0,,132.5,,27416.665,,,,nsaf_maize_trials_2017,n-60,2017 core trial,All maize,5,N-rate response and adjustment,N60-P60-K40,60.0,60.0,40.0,,True,False,True,True,8033.333333333333,120.0,True,98.75539419087137,-99.98333333333267,-60.0,True,60.0,6811.133333333334,1122.2166666666662,18.703611111111105,132.2225
2017,Surkhet,Maintada-4,Surkhet | Maintada-4,7,N-180,Nrates,3,3,3,3,9155.566666666668,1209.7982696852114,8266.7,10533.3,9.166666666666666,180.0,60.0,40.0,,51.0,,28816.666666666668,,,,nsaf_maize_trials_2017,n-180,2017 core trial,All maize,5,N-rate response and adjustment,N180-P60-K40,180.0,60.0,40.0,,True,False,True,True,8033.333333333333,120.0,True,113.96970954356848,1122.2333333333345,60.0,False,,6811.133333333334,2344.4333333333334,13.02462962962963,50.86425925925926
2017,Surkhet,Maintada-4,Surkhet | Maintada-4,8,N-210,Nrates,3,3,3,3,10044.433333333332,806.481154977185,9133.3,10666.7,10.033333333333331,210.0,60.0,40.0,,47.66666666666666,,29355.550000000003,,,,nsaf_maize_trials_2017,n-210,2017 core trial,All maize,5,N-rate response and adjustment,N210-P60-K40,210.0,60.0,40.0,,True,False,True,True,8033.333333333333,120.0,True,125.0344398340249,2011.0999999999995,90.0,False,,6811.133333333334,3233.2999999999984,15.39666666666666,47.830634920634914
2017,Surkhet,Maintada-4,Surkhet | Maintada-4,10,K and S,Ntiming,3,3,3,3,8711.1,637.9809009680457,8000.0,9233.3,8.700000000000001,120.0,60.0,40.0,,72.66666666666667,,30758.88666666667,,,,nsaf_maize_trials_2017,k and s,2017 core trial,All maize,6,Efficiency and nutrient-management alternatives,N120-P60-K40 + K/S,120.0,60.0,40.0,,False,False,True,True,8033.333333333333,120.0,True,108.43692946058091,677.7666666666673,0.0,False,,6811.133333333334,1899.9666666666662,15.833055555555552,72.5925
2017,Surkhet,Maintada-4,Surkhet | Maintada-4,9,NPK+micros,NPK+micros,3,3,3,3,8077.766666666667,512.4761978212581,7733.3,8666.7,8.066666666666666,120.0,60.0,40.0,,67.0,,25799.99666666667,,,,nsaf_maize_trials_2017,npk+micros,2017 core trial,All maize,6,Efficiency and nutrient-management alternatives,N120-P60-K40 + micronutrients,120.0,60.0,40.0,,False,False,True,True,8033.333333333333,120.0,True,100.55311203319503,44.4333333333343,0.0,False,,6811.133333333334,1266.6333333333332,10.555277777777777,67.31472222222223
2017,Surkhet,Neta,Surkhet | Neta,1,CK,control,2,2,2,2,6241.65,667.0138266932707,5770.0,6713.3,6.25,0.0,0.0,0.0,,0.0,,11751.66,,,,nsaf_maize_trials_2017,ck,2017 core trial,All maize,1,No-input reference,N0-P0-K0,0.0,0.0,0.0,,False,False,False,False,12798.9,120.0,True,48.767081546070365,-6557.25,-120.0,False,,9890.0,,,
2017,Surkhet,Neta,Surkhet | Neta,2,N0,omission,2,2,2,2,9890.0,169.7056274847714,9770.0,10010.0,9.9,0.0,60.0,40.0,,0.0,,22571.665,,,,nsaf_maize_trials_2017,n0,2017 core trial,All maize,2,N-zero agronomic reference,N0-P60-K40,0.0,60.0,40.0,,True,False,False,False,12798.9,120.0,True,77.27226558532374,-2908.8999999999996,-120.0,False,,9890.0,,,
2017,Surkhet,Neta,Surkhet | Neta,6,N-120,Nrates,3,3,3,3,12798.9,639.908298117785,12060.0,13170.0,12.833333333333334,120.0,60.0,40.0,,107.0,,28272.216666666664,,,,nsaf_maize_trials_2017,n-120,2017 core trial,All maize,4,Government-recommended NPK reference,N120-P60-K40,120.0,60.0,40.0,,True,True,True,True,12798.9,120.0,True,100.0,0.0,0.0,False,,9890.0,2908.8999999999996,24.24083333333333,106.6575
2017,Surkhet,Neta,Surkhet | Neta,5,N-60,Nrates,2,2,2,2,11053.35,542.1387691357264,10670.0,11436.7,11.05,60.0,60.0,40.0,,184.5,,27738.33,,,,nsaf_maize_trials_2017,n-60,2017 core trial,All maize,5,N-rate response and adjustment,N60-P60-K40,60.0,60.0,40.0,,True,False,True,True,12798.9,120.0,True,86.36171858519091,-1745.5499999999993,-60.0,True,0.0,9890.0,1163.3500000000004,19.38916666666667,184.2225
2017,Surkhet,Neta,Surkhet | Neta,7,N-180,Nrates,3,3,3,3,13158.9,133.69603584250393,13020.0,13286.7,13.166666666666666,180.0,60.0,40.0,,73.0,,27391.10666666667,,,,nsaf_maize_trials_2017,n-180,2017 core trial,All maize,5,N-rate response and adjustment,N180-P60-K40,180.0,60.0,40.0,,True,False,True,True,12798.9,120.0,True,102.81274171999156,360.0,60.0,False,,9890.0,3268.8999999999996,18.160555555555554,73.105
2017,Surkhet,Neta,Surkhet | Neta,8,N-210,Nrates,3,3,3,3,10812.2,1874.9868346204455,8863.3,12603.3,10.8,210.0,60.0,40.0,,51.333333333333336,,27049.99666666667,,,,nsaf_maize_trials_2017,n-210,2017 core trial,All maize,5,N-rate response and adjustment,N210-P60-K40,210.0,60.0,40.0,,True,False,True,True,12798.9,120.0,True,84.47757229136879,-1986.699999999999,90.0,False,,9890.0,922.2000000000007,4.391428571428575,51.48666666666667
2017,Surkhet,Neta,Surkhet | Neta,10,K and S,Ntiming,3,3,3,3,12475.533333333333,1834.0108950966824,10463.3,14053.3,12.5,120.0,60.0,40.0,,104.0,,29727.77666666667,,,,nsaf_maize_trials_2017,k and s,2017 core trial,All maize,6,Efficiency and nutrient-management alternatives,N120-P60-K40 + K/S,120.0,60.0,40.0,,False,False,True,True,12798.9,120.0,True,97.47348079392239,-323.3666666666668,0.0,False,,9890.0,2585.533333333333,21.546111111111106,103.96277777777777
2017,Surkhet,Neta,Surkhet | Neta,9,NPK+micros,NPK+micros,3,3,3,3,11776.666666666666,1148.931774881926,10450.0,12443.3,11.766666666666666,120.0,60.0,40.0,,98.33333333333331,,27667.77666666667,,,,nsaf_maize_trials_2017,npk+micros,2017 core trial,All maize,6,Efficiency and nutrient-management alternatives,N120-P60-K40 + micronutrients,120.0,60.0,40.0,,False,False,True,True,12798.9,120.0,True,92.01311571046469,-1022.2333333333336,0.0,False,,9890.0,1886.666666666666,15.722222222222218,98.13888888888889
2017,Surkhet,Ramghat,Surkhet | Ramghat,1,CK,control,2,2,2,2,3565.0,1227.9616362085587,2696.7,4433.3,3.5500000000000003,0.0,0.0,0.0,,0.0,,9638.33,,,,nsaf_maize_trials_2017,ck,2017 core trial,All maize,1,No-input reference,N0-P0-K0,0.0,0.0,0.0,,False,False,False,False,12342.1,120.0,True,28.884873724892845,-8777.1,-120.0,False,,7975.0,,,
2017,Surkhet,Ramghat,Surkhet | Ramghat,2,N0,omission,2,2,2,2,7975.0,2331.0482148595725,6326.7,9623.3,7.949999999999999,0.0,60.0,40.0,,0.0,,11335.0,,,,nsaf_maize_trials_2017,n0,2017 core trial,All maize,2,N-zero agronomic reference,N0-P60-K40,0.0,60.0,40.0,,True,False,False,False,12342.1,120.0,True,64.61623224572803,-4367.1,-120.0,False,,7975.0,,,
2017,Surkhet,Ramghat,Surkhet | Ramghat,6,N-120,Nrates,3,3,3,3,12342.1,4628.010407291669,8390.0,17433.3,12.333333333333334,120.0,60.0,40.0,,102.66666666666669,,17768.88666666667,,,,nsaf_maize_trials_2017,n-120,2017 core trial,All maize,4,Government-recommended NPK reference,N120-P60-K40,120.0,60.0,40.0,,True,True,True,True,12342.1,120.0,True,100.0,0.0,0.0,False,,7975.0,4367.1,36.392500000000005,102.85083333333334
2017,Surkhet,Ramghat,Surkhet | Ramghat,5,N-60,Nrates,2,2,2,2,9965.0,1944.5436482630057,8590.0,11340.0,9.95,60.0,60.0,40.0,,166.0,,16889.5,,,,nsaf_maize_trials_2017,n-60,2017 core trial,All maize,5,N-rate response and adjustment,N60-P60-K40,60.0,60.0,40.0,,True,False,True,True,12342.1,120.0,True,80.73990649889403,-2377.1000000000004,-60.0,True,0.0,7975.0,1990.0,33.166666666666664,166.08333333333334
2017,Surkhet,Ramghat,Surkhet | Ramghat,7,N-180,Nrates,2,2,2,2,9865.0,1143.1088224661717,9056.7,10673.3,9.9,180.0,60.0,40.0,,54.5,,18588.33,,,,nsaf_maize_trials_2017,n-180,2017 core trial,All maize,5,N-rate response and adjustment,N180-P60-K40,180.0,60.0,40.0,,True,False,True,True,12342.1,120.0,True,79.92967161180026,-2477.1000000000004,60.0,False,,7975.0,1890.0,10.5,54.80555555555556
2017,Surkhet,Ramghat,Surkhet | Ramghat,8,N-210,Nrates,2,2,2,2,9745.0,1180.8683245815344,8910.0,10580.0,9.75,210.0,60.0,40.0,,46.0,,16506.665,,,,nsaf_maize_trials_2017,n-210,2017 core trial,All maize,5,N-rate response and adjustment,N210-P60-K40,210.0,60.0,40.0,,True,False,True,True,12342.1,120.0,True,78.95738974728773,-2597.1000000000004,90.0,False,,7975.0,1770.0,8.428571428571429,46.404761904761905
2017,Surkhet,Ramghat,Surkhet | Ramghat,10,K and S,Ntiming,2,2,2,2,11140.0,2672.86363288515,9250.0,13030.0,11.15,120.0,60.0,40.0,,93.0,,22190.0,,,,nsaf_maize_trials_2017,k and s,2017 core trial,All maize,6,Efficiency and nutrient-management alternatives,N120-P60-K40 + K/S,120.0,60.0,40.0,,False,False,True,True,12342.1,120.0,True,90.2601664222458,-1202.1000000000004,0.0,False,,7975.0,3165.0,26.375,92.83333333333333
2017,Surkhet,Ramghat,Surkhet | Ramghat,9,NPK+micros,NPK+micros,3,3,3,3,13181.133333333331,5289.519256353391,8906.7,19096.7,13.166666666666666,120.0,60.0,40.0,,109.66666666666669,,19911.106666666667,,,,nsaf_maize_trials_2017,npk+micros,2017 core trial,All maize,6,Efficiency and nutrient-management alternatives,N120-P60-K40 + micronutrients,120.0,60.0,40.0,,False,False,True,True,12342.1,120.0,True,106.79814078101239,839.033333333331,0.0,False,,7975.0,5206.133333333331,43.384444444444426,109.84277777777775
2018,Dang,Dhikpur,Dang | Dhikpur,8,Control (0-0-0),,3,3,3,3,6764.0,455.7762609000166,6282.0,7188.0,6.766666666666667,0.0,0.0,0.0,,0.0,0.0,20944.666666666668,13593.333333333334,7350.333333333333,19.33333333333333,nsaf_maize_trials_2018,control (0-0-0),"2018 N source, timing and FYM trial",All maize,1,No-input reference,N0-P0-K0,0.0,0.0,0.0,,False,False,False,False,8315.0,120.0,True,81.34696331930246,-1551.0,-120.0,False,,7778.666666666667,,,
2018,Dang,Dhikpur,Dang | Dhikpur,7,N omission (0-60-40),,3,3,3,3,7778.666666666667,294.2810448080769,7536.0,8106.0,7.766666666666667,0.0,60.0,40.0,,0.0,0.0,22700.33333333333,13984.666666666666,8694.666666666666,18.33333333333333,nsaf_maize_trials_2018,n omission (0-60-40),"2018 N source, timing and FYM trial",All maize,2,N-zero agronomic reference,N0-P60-K40,0.0,60.0,40.0,,True,False,False,False,8315.0,120.0,True,93.54980958107838,-536.333333333333,-120.0,False,,7778.666666666667,,,
2018,Dang,Dhikpur,Dang | Dhikpur,5,N60 urea split (60-60-40),,3,3,3,3,9670.666666666666,1757.076074998841,7845.0,11350.0,9.666666666666666,60.0,60.0,40.0,6.0,161.33333333333334,48.46666666666667,22161.33333333333,14543.333333333334,6250.0,19.666666666666668,nsaf_maize_trials_2018,n60 urea split (60-60-40),"2018 N source, timing and FYM trial",All maize,3,Farmer practice,FYM 6 t/ha + N60-P60-K40,60.0,60.0,40.0,6.0,False,False,False,False,8315.0,120.0,True,116.30386851072359,1355.666666666666,-60.0,True,60.0,7778.666666666667,,,
2018,Dang,Dhikpur,Dang | Dhikpur,1,NPK urea split (120-60-40),,3,3,3,3,8315.0,580.3610944920413,7780.0,8932.0,8.299999999999999,120.0,60.0,40.0,,69.33333333333333,12.933333333333332,22711.0,14670.666666666666,9002.333333333334,20.33333333333333,nsaf_maize_trials_2018,npk urea split (120-60-40),"2018 N source, timing and FYM trial",All maize,4,Government-recommended NPK reference,N120-P60-K40,120.0,60.0,40.0,,True,True,True,True,8315.0,120.0,True,100.0,0.0,0.0,False,,7778.666666666667,536.333333333333,4.469444444444442,69.29166666666667
2018,Dang,Dhikpur,Dang | Dhikpur,3,N60 PCU basal (60-60-40),,3,3,3,3,8848.333333333334,443.1797979751933,8370.0,9245.0,8.833333333333334,60.0,60.0,40.0,,147.66666666666666,34.733333333333334,22863.33333333333,14138.0,9572.0,18.666666666666668,nsaf_maize_trials_2018,n60 pcu basal (60-60-40),"2018 N source, timing and FYM trial",All maize,6,Efficiency and nutrient-management alternatives,PCU N60-P60-K40,60.0,60.0,40.0,,False,False,True,True,8315.0,120.0,True,106.41411104429746,533.3333333333339,-60.0,True,60.0,7778.666666666667,1069.666666666667,17.827777777777783,147.47222222222223
2018,Dang,Dhikpur,Dang | Dhikpur,4,UDP basal (78-60-40),,3,3,3,3,8610.666666666666,1662.4212262039164,7130.0,10409.0,8.6,78.0,60.0,40.0,,110.0,23.700000000000003,21968.0,14893.333333333334,8855.333333333334,21.33333333333333,nsaf_maize_trials_2018,udp basal (78-60-40),"2018 N source, timing and FYM trial",All maize,6,Efficiency and nutrient-management alternatives,UDP N78-P60-K40,78.0,60.0,40.0,,False,False,True,True,8315.0,120.0,True,103.55582281018239,295.66666666666606,-42.0,True,42.0,7778.666666666667,831.9999999999991,10.666666666666655,110.39316239316238
2018,Dang,Dhikpur,Dang | Dhikpur,2,NPK PCU basal (120-60-40),,3,3,3,3,8222.0,499.7749493522059,7697.0,8692.0,8.233333333333333,120.0,60.0,40.0,,68.33333333333333,12.133333333333333,22937.0,14621.333333333334,8905.333333333334,18.666666666666668,nsaf_maize_trials_2018,npk pcu basal (120-60-40),"2018 N source, timing and FYM trial",All maize,6,Efficiency and nutrient-management alternatives,PCU N120-P60-K40,120.0,60.0,40.0,,False,False,True,True,8315.0,120.0,True,98.88153938665063,-93.0,0.0,False,,7778.666666666667,443.33333333333303,3.694444444444442,68.51666666666667
2018,Dang,Dhikpur,Dang | Dhikpur,9,NPK urea split V6/V10 (120-60-40),,3,3,3,3,8501.0,381.2728681666189,8098.0,8856.0,8.5,120.0,60.0,40.0,,70.66666666666667,14.466666666666669,24100.0,14932.333333333334,9177.666666666666,18.666666666666668,nsaf_maize_trials_2018,npk urea split v6/v10 (120-60-40),"2018 N source, timing and FYM trial",All maize,6,Efficiency and nutrient-management alternatives,N120-P60-K40 at V6/V10,120.0,60.0,40.0,,False,False,True,True,8315.0,120.0,True,102.23692122669874,186.0,0.0,False,,7778.666666666667,722.333333333333,6.019444444444442,70.84166666666667
2018,Dang,Dhuruwa,Dang | Dhuruwa,8,Control (0-0-0),,2,2,2,2,7840.0,657.6093065034892,7375.0,8305.0,7.85,0.0,0.0,0.0,,0.0,0.0,30022.0,16778.5,8400.0,18.0,nsaf_maize_trials_2018,control (0-0-0),"2018 N source, timing and FYM trial",All maize,1,No-input reference,N0-P0-K0,0.0,0.0,0.0,,False,False,False,False,6664.5,120.0,True,117.6382324255383,1175.5,-120.0,False,,9516.0,,,
2018,Dang,Dhuruwa,Dang | Dhuruwa,7,N omission (0-60-40),,2,2,2,2,9516.0,3613.3156518632577,6961.0,12071.0,9.55,0.0,60.0,40.0,,0.0,0.0,27638.5,15255.0,3833.5,21.0,nsaf_maize_trials_2018,n omission (0-60-40),"2018 N source, timing and FYM trial",All maize,2,N-zero agronomic reference,N0-P60-K40,0.0,60.0,40.0,,True,False,False,False,6664.5,120.0,True,142.78640558181408,2851.5,-120.0,False,,9516.0,,,
2018,Dang,Dhuruwa,Dang | Dhuruwa,5,N60 urea split (60-60-40),,2,2,2,2,9238.5,4741.150967855801,5886.0,12591.0,9.25,60.0,60.0,40.0,6.0,154.0,23.300000000000004,24243.0,15370.0,3550.0,23.5,nsaf_maize_trials_2018,n60 urea split (60-60-40),"2018 N source, timing and FYM trial",All maize,3,Farmer practice,FYM 6 t/ha + N60-P60-K40,60.0,60.0,40.0,6.0,False,False,False,False,6664.5,120.0,True,138.6225523295071,2574.0,-60.0,True,60.0,9516.0,,,
2018,Dang,Dhuruwa,Dang | Dhuruwa,1,NPK urea split (120-60-40),,2,2,2,2,6664.5,1125.0068888677972,5869.0,7460.0,6.7,120.0,60.0,40.0,,55.5,-9.8,23588.5,12711.5,7417.0,22.0,nsaf_maize_trials_2018,npk urea split (120-60-40),"2018 N source, timing and FYM trial",All maize,4,Government-recommended NPK reference,N120-P60-K40,120.0,60.0,40.0,,True,True,True,True,6664.5,120.0,True,100.0,0.0,0.0,False,,9516.0,-2851.5,-23.7625,55.5375
2018,Dang,Dhuruwa,Dang | Dhuruwa,3,N60 PCU basal (60-60-40),,2,2,2,2,5910.5,1181.575431362721,5075.0,6746.0,5.9,60.0,60.0,40.0,,98.5,-32.15,25353.5,12793.0,6350.0,18.0,nsaf_maize_trials_2018,n60 pcu basal (60-60-40),"2018 N source, timing and FYM trial",All maize,6,Efficiency and nutrient-management alternatives,PCU N60-P60-K40,60.0,60.0,40.0,,False,False,True,True,6664.5,120.0,True,88.68632305499287,-754.0,-60.0,True,0.0,9516.0,-3605.5,-60.09166666666667,98.50833333333334
2018,Dang,Dhuruwa,Dang | Dhuruwa,4,UDP basal (78-60-40),,2,2,2,2,6936.0,562.8569978244918,6538.0,7334.0,6.9,78.0,60.0,40.0,,89.0,-11.6,27258.0,15181.5,7466.5,18.0,nsaf_maize_trials_2018,udp basal (78-60-40),"2018 N source, timing and FYM trial",All maize,6,Efficiency and nutrient-management alternatives,UDP N78-P60-K40,78.0,60.0,40.0,,False,False,True,True,6664.5,120.0,True,104.07382399279766,271.5,-42.0,True,42.0,9516.0,-2580.0,-33.07692307692308,88.92307692307692
2018,Dang,Dhuruwa,Dang | Dhuruwa,2,NPK PCU basal (120-60-40),,2,2,2,2,6867.5,508.4097756731277,6508.0,7227.0,6.85,120.0,60.0,40.0,,57.0,-8.1,28151.5,15420.0,7433.5,19.0,nsaf_maize_trials_2018,npk pcu basal (120-60-40),"2018 N source, timing and FYM trial",All maize,6,Efficiency and nutrient-management alternatives,PCU N120-P60-K40,120.0,60.0,40.0,,False,False,True,True,6664.5,120.0,True,103.04598994673269,203.0,0.0,False,,9516.0,-2648.5,-22.070833333333333,57.229166666666664
2018,Dang,Dhuruwa,Dang | Dhuruwa,9,NPK urea split V6/V10 (120-60-40),,2,2,2,2,4455.5,195.86857838867363,4317.0,4594.0,4.449999999999999,120.0,60.0,40.0,,37.0,-28.2,26340.0,13348.0,4817.0,19.0,nsaf_maize_trials_2018,npk urea split v6/v10 (120-60-40),"2018 N source, timing and FYM trial",All maize,6,Efficiency and nutrient-management alternatives,N120-P60-K40 at V6/V10,120.0,60.0,40.0,,False,False,True,True,6664.5,120.0,True,66.85422762397779,-2209.0,0.0,False,,9516.0,-5060.5,-42.170833333333334,37.12916666666667
2018,Dang,Hapur,Dang | Hapur,8,Control (0-0-0),,3,3,3,3,5077.0,1112.8238854374038,3810.0,5896.0,5.066666666666666,0.0,0.0,0.0,,0.0,0.0,23111.33333333333,10889.0,5503.333333333333,18.33333333333333,nsaf_maize_trials_2018,control (0-0-0),"2018 N source, timing and FYM trial",All maize,1,No-input reference,N0-P0-K0,0.0,0.0,0.0,,False,False,False,False,5540.666666666667,120.0,True,91.63157261460714,-463.66666666666697,-120.0,False,,5213.0,,,
2018,Dang,Hapur,Dang | Hapur,7,N omission (0-60-40),,3,3,3,3,5213.0,804.522839949246,4412.0,6021.0,5.2,0.0,60.0,40.0,,0.0,0.0,25999.666666666668,11889.0,5606.333333333333,18.33333333333333,nsaf_maize_trials_2018,n omission (0-60-40),"2018 N source, timing and FYM trial",All maize,2,N-zero agronomic reference,N0-P60-K40,0.0,60.0,40.0,,True,False,False,False,5540.666666666667,120.0,True,94.08615088437011,-327.66666666666697,-120.0,False,,5213.0,,,
2018,Dang,Hapur,Dang | Hapur,5,N60 urea split (60-60-40),,3,3,3,3,4633.666666666667,1382.9751745180872,3713.0,6224.0,4.633333333333334,60.0,60.0,40.0,6.0,77.33333333333333,-7.399999999999999,28711.666666666668,13333.666666666666,4939.0,1341.6666666666667,nsaf_maize_trials_2018,n60 urea split (60-60-40),"2018 N source, timing and FYM trial",All maize,3,Farmer practice,FYM 6 t/ha + N60-P60-K40,60.0,60.0,40.0,6.0,False,False,False,False,5540.666666666667,120.0,True,83.6301287450367,-907.0,-60.0,True,0.0,5213.0,,,
2018,Dang,Hapur,Dang | Hapur,1,NPK urea split (120-60-40),,3,3,3,3,5540.666666666667,479.45003215489857,4992.0,5879.0,5.566666666666666,120.0,60.0,40.0,,46.333333333333336,3.9,27222.0,13333.333333333334,5981.333333333333,18.33333333333333,nsaf_maize_trials_2018,npk urea split (120-60-40),"2018 N source, timing and FYM trial",All maize,4,Government-recommended NPK reference,N120-P60-K40,120.0,60.0,40.0,,True,True,True,True,5540.666666666667,120.0,True,100.00000000000001,0.0,0.0,False,,5213.0,327.66666666666697,2.7305555555555583,46.172222222222224
2018,Dang,Hapur,Dang | Hapur,3,N60 PCU basal (60-60-40),,3,3,3,3,5623.333333333333,257.0162121994122,5368.0,5882.0,5.633333333333333,60.0,60.0,40.0,,93.66666666666669,9.133333333333333,26888.666666666668,12666.666666666666,6080.333333333333,18.666666666666668,nsaf_maize_trials_2018,n60 pcu basal (60-60-40),"2018 N source, timing and FYM trial",All maize,6,Efficiency and nutrient-management alternatives,PCU N60-P60-K40,60.0,60.0,40.0,,False,False,True,True,5540.666666666667,120.0,True,101.49199855613041,82.66666666666606,-60.0,True,60.0,5213.0,410.33333333333303,6.838888888888884,93.72222222222221
2018,Dang,Hapur,Dang | Hapur,4,UDP basal (78-60-40),,3,3,3,3,7938.666666666667,1287.2704973444131,6496.0,8970.0,7.966666666666666,78.0,60.0,40.0,,101.66666666666669,36.7,27777.666666666668,12555.333333333334,8535.666666666666,18.0,nsaf_maize_trials_2018,udp basal (78-60-40),"2018 N source, timing and FYM trial",All maize,6,Efficiency and nutrient-management alternatives,UDP N78-P60-K40,78.0,60.0,40.0,,False,False,True,True,5540.666666666667,120.0,True,143.27999037420287,2398.0,-42.0,True,42.0,5213.0,2725.666666666667,34.94444444444445,101.77777777777779
2018,Dang,Hapur,Dang | Hapur,2,NPK PCU basal (120-60-40),,3,3,3,3,5125.666666666667,456.8526385316532,4719.0,5620.0,5.1000000000000005,120.0,60.0,40.0,,42.66666666666666,0.3999999999999997,27444.33333333333,12111.0,5535.333333333333,19.0,nsaf_maize_trials_2018,npk pcu basal (120-60-40),"2018 N source, timing and FYM trial",All maize,6,Efficiency and nutrient-management alternatives,PCU N120-P60-K40,120.0,60.0,40.0,,False,False,True,True,5540.666666666667,120.0,True,92.50992660329683,-415.0,0.0,False,,5213.0,-87.33333333333303,-0.7277777777777753,42.71388888888889
2018,Dang,Hapur,Dang | Hapur,9,NPK urea split V6/V10 (120-60-40),,3,3,3,3,5778.666666666667,22.81081614790089,5765.0,5805.0,5.8,120.0,60.0,40.0,,48.0,5.833333333333333,27389.0,13111.0,6246.333333333333,18.666666666666668,nsaf_maize_trials_2018,npk urea split v6/v10 (120-60-40),"2018 N source, timing and FYM trial",All maize,6,Efficiency and nutrient-management alternatives,N120-P60-K40 at V6/V10,120.0,60.0,40.0,,False,False,True,True,5540.666666666667,120.0,True,104.2955119720852,238.0,0.0,False,,5213.0,565.666666666667,4.713888888888891,48.15555555555556
2018,Dang,Laxmipur,Dang | Laxmipur,8,Control (0-0-0),,3,3,3,3,4576.0,1232.758289365762,3180.0,5515.0,4.566666666666666,0.0,0.0,0.0,,0.0,0.0,21333.666666666668,9162.0,5087.666666666667,21.0,nsaf_maize_trials_2018,control (0-0-0),"2018 N source, timing and FYM trial",All maize,1,No-input reference,N0-P0-K0,0.0,0.0,0.0,,False,False,False,False,7127.666666666667,120.0,True,64.20053313379788,-2551.666666666667,-120.0,False,,6291.0,,,
2018,Dang,Laxmipur,Dang | Laxmipur,7,N omission (0-60-40),,3,3,3,3,6291.0,309.84512260159914,5949.0,6553.0,6.3,0.0,60.0,40.0,,0.0,0.0,22888.666666666668,10722.333333333334,6989.0,21.33333333333333,nsaf_maize_trials_2018,n omission (0-60-40),"2018 N source, timing and FYM trial",All maize,2,N-zero agronomic reference,N0-P60-K40,0.0,60.0,40.0,,True,False,False,False,7127.666666666667,120.0,True,88.26170322218584,-836.666666666667,-120.0,False,,6291.0,,,
2018,Dang,Laxmipur,Dang | Laxmipur,5,N60 urea split (60-60-40),,3,3,3,3,7540.333333333333,623.3276292074124,7109.0,8255.0,7.566666666666666,60.0,60.0,40.0,6.0,125.66666666666669,49.4,27611.0,13111.0,8347.666666666666,21.33333333333333,nsaf_maize_trials_2018,n60 urea split (60-60-40),"2018 N source, timing and FYM trial",All maize,3,Farmer practice,FYM 6 t/ha + N60-P60-K40,60.0,60.0,40.0,6.0,False,False,False,False,7127.666666666667,120.0,True,105.78964598045175,412.66666666666606,-60.0,True,60.0,6291.0,,,
2018,Dang,Laxmipur,Dang | Laxmipur,1,NPK urea split (120-60-40),,3,3,3,3,7127.666666666667,766.4765706356152,6300.0,7813.0,7.133333333333333,120.0,60.0,40.0,,59.66666666666666,21.266666666666666,27544.666666666668,12777.666666666666,7869.666666666667,22.0,nsaf_maize_trials_2018,npk urea split (120-60-40),"2018 N source, timing and FYM trial",All maize,4,Government-recommended NPK reference,N120-P60-K40,120.0,60.0,40.0,,True,True,True,True,7127.666666666667,120.0,True,100.0,0.0,0.0,False,,6291.0,836.666666666667,6.972222222222225,59.397222222222226
2018,Dang,Laxmipur,Dang | Laxmipur,3,N60 PCU basal (60-60-40),,3,3,3,3,8089.0,659.4550780758308,7329.0,8510.0,8.066666666666666,60.0,60.0,40.0,,134.66666666666666,58.56666666666666,29166.666666666668,12313.333333333334,8745.666666666666,19.666666666666668,nsaf_maize_trials_2018,n60 pcu basal (60-60-40),"2018 N source, timing and FYM trial",All maize,6,Efficiency and nutrient-management alternatives,PCU N60-P60-K40,60.0,60.0,40.0,,False,False,True,True,7127.666666666667,120.0,True,113.48734976383108,961.333333333333,-60.0,True,60.0,6291.0,1798.0,29.966666666666665,134.81666666666666
2018,Dang,Laxmipur,Dang | Laxmipur,4,UDP basal (78-60-40),,3,3,3,3,7532.333333333333,325.78571689583526,7270.0,7897.0,7.533333333333334,78.0,60.0,40.0,,96.33333333333331,37.86666666666667,26822.33333333333,12344.333333333334,8300.0,21.33333333333333,nsaf_maize_trials_2018,udp basal (78-60-40),"2018 N source, timing and FYM trial",All maize,6,Efficiency and nutrient-management alternatives,UDP N78-P60-K40,78.0,60.0,40.0,,False,False,True,True,7127.666666666667,120.0,True,105.6774072861619,404.66666666666606,-42.0,True,42.0,6291.0,1241.333333333333,15.914529914529911,96.56837606837607
2018,Dang,Laxmipur,Dang | Laxmipur,2,NPK PCU basal (120-60-40),,3,3,3,3,6860.333333333333,724.5801082926121,6048.0,7440.0,6.833333333333333,120.0,60.0,40.0,,57.0,19.03333333333333,28477.666666666668,12583.666666666666,7455.666666666667,20.0,nsaf_maize_trials_2018,npk pcu basal (120-60-40),"2018 N source, timing and FYM trial",All maize,6,Efficiency and nutrient-management alternatives,PCU N120-P60-K40,120.0,60.0,40.0,,False,False,True,True,7127.666666666667,120.0,True,96.24935696581394,-267.33333333333394,0.0,False,,6291.0,569.333333333333,4.744444444444442,57.169444444444444
2018,Dang,Laxmipur,Dang | Laxmipur,9,NPK urea split V6/V10 (120-60-40),,3,3,3,3,7747.666666666667,566.4630026165286,7370.0,8399.0,7.766666666666667,120.0,60.0,40.0,,64.33333333333333,26.46666666666667,29111.33333333333,13172.0,8488.666666666666,20.0,nsaf_maize_trials_2018,npk urea split v6/v10 (120-60-40),"2018 N source, timing and FYM trial",All maize,6,Efficiency and nutrient-management alternatives,N120-P60-K40 at V6/V10,120.0,60.0,40.0,,False,False,True,True,7127.666666666667,120.0,True,108.69849880746388,620.0,0.0,False,,6291.0,1456.666666666667,12.138888888888891,64.5638888888889
2018,Dang,Panchakaule,Dang | Panchakaule,8,Control (0-0-0),,4,4,4,4,5737.25,1850.2142893910063,3204.0,7643.0,5.725,0.0,0.0,0.0,,0.0,0.0,17592.25,12415.75,6824.25,26.25,nsaf_maize_trials_2018,control (0-0-0),"2018 N source, timing and FYM trial",All maize,1,No-input reference,N0-P0-K0,0.0,0.0,0.0,,False,False,False,False,8113.75,120.0,True,70.71021414265907,-2376.5,-120.0,False,,7408.5,,,
2018,Dang,Panchakaule,Dang | Panchakaule,7,N omission (0-60-40),,4,4,4,4,7408.5,1242.251853154853,5592.0,8308.0,7.4,0.0,60.0,40.0,,0.0,0.0,19907.5,15249.75,8774.75,25.75,nsaf_maize_trials_2018,n omission (0-60-40),"2018 N source, timing and FYM trial",All maize,2,N-zero agronomic reference,N0-P60-K40,0.0,60.0,40.0,,True,False,False,False,8113.75,120.0,True,91.30796487444154,-705.25,-120.0,False,,7408.5,,,
2018,Dang,Panchakaule,Dang | Panchakaule,5,N60 urea split (60-60-40),,4,4,4,4,6593.75,3270.739200343963,1784.0,9039.0,6.6,60.0,60.0,40.0,6.0,110.25,14.275,23391.0,16620.75,9736.0,28.25,nsaf_maize_trials_2018,n60 urea split (60-60-40),"2018 N source, timing and FYM trial",All maize,3,Farmer practice,FYM 6 t/ha + N60-P60-K40,60.0,60.0,40.0,6.0,False,False,False,False,8113.75,120.0,True,81.26636881836389,-1520.0,-60.0,True,0.0,7408.5,,,
2018,Dang,Panchakaule,Dang | Panchakaule,1,NPK urea split (120-60-40),,4,4,4,4,8113.75,523.315312853223,7628.0,8857.0,8.125,120.0,60.0,40.0,,68.0,19.825,72275.0,15537.5,9687.5,26.5,nsaf_maize_trials_2018,npk urea split (120-60-40),"2018 N source, timing and FYM trial",All maize,4,Government-recommended NPK reference,N120-P60-K40,120.0,60.0,40.0,,True,True,True,True,8113.75,120.0,True,100.0,0.0,0.0,False,,7408.5,705.25,5.877083333333333,67.61458333333333
2018,Dang,Panchakaule,Dang | Panchakaule,3,N60 PCU basal (60-60-40),,4,4,4,4,7719.75,789.3125173212445,6544.0,8235.0,7.699999999999999,60.0,60.0,40.0,,128.75,33.05,20316.75,16198.25,9104.0,25.25,nsaf_maize_trials_2018,n60 pcu basal (60-60-40),"2018 N source, timing and FYM trial",All maize,6,Efficiency and nutrient-management alternatives,PCU N60-P60-K40,60.0,60.0,40.0,,False,False,True,True,8113.75,120.0,True,95.14404560160222,-394.0,-60.0,True,60.0,7408.5,311.25,5.1875,128.6625
2018,Dang,Panchakaule,Dang | Panchakaule,4,UDP basal (78-60-40),,4,4,4,4,8002.5,1009.3094999387782,6776.0,9241.0,8.0,78.0,60.0,40.0,,102.5,29.05,22661.5,16043.25,9629.0,27.0,nsaf_maize_trials_2018,udp basal (78-60-40),"2018 N source, timing and FYM trial",All maize,6,Efficiency and nutrient-management alternatives,UDP N78-P60-K40,78.0,60.0,40.0,,False,False,True,True,8113.75,120.0,True,98.62887074410723,-111.25,-42.0,True,42.0,7408.5,594.0,7.615384615384615,102.59615384615384
2018,Dang,Panchakaule,Dang | Panchakaule,2,NPK PCU basal (120-60-40),,4,4,4,4,7871.0,314.9740730070757,7613.0,8274.0,7.875,120.0,60.0,40.0,,65.5,17.8,21013.25,16476.0,9520.75,27.0,nsaf_maize_trials_2018,npk pcu basal (120-60-40),"2018 N source, timing and FYM trial",All maize,6,Efficiency and nutrient-management alternatives,PCU N120-P60-K40,120.0,60.0,40.0,,False,False,True,True,8113.75,120.0,True,97.00816515174857,-242.75,0.0,False,,7408.5,462.5,3.8541666666666665,65.59166666666667
2018,Dang,Panchakaule,Dang | Panchakaule,9,NPK urea split V6/V10 (120-60-40),,4,4,4,4,7868.0,286.2877340485734,7574.0,8143.0,7.875,120.0,60.0,40.0,,65.5,17.75,21974.25,16219.25,9575.0,27.25,nsaf_maize_trials_2018,npk urea split v6/v10 (120-60-40),"2018 N source, timing and FYM trial",All maize,6,Efficiency and nutrient-management alternatives,N120-P60-K40 at V6/V10,120.0,60.0,40.0,,False,False,True,True,8113.75,120.0,True,96.97119087967955,-245.75,0.0,False,,7408.5,459.5,3.8291666666666666,65.56666666666666
2018,Dang,Pawannagar,Dang | Pawannagar,8,Control (0-0-0),,3,3,3,3,5823.666666666667,730.3919039346844,4984.0,6312.0,5.833333333333333,0.0,0.0,0.0,,0.0,0.0,18333.33333333333,9666.666666666666,6533.333333333333,22.0,nsaf_maize_trials_2018,control (0-0-0),"2018 N source, timing and FYM trial",All maize,1,No-input reference,N0-P0-K0,0.0,0.0,0.0,,False,False,False,False,5665.666666666667,120.0,True,102.78872742248633,158.0,-120.0,False,,5853.0,,,
2018,Dang,Pawannagar,Dang | Pawannagar,7,N omission (0-60-40),,3,3,3,3,5853.0,1856.4191337087643,4325.0,7919.0,5.833333333333333,0.0,60.0,40.0,,0.0,0.0,26600.33333333333,12222.333333333334,4883.666666666667,23.33333333333333,nsaf_maize_trials_2018,n omission (0-60-40),"2018 N source, timing and FYM trial",All maize,2,N-zero agronomic reference,N0-P60-K40,0.0,60.0,40.0,,True,False,False,False,5665.666666666667,120.0,True,103.30646584691415,187.33333333333303,-120.0,False,,5853.0,,,
2018,Dang,Pawannagar,Dang | Pawannagar,5,N60 urea split (60-60-40),,3,3,3,3,6755.333333333333,763.8601529948617,5882.0,7299.0,6.766666666666667,60.0,60.0,40.0,6.0,112.66666666666669,15.566666666666668,26733.0,13022.333333333334,7800.0,24.0,nsaf_maize_trials_2018,n60 urea split (60-60-40),"2018 N source, timing and FYM trial",All maize,3,Farmer practice,FYM 6 t/ha + N60-P60-K40,60.0,60.0,40.0,6.0,False,False,False,False,5665.666666666667,120.0,True,119.2328057892569,1089.666666666666,-60.0,True,60.0,5853.0,,,
2018,Dang,Pawannagar,Dang | Pawannagar,1,NPK urea split (120-60-40),,3,3,3,3,5665.666666666667,1488.164081455178,3972.0,6764.0,5.7,120.0,60.0,40.0,,47.0,-1.3333333333333333,25933.33333333333,13444.333333333334,6616.666666666667,23.0,nsaf_maize_trials_2018,npk urea split (120-60-40),"2018 N source, timing and FYM trial",All maize,4,Government-recommended NPK reference,N120-P60-K40,120.0,60.0,40.0,,True,True,True,True,5665.666666666667,120.0,True,100.00000000000001,0.0,0.0,False,,5853.0,-187.33333333333303,-1.5611111111111087,47.21388888888889
2018,Dang,Pawannagar,Dang | Pawannagar,3,N60 PCU basal (60-60-40),,3,3,3,3,7182.666666666667,496.9520432932472,6792.0,7742.0,7.166666666666667,60.0,60.0,40.0,,119.66666666666669,22.633333333333336,27655.33333333333,12333.333333333334,8144.333333333333,22.33333333333333,nsaf_maize_trials_2018,n60 pcu basal (60-60-40),"2018 N source, timing and FYM trial",All maize,6,Efficiency and nutrient-management alternatives,PCU N60-P60-K40,60.0,60.0,40.0,,False,False,True,True,5665.666666666667,120.0,True,126.7753132905807,1517.0,-60.0,True,60.0,5853.0,1329.666666666667,22.161111111111115,119.71111111111112
2018,Dang,Pawannagar,Dang | Pawannagar,4,UDP basal (78-60-40),,3,3,3,3,6251.333333333333,152.18519419882256,6095.0,6399.0,6.266666666666667,78.0,60.0,40.0,,80.0,5.466666666666666,26822.0,13222.0,7225.666666666667,24.0,nsaf_maize_trials_2018,udp basal (78-60-40),"2018 N source, timing and FYM trial",All maize,6,Efficiency and nutrient-management alternatives,UDP N78-P60-K40,78.0,60.0,40.0,,False,False,True,True,5665.666666666667,120.0,True,110.33711831499674,585.6666666666661,-42.0,True,42.0,5853.0,398.33333333333303,5.106837606837603,80.14529914529915
2018,Dang,Pawannagar,Dang | Pawannagar,2,NPK PCU basal (120-60-40),,3,3,3,3,5745.333333333333,2062.768608771554,3373.0,7116.0,5.733333333333333,120.0,60.0,40.0,,47.66666666666666,-0.6666666666666666,28711.0,12666.333333333334,6653.333333333333,23.33333333333333,nsaf_maize_trials_2018,npk pcu basal (120-60-40),"2018 N source, timing and FYM trial",All maize,6,Efficiency and nutrient-management alternatives,PCU N120-P60-K40,120.0,60.0,40.0,,False,False,True,True,5665.666666666667,120.0,True,101.4061304936165,79.66666666666606,0.0,False,,5853.0,-107.66666666666697,-0.8972222222222247,47.87777777777777
2018,Dang,Pawannagar,Dang | Pawannagar,9,NPK urea split V6/V10 (120-60-40),,3,3,3,3,7808.0,1074.4221702850327,6621.0,8714.0,7.8,120.0,60.0,40.0,,65.0,16.533333333333335,27894.33333333333,13555.666666666666,8833.333333333334,22.33333333333333,nsaf_maize_trials_2018,npk urea split v6/v10 (120-60-40),"2018 N source, timing and FYM trial",All maize,6,Efficiency and nutrient-management alternatives,N120-P60-K40 at V6/V10,120.0,60.0,40.0,,False,False,True,True,5665.666666666667,120.0,True,137.81255515679237,2142.333333333333,0.0,False,,5853.0,1955.0,16.291666666666668,65.06666666666666
2018,Dang,Purandhara,Dang | Purandhara,8,Control (0-0-0),,3,3,3,3,6321.0,837.6341683575234,5520.0,7191.0,6.333333333333333,0.0,0.0,0.0,,0.0,0.0,19379.0,11974.666666666666,7111.0,21.666666666666668,nsaf_maize_trials_2018,control (0-0-0),"2018 N source, timing and FYM trial",All maize,1,No-input reference,N0-P0-K0,0.0,0.0,0.0,,False,False,False,False,7281.333333333333,120.0,True,86.81102362204724,-960.333333333333,-120.0,False,,7886.333333333333,,,
2018,Dang,Purandhara,Dang | Purandhara,7,N omission (0-60-40),,3,3,3,3,7886.333333333333,1113.246303983684,6865.0,9073.0,7.899999999999999,0.0,60.0,40.0,,0.0,0.0,21723.0,14747.666666666666,8667.0,20.0,nsaf_maize_trials_2018,n omission (0-60-40),"2018 N source, timing and FYM trial",All maize,2,N-zero agronomic reference,N0-P60-K40,0.0,60.0,40.0,,True,False,False,False,7281.333333333333,120.0,True,108.30891778062626,605.0,-120.0,False,,7886.333333333333,,,
2018,Dang,Purandhara,Dang | Purandhara,5,N60 urea split (60-60-40),,3,3,3,3,7286.0,939.3758566197024,6517.0,8333.0,7.266666666666667,60.0,60.0,40.0,6.0,121.66666666666669,16.066666666666666,22420.0,14526.666666666666,8389.0,23.666666666666668,nsaf_maize_trials_2018,n60 urea split (60-60-40),"2018 N source, timing and FYM trial",All maize,3,Farmer practice,FYM 6 t/ha + N60-P60-K40,60.0,60.0,40.0,6.0,False,False,False,False,7281.333333333333,120.0,True,100.06409082585607,4.66666666666697,-60.0,True,60.0,7886.333333333333,,,
2018,Dang,Purandhara,Dang | Purandhara,1,NPK urea split (120-60-40),,3,3,3,3,7281.333333333333,865.000192678206,6416.0,8146.0,7.266666666666667,120.0,60.0,40.0,,60.66666666666666,8.033333333333333,23505.666666666668,14361.333333333334,8389.0,23.666666666666668,nsaf_maize_trials_2018,npk urea split (120-60-40),"2018 N source, timing and FYM trial",All maize,4,Government-recommended NPK reference,N120-P60-K40,120.0,60.0,40.0,,True,True,True,True,7281.333333333333,120.0,True,100.0,0.0,0.0,False,,7886.333333333333,-605.0,-5.041666666666667,60.67777777777778
2018,Dang,Purandhara,Dang | Purandhara,3,N60 PCU basal (60-60-40),,3,3,3,3,7558.333333333333,1149.4008584185644,6262.0,8453.0,7.6,60.0,60.0,40.0,,126.0,20.633333333333336,24072.33333333333,14910.0,8543.333333333334,22.666666666666668,nsaf_maize_trials_2018,n60 pcu basal (60-60-40),"2018 N source, timing and FYM trial",All maize,6,Efficiency and nutrient-management alternatives,PCU N60-P60-K40,60.0,60.0,40.0,,False,False,True,True,7281.333333333333,120.0,True,103.80424830617102,277.0,-60.0,True,60.0,7886.333333333333,-328.0,-5.466666666666667,125.97222222222221
2018,Dang,Purandhara,Dang | Purandhara,4,UDP basal (78-60-40),,3,3,3,3,6779.333333333333,357.90268696020354,6542.0,7191.0,6.766666666666667,78.0,60.0,40.0,,87.0,5.866666666666667,21500.33333333333,14162.333333333334,7566.666666666667,21.33333333333333,nsaf_maize_trials_2018,udp basal (78-60-40),"2018 N source, timing and FYM trial",All maize,6,Efficiency and nutrient-management alternatives,UDP N78-P60-K40,78.0,60.0,40.0,,False,False,True,True,7281.333333333333,120.0,True,93.10565830433985,-502.0,-42.0,True,0.0,7886.333333333333,-1107.0,-14.192307692307692,86.91452991452991
2018,Dang,Purandhara,Dang | Purandhara,2,NPK PCU basal (120-60-40),,3,3,3,3,7658.333333333333,400.4713889072894,7367.0,8115.0,7.666666666666667,120.0,60.0,40.0,,63.66666666666666,11.133333333333333,20687.666666666668,13981.0,8466.666666666666,20.666666666666668,nsaf_maize_trials_2018,npk pcu basal (120-60-40),"2018 N source, timing and FYM trial",All maize,6,Efficiency and nutrient-management alternatives,PCU N120-P60-K40,120.0,60.0,40.0,,False,False,True,True,7281.333333333333,120.0,True,105.17762314594395,377.0,0.0,False,,7886.333333333333,-228.0,-1.9,63.81944444444444
2018,Dang,Purandhara,Dang | Purandhara,9,NPK urea split V6/V10 (120-60-40),,3,3,3,3,8128.666666666667,1243.3464253108757,6694.0,8893.0,8.133333333333333,120.0,60.0,40.0,,67.66666666666667,15.066666666666668,22883.33333333333,14745.666666666666,9011.0,21.0,nsaf_maize_trials_2018,npk urea split v6/v10 (120-60-40),"2018 N source, timing and FYM trial",All maize,6,Efficiency and nutrient-management alternatives,N120-P60-K40 at V6/V10,120.0,60.0,40.0,,False,False,True,True,7281.333333333333,120.0,True,111.63706280900935,847.3333333333339,0.0,False,,7886.333333333333,242.33333333333394,2.0194444444444497,67.7388888888889
2018,Dang,Shantinagar,Dang | Shantinagar,8,Control (0-0-0),,3,3,3,3,5865.0,279.1200458584084,5553.0,6091.0,5.9,0.0,0.0,0.0,,0.0,0.0,21754.0,10933.333333333334,6807.0,24.33333333333333,nsaf_maize_trials_2018,control (0-0-0),"2018 N source, timing and FYM trial",All maize,1,No-input reference,N0-P0-K0,0.0,0.0,0.0,,False,False,False,False,7288.333333333333,120.0,True,80.47107249028127,-1423.333333333333,-120.0,False,,6429.0,,,
2018,Dang,Shantinagar,Dang | Shantinagar,7,N omission (0-60-40),,3,3,3,3,6429.0,795.0867877156556,5732.0,7295.0,6.433333333333334,0.0,60.0,40.0,,0.0,0.0,23155.666666666668,11000.0,7609.0,25.666666666666668,nsaf_maize_trials_2018,n omission (0-60-40),"2018 N source, timing and FYM trial",All maize,2,N-zero agronomic reference,N0-P60-K40,0.0,60.0,40.0,,True,False,False,False,7288.333333333333,120.0,True,88.20946718499886,-859.333333333333,-120.0,False,,6429.0,,,
2018,Dang,Shantinagar,Dang | Shantinagar,5,N60 urea split (60-60-40),,3,3,3,3,6676.0,701.6972281547078,5881.0,7209.0,6.666666666666667,60.0,60.0,40.0,6.0,111.33333333333331,13.533333333333331,24333.666666666668,12146.666666666666,8004.666666666667,27.0,nsaf_maize_trials_2018,n60 urea split (60-60-40),"2018 N source, timing and FYM trial",All maize,3,Farmer practice,FYM 6 t/ha + N60-P60-K40,60.0,60.0,40.0,6.0,False,False,False,False,7288.333333333333,120.0,True,91.59844500343014,-612.333333333333,-60.0,True,0.0,6429.0,,,
2018,Dang,Shantinagar,Dang | Shantinagar,1,NPK urea split (120-60-40),,3,3,3,3,7288.333333333333,828.2718957765823,6334.0,7820.0,7.266666666666667,120.0,60.0,40.0,,60.66666666666666,11.866666666666667,25178.0,12822.0,8618.0,26.0,nsaf_maize_trials_2018,npk urea split (120-60-40),"2018 N source, timing and FYM trial",All maize,4,Government-recommended NPK reference,N120-P60-K40,120.0,60.0,40.0,,True,True,True,True,7288.333333333333,120.0,True,100.0,0.0,0.0,False,,6429.0,859.333333333333,7.161111111111109,60.73611111111111
2018,Dang,Shantinagar,Dang | Shantinagar,3,N60 PCU basal (60-60-40),,3,3,3,3,5332.0,4142.460500716935,549.0,7770.0,5.333333333333333,60.0,60.0,40.0,,89.0,-8.866666666666669,22311.33333333333,12225.666666666666,8340.0,26.666666666666668,nsaf_maize_trials_2018,n60 pcu basal (60-60-40),"2018 N source, timing and FYM trial",All maize,6,Efficiency and nutrient-management alternatives,PCU N60-P60-K40,60.0,60.0,40.0,,False,False,True,True,7288.333333333333,120.0,True,73.15801509261377,-1956.333333333333,-60.0,True,0.0,6429.0,-1097.0,-18.283333333333335,88.86666666666666
2018,Dang,Shantinagar,Dang | Shantinagar,4,UDP basal (78-60-40),,3,3,3,3,7440.666666666667,959.5448573846526,6373.0,8231.0,7.433333333333334,78.0,60.0,40.0,,95.66666666666669,20.2,23755.666666666668,9272.333333333334,8817.666666666666,26.0,nsaf_maize_trials_2018,udp basal (78-60-40),"2018 N source, timing and FYM trial",All maize,6,Efficiency and nutrient-management alternatives,UDP N78-P60-K40,78.0,60.0,40.0,,False,False,True,True,7288.333333333333,120.0,True,102.09009833066546,152.33333333333394,-42.0,True,42.0,6429.0,1011.666666666667,12.970085470085474,95.3931623931624
2018,Dang,Shantinagar,Dang | Shantinagar,2,NPK PCU basal (120-60-40),,3,3,3,3,6949.333333333333,973.0387111175656,6186.0,8045.0,6.933333333333334,120.0,60.0,40.0,,58.0,9.066666666666668,24813.33333333333,11911.0,8193.333333333334,25.33333333333333,nsaf_maize_trials_2018,npk pcu basal (120-60-40),"2018 N source, timing and FYM trial",All maize,6,Efficiency and nutrient-management alternatives,PCU N120-P60-K40,120.0,60.0,40.0,,False,False,True,True,7288.333333333333,120.0,True,95.34873084838783,-339.0,0.0,False,,6429.0,520.333333333333,4.336111111111109,57.91111111111111
2018,Dang,Shantinagar,Dang | Shantinagar,9,NPK urea split V6/V10 (120-60-40),,3,3,3,3,7389.666666666667,958.179697829866,6453.0,8368.0,7.399999999999999,120.0,60.0,40.0,,61.66666666666666,12.7,25511.0,13628.666666666666,9012.0,28.0,nsaf_maize_trials_2018,npk urea split v6/v10 (120-60-40),"2018 N source, timing and FYM trial",All maize,6,Efficiency and nutrient-management alternatives,N120-P60-K40 at V6/V10,120.0,60.0,40.0,,False,False,True,True,7288.333333333333,120.0,True,101.39034987422824,101.33333333333394,0.0,False,,6429.0,960.666666666667,8.005555555555558,61.580555555555556
2018,Doti,Chattiwan,Doti | Chattiwan,8,Control (0-0-0),,3,3,3,3,5692.666666666667,1772.7338585736252,4434.0,7720.0,5.666666666666667,0.0,0.0,0.0,,0.0,0.0,23944.0,15122.0,6188.666666666667,21.0,nsaf_maize_trials_2018,control (0-0-0),"2018 N source, timing and FYM trial",All maize,1,No-input reference,N0-P0-K0,0.0,0.0,0.0,,False,False,False,False,6628.333333333333,120.0,True,85.88383203419664,-935.6666666666661,-120.0,False,,5561.333333333333,,,
2018,Doti,Chattiwan,Doti | Chattiwan,7,N omission (0-60-40),,3,3,3,3,5561.333333333333,609.7592421057128,5052.0,6237.0,5.566666666666666,0.0,60.0,40.0,,0.0,0.0,20455.0,14856.0,6088.666666666667,21.33333333333333,nsaf_maize_trials_2018,n omission (0-60-40),"2018 N source, timing and FYM trial",All maize,2,N-zero agronomic reference,N0-P60-K40,0.0,60.0,40.0,,True,False,False,False,6628.333333333333,120.0,True,83.90243902439023,-1067.0,-120.0,False,,5561.333333333333,,,
2018,Doti,Chattiwan,Doti | Chattiwan,5,N60 urea split (60-60-40),,3,3,3,3,6888.666666666667,889.8451176094262,6267.0,7908.0,6.9,60.0,60.0,40.0,6.0,114.66666666666669,19.93333333,24688.666666666668,18399.666666666668,7633.0,22.33333333333333,nsaf_maize_trials_2018,n60 urea split (60-60-40),"2018 N source, timing and FYM trial",All maize,3,Farmer practice,FYM 6 t/ha + N60-P60-K40,60.0,60.0,40.0,6.0,False,False,False,False,6628.333333333333,120.0,True,103.92758360573298,260.33333333333394,-60.0,True,60.0,5561.333333333333,,,
2018,Doti,Chattiwan,Doti | Chattiwan,1,NPK urea split (120-60-40),,3,3,3,3,6628.333333333333,696.9256297004246,6177.0,7431.0,6.633333333333333,120.0,60.0,40.0,,55.0,7.797222223333333,25466.0,18355.33333333333,7344.333333333333,22.33333333333333,nsaf_maize_trials_2018,npk urea split (120-60-40),"2018 N source, timing and FYM trial",All maize,4,Government-recommended NPK reference,N120-P60-K40,120.0,60.0,40.0,,True,True,True,True,6628.333333333333,120.0,True,99.99999999999999,0.0,0.0,False,,5561.333333333333,1067.0,8.891666666666667,55.23611111111111
2018,Doti,Chattiwan,Doti | Chattiwan,3,N60 PCU basal (60-60-40),,3,3,3,3,6526.0,509.7028546123712,6137.0,7103.0,6.5,60.0,60.0,40.0,,108.66666666666669,13.88888889,22310.666666666668,15499.666666666666,7133.0,21.33333333333333,nsaf_maize_trials_2018,n60 pcu basal (60-60-40),"2018 N source, timing and FYM trial",All maize,6,Efficiency and nutrient-management alternatives,PCU N60-P60-K40,60.0,60.0,40.0,,False,False,True,True,6628.333333333333,120.0,True,98.45612270555695,-102.33333333333303,-60.0,True,60.0,5561.333333333333,964.666666666667,16.077777777777783,108.76666666666667
2018,Doti,Chattiwan,Doti | Chattiwan,4,UDP basal (78-60-40),,3,3,3,3,6635.0,814.6649618094546,5700.0,7192.0,6.633333333333333,78.0,60.0,40.0,,85.0,12.081196582,28533.33333333333,20566.666666666668,7377.333333333333,22.666666666666668,nsaf_maize_trials_2018,udp basal (78-60-40),"2018 N source, timing and FYM trial",All maize,6,Efficiency and nutrient-management alternatives,UDP N78-P60-K40,78.0,60.0,40.0,,False,False,True,True,6628.333333333333,120.0,True,100.10057832537089,6.66666666666697,-42.0,True,42.0,5561.333333333333,1073.666666666667,13.76495726495727,85.06410256410257
2018,Doti,Chattiwan,Doti | Chattiwan,2,NPK PCU basal (120-60-40),,3,3,3,3,6374.0,1684.1386522492735,4775.0,8132.0,6.366666666666667,120.0,60.0,40.0,,53.333333333333336,5.677777776666666,26477.666666666668,17210.666666666668,6955.0,21.0,nsaf_maize_trials_2018,npk pcu basal (120-60-40),"2018 N source, timing and FYM trial",All maize,6,Efficiency and nutrient-management alternatives,PCU N120-P60-K40,120.0,60.0,40.0,,False,False,True,True,6628.333333333333,120.0,True,96.16293688710084,-254.33333333333303,0.0,False,,5561.333333333333,812.666666666667,6.772222222222225,53.11666666666667
2018,Doti,Chattiwan,Doti | Chattiwan,9,NPK urea split V6/V10 (120-60-40),,3,3,3,3,7519.666666666667,442.4729746926172,7013.0,7830.0,7.5,120.0,60.0,40.0,,62.333333333333336,15.225000002333331,30555.33333333333,21010.666666666668,8255.333333333334,21.666666666666668,nsaf_maize_trials_2018,npk urea split v6/v10 (120-60-40),"2018 N source, timing and FYM trial",All maize,6,Efficiency and nutrient-management alternatives,N120-P60-K40 at V6/V10,120.0,60.0,40.0,,False,False,True,True,6628.333333333333,120.0,True,113.44732210208701,891.3333333333339,0.0,False,,5561.333333333333,1958.333333333334,16.31944444444445,62.66388888888889
2018,Doti,Ghantesori,Doti | Ghantesori,8,Control (0-0-0),,3,3,3,3,6147.333333333333,1362.393604408555,5327.0,7720.0,6.133333333333333,0.0,0.0,0.0,,0.0,0.0,35855.333333333336,24822.0,6633.333333333333,20.33333333333333,nsaf_maize_trials_2018,control (0-0-0),"2018 N source, timing and FYM trial",All maize,1,No-input reference,N0-P0-K0,0.0,0.0,0.0,,False,False,False,False,8323.666666666666,120.0,True,73.85367025749869,-2176.333333333333,-120.0,False,,7978.666666666667,,,
2018,Doti,Ghantesori,Doti | Ghantesori,7,N omission (0-60-40),,3,3,3,3,7978.666666666667,714.4118793338567,7286.0,8713.0,7.966666666666666,0.0,60.0,40.0,,0.0,0.0,43477.333333333336,25010.666666666668,8577.333333333334,20.0,nsaf_maize_trials_2018,n omission (0-60-40),"2018 N source, timing and FYM trial",All maize,2,N-zero agronomic reference,N0-P60-K40,0.0,60.0,40.0,,True,False,False,False,8323.666666666666,120.0,True,95.85519202274641,-344.9999999999991,-120.0,False,,7978.666666666667,,,
2018,Doti,Ghantesori,Doti | Ghantesori,5,N60 urea split (60-60-40),,3,3,3,3,8789.0,241.42907861316127,8513.0,8961.0,8.799999999999999,60.0,60.0,40.0,6.0,146.33333333333334,44.027777776666674,45622.0,27277.33333333333,9733.0,22.33333333333333,nsaf_maize_trials_2018,n60 urea split (60-60-40),"2018 N source, timing and FYM trial",All maize,3,Farmer practice,FYM 6 t/ha + N60-P60-K40,60.0,60.0,40.0,6.0,False,False,False,False,8323.666666666666,120.0,True,105.59048496255657,465.33333333333394,-60.0,True,60.0,7978.666666666667,,,
2018,Doti,Ghantesori,Doti | Ghantesori,1,NPK urea split (120-60-40),,3,3,3,3,8323.666666666666,528.3723434599254,7739.0,8767.0,8.333333333333334,120.0,60.0,40.0,,69.33333333333333,18.136111111,48966.66666666666,27510.666666666668,9177.333333333334,22.0,nsaf_maize_trials_2018,npk urea split (120-60-40),"2018 N source, timing and FYM trial",All maize,4,Government-recommended NPK reference,N120-P60-K40,120.0,60.0,40.0,,True,True,True,True,8323.666666666666,120.0,True,100.0,0.0,0.0,False,,7978.666666666667,344.9999999999991,2.8749999999999925,69.36388888888888
2018,Doti,Ghantesori,Doti | Ghantesori,3,N60 PCU basal (60-60-40),,3,3,3,3,7037.0,1755.8539233091117,5395.0,8888.0,7.033333333333334,60.0,60.0,40.0,,117.33333333333331,14.827777777666666,46577.333333333336,24899.666666666668,7677.666666666667,21.0,nsaf_maize_trials_2018,n60 pcu basal (60-60-40),"2018 N source, timing and FYM trial",All maize,6,Efficiency and nutrient-management alternatives,PCU N60-P60-K40,60.0,60.0,40.0,,False,False,True,True,8323.666666666666,120.0,True,84.54206879980778,-1286.666666666666,-60.0,True,0.0,7978.666666666667,-941.666666666667,-15.69444444444445,117.28333333333333
2018,Doti,Ghantesori,Doti | Ghantesori,4,UDP basal (78-60-40),,3,3,3,3,8382.0,546.5116650173169,7937.0,8992.0,8.366666666666667,78.0,60.0,40.0,,107.33333333333331,28.64957265,53599.66666666666,28233.0,9010.666666666666,20.0,nsaf_maize_trials_2018,udp basal (78-60-40),"2018 N source, timing and FYM trial",All maize,6,Efficiency and nutrient-management alternatives,UDP N78-P60-K40,78.0,60.0,40.0,,False,False,True,True,8323.666666666666,120.0,True,100.7008129430139,58.33333333333394,-42.0,True,42.0,7978.666666666667,403.33333333333303,5.170940170940167,107.46153846153847
2018,Doti,Ghantesori,Doti | Ghantesori,2,NPK PCU basal (120-60-40),,3,3,3,3,7386.666666666667,1396.2486645770994,5848.0,8573.0,7.366666666666667,120.0,60.0,40.0,,61.333333333333336,10.327777776666666,46221.66666666666,25855.33333333333,8077.333333333333,21.33333333333333,nsaf_maize_trials_2018,npk pcu basal (120-60-40),"2018 N source, timing and FYM trial",All maize,6,Efficiency and nutrient-management alternatives,PCU N120-P60-K40,120.0,60.0,40.0,,False,False,True,True,8323.666666666666,120.0,True,88.74294181250252,-936.9999999999991,0.0,False,,7978.666666666667,-592.0,-4.933333333333334,61.55555555555556
2018,Doti,Ghantesori,Doti | Ghantesori,9,NPK urea split V6/V10 (120-60-40),,3,3,3,3,8714.0,208.45383181894255,8495.0,8910.0,8.700000000000001,120.0,60.0,40.0,,72.66666666666667,21.388888891000004,53833.333333333336,28221.666666666668,9566.333333333334,21.666666666666668,nsaf_maize_trials_2018,npk urea split v6/v10 (120-60-40),"2018 N source, timing and FYM trial",All maize,6,Efficiency and nutrient-management alternatives,N120-P60-K40 at V6/V10,120.0,60.0,40.0,,False,False,True,True,8323.666666666666,120.0,True,104.68943975011014,390.33333333333394,0.0,False,,7978.666666666667,735.333333333333,6.1277777777777755,72.61666666666666
2018,Kavre,Anekot,Kavre | Anekot,8,Control (0-0-0),,3,3,3,3,4339.666666666667,712.854356326265,3517.0,4775.0,4.333333333333333,0.0,0.0,0.0,,0.0,0.0,14296.666666666666,11410.0,4487.666666666667,16.333333333333332,nsaf_maize_trials_2018,control (0-0-0),"2018 N source, timing and FYM trial",All maize,1,No-input reference,N0-P0-K0,0.0,0.0,0.0,,False,False,False,False,6632.333333333333,120.0,True,65.43197466954818,-2292.666666666666,-120.0,False,,4996.333333333333,,,
2018,Kavre,Anekot,Kavre | Anekot,7,N omission (0-60-40),,3,3,3,3,4996.333333333333,2464.763747975317,2276.0,7081.0,5.0,0.0,60.0,40.0,,0.0,0.0,16292.0,22169.666666666668,5104.666666666667,15.333333333333334,nsaf_maize_trials_2018,n omission (0-60-40),"2018 N source, timing and FYM trial",All maize,2,N-zero agronomic reference,N0-P60-K40,0.0,60.0,40.0,,True,False,False,False,6632.333333333333,120.0,True,75.33296476855807,-1636.0,-120.0,False,,4996.333333333333,,,
2018,Kavre,Anekot,Kavre | Anekot,5,N60 urea split (60-60-40),,3,3,3,3,5898.333333333333,1108.063325506865,5175.0,7174.0,5.9,60.0,60.0,40.0,6.0,98.33333333333331,25.977777775666667,18537.666666666668,13868.333333333334,5990.666666666667,15.333333333333334,nsaf_maize_trials_2018,n60 urea split (60-60-40),"2018 N source, timing and FYM trial",All maize,3,Farmer practice,FYM 6 t/ha + N60-P60-K40,60.0,60.0,40.0,6.0,False,False,False,False,6632.333333333333,120.0,True,88.93300497562446,-734.0,-60.0,True,0.0,4996.333333333333,,,
2018,Kavre,Anekot,Kavre | Anekot,1,NPK urea split (120-60-40),,3,3,3,3,6632.333333333333,1933.309425139528,4787.0,8643.0,6.633333333333333,120.0,60.0,40.0,,55.333333333333336,19.1,20547.33333333333,16637.666666666668,6831.666666666667,16.666666666666668,nsaf_maize_trials_2018,npk urea split (120-60-40),"2018 N source, timing and FYM trial",All maize,4,Government-recommended NPK reference,N120-P60-K40,120.0,60.0,40.0,,True,True,True,True,6632.333333333333,120.0,True,99.99999999999999,0.0,0.0,False,,4996.333333333333,1636.0,13.633333333333333,55.26944444444444
2018,Kavre,Anekot,Kavre | Anekot,3,N60 PCU basal (60-60-40),,3,3,3,3,5540.666666666667,906.8386479045396,4723.0,6516.0,5.533333333333334,60.0,60.0,40.0,,92.66666666666669,20.016666667666662,20937.666666666668,13432.333333333334,5701.333333333333,16.666666666666668,nsaf_maize_trials_2018,n60 pcu basal (60-60-40),"2018 N source, timing and FYM trial",All maize,6,Efficiency and nutrient-management alternatives,PCU N60-P60-K40,60.0,60.0,40.0,,False,False,True,True,6632.333333333333,120.0,True,83.54023219580843,-1091.666666666666,-60.0,True,0.0,4996.333333333333,544.3333333333339,9.072222222222232,92.34444444444445
2018,Kavre,Anekot,Kavre | Anekot,4,UDP basal (78-60-40),,3,3,3,3,6126.333333333333,1818.751311568828,5039.0,8226.0,6.099999999999999,78.0,60.0,40.0,,78.66666666666667,22.905982904,19447.666666666668,13620.0,6218.333333333333,15.333333333333334,nsaf_maize_trials_2018,udp basal (78-60-40),"2018 N source, timing and FYM trial",All maize,6,Efficiency and nutrient-management alternatives,UDP N78-P60-K40,78.0,60.0,40.0,,False,False,True,True,6632.333333333333,120.0,True,92.37070915213349,-506.0,-42.0,True,0.0,4996.333333333333,1130.0,14.487179487179487,78.54273504273503
2018,Kavre,Anekot,Kavre | Anekot,2,NPK PCU basal (120-60-40),,3,3,3,3,6286.0,1625.4196381242598,4938.0,8091.0,6.266666666666667,120.0,60.0,40.0,,52.333333333333336,16.219444444333334,23216.0,14863.333333333334,6412.333333333333,15.666666666666666,nsaf_maize_trials_2018,npk pcu basal (120-60-40),"2018 N source, timing and FYM trial",All maize,6,Efficiency and nutrient-management alternatives,PCU N120-P60-K40,120.0,60.0,40.0,,False,False,True,True,6632.333333333333,120.0,True,94.7781072523496,-346.33333333333303,0.0,False,,4996.333333333333,1289.666666666667,10.747222222222225,52.38333333333333
2018,Kavre,Anekot,Kavre | Anekot,9,NPK urea split V6/V10 (120-60-40),,3,3,3,3,6575.0,1417.6328861873938,5434.0,8162.0,6.566666666666666,120.0,60.0,40.0,,54.66666666666666,18.627777776666665,22168.33333333333,15119.0,6638.666666666667,15.0,nsaf_maize_trials_2018,npk urea split v6/v10 (120-60-40),"2018 N source, timing and FYM trial",All maize,6,Efficiency and nutrient-management alternatives,N120-P60-K40 at V6/V10,120.0,60.0,40.0,,False,False,True,True,6632.333333333333,120.0,True,99.13554807257376,-57.33333333333303,0.0,False,,4996.333333333333,1578.666666666667,13.155555555555559,54.791666666666664
2018,Kavre,Bhakundebesi,Kavre | Bhakundebesi,8,Control (0-0-0),,3,2,2,3,6610.0,163.3278910657944,6460.0,6784.0,6.633333333333333,0.0,0.0,0.0,,0.0,0.0,14274.666666666666,13933.333333333334,6850.0,17.0,nsaf_maize_trials_2018,control (0-0-0),"2018 N source, timing and FYM trial",All maize,1,No-input reference,N0-P0-K0,0.0,0.0,0.0,,False,False,False,False,8127.666666666667,120.0,True,81.32715416478693,-1517.666666666667,-120.0,False,,7976.333333333333,,,
2018,Kavre,Bhakundebesi,Kavre | Bhakundebesi,7,N omission (0-60-40),,3,2,2,3,7976.333333333333,552.00754825757,7390.0,8486.0,8.0,0.0,60.0,40.0,,0.0,0.0,18562.666666666668,15703.333333333334,8466.666666666666,19.0,nsaf_maize_trials_2018,n omission (0-60-40),"2018 N source, timing and FYM trial",All maize,2,N-zero agronomic reference,N0-P60-K40,0.0,60.0,40.0,,True,False,False,False,8127.666666666667,120.0,True,98.13804699995897,-151.33333333333394,-120.0,False,,7976.333333333333,,,
2018,Kavre,Bhakundebesi,Kavre | Bhakundebesi,5,N60 urea split (60-60-40),,3,2,2,3,7953.0,880.2948369722499,6956.0,8623.0,7.966666666666666,60.0,60.0,40.0,6.0,132.66666666666666,22.383333332333336,16722.666666666668,14133.333333333334,8350.0,18.33333333333333,nsaf_maize_trials_2018,n60 urea split (60-60-40),"2018 N source, timing and FYM trial",All maize,3,Farmer practice,FYM 6 t/ha + N60-P60-K40,60.0,60.0,40.0,6.0,False,False,False,False,8127.666666666667,120.0,True,97.85096173563548,-174.66666666666697,-60.0,True,60.0,7976.333333333333,,,
2018,Kavre,Bhakundebesi,Kavre | Bhakundebesi,1,NPK urea split (120-60-40),,3,2,2,3,8127.666666666667,1184.0693954888511,6768.0,8932.0,8.133333333333333,120.0,60.0,40.0,,67.33333333333333,12.633333333333333,16048.0,15680.0,8466.666666666666,17.0,nsaf_maize_trials_2018,npk urea split (120-60-40),"2018 N source, timing and FYM trial",All maize,4,Government-recommended NPK reference,N120-P60-K40,120.0,60.0,40.0,,True,True,True,True,8127.666666666667,120.0,True,100.0,0.0,0.0,False,,7976.333333333333,151.33333333333394,1.2611111111111162,67.73055555555555
2018,Kavre,Bhakundebesi,Kavre | Bhakundebesi,3,N60 PCU basal (60-60-40),,3,2,2,3,7321.666666666667,1140.9072413361805,6651.0,8639.0,7.333333333333333,60.0,60.0,40.0,,122.0,11.861111112,21256.0,15976.666666666666,7500.0,16.333333333333332,nsaf_maize_trials_2018,n60 pcu basal (60-60-40),"2018 N source, timing and FYM trial",All maize,6,Efficiency and nutrient-management alternatives,PCU N60-P60-K40,60.0,60.0,40.0,,False,False,True,True,8127.666666666667,120.0,True,90.08325472665382,-806.0,-60.0,True,0.0,7976.333333333333,-654.6666666666661,-10.9111111111111,122.02777777777779
2018,Kavre,Bhakundebesi,Kavre | Bhakundebesi,4,UDP basal (78-60-40),,3,2,2,3,7522.0,1798.17602030502,6318.0,9589.0,7.533333333333334,78.0,60.0,40.0,,96.33333333333331,11.692307692,21898.666666666668,12833.333333333334,7866.666666666667,18.33333333333333,nsaf_maize_trials_2018,udp basal (78-60-40),"2018 N source, timing and FYM trial",All maize,6,Efficiency and nutrient-management alternatives,UDP N78-P60-K40,78.0,60.0,40.0,,False,False,True,True,8127.666666666667,120.0,True,92.54808678177419,-605.666666666667,-42.0,True,0.0,7976.333333333333,-454.33333333333303,-5.824786324786321,96.43589743589743
2018,Kavre,Bhakundebesi,Kavre | Bhakundebesi,2,NPK PCU basal (120-60-40),,3,2,2,3,7754.0,1246.3322189528762,6914.0,9186.0,7.766666666666667,120.0,60.0,40.0,,65.0,9.550000001,23173.33333333333,14956.666666666666,8016.666666666667,17.0,nsaf_maize_trials_2018,npk pcu basal (120-60-40),"2018 N source, timing and FYM trial",All maize,6,Efficiency and nutrient-management alternatives,PCU N120-P60-K40,120.0,60.0,40.0,,False,False,True,True,8127.666666666667,120.0,True,95.40253455276216,-373.66666666666697,0.0,False,,7976.333333333333,-222.33333333333303,-1.8527777777777752,64.61666666666666
2018,Kavre,Bhakundebesi,Kavre | Bhakundebesi,9,NPK urea split V6/V10 (120-60-40),,3,2,2,3,8342.333333333334,1174.4515031849262,7582.0,9695.0,8.366666666666665,120.0,60.0,40.0,,69.66666666666667,14.43611111,21021.33333333333,15283.333333333334,8683.333333333334,17.333333333333332,nsaf_maize_trials_2018,npk urea split v6/v10 (120-60-40),"2018 N source, timing and FYM trial",All maize,6,Efficiency and nutrient-management alternatives,N120-P60-K40 at V6/V10,120.0,60.0,40.0,,False,False,True,True,8127.666666666667,120.0,True,102.64118443177624,214.66666666666697,0.0,False,,7976.333333333333,366.0000000000009,3.0500000000000074,69.51944444444445
2018,Kavre,Rabiopi,Kavre | Rabiopi,8,Control (0-0-0),,3,3,3,3,6636.0,459.9967391188768,6119.0,7000.0,6.633333333333333,0.0,0.0,0.0,,0.0,0.0,14730.666666666666,12168.333333333334,6583.333333333333,13.333333333333334,nsaf_maize_trials_2018,control (0-0-0),"2018 N source, timing and FYM trial",All maize,1,No-input reference,N0-P0-K0,0.0,0.0,0.0,,False,False,False,False,9316.666666666666,120.0,True,71.22719141323793,-2680.666666666666,-120.0,False,,8972.333333333334,,,
2018,Kavre,Rabiopi,Kavre | Rabiopi,7,N omission (0-60-40),,3,3,3,3,8972.333333333334,448.8923404707783,8678.0,9489.0,9.0,0.0,60.0,40.0,,0.0,0.0,18656.0,18725.0,8916.666666666666,13.333333333333334,nsaf_maize_trials_2018,n omission (0-60-40),"2018 N source, timing and FYM trial",All maize,2,N-zero agronomic reference,N0-P60-K40,0.0,60.0,40.0,,True,False,False,False,9316.666666666666,120.0,True,96.30411449016101,-344.3333333333321,-120.0,False,,8972.333333333334,,,
2018,Kavre,Rabiopi,Kavre | Rabiopi,5,N60 urea split (60-60-40),,3,3,3,3,9544.666666666666,2213.4609400966024,7912.0,12064.0,9.566666666666666,60.0,60.0,40.0,6.0,159.0,48.47777777666666,21365.33333333333,18211.666666666668,8750.0,12.0,nsaf_maize_trials_2018,n60 urea split (60-60-40),"2018 N source, timing and FYM trial",All maize,3,Farmer practice,FYM 6 t/ha + N60-P60-K40,60.0,60.0,40.0,6.0,False,False,False,False,9316.666666666666,120.0,True,102.44722719141323,228.0,-60.0,True,60.0,8972.333333333334,,,
2018,Kavre,Rabiopi,Kavre | Rabiopi,1,NPK urea split (120-60-40),,3,3,3,3,9316.666666666666,863.8612928782798,8579.0,10267.0,9.333333333333334,120.0,60.0,40.0,,77.66666666666667,22.33333333333333,20810.666666666668,18561.666666666668,9166.666666666666,12.666666666666666,nsaf_maize_trials_2018,npk urea split (120-60-40),"2018 N source, timing and FYM trial",All maize,4,Government-recommended NPK reference,N120-P60-K40,120.0,60.0,40.0,,True,True,True,True,9316.666666666666,120.0,True,100.0,0.0,0.0,False,,8972.333333333334,344.3333333333321,2.8694444444444343,77.63888888888889
2018,Kavre,Rabiopi,Kavre | Rabiopi,3,N60 PCU basal (60-60-40),,3,3,3,3,10577.666666666666,689.7951386704125,9999.0,11341.0,10.566666666666668,60.0,60.0,40.0,,176.33333333333334,65.69444444666667,21205.33333333333,19436.666666666668,9916.666666666666,12.666666666666666,nsaf_maize_trials_2018,n60 pcu basal (60-60-40),"2018 N source, timing and FYM trial",All maize,6,Efficiency and nutrient-management alternatives,PCU N60-P60-K40,60.0,60.0,40.0,,False,False,True,True,9316.666666666666,120.0,True,113.53488372093022,1261.0,-60.0,True,60.0,8972.333333333334,1605.3333333333321,26.755555555555535,176.29444444444442
2018,Kavre,Rabiopi,Kavre | Rabiopi,4,UDP basal (78-60-40),,3,3,3,3,9121.666666666666,314.46833438890707,8883.0,9478.0,9.133333333333333,78.0,60.0,40.0,,117.0,31.867521366666665,20085.33333333333,17768.333333333332,9000.0,13.0,nsaf_maize_trials_2018,udp basal (78-60-40),"2018 N source, timing and FYM trial",All maize,6,Efficiency and nutrient-management alternatives,UDP N78-P60-K40,78.0,60.0,40.0,,False,False,True,True,9316.666666666666,120.0,True,97.90697674418605,-195.0,-42.0,True,42.0,8972.333333333334,149.33333333333212,1.914529914529899,116.94444444444444
2018,Kavre,Rabiopi,Kavre | Rabiopi,2,NPK PCU basal (120-60-40),,3,3,3,2,10943.5,488.6107857999044,10598.0,11289.0,7.3,120.0,60.0,40.0,,60.66666666666666,33.74166667,20725.33333333333,17861.666666666668,9750.0,13.5,nsaf_maize_trials_2018,npk pcu basal (120-60-40),"2018 N source, timing and FYM trial",All maize,6,Efficiency and nutrient-management alternatives,PCU N120-P60-K40,120.0,60.0,40.0,,False,False,True,True,9316.666666666666,120.0,True,117.46153846153847,1626.833333333334,0.0,False,,8972.333333333334,1971.166666666666,16.426388888888884,91.19583333333334
2018,Kavre,Rabiopi,Kavre | Rabiopi,9,NPK urea split V6/V10 (120-60-40),,3,3,3,3,39913.66666666666,52114.8596883205,9570.0,100090.0,39.93,120.0,60.0,40.0,,332.6666666666667,277.3138888766667,21845.33333333333,18911.666666666668,9766.666666666666,12.666666666666666,nsaf_maize_trials_2018,npk urea split v6/v10 (120-60-40),"2018 N source, timing and FYM trial",All maize,6,Efficiency and nutrient-management alternatives,N120-P60-K40 at V6/V10,120.0,60.0,40.0,,False,False,True,True,9316.666666666666,120.0,True,428.4114490161001,30596.999999999993,0.0,False,,8972.333333333334,30941.33333333332,257.8444444444443,332.6138888888888
2018,Palpa,Chidipani,Palpa | Chidipani,8,Control (0-0-0),,2,2,2,2,4134.5,531.0371926710972,3759.0,4510.0,4.15,0.0,0.0,0.0,,0.0,0.0,17967.0,11600.0,4605.0,,nsaf_maize_trials_2018,control (0-0-0),"2018 N source, timing and FYM trial",All maize,1,No-input reference,N0-P0-K0,0.0,0.0,0.0,,False,False,False,False,7165.0,120.0,True,57.704117236566645,-3030.5,-120.0,False,,5270.5,,,
2018,Palpa,Chidipani,Palpa | Chidipani,7,N omission (0-60-40),,2,2,2,2,5270.5,625.7895013500946,4828.0,5713.0,5.25,0.0,60.0,40.0,,0.0,0.0,15367.0,10995.0,5870.0,,nsaf_maize_trials_2018,n omission (0-60-40),"2018 N source, timing and FYM trial",All maize,2,N-zero agronomic reference,N0-P60-K40,0.0,60.0,40.0,,True,False,False,False,7165.0,120.0,True,73.5589672016748,-1894.5,-120.0,False,,5270.5,,,
2018,Palpa,Chidipani,Palpa | Chidipani,5,N60 urea split (60-60-40),,2,2,2,2,7506.5,1064.195705685754,6754.0,8259.0,7.550000000000001,60.0,60.0,40.0,6.0,125.5,56.2,19967.0,13818.5,8550.0,,nsaf_maize_trials_2018,n60 urea split (60-60-40),"2018 N source, timing and FYM trial",All maize,3,Farmer practice,FYM 6 t/ha + N60-P60-K40,60.0,60.0,40.0,6.0,False,False,False,False,7165.0,120.0,True,104.7662247034194,341.5,-60.0,True,60.0,5270.5,,,
2018,Palpa,Chidipani,Palpa | Chidipani,1,NPK urea split (120-60-40),,2,2,2,2,7165.0,922.067242667258,6513.0,7817.0,7.15,120.0,60.0,40.0,,59.5,25.25416667,18033.0,12838.5,8000.0,,nsaf_maize_trials_2018,npk urea split (120-60-40),"2018 N source, timing and FYM trial",All maize,4,Government-recommended NPK reference,N120-P60-K40,120.0,60.0,40.0,,True,True,True,True,7165.0,120.0,True,100.0,0.0,0.0,False,,5270.5,1894.5,15.7875,59.708333333333336
2018,Palpa,Chidipani,Palpa | Chidipani,3,N60 PCU basal (60-60-40),,2,2,2,2,6946.5,1453.1044353383552,5919.0,7974.0,6.95,60.0,60.0,40.0,,116.0,46.866666665,18493.0,13433.5,7998.5,,nsaf_maize_trials_2018,n60 pcu basal (60-60-40),"2018 N source, timing and FYM trial",All maize,6,Efficiency and nutrient-management alternatives,PCU N60-P60-K40,60.0,60.0,40.0,,False,False,True,True,7165.0,120.0,True,96.95045359385904,-218.5,-60.0,True,60.0,5270.5,1676.0,27.933333333333334,115.775
2018,Palpa,Chidipani,Palpa | Chidipani,4,UDP basal (78-60-40),,2,2,2,2,7265.5,1364.0089809088502,6301.0,8230.0,7.25,78.0,60.0,40.0,,93.5,40.14102564,18300.0,13666.5,8300.0,,nsaf_maize_trials_2018,udp basal (78-60-40),"2018 N source, timing and FYM trial",All maize,6,Efficiency and nutrient-management alternatives,UDP N78-P60-K40,78.0,60.0,40.0,,False,False,True,True,7165.0,120.0,True,101.4026517794836,100.5,-42.0,True,42.0,5270.5,1995.0,25.576923076923077,93.1474358974359
2018,Palpa,Chidipani,Palpa | Chidipani,2,NPK PCU basal (120-60-40),,2,2,2,2,8282.0,2.8284271247461903,8280.0,8284.0,8.3,120.0,60.0,40.0,,69.0,34.5625,19201.5,13650.0,9266.5,,nsaf_maize_trials_2018,npk pcu basal (120-60-40),"2018 N source, timing and FYM trial",All maize,6,Efficiency and nutrient-management alternatives,PCU N120-P60-K40,120.0,60.0,40.0,,False,False,True,True,7165.0,120.0,True,115.58967201674808,1117.0,0.0,False,,5270.5,3011.5,25.095833333333335,69.01666666666667
2018,Palpa,Chidipani,Palpa | Chidipani,9,NPK urea split V6/V10 (120-60-40),,2,2,2,2,6769.0,304.05591591021545,6554.0,6984.0,6.8,120.0,60.0,40.0,,56.5,21.95416667,18598.5,13823.0,7766.5,,nsaf_maize_trials_2018,npk urea split v6/v10 (120-60-40),"2018 N source, timing and FYM trial",All maize,6,Efficiency and nutrient-management alternatives,N120-P60-K40 at V6/V10,120.0,60.0,40.0,,False,False,True,True,7165.0,120.0,True,94.47313328681089,-396.0,0.0,False,,5270.5,1498.5,12.4875,56.40833333333333
2018,Palpa,Devinagar,Palpa | Devinagar,8,Control (0-0-0),,3,3,3,3,4800.333333333333,537.3940205597131,4180.0,5124.0,4.8,0.0,0.0,0.0,,0.0,0.0,18777.666666666668,11833.333333333334,5355.333333333333,,nsaf_maize_trials_2018,control (0-0-0),"2018 N source, timing and FYM trial",All maize,1,No-input reference,N0-P0-K0,0.0,0.0,0.0,,False,False,False,False,7031.0,120.0,True,68.27383492153795,-2230.666666666667,-120.0,False,,5670.666666666667,,,
2018,Palpa,Devinagar,Palpa | Devinagar,7,N omission (0-60-40),,3,3,3,3,5670.666666666667,883.3823256853927,4749.0,6510.0,5.666666666666667,0.0,60.0,40.0,,0.0,0.0,20666.666666666668,13500.0,6226.666666666667,,nsaf_maize_trials_2018,n omission (0-60-40),"2018 N source, timing and FYM trial",All maize,2,N-zero agronomic reference,N0-P60-K40,0.0,60.0,40.0,,True,False,False,False,7031.0,120.0,True,80.65234912056134,-1360.333333333333,-120.0,False,,5670.666666666667,,,
2018,Palpa,Devinagar,Palpa | Devinagar,5,N60 urea split (60-60-40),,3,3,3,3,7124.333333333333,1038.4538185847907,5987.0,8022.0,7.133333333333333,60.0,60.0,40.0,6.0,119.0,38.73333333333333,21167.0,13277.666666666666,7910.0,,nsaf_maize_trials_2018,n60 urea split (60-60-40),"2018 N source, timing and FYM trial",All maize,3,Farmer practice,FYM 6 t/ha + N60-P60-K40,60.0,60.0,40.0,6.0,False,False,False,False,7031.0,120.0,True,101.32745460579338,93.33333333333303,-60.0,True,60.0,5670.666666666667,,,
2018,Palpa,Devinagar,Palpa | Devinagar,1,NPK urea split (120-60-40),,3,3,3,3,7031.0,1284.803876083817,5551.0,7860.0,7.066666666666666,120.0,60.0,40.0,,58.66666666666666,18.58888889,23777.666666666668,14055.666666666666,7814.666666666667,,nsaf_maize_trials_2018,npk urea split (120-60-40),"2018 N source, timing and FYM trial",All maize,4,Government-recommended NPK reference,N120-P60-K40,120.0,60.0,40.0,,True,True,True,True,7031.0,120.0,True,100.0,0.0,0.0,False,,5670.666666666667,1360.333333333333,11.336111111111109,58.59166666666667
2018,Palpa,Devinagar,Palpa | Devinagar,3,N60 PCU basal (60-60-40),,3,3,3,3,5962.666666666667,564.1279405714037,5629.0,6614.0,5.933333333333333,60.0,60.0,40.0,,99.33333333333331,19.37222222233333,19055.33333333333,11611.0,6595.666666666667,,nsaf_maize_trials_2018,n60 pcu basal (60-60-40),"2018 N source, timing and FYM trial",All maize,6,Efficiency and nutrient-management alternatives,PCU N60-P60-K40,60.0,60.0,40.0,,False,False,True,True,7031.0,120.0,True,84.8053856729721,-1068.333333333333,-60.0,True,0.0,5670.666666666667,292.0,4.866666666666666,99.37777777777778
2018,Palpa,Devinagar,Palpa | Devinagar,4,UDP basal (78-60-40),,3,3,3,3,7591.666666666667,1154.3904596510374,6455.0,8763.0,7.633333333333333,78.0,60.0,40.0,,97.33333333333331,35.78632478666667,24000.0,15167.0,8247.666666666666,,nsaf_maize_trials_2018,udp basal (78-60-40),"2018 N source, timing and FYM trial",All maize,6,Efficiency and nutrient-management alternatives,UDP N78-P60-K40,78.0,60.0,40.0,,False,False,True,True,7031.0,120.0,True,107.97420945337316,560.666666666667,-42.0,True,42.0,5670.666666666667,1921.0,24.628205128205128,97.32905982905983
2018,Palpa,Devinagar,Palpa | Devinagar,2,NPK PCU basal (120-60-40),,3,3,3,3,7957.0,712.6520890308258,7166.0,8549.0,7.966666666666666,120.0,60.0,40.0,,66.33333333333333,26.305555556666665,21889.0,15333.333333333334,8711.0,,nsaf_maize_trials_2018,npk pcu basal (120-60-40),"2018 N source, timing and FYM trial",All maize,6,Efficiency and nutrient-management alternatives,PCU N120-P60-K40,120.0,60.0,40.0,,False,False,True,True,7031.0,120.0,True,113.170246053193,926.0,0.0,False,,5670.666666666667,2286.333333333333,19.052777777777774,66.30833333333334
2018,Palpa,Devinagar,Palpa | Devinagar,9,NPK urea split V6/V10 (120-60-40),,3,3,3,3,7359.333333333333,581.9367090443199,6734.0,7885.0,7.366666666666667,120.0,60.0,40.0,,61.333333333333336,21.324999996666666,23277.666666666668,14222.333333333334,8191.0,,nsaf_maize_trials_2018,npk urea split v6/v10 (120-60-40),"2018 N source, timing and FYM trial",All maize,6,Efficiency and nutrient-management alternatives,N120-P60-K40 at V6/V10,120.0,60.0,40.0,,False,False,True,True,7031.0,120.0,True,104.66979566680888,328.33333333333303,0.0,False,,5670.666666666667,1688.666666666666,14.072222222222218,61.327777777777776
2018,Palpa,Khasyauli,Palpa | Khasyauli,8,Control (0-0-0),,3,3,3,3,4608.666666666667,369.3106190367848,4341.0,5030.0,4.6000000000000005,0.0,0.0,0.0,,0.0,0.0,17785.666666666668,10763.333333333334,5072.0,,nsaf_maize_trials_2018,control (0-0-0),"2018 N source, timing and FYM trial",All maize,1,No-input reference,N0-P0-K0,0.0,0.0,0.0,,False,False,False,False,7048.333333333333,120.0,True,65.38661622132892,-2439.666666666666,-120.0,False,,5349.666666666667,,,
2018,Palpa,Khasyauli,Palpa | Khasyauli,7,N omission (0-60-40),,3,3,3,3,5349.666666666667,830.3952873983168,4725.0,6292.0,5.333333333333333,0.0,60.0,40.0,,0.0,0.0,20622.0,11970.333333333334,5823.333333333333,,nsaf_maize_trials_2018,n omission (0-60-40),"2018 N source, timing and FYM trial",All maize,2,N-zero agronomic reference,N0-P60-K40,0.0,60.0,40.0,,True,False,False,False,7048.333333333333,120.0,True,75.89973989122726,-1698.666666666666,-120.0,False,,5349.666666666667,,,
2018,Palpa,Khasyauli,Palpa | Khasyauli,5,N60 urea split (60-60-40),,3,3,3,3,7431.333333333333,932.38207475977,6384.0,8171.0,7.433333333333334,60.0,60.0,40.0,6.0,123.66666666666669,47.04444444333333,21777.666666666668,13454.333333333334,8327.0,,nsaf_maize_trials_2018,n60 urea split (60-60-40),"2018 N source, timing and FYM trial",All maize,3,Farmer practice,FYM 6 t/ha + N60-P60-K40,60.0,60.0,40.0,6.0,False,False,False,False,7048.333333333333,120.0,True,105.433908725467,383.0,-60.0,True,60.0,5349.666666666667,,,
2018,Palpa,Khasyauli,Palpa | Khasyauli,1,NPK urea split (120-60-40),,3,3,3,3,7048.333333333333,404.4370573195951,6589.0,7351.0,7.066666666666666,120.0,60.0,40.0,,58.66666666666666,20.330555556666667,22311.0,12935.666666666666,7891.333333333333,,nsaf_maize_trials_2018,npk urea split (120-60-40),"2018 N source, timing and FYM trial",All maize,4,Government-recommended NPK reference,N120-P60-K40,120.0,60.0,40.0,,True,True,True,True,7048.333333333333,120.0,True,100.0,0.0,0.0,False,,5349.666666666667,1698.666666666666,14.15555555555555,58.73611111111111
2018,Palpa,Khasyauli,Palpa | Khasyauli,3,N60 PCU basal (60-60-40),,3,3,3,3,6727.333333333333,390.91857634721487,6316.0,7094.0,6.733333333333333,60.0,60.0,40.0,,112.0,35.31111111,21679.666666666668,11702.0,7448.666666666667,,nsaf_maize_trials_2018,n60 pcu basal (60-60-40),"2018 N source, timing and FYM trial",All maize,6,Efficiency and nutrient-management alternatives,PCU N60-P60-K40,60.0,60.0,40.0,,False,False,True,True,7048.333333333333,120.0,True,95.44573185150153,-321.0,-60.0,True,60.0,5349.666666666667,1377.666666666666,22.9611111111111,112.12222222222222
2018,Palpa,Khasyauli,Palpa | Khasyauli,4,UDP basal (78-60-40),,3,3,3,3,6718.333333333333,1097.8999650848584,5451.0,7380.0,6.733333333333333,78.0,60.0,40.0,,86.33333333333333,27.047008546666664,20098.0,13248.0,7459.0,,nsaf_maize_trials_2018,udp basal (78-60-40),"2018 N source, timing and FYM trial",All maize,6,Efficiency and nutrient-management alternatives,UDP N78-P60-K40,78.0,60.0,40.0,,False,False,True,True,7048.333333333333,120.0,True,95.31804209032867,-330.0,-42.0,True,42.0,5349.666666666667,1368.666666666666,17.547008547008538,86.13247863247862
2018,Palpa,Khasyauli,Palpa | Khasyauli,2,NPK PCU basal (120-60-40),,3,3,3,3,7099.666666666667,106.7910732848646,6979.0,7182.0,7.1000000000000005,120.0,60.0,40.0,,59.0,20.758333333333336,21991.0,13350.0,8021.0,,nsaf_maize_trials_2018,npk pcu basal (120-60-40),"2018 N source, timing and FYM trial",All maize,6,Efficiency and nutrient-management alternatives,PCU N120-P60-K40,120.0,60.0,40.0,,False,False,True,True,7048.333333333333,120.0,True,100.72830456372667,51.33333333333394,0.0,False,,5349.666666666667,1750.0,14.583333333333334,59.16388888888889
2018,Palpa,Khasyauli,Palpa | Khasyauli,9,NPK urea split V6/V10 (120-60-40),,3,3,3,3,7144.0,220.38829370000576,6974.0,7393.0,7.166666666666667,120.0,60.0,40.0,,59.66666666666666,21.12777778,20178.0,12874.333333333334,8059.0,,nsaf_maize_trials_2018,npk urea split v6/v10 (120-60-40),"2018 N source, timing and FYM trial",All maize,6,Efficiency and nutrient-management alternatives,N120-P60-K40 at V6/V10,120.0,60.0,40.0,,False,False,True,True,7048.333333333333,120.0,True,101.3572948687633,95.66666666666697,0.0,False,,5349.666666666667,1794.333333333333,14.952777777777776,59.53333333333333
2018,Palpa,Madanpokhara,Palpa | Madanpokhara,8,Control (0-0-0),,3,3,3,3,4177.333333333333,653.0239913918425,3645.0,4906.0,4.166666666666667,0.0,0.0,0.0,,0.0,0.0,11901.0,7524.333333333333,4631.0,,nsaf_maize_trials_2018,control (0-0-0),"2018 N source, timing and FYM trial",All maize,1,No-input reference,N0-P0-K0,0.0,0.0,0.0,,False,False,False,False,5571.666666666667,120.0,True,74.97457373616511,-1394.333333333334,-120.0,False,,4752.333333333333,,,
2018,Palpa,Madanpokhara,Palpa | Madanpokhara,7,N omission (0-60-40),,3,3,3,3,4752.333333333333,551.0874098846145,4117.0,5101.0,4.733333333333333,0.0,60.0,40.0,,0.0,0.0,13344.333333333334,8927.666666666666,5274.333333333333,,nsaf_maize_trials_2018,n omission (0-60-40),"2018 N source, timing and FYM trial",All maize,2,N-zero agronomic reference,N0-P60-K40,0.0,60.0,40.0,,True,False,False,False,5571.666666666667,120.0,True,85.29464552796888,-819.3333333333339,-120.0,False,,4752.333333333333,,,
2018,Palpa,Madanpokhara,Palpa | Madanpokhara,5,N60 urea split (60-60-40),,3,3,3,3,6333.0,1344.5772569845142,5117.0,7777.0,6.333333333333333,60.0,60.0,40.0,6.0,105.66666666666669,35.927777776666666,15785.666666666666,10775.666666666666,7111.333333333333,,nsaf_maize_trials_2018,n60 urea split (60-60-40),"2018 N source, timing and FYM trial",All maize,3,Farmer practice,FYM 6 t/ha + N60-P60-K40,60.0,60.0,40.0,6.0,False,False,False,False,5571.666666666667,120.0,True,113.6643733173796,761.333333333333,-60.0,True,60.0,4752.333333333333,,,
2018,Palpa,Madanpokhara,Palpa | Madanpokhara,1,NPK urea split (120-60-40),,3,3,3,3,5571.666666666667,674.1263481969337,4806.0,6076.0,5.566666666666666,120.0,60.0,40.0,,46.66666666666666,11.619444443333334,13889.0,9193.333333333334,6193.333333333333,,nsaf_maize_trials_2018,npk urea split (120-60-40),"2018 N source, timing and FYM trial",All maize,4,Government-recommended NPK reference,N120-P60-K40,120.0,60.0,40.0,,True,True,True,True,5571.666666666667,120.0,True,100.00000000000001,0.0,0.0,False,,4752.333333333333,819.3333333333339,6.827777777777783,46.43055555555556
2018,Palpa,Madanpokhara,Palpa | Madanpokhara,3,N60 PCU basal (60-60-40),,3,3,3,3,5765.0,153.1567824159283,5608.0,5914.0,5.766666666666667,60.0,60.0,40.0,,96.0,26.46111111333333,16185.666666666666,9919.0,6459.0,,nsaf_maize_trials_2018,n60 pcu basal (60-60-40),"2018 N source, timing and FYM trial",All maize,6,Efficiency and nutrient-management alternatives,PCU N60-P60-K40,60.0,60.0,40.0,,False,False,True,True,5571.666666666667,120.0,True,103.46993718217169,193.33333333333303,-60.0,True,60.0,4752.333333333333,1012.666666666667,16.877777777777784,96.08333333333333
2018,Palpa,Madanpokhara,Palpa | Madanpokhara,4,UDP basal (78-60-40),,3,3,3,3,5803.333333333333,409.7149415548977,5339.0,6114.0,5.8,78.0,60.0,40.0,,74.0,20.846153846666667,13986.666666666666,9840.333333333334,6450.0,,nsaf_maize_trials_2018,udp basal (78-60-40),"2018 N source, timing and FYM trial",All maize,6,Efficiency and nutrient-management alternatives,UDP N78-P60-K40,78.0,60.0,40.0,,False,False,True,True,5571.666666666667,120.0,True,104.15794196829194,231.66666666666606,-42.0,True,42.0,4752.333333333333,1051.0,13.474358974358974,74.4017094017094
2018,Palpa,Madanpokhara,Palpa | Madanpokhara,2,NPK PCU basal (120-60-40),,3,3,3,3,6669.333333333333,445.5988479937232,6211.0,7101.0,6.666666666666667,120.0,60.0,40.0,,55.66666666666666,20.766666666666666,14592.333333333334,10116.666666666666,7391.0,,nsaf_maize_trials_2018,npk pcu basal (120-60-40),"2018 N source, timing and FYM trial",All maize,6,Efficiency and nutrient-management alternatives,PCU N120-P60-K40,120.0,60.0,40.0,,False,False,True,True,5571.666666666667,120.0,True,119.70086748429553,1097.666666666666,0.0,False,,4752.333333333333,1917.0,15.975,55.577777777777776
2018,Palpa,Madanpokhara,Palpa | Madanpokhara,9,NPK urea split V6/V10 (120-60-40),,3,3,3,3,6028.0,359.4787893603738,5813.0,6443.0,6.0,120.0,60.0,40.0,,50.333333333333336,15.422222223333334,14675.333333333334,10181.333333333334,6789.666666666667,,nsaf_maize_trials_2018,npk urea split v6/v10 (120-60-40),"2018 N source, timing and FYM trial",All maize,6,Efficiency and nutrient-management alternatives,N120-P60-K40 at V6/V10,120.0,60.0,40.0,,False,False,True,True,5571.666666666667,120.0,True,108.19024827998803,456.33333333333303,0.0,False,,4752.333333333333,1275.666666666667,10.630555555555558,50.233333333333334
2018,Surkhet,Babiyachaur,Surkhet | Babiyachaur,8,Control (0-0-0),,3,3,3,3,7105.0,911.9555910240366,6091.0,7858.0,7.133333333333333,0.0,0.0,0.0,,0.0,0.0,18187.666666666668,10908.666666666666,7614.333333333333,18.0,nsaf_maize_trials_2018,control (0-0-0),"2018 N source, timing and FYM trial",All maize,1,No-input reference,N0-P0-K0,0.0,0.0,0.0,,False,False,False,False,9286.666666666666,120.0,True,76.50753768844221,-2181.666666666666,-120.0,False,,8804.0,,,
2018,Surkhet,Babiyachaur,Surkhet | Babiyachaur,7,N omission (0-60-40),,3,3,3,3,8804.0,616.4770879765119,8342.0,9504.0,8.799999999999999,0.0,60.0,40.0,,0.0,0.0,20603.33333333333,13529.0,9355.333333333334,17.333333333333332,nsaf_maize_trials_2018,n omission (0-60-40),"2018 N source, timing and FYM trial",All maize,2,N-zero agronomic reference,N0-P60-K40,0.0,60.0,40.0,,True,False,False,False,9286.666666666666,120.0,True,94.80258435032304,-482.66666666666606,-120.0,False,,8804.0,,,
2018,Surkhet,Babiyachaur,Surkhet | Babiyachaur,5,N60 urea split (60-60-40),,3,3,3,3,8698.666666666666,276.4350436057869,8453.0,8998.0,8.700000000000001,60.0,60.0,40.0,6.0,145.0,26.566666666666663,21028.666666666668,13304.333333333334,8837.666666666666,16.333333333333332,nsaf_maize_trials_2018,n60 urea split (60-60-40),"2018 N source, timing and FYM trial",All maize,3,Farmer practice,FYM 6 t/ha + N60-P60-K40,60.0,60.0,40.0,6.0,False,False,False,False,9286.666666666666,120.0,True,93.66834170854271,-588.0,-60.0,True,0.0,8804.0,,,
2018,Surkhet,Babiyachaur,Surkhet | Babiyachaur,1,NPK urea split (120-60-40),,3,3,3,3,9286.666666666666,274.8769421638221,9000.0,9548.0,9.266666666666667,120.0,60.0,40.0,,77.66666666666667,18.166666666666668,27526.666666666668,16180.0,9770.0,16.666666666666668,nsaf_maize_trials_2018,npk urea split (120-60-40),"2018 N source, timing and FYM trial",All maize,4,Government-recommended NPK reference,N120-P60-K40,120.0,60.0,40.0,,True,True,True,True,9286.666666666666,120.0,True,100.0,0.0,0.0,False,,8804.0,482.66666666666606,4.022222222222217,77.38888888888889
2018,Surkhet,Babiyachaur,Surkhet | Babiyachaur,3,N60 PCU basal (60-60-40),,3,3,3,3,9129.0,204.25229496874687,8906.0,9307.0,9.133333333333333,60.0,60.0,40.0,,152.0,33.733333333333334,21568.666666666668,13707.666666666666,9765.333333333334,17.666666666666668,nsaf_maize_trials_2018,n60 pcu basal (60-60-40),"2018 N source, timing and FYM trial",All maize,6,Efficiency and nutrient-management alternatives,PCU N60-P60-K40,60.0,60.0,40.0,,False,False,True,True,9286.666666666666,120.0,True,98.30222541277818,-157.66666666666606,-60.0,True,60.0,8804.0,325.0,5.416666666666667,152.15
2018,Surkhet,Babiyachaur,Surkhet | Babiyachaur,4,UDP basal (78-60-40),,3,3,3,3,8834.666666666666,472.71273870431446,8290.0,9138.0,8.833333333333334,78.0,60.0,40.0,,113.0,22.166666666666668,21589.666666666668,9991.0,9800.0,18.0,nsaf_maize_trials_2018,udp basal (78-60-40),"2018 N source, timing and FYM trial",All maize,6,Efficiency and nutrient-management alternatives,UDP N78-P60-K40,78.0,60.0,40.0,,False,False,True,True,9286.666666666666,120.0,True,95.13280689160086,-452.0,-42.0,True,42.0,8804.0,30.66666666666606,0.3931623931623854,113.26495726495726
2018,Surkhet,Babiyachaur,Surkhet | Babiyachaur,2,NPK PCU basal (120-60-40),,3,3,3,3,9179.333333333334,175.79059512196156,8998.0,9349.0,9.166666666666666,120.0,60.0,40.0,,76.66666666666667,17.266666666666666,25750.33333333333,16556.666666666668,9761.0,17.333333333333332,nsaf_maize_trials_2018,npk pcu basal (120-60-40),"2018 N source, timing and FYM trial",All maize,6,Efficiency and nutrient-management alternatives,PCU N120-P60-K40,120.0,60.0,40.0,,False,False,True,True,9286.666666666666,120.0,True,98.84422110552765,-107.33333333333212,0.0,False,,8804.0,375.33333333333394,3.1277777777777827,76.49444444444445
2018,Surkhet,Babiyachaur,Surkhet | Babiyachaur,9,NPK urea split V6/V10 (120-60-40),,3,3,3,3,9326.0,152.8953890737062,9158.0,9457.0,9.366666666666667,120.0,60.0,40.0,,77.66666666666667,18.5,22266.666666666668,14901.0,9822.333333333334,16.666666666666668,nsaf_maize_trials_2018,npk urea split v6/v10 (120-60-40),"2018 N source, timing and FYM trial",All maize,6,Efficiency and nutrient-management alternatives,N120-P60-K40 at V6/V10,120.0,60.0,40.0,,False,False,True,True,9286.666666666666,120.0,True,100.4235463029433,39.33333333333394,0.0,False,,8804.0,522.0,4.35,77.71666666666667
2018,Surkhet,Gadhi,Surkhet | Gadhi,8,Control (0-0-0),,3,3,3,3,5639.666666666667,494.5395164527636,5103.0,6077.0,5.633333333333333,0.0,0.0,0.0,,0.0,0.0,19064.33333333333,12805.333333333334,6309.0,21.33333333333333,nsaf_maize_trials_2018,control (0-0-0),"2018 N source, timing and FYM trial",All maize,1,No-input reference,N0-P0-K0,0.0,0.0,0.0,,False,False,False,False,8749.666666666666,120.0,True,64.45578879195399,-3109.999999999999,-120.0,False,,7068.333333333333,,,
2018,Surkhet,Gadhi,Surkhet | Gadhi,7,N omission (0-60-40),,3,3,3,3,7068.333333333333,1581.801926074606,6085.0,8893.0,7.066666666666666,0.0,60.0,40.0,,0.0,0.0,16349.0,13338.666666666666,7836.666666666667,20.666666666666668,nsaf_maize_trials_2018,n omission (0-60-40),"2018 N source, timing and FYM trial",All maize,2,N-zero agronomic reference,N0-P60-K40,0.0,60.0,40.0,,True,False,False,False,8749.666666666666,120.0,True,80.78402986780448,-1681.333333333333,-120.0,False,,7068.333333333333,,,
2018,Surkhet,Gadhi,Surkhet | Gadhi,5,N60 urea split (60-60-40),,3,3,3,3,8416.666666666666,93.76744282176688,8337.0,8520.0,8.4,60.0,60.0,40.0,6.0,140.33333333333334,46.3,23216.33333333333,14947.666666666666,8280.0,21.33333333333333,nsaf_maize_trials_2018,n60 urea split (60-60-40),"2018 N source, timing and FYM trial",All maize,3,Farmer practice,FYM 6 t/ha + N60-P60-K40,60.0,60.0,40.0,6.0,False,False,False,False,8749.666666666666,120.0,True,96.19414072917064,-333.0,-60.0,True,60.0,7068.333333333333,,,
2018,Surkhet,Gadhi,Surkhet | Gadhi,1,NPK urea split (120-60-40),,3,3,3,3,8749.666666666666,168.9684388675393,8556.0,8867.0,8.766666666666667,120.0,60.0,40.0,,73.0,25.933333333333334,85427.66666666667,15142.333333333334,9725.666666666666,21.0,nsaf_maize_trials_2018,npk urea split (120-60-40),"2018 N source, timing and FYM trial",All maize,4,Government-recommended NPK reference,N120-P60-K40,120.0,60.0,40.0,,True,True,True,True,8749.666666666666,120.0,True,100.0,0.0,0.0,False,,7068.333333333333,1681.333333333333,14.01111111111111,72.91388888888888
2018,Surkhet,Gadhi,Surkhet | Gadhi,3,N60 PCU basal (60-60-40),,3,3,3,3,8448.333333333334,624.584128307255,7737.0,8907.0,8.433333333333334,60.0,60.0,40.0,,140.66666666666666,46.833333333333336,21231.33333333333,14706.333333333334,9795.666666666666,21.0,nsaf_maize_trials_2018,n60 pcu basal (60-60-40),"2018 N source, timing and FYM trial",All maize,6,Efficiency and nutrient-management alternatives,PCU N60-P60-K40,60.0,60.0,40.0,,False,False,True,True,8749.666666666666,120.0,True,96.55605927844871,-301.3333333333321,-60.0,True,60.0,7068.333333333333,1380.000000000001,23.000000000000014,140.80555555555557
2018,Surkhet,Gadhi,Surkhet | Gadhi,4,UDP basal (78-60-40),,3,3,3,3,8404.0,757.8080231826527,7555.0,9012.0,8.4,78.0,60.0,40.0,,108.0,35.43333333333333,20535.33333333333,16363.333333333334,9333.333333333334,20.666666666666668,nsaf_maize_trials_2018,udp basal (78-60-40),"2018 N source, timing and FYM trial",All maize,6,Efficiency and nutrient-management alternatives,UDP N78-P60-K40,78.0,60.0,40.0,,False,False,True,True,8749.666666666666,120.0,True,96.04937330945941,-345.66666666666606,-42.0,True,42.0,7068.333333333333,1335.666666666667,17.12393162393163,107.74358974358974
2018,Surkhet,Gadhi,Surkhet | Gadhi,2,NPK PCU basal (120-60-40),,3,3,3,3,8780.0,171.29214809792072,8640.0,8971.0,8.766666666666666,120.0,60.0,40.0,,73.33333333333333,26.166666666666668,21622.33333333333,15381.0,9731.0,20.33333333333333,nsaf_maize_trials_2018,npk pcu basal (120-60-40),"2018 N source, timing and FYM trial",All maize,6,Efficiency and nutrient-management alternatives,PCU N120-P60-K40,120.0,60.0,40.0,,False,False,True,True,8749.666666666666,120.0,True,100.346679873519,30.33333333333394,0.0,False,,7068.333333333333,1711.666666666667,14.263888888888891,73.16666666666667
2018,Surkhet,Gadhi,Surkhet | Gadhi,9,NPK urea split V6/V10 (120-60-40),,3,3,3,3,8508.666666666666,383.2301310353003,8068.0,8764.0,8.533333333333333,120.0,60.0,40.0,,70.66666666666667,23.9,22936.666666666668,17673.666666666668,9580.0,22.0,nsaf_maize_trials_2018,npk urea split v6/v10 (120-60-40),"2018 N source, timing and FYM trial",All maize,6,Efficiency and nutrient-management alternatives,N120-P60-K40 at V6/V10,120.0,60.0,40.0,,False,False,True,True,8749.666666666666,120.0,True,97.24560935654692,-241.0,0.0,False,,7068.333333333333,1440.333333333333,12.002777777777775,70.90555555555555
2018,Surkhet,Guthu,Surkhet | Guthu,8,Control (0-0-0),,1,1,1,1,5606.0,,5606.0,5606.0,5.6,0.0,0.0,0.0,,0.0,0.0,14273.0,11107.0,6090.0,19.0,nsaf_maize_trials_2018,control (0-0-0),"2018 N source, timing and FYM trial",All maize,1,No-input reference,N0-P0-K0,0.0,0.0,0.0,,False,False,False,False,7738.0,120.0,True,72.44766089428794,-2132.0,-120.0,False,,7191.0,,,
2018,Surkhet,Guthu,Surkhet | Guthu,7,N omission (0-60-40),,1,1,1,1,7191.0,,7191.0,7191.0,7.2,0.0,60.0,40.0,,0.0,0.0,10983.0,12283.0,7783.0,19.0,nsaf_maize_trials_2018,n omission (0-60-40),"2018 N source, timing and FYM trial",All maize,2,N-zero agronomic reference,N0-P60-K40,0.0,60.0,40.0,,True,False,False,False,7738.0,120.0,True,92.93098991987594,-547.0,-120.0,False,,7191.0,,,
2018,Surkhet,Guthu,Surkhet | Guthu,5,N60 urea split (60-60-40),,1,1,1,1,7508.0,,7508.0,7508.0,7.5,60.0,60.0,40.0,6.0,125.0,31.7,9203.0,12613.0,8077.0,18.0,nsaf_maize_trials_2018,n60 urea split (60-60-40),"2018 N source, timing and FYM trial",All maize,3,Farmer practice,FYM 6 t/ha + N60-P60-K40,60.0,60.0,40.0,6.0,False,False,False,False,7738.0,120.0,True,97.02765572499354,-230.0,-60.0,True,60.0,7191.0,,,
2018,Surkhet,Guthu,Surkhet | Guthu,1,NPK urea split (120-60-40),,1,1,1,1,7738.0,,7738.0,7738.0,7.7,120.0,60.0,40.0,,64.0,17.8,13040.0,12720.0,8417.0,19.0,nsaf_maize_trials_2018,npk urea split (120-60-40),"2018 N source, timing and FYM trial",All maize,4,Government-recommended NPK reference,N120-P60-K40,120.0,60.0,40.0,,True,True,True,True,7738.0,120.0,True,100.0,0.0,0.0,False,,7191.0,547.0,4.558333333333334,64.48333333333333
2018,Surkhet,Guthu,Surkhet | Guthu,3,N60 PCU basal (60-60-40),,1,1,1,1,7551.0,,7551.0,7551.0,7.6,60.0,60.0,40.0,,126.0,32.4,11456.0,13150.0,8327.0,20.0,nsaf_maize_trials_2018,n60 pcu basal (60-60-40),"2018 N source, timing and FYM trial",All maize,6,Efficiency and nutrient-management alternatives,PCU N60-P60-K40,60.0,60.0,40.0,,False,False,True,True,7738.0,120.0,True,97.58335487205997,-187.0,-60.0,True,60.0,7191.0,360.0,6.0,125.85
2018,Surkhet,Guthu,Surkhet | Guthu,4,UDP basal (78-60-40),,1,1,1,1,9244.0,,9244.0,9244.0,9.2,78.0,60.0,40.0,,119.0,46.6,15757.0,15710.0,9920.0,18.0,nsaf_maize_trials_2018,udp basal (78-60-40),"2018 N source, timing and FYM trial",All maize,6,Efficiency and nutrient-management alternatives,UDP N78-P60-K40,78.0,60.0,40.0,,False,False,True,True,7738.0,120.0,True,119.46239338330318,1506.0,-42.0,True,42.0,7191.0,2053.0,26.32051282051282,118.51282051282051
2018,Surkhet,Guthu,Surkhet | Guthu,2,NPK PCU basal (120-60-40),,1,1,1,1,8970.0,,8970.0,8970.0,9.0,120.0,60.0,40.0,,75.0,28.0,16767.0,14460.0,9733.0,19.0,nsaf_maize_trials_2018,npk pcu basal (120-60-40),"2018 N source, timing and FYM trial",All maize,6,Efficiency and nutrient-management alternatives,PCU N120-P60-K40,120.0,60.0,40.0,,False,False,True,True,7738.0,120.0,True,115.921426725252,1232.0,0.0,False,,7191.0,1779.0,14.825,74.75
2018,Surkhet,Guthu,Surkhet | Guthu,9,NPK urea split V6/V10 (120-60-40),,1,1,1,1,9272.0,,9272.0,9272.0,9.3,120.0,60.0,40.0,,77.0,30.6,14140.0,13480.0,9867.0,17.0,nsaf_maize_trials_2018,npk urea split v6/v10 (120-60-40),"2018 N source, timing and FYM trial",All maize,6,Efficiency and nutrient-management alternatives,N120-P60-K40 at V6/V10,120.0,60.0,40.0,,False,False,True,True,7738.0,120.0,True,119.82424399069527,1534.0,0.0,False,,7191.0,2081.0,17.341666666666665,77.26666666666667
2018,Surkhet,Kalyan,Surkhet | Kalyan,8,Control (0-0-0),,3,3,3,3,6999.333333333333,1046.6825370346698,6260.0,8197.0,7.0,0.0,0.0,0.0,,0.0,0.0,20452.33333333333,13902.333333333334,7755.666666666667,20.666666666666668,nsaf_maize_trials_2018,control (0-0-0),"2018 N source, timing and FYM trial",All maize,1,No-input reference,N0-P0-K0,0.0,0.0,0.0,,False,False,False,False,8696.333333333334,120.0,True,80.48602859442676,-1697.000000000001,-120.0,False,,7539.0,,,
2018,Surkhet,Kalyan,Surkhet | Kalyan,7,N omission (0-60-40),,3,3,3,3,7539.0,1337.930865179513,6701.0,9082.0,7.533333333333334,0.0,60.0,40.0,,0.0,0.0,24659.0,15690.0,8335.666666666666,20.33333333333333,nsaf_maize_trials_2018,n omission (0-60-40),"2018 N source, timing and FYM trial",All maize,2,N-zero agronomic reference,N0-P60-K40,0.0,60.0,40.0,,True,False,False,False,8696.333333333334,120.0,True,86.69170914944995,-1157.333333333334,-120.0,False,,7539.0,,,
2018,Surkhet,Kalyan,Surkhet | Kalyan,5,N60 urea split (60-60-40),,3,3,3,3,8215.333333333334,333.7099539020877,7849.0,8502.0,8.200000000000001,60.0,60.0,40.0,6.0,137.0,20.26666666666667,23206.666666666668,15535.333333333334,9414.333333333334,23.33333333333333,nsaf_maize_trials_2018,n60 urea split (60-60-40),"2018 N source, timing and FYM trial",All maize,3,Farmer practice,FYM 6 t/ha + N60-P60-K40,60.0,60.0,40.0,6.0,False,False,False,False,8696.333333333334,120.0,True,94.4689332668941,-481.0,-60.0,True,0.0,7539.0,,,
2018,Surkhet,Kalyan,Surkhet | Kalyan,1,NPK urea split (120-60-40),,3,3,3,3,8696.333333333334,298.5168895277672,8520.0,9041.0,8.666666666666666,120.0,60.0,40.0,,72.33333333333333,14.166666666666666,24690.0,16392.0,9790.0,22.0,nsaf_maize_trials_2018,npk urea split (120-60-40),"2018 N source, timing and FYM trial",All maize,4,Government-recommended NPK reference,N120-P60-K40,120.0,60.0,40.0,,True,True,True,True,8696.333333333334,120.0,True,100.0,0.0,0.0,False,,7539.0,1157.333333333334,9.64444444444445,72.46944444444445
2018,Surkhet,Kalyan,Surkhet | Kalyan,3,N60 PCU basal (60-60-40),,3,3,3,3,8606.666666666666,101.21429411567,8491.0,8679.0,8.633333333333333,60.0,60.0,40.0,,143.66666666666666,26.766666666666666,24340.0,15693.333333333334,9870.0,23.33333333333333,nsaf_maize_trials_2018,n60 pcu basal (60-60-40),"2018 N source, timing and FYM trial",All maize,6,Efficiency and nutrient-management alternatives,PCU N60-P60-K40,60.0,60.0,40.0,,False,False,True,True,8696.333333333334,120.0,True,98.96891410172869,-89.66666666666788,-60.0,True,60.0,7539.0,1067.666666666666,17.794444444444434,143.44444444444443
2018,Surkhet,Kalyan,Surkhet | Kalyan,4,UDP basal (78-60-40),,3,3,3,3,8622.333333333334,97.00687260876612,8516.0,8706.0,8.6,78.0,60.0,40.0,,110.66666666666669,20.8,22746.666666666668,16731.333333333332,9896.666666666666,23.33333333333333,nsaf_maize_trials_2018,udp basal (78-60-40),"2018 N source, timing and FYM trial",All maize,6,Efficiency and nutrient-management alternatives,UDP N78-P60-K40,78.0,60.0,40.0,,False,False,True,True,8696.333333333334,120.0,True,99.14906665644524,-74.0,-42.0,True,42.0,7539.0,1083.333333333334,13.888888888888896,110.54273504273505
2018,Surkhet,Kalyan,Surkhet | Kalyan,2,NPK PCU basal (120-60-40),,3,3,3,3,8727.666666666666,262.12655976328205,8564.0,9030.0,8.733333333333333,120.0,60.0,40.0,,72.66666666666667,14.433333333333332,22559.0,16071.0,9890.333333333334,22.0,nsaf_maize_trials_2018,npk pcu basal (120-60-40),"2018 N source, timing and FYM trial",All maize,6,Efficiency and nutrient-management alternatives,PCU N120-P60-K40,120.0,60.0,40.0,,False,False,True,True,8696.333333333334,120.0,True,100.36030510943309,31.33333333333212,0.0,False,,7539.0,1188.666666666666,9.90555555555555,72.73055555555555
2018,Surkhet,Kalyan,Surkhet | Kalyan,9,NPK urea split V6/V10 (120-60-40),,3,3,3,3,8538.0,107.17742299570372,8416.0,8617.0,8.533333333333333,120.0,60.0,40.0,,71.33333333333333,12.833333333333334,88215.0,15476.666666666666,9855.666666666666,24.33333333333333,nsaf_maize_trials_2018,npk urea split v6/v10 (120-60-40),"2018 N source, timing and FYM trial",All maize,6,Efficiency and nutrient-management alternatives,N120-P60-K40 at V6/V10,120.0,60.0,40.0,,False,False,True,True,8696.333333333334,120.0,True,98.17930928743914,-158.33333333333394,0.0,False,,7539.0,999.0,8.325,71.15
2018,Surkhet,Kunathari,Surkhet | Kunathari,8,Control (0-0-0),,3,3,3,3,6386.0,627.2328116417381,5951.0,7105.0,6.4,0.0,0.0,0.0,,0.0,0.0,20266.666666666668,14285.333333333334,7203.666666666667,22.0,nsaf_maize_trials_2018,control (0-0-0),"2018 N source, timing and FYM trial",All maize,1,No-input reference,N0-P0-K0,0.0,0.0,0.0,,False,False,False,False,8451.666666666666,120.0,True,75.55906132912641,-2065.666666666666,-120.0,False,,7904.0,,,
2018,Surkhet,Kunathari,Surkhet | Kunathari,7,N omission (0-60-40),,3,3,3,3,7904.0,101.88719252192594,7825.0,8019.0,7.899999999999999,0.0,60.0,40.0,,0.0,0.0,26813.0,14081.0,8779.0,20.666666666666668,nsaf_maize_trials_2018,n omission (0-60-40),"2018 N source, timing and FYM trial",All maize,2,N-zero agronomic reference,N0-P60-K40,0.0,60.0,40.0,,True,False,False,False,8451.666666666666,120.0,True,93.52001577598108,-547.6666666666661,-120.0,False,,7904.0,,,
2018,Surkhet,Kunathari,Surkhet | Kunathari,5,N60 urea split (60-60-40),,3,3,3,3,8362.333333333334,952.0842049594842,7263.0,8920.0,8.366666666666667,60.0,60.0,40.0,6.0,139.33333333333334,32.96666666666667,29102.0,10782.0,9215.666666666666,20.33333333333333,nsaf_maize_trials_2018,n60 urea split (60-60-40),"2018 N source, timing and FYM trial",All maize,3,Farmer practice,FYM 6 t/ha + N60-P60-K40,60.0,60.0,40.0,6.0,False,False,False,False,8451.666666666666,120.0,True,98.94300926838889,-89.33333333333212,-60.0,True,60.0,7904.0,,,
2018,Surkhet,Kunathari,Surkhet | Kunathari,1,NPK urea split (120-60-40),,3,3,3,3,8451.666666666666,452.68127124206654,7931.0,8752.0,8.466666666666667,120.0,60.0,40.0,,70.33333333333333,17.2,30313.33333333333,16937.666666666668,9736.333333333334,20.666666666666668,nsaf_maize_trials_2018,npk urea split (120-60-40),"2018 N source, timing and FYM trial",All maize,4,Government-recommended NPK reference,N120-P60-K40,120.0,60.0,40.0,,True,True,True,True,8451.666666666666,120.0,True,100.0,0.0,0.0,False,,7904.0,547.6666666666661,4.563888888888884,70.43055555555556
2018,Surkhet,Kunathari,Surkhet | Kunathari,3,N60 PCU basal (60-60-40),,3,3,3,3,8729.333333333334,263.7315554372163,8432.0,8935.0,8.700000000000001,60.0,60.0,40.0,,145.66666666666666,39.06666666666666,29077.666666666668,15371.333333333334,9752.333333333334,21.33333333333333,nsaf_maize_trials_2018,n60 pcu basal (60-60-40),"2018 N source, timing and FYM trial",All maize,6,Efficiency and nutrient-management alternatives,PCU N60-P60-K40,60.0,60.0,40.0,,False,False,True,True,8451.666666666666,120.0,True,103.28534805758234,277.6666666666679,-60.0,True,60.0,7904.0,825.3333333333339,13.755555555555565,145.4888888888889
2018,Surkhet,Kunathari,Surkhet | Kunathari,4,UDP basal (78-60-40),,3,3,3,3,8262.0,456.0526285419261,7802.0,8714.0,8.266666666666667,78.0,60.0,40.0,,106.0,24.03333333333333,29692.0,15240.0,9153.333333333334,20.666666666666668,nsaf_maize_trials_2018,udp basal (78-60-40),"2018 N source, timing and FYM trial",All maize,6,Efficiency and nutrient-management alternatives,UDP N78-P60-K40,78.0,60.0,40.0,,False,False,True,True,8451.666666666666,120.0,True,97.75586669295997,-189.66666666666606,-42.0,True,42.0,7904.0,358.0,4.589743589743589,105.92307692307692
2018,Surkhet,Kunathari,Surkhet | Kunathari,2,NPK PCU basal (120-60-40),,3,3,3,3,8451.666666666666,452.68127124206654,7931.0,8752.0,8.466666666666667,120.0,60.0,40.0,,70.33333333333333,17.2,30313.33333333333,16937.666666666668,9736.333333333334,20.666666666666668,nsaf_maize_trials_2018,npk pcu basal (120-60-40),"2018 N source, timing and FYM trial",All maize,6,Efficiency and nutrient-management alternatives,PCU N120-P60-K40,120.0,60.0,40.0,,False,False,True,True,8451.666666666666,120.0,True,100.0,0.0,0.0,False,,7904.0,547.6666666666661,4.563888888888884,70.43055555555556
2018,Surkhet,Kunathari,Surkhet | Kunathari,9,NPK urea split V6/V10 (120-60-40),,3,3,3,3,8802.333333333334,166.68933179220966,8663.0,8987.0,8.833333333333334,120.0,60.0,40.0,,73.33333333333333,20.133333333333333,31155.666666666668,17394.333333333332,9823.666666666666,21.33333333333333,nsaf_maize_trials_2018,npk urea split v6/v10 (120-60-40),"2018 N source, timing and FYM trial",All maize,6,Efficiency and nutrient-management alternatives,N120-P60-K40 at V6/V10,120.0,60.0,40.0,,False,False,True,True,8451.666666666666,120.0,True,104.14908302110038,350.6666666666679,0.0,False,,7904.0,898.3333333333339,7.486111111111116,73.35277777777779
2018,Surkhet,Lekhpharsa,Surkhet | Lekhpharsa,8,Control (0-0-0),,3,3,3,3,6067.333333333333,1601.8134514772105,4251.0,7278.0,6.1000000000000005,0.0,0.0,0.0,,0.0,0.0,12221.0,9900.333333333334,7562.333333333333,20.0,nsaf_maize_trials_2018,control (0-0-0),"2018 N source, timing and FYM trial",All maize,1,No-input reference,N0-P0-K0,0.0,0.0,0.0,,False,False,False,False,8310.0,120.0,True,73.01243481748897,-2242.666666666667,-120.0,False,,8210.333333333334,,,
2018,Surkhet,Lekhpharsa,Surkhet | Lekhpharsa,7,N omission (0-60-40),,3,3,3,3,8210.333333333334,1308.4656408684689,6704.0,9065.0,8.233333333333333,0.0,60.0,40.0,,0.0,0.0,17223.0,13845.333333333334,9035.666666666666,20.33333333333333,nsaf_maize_trials_2018,n omission (0-60-40),"2018 N source, timing and FYM trial",All maize,2,N-zero agronomic reference,N0-P60-K40,0.0,60.0,40.0,,True,False,False,False,8310.0,120.0,True,98.80064179703169,-99.66666666666606,-120.0,False,,8210.333333333334,,,
2018,Surkhet,Lekhpharsa,Surkhet | Lekhpharsa,5,N60 urea split (60-60-40),,3,3,3,3,8795.0,265.46374517059763,8505.0,9026.0,8.799999999999999,60.0,60.0,40.0,6.0,146.66666666666666,45.46666666666667,19821.33333333333,17179.0,9703.333333333334,20.33333333333333,nsaf_maize_trials_2018,n60 urea split (60-60-40),"2018 N source, timing and FYM trial",All maize,3,Farmer practice,FYM 6 t/ha + N60-P60-K40,60.0,60.0,40.0,6.0,False,False,False,False,8310.0,120.0,True,105.83634175691937,485.0,-60.0,True,60.0,8210.333333333334,,,
2018,Surkhet,Lekhpharsa,Surkhet | Lekhpharsa,1,NPK urea split (120-60-40),,3,3,3,3,8310.0,890.9360246392555,7288.0,8923.0,8.299999999999999,120.0,60.0,40.0,,69.33333333333333,18.7,16277.666666666666,15384.333333333334,9110.333333333334,20.0,nsaf_maize_trials_2018,npk urea split (120-60-40),"2018 N source, timing and FYM trial",All maize,4,Government-recommended NPK reference,N120-P60-K40,120.0,60.0,40.0,,True,True,True,True,8310.0,120.0,True,100.0,0.0,0.0,False,,8210.333333333334,99.66666666666606,0.8305555555555505,69.25
2018,Surkhet,Lekhpharsa,Surkhet | Lekhpharsa,3,N60 PCU basal (60-60-40),,3,3,3,3,8762.333333333334,200.35551735186448,8536.0,8917.0,8.733333333333334,60.0,60.0,40.0,,146.0,44.900000000000006,15722.333333333334,16244.666666666666,9654.666666666666,20.0,nsaf_maize_trials_2018,n60 pcu basal (60-60-40),"2018 N source, timing and FYM trial",All maize,6,Efficiency and nutrient-management alternatives,PCU N60-P60-K40,60.0,60.0,40.0,,False,False,True,True,8310.0,120.0,True,105.44324107501004,452.33333333333394,-60.0,True,60.0,8210.333333333334,552.0,9.2,146.0388888888889
2018,Surkhet,Lekhpharsa,Surkhet | Lekhpharsa,4,UDP basal (78-60-40),,3,3,3,3,8319.333333333334,953.6332278886536,7340.0,9245.0,8.299999999999999,78.0,60.0,40.0,,106.66666666666669,28.866666666666664,16484.666666666668,13872.333333333334,9193.333333333334,20.666666666666668,nsaf_maize_trials_2018,udp basal (78-60-40),"2018 N source, timing and FYM trial",All maize,6,Efficiency and nutrient-management alternatives,UDP N78-P60-K40,78.0,60.0,40.0,,False,False,True,True,8310.0,120.0,True,100.11231448054554,9.33333333333394,-42.0,True,42.0,8210.333333333334,109.0,1.3974358974358974,106.65811965811966
2018,Surkhet,Lekhpharsa,Surkhet | Lekhpharsa,2,NPK PCU basal (120-60-40),,3,3,3,3,8462.333333333334,770.7803405207823,7577.0,8984.0,8.466666666666667,120.0,60.0,40.0,,70.66666666666667,19.933333333333334,15650.0,14823.333333333334,9314.333333333334,20.0,nsaf_maize_trials_2018,npk pcu basal (120-60-40),"2018 N source, timing and FYM trial",All maize,6,Efficiency and nutrient-management alternatives,PCU N120-P60-K40,120.0,60.0,40.0,,False,False,True,True,8310.0,120.0,True,101.83313277176093,152.33333333333394,0.0,False,,8210.333333333334,252.0,2.1,70.51944444444445
2018,Surkhet,Lekhpharsa,Surkhet | Lekhpharsa,9,NPK urea split V6/V10 (120-60-40),,3,3,3,3,8891.0,95.59811713627,8786.0,8973.0,8.9,120.0,60.0,40.0,,74.0,23.53333333333333,19093.33333333333,17175.333333333332,9858.0,20.666666666666668,nsaf_maize_trials_2018,npk urea split v6/v10 (120-60-40),"2018 N source, timing and FYM trial",All maize,6,Efficiency and nutrient-management alternatives,N120-P60-K40 at V6/V10,120.0,60.0,40.0,,False,False,True,True,8310.0,120.0,True,106.99157641395908,581.0,0.0,False,,8210.333333333334,680.6666666666661,5.672222222222217,74.09166666666667
2018,Surkhet,Maintada-1,Surkhet | Maintada-1,8,Control (0-0-0),,2,2,2,2,7222.5,1151.876946552886,6408.0,8037.0,7.2,0.0,0.0,0.0,,0.0,0.0,15305.0,13380.0,7505.0,25.0,nsaf_maize_trials_2018,control (0-0-0),"2018 N source, timing and FYM trial",All maize,1,No-input reference,N0-P0-K0,0.0,0.0,0.0,,False,False,False,False,8724.0,120.0,True,82.7888583218707,-1501.5,-120.0,False,,7190.0,,,
2018,Surkhet,Maintada-1,Surkhet | Maintada-1,7,N omission (0-60-40),,2,2,2,2,7190.0,24.04163056034261,7173.0,7207.0,7.2,0.0,60.0,40.0,,0.0,0.0,12981.5,14488.5,8346.5,24.0,nsaf_maize_trials_2018,n omission (0-60-40),"2018 N source, timing and FYM trial",All maize,2,N-zero agronomic reference,N0-P60-K40,0.0,60.0,40.0,,True,False,False,False,8724.0,120.0,True,82.41632278771206,-1534.0,-120.0,False,,7190.0,,,
2018,Surkhet,Maintada-1,Surkhet | Maintada-1,5,N60 urea split (60-60-40),,2,2,2,2,7258.5,277.8929650063132,7062.0,7455.0,7.3,60.0,60.0,40.0,6.0,121.0,0.5999999999999996,11618.5,12778.5,8181.5,22.0,nsaf_maize_trials_2018,n60 urea split (60-60-40),"2018 N source, timing and FYM trial",All maize,3,Farmer practice,FYM 6 t/ha + N60-P60-K40,60.0,60.0,40.0,6.0,False,False,False,False,8724.0,120.0,True,83.20151306740027,-1465.5,-60.0,True,0.0,7190.0,,,
2018,Surkhet,Maintada-1,Surkhet | Maintada-1,1,NPK urea split (120-60-40),,3,3,3,3,8724.0,588.3850779888967,8047.0,9112.0,8.700000000000001,120.0,60.0,40.0,,72.66666666666667,15.366666666666664,16111.0,6051.0,9694.666666666666,20.666666666666668,nsaf_maize_trials_2018,npk urea split (120-60-40),"2018 N source, timing and FYM trial",All maize,4,Government-recommended NPK reference,N120-P60-K40,120.0,60.0,40.0,,True,True,True,True,8724.0,120.0,True,100.0,0.0,0.0,False,,7190.0,1534.0,12.783333333333333,72.7
2018,Surkhet,Maintada-1,Surkhet | Maintada-1,3,N60 PCU basal (60-60-40),,2,2,2,2,8160.5,98.2878425849301,8091.0,8230.0,8.149999999999999,60.0,60.0,40.0,,136.0,15.65,15693.5,14466.5,9366.5,23.0,nsaf_maize_trials_2018,n60 pcu basal (60-60-40),"2018 N source, timing and FYM trial",All maize,6,Efficiency and nutrient-management alternatives,PCU N60-P60-K40,60.0,60.0,40.0,,False,False,True,True,8724.0,120.0,True,93.54080696928014,-563.5,-60.0,True,0.0,7190.0,970.5,16.175,136.00833333333333
2018,Surkhet,Maintada-1,Surkhet | Maintada-1,4,UDP basal (78-60-40),,2,2,2,2,8371.5,382.54476862192223,8101.0,8642.0,8.35,78.0,60.0,40.0,,107.5,14.7,13947.0,14947.0,9590.0,23.5,nsaf_maize_trials_2018,udp basal (78-60-40),"2018 N source, timing and FYM trial",All maize,6,Efficiency and nutrient-management alternatives,UDP N78-P60-K40,78.0,60.0,40.0,,False,False,True,True,8724.0,120.0,True,95.95942228335626,-352.5,-42.0,True,42.0,7190.0,1181.5,15.147435897435898,107.32692307692308
2018,Surkhet,Maintada-1,Surkhet | Maintada-1,2,NPK PCU basal (120-60-40),,2,2,2,2,8038.5,77.07463914933368,7984.0,8093.0,8.05,120.0,60.0,40.0,,67.0,6.8,16686.5,15121.5,9363.5,25.0,nsaf_maize_trials_2018,npk pcu basal (120-60-40),"2018 N source, timing and FYM trial",All maize,6,Efficiency and nutrient-management alternatives,PCU N120-P60-K40,120.0,60.0,40.0,,False,False,True,True,8724.0,120.0,True,92.1423658872077,-685.5,0.0,False,,7190.0,848.5,7.070833333333334,66.9875
2018,Surkhet,Maintada-1,Surkhet | Maintada-1,9,NPK urea split V6/V10 (120-60-40),,2,2,2,2,7858.5,252.43712088359743,7680.0,8037.0,7.85,120.0,60.0,40.0,,65.5,5.3,14736.5,13787.0,9171.5,25.0,nsaf_maize_trials_2018,npk urea split v6/v10 (120-60-40),"2018 N source, timing and FYM trial",All maize,6,Efficiency and nutrient-management alternatives,N120-P60-K40 at V6/V10,120.0,60.0,40.0,,False,False,True,True,8724.0,120.0,True,90.07909215955983,-865.5,0.0,False,,7190.0,668.5,5.570833333333334,65.4875
2018,Surkhet,Maintada-10,Surkhet | Maintada-10,9,NPK urea split V6/V10 (120-60-40),,1,1,1,1,9169.0,,9169.0,9169.0,9.2,120.0,60.0,40.0,,76.0,13.6,18607.0,17727.0,9900.0,19.0,nsaf_maize_trials_2018,npk urea split v6/v10 (120-60-40),"2018 N source, timing and FYM trial",All maize,6,Efficiency and nutrient-management alternatives,N120-P60-K40 at V6/V10,120.0,60.0,40.0,,False,False,True,True,,,False,,,,False,,,,,76.40833333333333
2018,Surkhet,Maintada-2,Surkhet | Maintada-2,8,Control (0-0-0),,2,2,2,2,5861.5,359.9173516239527,5607.0,6116.0,5.85,0.0,0.0,0.0,,0.0,0.0,12360.0,11357.0,6430.0,20.0,nsaf_maize_trials_2018,control (0-0-0),"2018 N source, timing and FYM trial",All maize,1,No-input reference,N0-P0-K0,0.0,0.0,0.0,,False,False,False,False,8578.333333333334,120.0,True,68.32912376141441,-2716.833333333334,-120.0,False,,5986.0,,,
2018,Surkhet,Maintada-2,Surkhet | Maintada-2,7,N omission (0-60-40),,2,2,2,2,5986.0,537.4011537017761,5606.0,6366.0,6.0,0.0,60.0,40.0,,0.0,0.0,10951.5,11601.5,7415.0,20.0,nsaf_maize_trials_2018,n omission (0-60-40),"2018 N source, timing and FYM trial",All maize,2,N-zero agronomic reference,N0-P60-K40,0.0,60.0,40.0,,True,False,False,False,8578.333333333334,120.0,True,69.78045463376723,-2592.333333333334,-120.0,False,,5986.0,,,
2018,Surkhet,Maintada-2,Surkhet | Maintada-2,5,N60 urea split (60-60-40),,2,2,2,2,8225.5,1014.6982310026956,7508.0,8943.0,8.2,60.0,60.0,40.0,6.0,137.0,39.4,11734.5,13776.5,8867.0,18.5,nsaf_maize_trials_2018,n60 urea split (60-60-40),"2018 N source, timing and FYM trial",All maize,3,Farmer practice,FYM 6 t/ha + N60-P60-K40,60.0,60.0,40.0,6.0,False,False,False,False,8578.333333333334,120.0,True,95.88692442199338,-352.83333333333394,-60.0,True,60.0,5986.0,,,
2018,Surkhet,Maintada-2,Surkhet | Maintada-2,1,NPK urea split (120-60-40),,3,3,3,3,8578.333333333334,728.6647605952501,7738.0,9035.0,8.566666666666666,120.0,60.0,40.0,,71.33333333333333,18.0,15251.0,14680.0,9343.333333333334,19.33333333333333,nsaf_maize_trials_2018,npk urea split (120-60-40),"2018 N source, timing and FYM trial",All maize,4,Government-recommended NPK reference,N120-P60-K40,120.0,60.0,40.0,,True,True,True,True,8578.333333333334,120.0,True,100.0,0.0,0.0,False,,5986.0,2592.333333333334,21.60277777777778,71.48611111111111
2018,Surkhet,Maintada-2,Surkhet | Maintada-2,3,N60 PCU basal (60-60-40),,2,2,2,2,8316.5,1082.5804819966042,7551.0,9082.0,8.35,60.0,60.0,40.0,,138.5,40.9,14583.5,14085.0,9097.0,19.5,nsaf_maize_trials_2018,n60 pcu basal (60-60-40),"2018 N source, timing and FYM trial",All maize,6,Efficiency and nutrient-management alternatives,PCU N60-P60-K40,60.0,60.0,40.0,,False,False,True,True,8578.333333333334,120.0,True,96.94773654556052,-261.83333333333394,-60.0,True,60.0,5986.0,2330.5,38.84166666666667,138.60833333333332
2018,Surkhet,Maintada-2,Surkhet | Maintada-2,4,UDP basal (78-60-40),,2,2,2,2,8710.5,194.45436482630055,8573.0,8848.0,8.7,78.0,60.0,40.0,,111.5,36.5,16533.5,17373.5,9466.5,19.0,nsaf_maize_trials_2018,udp basal (78-60-40),"2018 N source, timing and FYM trial",All maize,6,Efficiency and nutrient-management alternatives,UDP N78-P60-K40,78.0,60.0,40.0,,False,False,True,True,8578.333333333334,120.0,True,101.54070332232368,132.16666666666606,-42.0,True,42.0,5986.0,2724.5,34.92948717948718,111.67307692307692
2018,Surkhet,Maintada-2,Surkhet | Maintada-2,2,NPK PCU basal (120-60-40),,3,3,3,3,8875.666666666666,140.65679270242606,8714.0,8970.0,8.866666666666667,120.0,60.0,40.0,,74.33333333333333,24.166666666666668,15866.666666666666,15116.666666666666,9672.0,19.33333333333333,nsaf_maize_trials_2018,npk pcu basal (120-60-40),"2018 N source, timing and FYM trial",All maize,6,Efficiency and nutrient-management alternatives,PCU N120-P60-K40,120.0,60.0,40.0,,False,False,True,True,8578.333333333334,120.0,True,103.46609675539148,297.3333333333321,0.0,False,,5986.0,2889.666666666666,24.080555555555552,73.96388888888889
2018,Surkhet,Maintada-2,Surkhet | Maintada-2,9,NPK urea split V6/V10 (120-60-40),,2,2,2,2,8651.5,877.5195154525055,8031.0,9272.0,8.65,120.0,60.0,40.0,,72.0,23.25,14628.5,13521.5,9362.0,18.5,nsaf_maize_trials_2018,npk urea split v6/v10 (120-60-40),"2018 N source, timing and FYM trial",All maize,6,Efficiency and nutrient-management alternatives,N120-P60-K40 at V6/V10,120.0,60.0,40.0,,False,False,True,True,8578.333333333334,120.0,True,100.85292403341752,73.16666666666606,0.0,False,,5986.0,2665.5,22.2125,72.09583333333333
2018,Surkhet,Maintada-3,Surkhet | Maintada-3,3,N60 PCU basal (60-60-40),,1,1,1,1,9087.0,,9087.0,9087.0,9.1,60.0,60.0,40.0,,151.0,48.1,11667.0,14183.0,9986.0,19.0,nsaf_maize_trials_2018,n60 pcu basal (60-60-40),"2018 N source, timing and FYM trial",All maize,6,Efficiency and nutrient-management alternatives,PCU N60-P60-K40,60.0,60.0,40.0,,False,False,True,True,,,False,,,,False,,,,,151.45
2018,Surkhet,Maintada-3,Surkhet | Maintada-3,2,NPK PCU basal (120-60-40),,1,1,1,1,9050.0,,9050.0,9050.0,9.1,120.0,60.0,40.0,,75.0,12.6,15933.0,12807.0,9700.0,18.0,nsaf_maize_trials_2018,npk pcu basal (120-60-40),"2018 N source, timing and FYM trial",All maize,6,Efficiency and nutrient-management alternatives,PCU N120-P60-K40,120.0,60.0,40.0,,False,False,True,True,,,False,,,,False,,,,,75.41666666666667
2018,Surkhet,Maintada-4,Surkhet | Maintada-4,3,N60 PCU basal (60-60-40),,1,1,1,1,8281.0,,8281.0,8281.0,8.3,60.0,60.0,40.0,,138.0,12.4,19773.0,18617.0,9167.0,21.0,nsaf_maize_trials_2018,n60 pcu basal (60-60-40),"2018 N source, timing and FYM trial",All maize,6,Efficiency and nutrient-management alternatives,PCU N60-P60-K40,60.0,60.0,40.0,,False,False,True,True,,,False,,,,False,,,,,138.01666666666668
2018,Surkhet,Maintada-4,Surkhet | Maintada-4,4,UDP basal (78-60-40),,1,1,1,1,7712.0,,7712.0,7712.0,7.7,78.0,60.0,40.0,,99.0,19.4,14617.0,13820.0,8430.0,20.0,nsaf_maize_trials_2018,udp basal (78-60-40),"2018 N source, timing and FYM trial",All maize,6,Efficiency and nutrient-management alternatives,UDP N78-P60-K40,78.0,60.0,40.0,,False,False,True,True,,,False,,,,False,,,,,98.87179487179488
2018,Surkhet,Maintada-5,Surkhet | Maintada-5,5,N60 urea split (60-60-40),,1,1,1,1,8235.0,,8235.0,8235.0,8.2,60.0,60.0,40.0,6.0,137.0,33.9,13010.0,14700.0,9047.0,20.0,nsaf_maize_trials_2018,n60 urea split (60-60-40),"2018 N source, timing and FYM trial",All maize,3,Farmer practice,FYM 6 t/ha + N60-P60-K40,60.0,60.0,40.0,6.0,False,False,False,False,,,False,,,,False,,,,,
2018,Surkhet,Maintada-5,Surkhet | Maintada-5,4,UDP basal (78-60-40),,1,1,1,1,8984.0,,8984.0,8984.0,9.0,78.0,60.0,40.0,,115.0,18.5,17713.0,16500.0,8933.0,20.0,nsaf_maize_trials_2018,udp basal (78-60-40),"2018 N source, timing and FYM trial",All maize,6,Efficiency and nutrient-management alternatives,UDP N78-P60-K40,78.0,60.0,40.0,,False,False,True,True,,,False,,,,False,,,,,115.17948717948718
2018,Surkhet,Maintada-6,Surkhet | Maintada-6,5,N60 urea split (60-60-40),,1,1,1,1,8987.0,,8987.0,8987.0,9.0,60.0,60.0,40.0,6.0,150.0,24.1,17673.0,17400.0,9800.0,19.0,nsaf_maize_trials_2018,n60 urea split (60-60-40),"2018 N source, timing and FYM trial",All maize,3,Farmer practice,FYM 6 t/ha + N60-P60-K40,60.0,60.0,40.0,6.0,False,False,False,False,,,False,,,,False,,,,,
2018,Surkhet,Maintada-7,Surkhet | Maintada-7,7,N omission (0-60-40),,1,1,1,1,6551.0,,6551.0,6551.0,6.6,0.0,60.0,40.0,,0.0,0.0,10713.0,9883.0,7170.0,20.0,nsaf_maize_trials_2018,n omission (0-60-40),"2018 N source, timing and FYM trial",All maize,2,N-zero agronomic reference,N0-P60-K40,0.0,60.0,40.0,,True,False,False,False,,,False,,,,False,,6551.0,,,
2018,Surkhet,Maintada-8,Surkhet | Maintada-8,8,Control (0-0-0),,1,1,1,1,6202.0,,6202.0,6202.0,6.2,0.0,0.0,0.0,,0.0,0.0,11683.0,12233.0,6680.0,18.0,nsaf_maize_trials_2018,control (0-0-0),"2018 N source, timing and FYM trial",All maize,1,No-input reference,N0-P0-K0,0.0,0.0,0.0,,False,False,False,False,,,False,,,,False,,8593.0,,,
2018,Surkhet,Maintada-8,Surkhet | Maintada-8,7,N omission (0-60-40),,1,1,1,1,8593.0,,8593.0,8593.0,8.6,0.0,60.0,40.0,,0.0,0.0,18420.0,16140.0,9500.0,20.0,nsaf_maize_trials_2018,n omission (0-60-40),"2018 N source, timing and FYM trial",All maize,2,N-zero agronomic reference,N0-P60-K40,0.0,60.0,40.0,,True,False,False,False,,,False,,,,False,,8593.0,,,
2018,Surkhet,Maintada-9,Surkhet | Maintada-9,8,Control (0-0-0),,1,1,1,1,7539.0,,7539.0,7539.0,7.5,0.0,0.0,0.0,,0.0,0.0,15817.0,14607.0,8190.0,19.0,nsaf_maize_trials_2018,control (0-0-0),"2018 N source, timing and FYM trial",All maize,1,No-input reference,N0-P0-K0,0.0,0.0,0.0,,False,False,False,False,,,False,,,,False,,,,,
2018,Surkhet,Maintada-9,Surkhet | Maintada-9,9,NPK urea split V6/V10 (120-60-40),,1,1,1,1,8342.0,,8342.0,8342.0,8.3,120.0,60.0,40.0,,70.0,17.8,15110.0,15490.0,9100.0,19.0,nsaf_maize_trials_2018,npk urea split v6/v10 (120-60-40),"2018 N source, timing and FYM trial",All maize,6,Efficiency and nutrient-management alternatives,N120-P60-K40 at V6/V10,120.0,60.0,40.0,,False,False,True,True,,,False,,,,False,,,,,69.51666666666667
2018,Surkhet,Ramghat,Surkhet | Ramghat,8,Control (0-0-0),,3,3,3,3,6749.333333333333,690.0335740624026,6315.0,7545.0,6.733333333333333,0.0,0.0,0.0,,0.0,0.0,27924.666666666668,16055.666666666666,7446.666666666667,20.33333333333333,nsaf_maize_trials_2018,control (0-0-0),"2018 N source, timing and FYM trial",All maize,1,No-input reference,N0-P0-K0,0.0,0.0,0.0,,False,False,False,False,8672.0,120.0,True,77.82902829028289,-1922.666666666667,-120.0,False,,7943.666666666667,,,
2018,Surkhet,Ramghat,Surkhet | Ramghat,7,N omission (0-60-40),,3,3,3,3,7943.666666666667,575.8058121739772,7379.0,8530.0,7.933333333333334,0.0,60.0,40.0,,0.0,0.0,27358.0,19349.0,8657.0,19.33333333333333,nsaf_maize_trials_2018,n omission (0-60-40),"2018 N source, timing and FYM trial",All maize,2,N-zero agronomic reference,N0-P60-K40,0.0,60.0,40.0,,True,False,False,False,8672.0,120.0,True,91.60132226322264,-728.333333333333,-120.0,False,,7943.666666666667,,,
2018,Surkhet,Ramghat,Surkhet | Ramghat,5,N60 urea split (60-60-40),,3,3,3,3,8668.0,117.5925167687128,8582.0,8802.0,8.666666666666666,60.0,60.0,40.0,6.0,144.66666666666666,32.0,25517.666666666668,19662.33333333333,9573.333333333334,20.666666666666668,nsaf_maize_trials_2018,n60 urea split (60-60-40),"2018 N source, timing and FYM trial",All maize,3,Farmer practice,FYM 6 t/ha + N60-P60-K40,60.0,60.0,40.0,6.0,False,False,False,False,8672.0,120.0,True,99.95387453874538,-4.0,-60.0,True,60.0,7943.666666666667,,,
2018,Surkhet,Ramghat,Surkhet | Ramghat,1,NPK urea split (120-60-40),,3,3,3,3,8672.0,244.9428504774124,8395.0,8860.0,8.700000000000001,120.0,60.0,40.0,,72.33333333333333,16.0,26027.666666666668,18764.666666666668,9611.0,20.33333333333333,nsaf_maize_trials_2018,npk urea split (120-60-40),"2018 N source, timing and FYM trial",All maize,4,Government-recommended NPK reference,N120-P60-K40,120.0,60.0,40.0,,True,True,True,True,8672.0,120.0,True,100.0,0.0,0.0,False,,7943.666666666667,728.333333333333,6.069444444444442,72.26666666666667
2018,Surkhet,Ramghat,Surkhet | Ramghat,3,N60 PCU basal (60-60-40),,3,3,3,3,8722.666666666666,411.3421122780077,8268.0,9069.0,8.733333333333334,60.0,60.0,40.0,,145.33333333333334,32.9,31311.33333333333,18127.666666666668,9601.0,20.0,nsaf_maize_trials_2018,n60 pcu basal (60-60-40),"2018 N source, timing and FYM trial",All maize,6,Efficiency and nutrient-management alternatives,PCU N60-P60-K40,60.0,60.0,40.0,,False,False,True,True,8672.0,120.0,True,100.58425584255842,50.66666666666606,-60.0,True,60.0,7943.666666666667,778.9999999999991,12.983333333333318,145.37777777777777
2018,Surkhet,Ramghat,Surkhet | Ramghat,4,UDP basal (78-60-40),,3,3,3,3,9032.666666666666,158.53180543138146,8851.0,9143.0,9.033333333333331,78.0,60.0,40.0,,115.66666666666669,29.3,30715.666666666668,20502.33333333333,9801.0,19.0,nsaf_maize_trials_2018,udp basal (78-60-40),"2018 N source, timing and FYM trial",All maize,6,Efficiency and nutrient-management alternatives,UDP N78-P60-K40,78.0,60.0,40.0,,False,False,True,True,8672.0,120.0,True,104.15897908979089,360.66666666666606,-42.0,True,42.0,7943.666666666667,1088.999999999999,13.96153846153845,115.8034188034188
2018,Surkhet,Ramghat,Surkhet | Ramghat,2,NPK PCU basal (120-60-40),,3,3,3,3,8685.333333333334,235.13896600379368,8455.0,8925.0,8.700000000000001,120.0,60.0,40.0,,72.0,16.133333333333333,29905.666666666668,19270.0,9686.666666666666,21.0,nsaf_maize_trials_2018,npk pcu basal (120-60-40),"2018 N source, timing and FYM trial",All maize,6,Efficiency and nutrient-management alternatives,PCU N120-P60-K40,120.0,60.0,40.0,,False,False,True,True,8672.0,120.0,True,100.15375153751538,13.33333333333394,0.0,False,,7943.666666666667,741.666666666667,6.180555555555558,72.37777777777778
2018,Surkhet,Ramghat,Surkhet | Ramghat,9,NPK urea split V6/V10 (120-60-40),,3,3,3,3,8680.0,151.3571934200684,8507.0,8788.0,8.666666666666666,120.0,60.0,40.0,,72.33333333333333,16.099999999999998,31405.33333333333,19084.33333333333,9682.333333333334,21.0,nsaf_maize_trials_2018,npk urea split v6/v10 (120-60-40),"2018 N source, timing and FYM trial",All maize,6,Efficiency and nutrient-management alternatives,N120-P60-K40 at V6/V10,120.0,60.0,40.0,,False,False,True,True,8672.0,120.0,True,100.09225092250922,8.0,0.0,False,,7943.666666666667,736.333333333333,6.136111111111108,72.33333333333333
2019,Dang,Dhikpur,Dang | Dhikpur,A1,A1,A block,2,2,2,2,7864.5,3157.231777997935,5632.0,10097.0,7.8645,,,,,,,17510.0,13916.5,8333.5,17.049999999999997,maize_postharvest_2019,a1,2019 Hybrid strategy block,Hybrid,4,Government-recommended NPK reference,Hybrid N120-P60-K40,120.0,60.0,40.0,0.0,False,True,False,True,7864.5,120.0,True,100.0,0.0,0.0,False,,,,,65.5375
2019,Dang,Dhikpur,Dang | Dhikpur,A4,A4,A block,2,2,2,2,9684.0,1998.2837636331835,8271.0,11097.0,9.684,,,,,,,21030.0,14408.5,10250.0,16.950000000000003,maize_postharvest_2019,a4,2019 Hybrid strategy block,Hybrid,6,Efficiency and nutrient-management alternatives,Hybrid PCU N60-P60-K40,60.0,60.0,40.0,0.0,False,False,False,True,7864.5,120.0,True,123.13560938394049,1819.5,-60.0,True,60.0,,,,161.4
2019,Dang,Dhikpur,Dang | Dhikpur,A5,A5,A block,2,2,2,2,8145.0,1820.0928547741728,6858.0,9432.0,8.145,,,,,,,23097.0,13916.5,8666.5,17.35,maize_postharvest_2019,a5,2019 Hybrid strategy block,Hybrid,6,Efficiency and nutrient-management alternatives,Hybrid UDP N78-P60-K40,78.0,60.0,40.0,0.0,False,False,False,True,7864.5,120.0,True,103.5666603089834,280.5,-42.0,True,42.0,,,,104.42307692307692
2019,Dang,Dhikpur,Dang | Dhikpur,A2,A2,A block,2,2,2,2,9207.0,4235.56961930742,6212.0,12202.0,9.207,,,,,,,19700.0,14408.5,9833.5,17.7,maize_postharvest_2019,a2,2019 Hybrid strategy block,Hybrid,6,Efficiency and nutrient-management alternatives,Hybrid FYM 6 t/ha + N120-P60-K40,120.0,60.0,40.0,6.0,False,False,False,False,7864.5,120.0,True,117.07037955369063,1342.5,0.0,False,,,,,
2019,Dang,Dhikpur,Dang | Dhikpur,A3,A3,A block,2,2,2,2,9815.0,1933.2299397640209,8448.0,11182.0,9.815,,,,,,,20533.5,11970.0,10500.0,17.7,maize_postharvest_2019,a3,2019 Hybrid strategy block,Hybrid,6,Efficiency and nutrient-management alternatives,Hybrid Zn + N120-P60-K40,120.0,60.0,40.0,0.0,False,False,False,True,7864.5,120.0,True,124.80132239811813,1950.5,0.0,False,,,,,81.79166666666667
2019,Dang,Laxmipur,Dang | Laxmipur,A1,A1,A block,2,2,2,2,12006.5,704.9854608429879,11508.0,12505.0,12.0065,,,,,,,17066.5,14285.0,13500.0,21.75,maize_postharvest_2019,a1,2019 Hybrid strategy block,Hybrid,4,Government-recommended NPK reference,Hybrid N120-P60-K40,120.0,60.0,40.0,0.0,False,True,False,True,12006.5,120.0,True,100.0,0.0,0.0,False,,,,,100.05416666666666
2019,Dang,Laxmipur,Dang | Laxmipur,A4,A4,A block,2,2,2,2,9598.5,654.0737725975565,9136.0,10061.0,9.5985,,,,,,,18500.0,11110.0,10533.5,19.8,maize_postharvest_2019,a4,2019 Hybrid strategy block,Hybrid,6,Efficiency and nutrient-management alternatives,Hybrid PCU N60-P60-K40,60.0,60.0,40.0,0.0,False,False,False,True,12006.5,120.0,True,79.94419689334944,-2408.0,-60.0,True,0.0,,,,159.975
2019,Dang,Laxmipur,Dang | Laxmipur,A5,A5,A block,2,2,2,2,9329.0,175.36248173426378,9205.0,9453.0,9.329,,,,,,,21000.0,10100.0,10166.5,19.25,maize_postharvest_2019,a5,2019 Hybrid strategy block,Hybrid,6,Efficiency and nutrient-management alternatives,Hybrid UDP N78-P60-K40,78.0,60.0,40.0,0.0,False,False,False,True,12006.5,120.0,True,77.69957939449465,-2677.5,-42.0,True,0.0,,,,119.6025641025641
2019,Dang,Laxmipur,Dang | Laxmipur,A2,A2,A block,2,2,2,2,12567.5,980.7571055057414,11874.0,13261.0,12.5675,,,,,,,20850.0,16133.0,14250.0,22.4,maize_postharvest_2019,a2,2019 Hybrid strategy block,Hybrid,6,Efficiency and nutrient-management alternatives,Hybrid FYM 6 t/ha + N120-P60-K40,120.0,60.0,40.0,6.0,False,False,False,False,12006.5,120.0,True,104.67246907924874,561.0,0.0,False,,,,,
2019,Dang,Laxmipur,Dang | Laxmipur,A3,A3,A block,2,2,2,2,11502.5,470.2260094890541,11170.0,11835.0,11.5025,,,,,,,20166.5,14683.5,12350.0,21.6,maize_postharvest_2019,a3,2019 Hybrid strategy block,Hybrid,6,Efficiency and nutrient-management alternatives,Hybrid Zn + N120-P60-K40,120.0,60.0,40.0,0.0,False,False,False,True,12006.5,120.0,True,95.80227376837546,-504.0,0.0,False,,,,,95.85416666666667
2019,Dang,Panchakule,Dang | Panchakule,A1,A1,A block,1,1,1,1,6889.0,,6889.0,6889.0,6.889,,,,,,,24233.0,19497.0,7493.0,19.1,maize_postharvest_2019,a1,2019 Hybrid strategy block,Hybrid,4,Government-recommended NPK reference,Hybrid N120-P60-K40,120.0,60.0,40.0,0.0,False,True,False,True,6889.0,120.0,True,100.0,0.0,0.0,False,,,,,57.40833333333333
2019,Dang,Panchakule,Dang | Panchakule,A4,A4,A block,1,1,1,1,10248.0,,10248.0,10248.0,10.248,,,,,,,17420.0,15703.0,11133.0,19.0,maize_postharvest_2019,a4,2019 Hybrid strategy block,Hybrid,6,Efficiency and nutrient-management alternatives,Hybrid PCU N60-P60-K40,60.0,60.0,40.0,0.0,False,False,False,True,6889.0,120.0,True,148.75889098562925,3359.0,-60.0,True,60.0,,,,170.8
2019,Dang,Panchakule,Dang | Panchakule,A5,A5,A block,1,1,1,1,6391.0,,6391.0,6391.0,6.391,,,,,,,13900.0,12500.0,6927.0,18.8,maize_postharvest_2019,a5,2019 Hybrid strategy block,Hybrid,6,Efficiency and nutrient-management alternatives,Hybrid UDP N78-P60-K40,78.0,60.0,40.0,0.0,False,False,False,True,6889.0,120.0,True,92.7710843373494,-498.0,-42.0,True,0.0,,,,81.93589743589743
2019,Dang,Panchakule,Dang | Panchakule,A2,A2,A block,1,1,1,1,6716.0,,6716.0,6716.0,6.716,,,,,,,18700.0,17167.0,7297.0,19.0,maize_postharvest_2019,a2,2019 Hybrid strategy block,Hybrid,6,Efficiency and nutrient-management alternatives,Hybrid FYM 6 t/ha + N120-P60-K40,120.0,60.0,40.0,6.0,False,False,False,False,6889.0,120.0,True,97.48875018144868,-173.0,0.0,False,,,,,
2019,Dang,Panchakule,Dang | Panchakule,A3,A3,A block,1,1,1,1,7298.0,,7298.0,7298.0,7.298,,,,,,,17833.0,14433.0,7890.0,18.6,maize_postharvest_2019,a3,2019 Hybrid strategy block,Hybrid,6,Efficiency and nutrient-management alternatives,Hybrid Zn + N120-P60-K40,120.0,60.0,40.0,0.0,False,False,False,True,6889.0,120.0,True,105.93700101611265,409.0,0.0,False,,,,,60.81666666666667
2019,Dang,Purandhara,Dang | Purandhara,A1,A1,A block,2,2,2,2,6578.5,594.6768029778865,6158.0,6999.0,6.5785,,,,,,,14246.5,14511.5,7510.0,22.95,maize_postharvest_2019,a1,2019 Hybrid strategy block,Hybrid,4,Government-recommended NPK reference,Hybrid N120-P60-K40,120.0,60.0,40.0,0.0,False,True,False,True,6578.5,120.0,True,100.0,0.0,0.0,False,,,,,54.82083333333333
2019,Dang,Purandhara,Dang | Purandhara,A4,A4,A block,2,2,2,2,7769.5,3346.7363953559293,5403.0,10136.0,7.769499999999999,,,,,,,19708.5,12891.5,8450.0,19.9,maize_postharvest_2019,a4,2019 Hybrid strategy block,Hybrid,6,Efficiency and nutrient-management alternatives,Hybrid PCU N60-P60-K40,60.0,60.0,40.0,0.0,False,False,False,True,6578.5,120.0,True,118.10443110131489,1191.0,-60.0,True,60.0,,,,129.49166666666667
2019,Dang,Purandhara,Dang | Purandhara,A5,A5,A block,2,2,2,2,6634.5,1956.564463543177,5251.0,8018.0,6.634500000000001,,,,,,,18420.0,12251.5,7163.5,19.0,maize_postharvest_2019,a5,2019 Hybrid strategy block,Hybrid,6,Efficiency and nutrient-management alternatives,Hybrid UDP N78-P60-K40,78.0,60.0,40.0,0.0,False,False,False,True,6578.5,120.0,True,100.85125788553621,56.0,-42.0,True,42.0,,,,85.0576923076923
2019,Dang,Purandhara,Dang | Purandhara,A2,A2,A block,2,2,2,2,8186.0,3348.8577156994893,5818.0,10554.0,8.186,,,,,,,22375.0,12103.5,9567.0,22.85,maize_postharvest_2019,a2,2019 Hybrid strategy block,Hybrid,6,Efficiency and nutrient-management alternatives,Hybrid FYM 6 t/ha + N120-P60-K40,120.0,60.0,40.0,6.0,False,False,False,False,6578.5,120.0,True,124.4356616249905,1607.5,0.0,False,,,,,
2019,Dang,Purandhara,Dang | Purandhara,A3,A3,A block,2,2,2,2,7935.5,1078.337841309485,7173.0,8698.0,7.9355,,,,,,,21000.0,15393.5,9200.0,23.75,maize_postharvest_2019,a3,2019 Hybrid strategy block,Hybrid,6,Efficiency and nutrient-management alternatives,Hybrid Zn + N120-P60-K40,120.0,60.0,40.0,0.0,False,False,False,True,6578.5,120.0,True,120.62780269058295,1357.0,0.0,False,,,,,66.12916666666666
2019,Dang,Shantinagar,Dang | Shantinagar,A1,A1,A block,2,2,2,2,8174.5,584.7773080412748,7761.0,8588.0,8.1745,,,,,,,21717.0,15167.0,10316.5,30.200000000000003,maize_postharvest_2019,a1,2019 Hybrid strategy block,Hybrid,4,Government-recommended NPK reference,Hybrid N120-P60-K40,120.0,60.0,40.0,0.0,False,True,False,True,8174.5,120.0,True,100.0,0.0,0.0,False,,,,,68.12083333333334
2019,Dang,Shantinagar,Dang | Shantinagar,A4,A4,A block,2,2,2,2,7289.5,362.74577874869885,7033.0,7546.0,7.2895,,,,,,,20333.5,14666.5,9248.5,30.6,maize_postharvest_2019,a4,2019 Hybrid strategy block,Hybrid,6,Efficiency and nutrient-management alternatives,Hybrid PCU N60-P60-K40,60.0,60.0,40.0,0.0,False,False,False,True,8174.5,120.0,True,89.1736497645116,-885.0,-60.0,True,0.0,,,,121.49166666666666
2019,Dang,Shantinagar,Dang | Shantinagar,A5,A5,A block,2,2,2,2,8054.5,463.1549416771886,7727.0,8382.0,8.0545,,,,,,,21008.5,15833.5,10216.5,30.65,maize_postharvest_2019,a5,2019 Hybrid strategy block,Hybrid,6,Efficiency and nutrient-management alternatives,Hybrid UDP N78-P60-K40,78.0,60.0,40.0,0.0,False,False,False,True,8174.5,120.0,True,98.53202030705242,-120.0,-42.0,True,42.0,,,,103.26282051282051
2019,Dang,Shantinagar,Dang | Shantinagar,A2,A2,A block,2,2,2,2,7606.0,332.3401871576773,7371.0,7841.0,7.606,,,,,,,21666.5,14970.0,9666.5,30.75,maize_postharvest_2019,a2,2019 Hybrid strategy block,Hybrid,6,Efficiency and nutrient-management alternatives,Hybrid FYM 6 t/ha + N120-P60-K40,120.0,60.0,40.0,6.0,False,False,False,False,8174.5,120.0,True,93.04544620466083,-568.5,0.0,False,,,,,
2019,Dang,Shantinagar,Dang | Shantinagar,A3,A3,A block,2,2,2,2,7813.0,393.1513703397204,7535.0,8091.0,7.813,,,,,,,12266.5,15167.0,9616.5,28.45,maize_postharvest_2019,a3,2019 Hybrid strategy block,Hybrid,6,Efficiency and nutrient-management alternatives,Hybrid Zn + N120-P60-K40,120.0,60.0,40.0,0.0,False,False,False,True,8174.5,120.0,True,95.57771117499541,-361.5,0.0,False,,,,,65.10833333333333
2019,Dang,Shreegau,Dang | Shreegau,A1,A1,A block,2,2,2,2,9604.0,623.668181006535,9163.0,10045.0,9.604,,,,,,,24866.5,19333.5,10200.0,17.15,maize_postharvest_2019,a1,2019 Hybrid strategy block,Hybrid,4,Government-recommended NPK reference,Hybrid N120-P60-K40,120.0,60.0,40.0,0.0,False,True,False,True,9604.0,120.0,True,100.0,0.0,0.0,False,,,,,80.03333333333333
2019,Dang,Shreegau,Dang | Shreegau,A4,A4,A block,2,2,2,2,7816.5,1054.2962107491423,7071.0,8562.0,7.8165,,,,,,,22017.0,15575.0,8316.5,17.299999999999997,maize_postharvest_2019,a4,2019 Hybrid strategy block,Hybrid,6,Efficiency and nutrient-management alternatives,Hybrid PCU N60-P60-K40,60.0,60.0,40.0,0.0,False,False,False,True,9604.0,120.0,True,81.38796334860474,-1787.5,-60.0,True,0.0,,,,130.275
2019,Dang,Shreegau,Dang | Shreegau,A5,A5,A block,2,2,2,2,7457.0,1243.0937213259506,6578.0,8336.0,7.457000000000001,,,,,,,19083.5,15800.0,7908.5,17.05,maize_postharvest_2019,a5,2019 Hybrid strategy block,Hybrid,6,Efficiency and nutrient-management alternatives,Hybrid UDP N78-P60-K40,78.0,60.0,40.0,0.0,False,False,False,True,9604.0,120.0,True,77.64473136193253,-2147.0,-42.0,True,0.0,,,,95.6025641025641
2019,Dang,Shreegau,Dang | Shreegau,A2,A2,A block,2,2,2,2,8040.0,255.9726547895302,7859.0,8221.0,8.04,,,,,,,23833.5,15616.5,8550.0,17.25,maize_postharvest_2019,a2,2019 Hybrid strategy block,Hybrid,6,Efficiency and nutrient-management alternatives,Hybrid FYM 6 t/ha + N120-P60-K40,120.0,60.0,40.0,6.0,False,False,False,False,9604.0,120.0,True,83.71511870054144,-1564.0,0.0,False,,,,,
2019,Dang,Shreegau,Dang | Shreegau,A3,A3,A block,2,2,2,2,8680.5,1040.1540751254115,7945.0,9416.0,8.6805,,,,,,,22958.5,17233.0,9208.0,17.05,maize_postharvest_2019,a3,2019 Hybrid strategy block,Hybrid,6,Efficiency and nutrient-management alternatives,Hybrid Zn + N120-P60-K40,120.0,60.0,40.0,0.0,False,False,False,True,9604.0,120.0,True,90.38421491045398,-923.5,0.0,False,,,,,72.3375
2019,Doti,Chhatiwan,Doti | Chhatiwan,A1,A1,A block,1,1,1,1,7456.0,,7456.0,7456.0,7.456,,,,,,,21711.0,12222.0,8888.0,28.7,maize_postharvest_2019,a1,2019 Hybrid strategy block,Hybrid,4,Government-recommended NPK reference,Hybrid N120-P60-K40,120.0,60.0,40.0,0.0,False,True,False,True,7456.0,120.0,True,100.0,0.0,0.0,False,,,,,62.13333333333333
2019,Doti,Chhatiwan,Doti | Chhatiwan,A4,A4,A block,1,1,1,1,6867.0,,6867.0,6867.0,6.867,,,,,,,13503.0,11944.0,8222.0,29.0,maize_postharvest_2019,a4,2019 Hybrid strategy block,Hybrid,6,Efficiency and nutrient-management alternatives,Hybrid PCU N60-P60-K40,60.0,60.0,40.0,0.0,False,False,False,True,7456.0,120.0,True,92.10032188841201,-589.0,-60.0,True,0.0,,,,114.45
2019,Doti,Chhatiwan,Doti | Chhatiwan,A5,A5,A block,1,1,1,1,7195.0,,7195.0,7195.0,7.195,,,,,,,14615.0,10981.0,8577.0,28.7,maize_postharvest_2019,a5,2019 Hybrid strategy block,Hybrid,6,Efficiency and nutrient-management alternatives,Hybrid UDP N78-P60-K40,78.0,60.0,40.0,0.0,False,False,False,True,7456.0,120.0,True,96.49946351931331,-261.0,-42.0,True,42.0,,,,92.24358974358974
2019,Doti,Chhatiwan,Doti | Chhatiwan,A2,A2,A block,1,1,1,1,6621.0,,6621.0,6621.0,6.621,,,,,,,20500.0,10555.0,7806.0,27.9,maize_postharvest_2019,a2,2019 Hybrid strategy block,Hybrid,6,Efficiency and nutrient-management alternatives,Hybrid FYM 6 t/ha + N120-P60-K40,120.0,60.0,40.0,6.0,False,False,False,False,7456.0,120.0,True,88.80096566523605,-835.0,0.0,False,,,,,
2019,Doti,Chhatiwan,Doti | Chhatiwan,A3,A3,A block,1,1,1,1,7249.41,,7249.41,7249.41,7.24941,,,,,,,22222.0,11222.0,8666.0,28.9,maize_postharvest_2019,a3,2019 Hybrid strategy block,Hybrid,6,Efficiency and nutrient-management alternatives,Hybrid Zn + N120-P60-K40,120.0,60.0,40.0,0.0,False,False,False,True,7456.0,120.0,True,97.22921137339056,-206.59000000000015,0.0,False,,,,,60.41175
2019,Doti,Dipayal,Doti | Dipayal,A1,A1,A block,1,1,1,1,7765.0,,7765.0,7765.0,7.765,,,,,,,12922.0,9433.0,8777.0,24.8,maize_postharvest_2019,a1,2019 Hybrid strategy block,Hybrid,4,Government-recommended NPK reference,Hybrid N120-P60-K40,120.0,60.0,40.0,0.0,False,True,False,True,7765.0,120.0,True,100.0,0.0,0.0,False,,,,,64.70833333333333
2019,Doti,Dipayal,Doti | Dipayal,A4,A4,A block,1,1,1,1,6556.0,,6556.0,6556.0,6.556,,,,,,,12444.0,10111.0,7888.0,27.2,maize_postharvest_2019,a4,2019 Hybrid strategy block,Hybrid,6,Efficiency and nutrient-management alternatives,Hybrid PCU N60-P60-K40,60.0,60.0,40.0,0.0,False,False,False,True,7765.0,120.0,True,84.43013522215068,-1209.0,-60.0,True,0.0,,,,109.26666666666667
2019,Doti,Dipayal,Doti | Dipayal,A5,A5,A block,1,1,1,1,7992.0,,7992.0,7992.0,7.992,,,,,,,15733.0,11066.0,8777.0,22.6,maize_postharvest_2019,a5,2019 Hybrid strategy block,Hybrid,6,Efficiency and nutrient-management alternatives,Hybrid UDP N78-P60-K40,78.0,60.0,40.0,0.0,False,False,False,True,7765.0,120.0,True,102.92337411461688,227.0,-42.0,True,42.0,,,,102.46153846153847
2019,Doti,Dipayal,Doti | Dipayal,A2,A2,A block,1,1,1,1,8055.0,,8055.0,8055.0,8.055,,,,,,,11444.0,9888.0,9291.0,26.3,maize_postharvest_2019,a2,2019 Hybrid strategy block,Hybrid,6,Efficiency and nutrient-management alternatives,Hybrid FYM 6 t/ha + N120-P60-K40,120.0,60.0,40.0,6.0,False,False,False,False,7765.0,120.0,True,103.73470701867353,290.0,0.0,False,,,,,
2019,Doti,Dipayal,Doti | Dipayal,A3,A3,A block,1,1,1,1,9557.0,,9557.0,9557.0,9.557,,,,,,,16066.0,12444.0,10111.0,19.5,maize_postharvest_2019,a3,2019 Hybrid strategy block,Hybrid,6,Efficiency and nutrient-management alternatives,Hybrid Zn + N120-P60-K40,120.0,60.0,40.0,0.0,False,False,False,True,7765.0,120.0,True,123.07791371538957,1792.0,0.0,False,,,,,79.64166666666667
2019,Doti,Ghanteshwor,Doti | Ghanteshwor,A1,A1,A block,3,3,3,3,8365.583333333334,1400.6285270668072,7045.75,9835.0,8.365583333333333,,,,,,,34020.333333333336,18703.33333333333,9259.256666666666,23.133333333333336,maize_postharvest_2019,a1,2019 Hybrid strategy block,Hybrid,4,Government-recommended NPK reference,Hybrid N120-P60-K40,120.0,60.0,40.0,0.0,False,True,False,True,8365.583333333334,120.0,True,100.0,0.0,0.0,False,,,,,69.71319444444445
2019,Doti,Ghanteshwor,Doti | Ghanteshwor,A4,A4,A block,3,3,3,3,8119.973333333332,490.4093006187111,7698.0,8658.0,8.119973333333334,,,,,,,28372.74,15073.813333333334,8988.553333333333,23.2,maize_postharvest_2019,a4,2019 Hybrid strategy block,Hybrid,6,Efficiency and nutrient-management alternatives,Hybrid PCU N60-P60-K40,60.0,60.0,40.0,0.0,False,False,False,True,8365.583333333334,120.0,True,97.06404215685296,-245.6100000000015,-60.0,True,60.0,,,,135.33288888888887
2019,Doti,Ghanteshwor,Doti | Ghanteshwor,A5,A5,A block,3,3,3,3,36223.18,49169.5817445827,7669.54,92999.0,36.22318,,,,,,,27996.0,14925.406666666668,9128.48,22.3,maize_postharvest_2019,a5,2019 Hybrid strategy block,Hybrid,6,Efficiency and nutrient-management alternatives,Hybrid UDP N78-P60-K40,78.0,60.0,40.0,0.0,False,False,False,True,8365.583333333334,120.0,True,433.0024405550519,27857.596666666665,-42.0,True,42.0,,,,464.3997435897436
2019,Doti,Ghanteshwor,Doti | Ghanteshwor,A2,A2,A block,3,3,3,3,7890.006666666667,483.3144319522574,7332.02,8178.0,7.890006666666667,,,,,,,28840.626666666667,19370.22,8766.293333333333,23.266666666666666,maize_postharvest_2019,a2,2019 Hybrid strategy block,Hybrid,6,Efficiency and nutrient-management alternatives,Hybrid FYM 6 t/ha + N120-P60-K40,120.0,60.0,40.0,6.0,False,False,False,False,8365.583333333334,120.0,True,94.3150806379312,-475.5766666666668,0.0,False,,,,,
2019,Doti,Ghanteshwor,Doti | Ghanteshwor,A3,A3,A block,3,3,3,3,7544.333333333333,647.8713864134867,6801.0,7989.0,7.544333333333333,,,,,,,26118.666666666668,14370.073333333334,8389.96,23.46666666666667,maize_postharvest_2019,a3,2019 Hybrid strategy block,Hybrid,6,Efficiency and nutrient-management alternatives,Hybrid Zn + N120-P60-K40,120.0,60.0,40.0,0.0,False,False,False,True,8365.583333333334,120.0,True,90.18299182165019,-821.2500000000009,0.0,False,,,,,62.86944444444444
2019,Kavre,Bhakundebesi,Kavre | Bhakundebesi,A1,A1,A block,1,1,1,1,5441.86,,5441.86,5441.86,5.441859999999999,,,,,,,19816.67,7833.33,6000.0,22.0,maize_postharvest_2019,a1,2019 Hybrid strategy block,Hybrid,4,Government-recommended NPK reference,Hybrid N120-P60-K40,120.0,60.0,40.0,0.0,False,True,False,True,5441.86,120.0,True,100.0,0.0,0.0,False,,,,,45.34883333333333
2019,Kavre,Bhakundebesi,Kavre | Bhakundebesi,A4,A4,A block,1,1,1,1,6507.558,,6507.558,6507.558,6.507558,,,,,,,22408.33,9062.5,6833.33,18.1,maize_postharvest_2019,a4,2019 Hybrid strategy block,Hybrid,6,Efficiency and nutrient-management alternatives,Hybrid PCU N60-P60-K40,60.0,60.0,40.0,0.0,False,False,False,True,5441.86,120.0,True,119.58334099002916,1065.6980000000003,-60.0,True,60.0,,,,108.4593
2019,Kavre,Bhakundebesi,Kavre | Bhakundebesi,A5,A5,A block,1,1,1,1,7176.599,,7176.599,7176.599,7.176599,,,,,,,22633.33,10137.5,7812.5,21.0,maize_postharvest_2019,a5,2019 Hybrid strategy block,Hybrid,6,Efficiency and nutrient-management alternatives,Hybrid UDP N78-P60-K40,78.0,60.0,40.0,0.0,False,False,False,True,5441.86,120.0,True,131.87768520322098,1734.7390000000005,-42.0,True,42.0,,,,92.00767948717949
2019,Kavre,Bhakundebesi,Kavre | Bhakundebesi,A2,A2,A block,1,1,1,1,4936.434,,4936.434,4936.434,4.936434,,,,,,,23750.0,7000.0,5333.33,20.4,maize_postharvest_2019,a2,2019 Hybrid strategy block,Hybrid,6,Efficiency and nutrient-management alternatives,Hybrid FYM 6 t/ha + N120-P60-K40,120.0,60.0,40.0,6.0,False,False,False,False,5441.86,120.0,True,90.71225647113305,-505.4259999999995,0.0,False,,,,,
2019,Kavre,Bhakundebesi,Kavre | Bhakundebesi,A3,A3,A block,1,1,1,1,5691.06,,5691.06,5691.06,5.69106,,,,,,,20625.0,7725.0,6187.5,20.9,maize_postharvest_2019,a3,2019 Hybrid strategy block,Hybrid,6,Efficiency and nutrient-management alternatives,Hybrid Zn + N120-P60-K40,120.0,60.0,40.0,0.0,False,False,False,True,5441.86,120.0,True,104.57931663071084,249.20000000000073,0.0,False,,,,,47.42550000000001
2019,Makwanpur,,Makwanpur | ,A1,A1,A block,1,1,1,1,6932.01,,6932.01,6932.01,6.93201,,,,,,,22333.33,12333.33,7433.33,19.8,maize_postharvest_2019,a1,2019 Hybrid strategy block,Hybrid,4,Government-recommended NPK reference,Hybrid N120-P60-K40,120.0,60.0,40.0,0.0,False,True,False,True,6932.01,120.0,True,100.0,0.0,0.0,False,,,,,57.76675
2019,Makwanpur,,Makwanpur | ,A4,A4,A block,1,1,1,1,6605.62,,6605.62,6605.62,6.60562,,,,,,,25000.0,12083.33,7083.33,19.8,maize_postharvest_2019,a4,2019 Hybrid strategy block,Hybrid,6,Efficiency and nutrient-management alternatives,Hybrid PCU N60-P60-K40,60.0,60.0,40.0,0.0,False,False,False,True,6932.01,120.0,True,95.29155324357582,-326.3900000000003,-60.0,True,60.0,,,,110.09366666666666
2019,Makwanpur,,Makwanpur | ,A5,A5,A block,1,1,1,1,6761.04,,6761.04,6761.04,6.76104,,,,,,,27500.0,12250.0,7250.0,19.8,maize_postharvest_2019,a5,2019 Hybrid strategy block,Hybrid,6,Efficiency and nutrient-management alternatives,Hybrid UDP N78-P60-K40,78.0,60.0,40.0,0.0,False,False,False,True,6932.01,120.0,True,97.5336157910909,-170.97000000000025,-42.0,True,42.0,,,,86.67999999999999
2019,Makwanpur,,Makwanpur | ,A2,A2,A block,1,1,1,1,6061.62,,6061.62,6061.62,6.06162,,,,,,,26666.67,11683.33,6500.0,19.8,maize_postharvest_2019,a2,2019 Hybrid strategy block,Hybrid,6,Efficiency and nutrient-management alternatives,Hybrid FYM 6 t/ha + N120-P60-K40,120.0,60.0,40.0,6.0,False,False,False,False,6932.01,120.0,True,87.4439015523636,-870.3900000000003,0.0,False,,,,,
2019,Makwanpur,,Makwanpur | ,A3,A3,A block,1,1,1,1,6434.65,,6434.65,6434.65,6.43465,,,,,,,25833.33,12233.33,6900.0,19.8,maize_postharvest_2019,a3,2019 Hybrid strategy block,Hybrid,6,Efficiency and nutrient-management alternatives,Hybrid Zn + N120-P60-K40,120.0,60.0,40.0,0.0,False,False,False,True,6932.01,120.0,True,92.82516903466671,-497.3600000000006,0.0,False,,,,,53.62208333333333
2019,Nuwakot,,Nuwakot | ,A1,A1,A block,2,2,1,2,6527.903,0.004242640687662,6527.9,6527.906,6.527903,,,,,,,22333.33,10333.33,7000.0,19.8,maize_postharvest_2019,a1,2019 Hybrid strategy block,Hybrid,4,Government-recommended NPK reference,Hybrid N120-P60-K40,120.0,60.0,40.0,0.0,False,True,False,True,6527.903,120.0,True,100.0,0.0,0.0,False,,,,,54.39919166666667
2019,Nuwakot,,Nuwakot | ,A4,A4,A block,2,2,1,2,7911.2,0.0,7911.2,7911.2,7.9112,,,,,,,25000.0,12083.33,8483.66,19.8,maize_postharvest_2019,a4,2019 Hybrid strategy block,Hybrid,6,Efficiency and nutrient-management alternatives,Hybrid PCU N60-P60-K40,60.0,60.0,40.0,0.0,False,False,False,True,6527.903,120.0,True,121.1905262685429,1383.2969999999996,-60.0,True,60.0,,,,131.85333333333332
2019,Nuwakot,,Nuwakot | ,A5,A5,A block,2,2,1,2,8268.68,0.0,8268.68,8268.68,8.26868,,,,,,,27500.0,12500.0,8866.6685,19.8,maize_postharvest_2019,a5,2019 Hybrid strategy block,Hybrid,6,Efficiency and nutrient-management alternatives,Hybrid UDP N78-P60-K40,78.0,60.0,40.0,0.0,False,False,False,True,6527.903,120.0,True,126.66671058071788,1740.777,-42.0,True,42.0,,,,106.00871794871796
2019,Nuwakot,,Nuwakot | ,A2,A2,A block,2,2,1,2,9170.155,0.0,9170.155,9170.155,9.170155,,,,,,,26666.67,13500.0,9833.33,19.8,maize_postharvest_2019,a2,2019 Hybrid strategy block,Hybrid,6,Efficiency and nutrient-management alternatives,Hybrid FYM 6 t/ha + N120-P60-K40,120.0,60.0,40.0,6.0,False,False,False,False,6527.903,120.0,True,140.47627545936268,2642.2520000000004,0.0,False,,,,,
2019,Nuwakot,,Nuwakot | ,A3,A3,A block,2,2,1,2,7351.67,0.0,7351.67,7351.67,7.35167,,,,,,,25833.33,11150.0,7883.33,19.8,maize_postharvest_2019,a3,2019 Hybrid strategy block,Hybrid,6,Efficiency and nutrient-management alternatives,Hybrid Zn + N120-P60-K40,120.0,60.0,40.0,0.0,False,False,False,True,6527.903,120.0,True,112.61916728848452,823.7669999999998,0.0,False,,,,,61.26391666666667
2019,Palpa,Devinagar,Palpa | Devinagar,A1,A1,A block,1,1,1,1,9681.212121,,9681.212121,9681.212121,9.681212121,,,,,,,19000.0,18333.3333,10866.66667,21.6,maize_postharvest_2019,a1,2019 Hybrid strategy block,Hybrid,4,Government-recommended NPK reference,Hybrid N120-P60-K40,120.0,60.0,40.0,0.0,False,True,False,True,9681.212121,120.0,True,100.0,0.0,0.0,False,,,,,80.67676767500001
2019,Palpa,Devinagar,Palpa | Devinagar,A4,A4,A block,1,1,1,1,9903.484848,,9903.484848,9903.484848,9.903484848,,,,,,,19333.33333,15000.0,8863.333333,20.7,maize_postharvest_2019,a4,2019 Hybrid strategy block,Hybrid,6,Efficiency and nutrient-management alternatives,Hybrid PCU N60-P60-K40,60.0,60.0,40.0,0.0,False,False,False,True,9681.212121,120.0,True,102.29591836458016,222.27272699999958,-60.0,True,60.0,,,,165.0580808
2019,Palpa,Devinagar,Palpa | Devinagar,A5,A5,A block,1,1,1,1,9903.484848,,9903.484848,9903.484848,9.903484848,,,,,,,17333.33333,17000.0,10866.66667,19.8,maize_postharvest_2019,a5,2019 Hybrid strategy block,Hybrid,6,Efficiency and nutrient-management alternatives,Hybrid UDP N78-P60-K40,78.0,60.0,40.0,0.0,False,False,False,True,9681.212121,120.0,True,102.29591836458016,222.27272699999958,-42.0,True,42.0,,,,126.96775446153846
2019,Palpa,Devinagar,Palpa | Devinagar,A2,A2,A block,1,1,1,1,9850.909091,,9850.909091,9850.909091,9.850909091,,,,,,,20333.33333,17833.3333,11466.66667,24.4,maize_postharvest_2019,a2,2019 Hybrid strategy block,Hybrid,6,Efficiency and nutrient-management alternatives,Hybrid FYM 6 t/ha + N120-P60-K40,120.0,60.0,40.0,6.0,False,False,False,False,9681.212121,120.0,True,101.75284838178374,169.69696999999906,0.0,False,,,,,
2019,Palpa,Devinagar,Palpa | Devinagar,A3,A3,A block,1,1,1,1,11846.12121,,11846.12121,11846.12121,11.84612121,,,,,,,20166.66667,18000.0,13296.66667,21.6,maize_postharvest_2019,a3,2019 Hybrid strategy block,Hybrid,6,Efficiency and nutrient-management alternatives,Hybrid Zn + N120-P60-K40,120.0,60.0,40.0,0.0,False,False,False,True,9681.212121,120.0,True,122.36196317095447,2164.909088999999,0.0,False,,,,,98.71767675
2019,Salyan,,Salyan | ,A1,A1,A block,3,3,3,3,10855.666666666666,109.7375657344983,10742.0,10961.0,10.855666666666666,,,,,,,25166.33333333333,18333.33333333333,13777.666666666666,28.633333333333336,maize_postharvest_2019,a1,2019 Hybrid strategy block,Hybrid,4,Government-recommended NPK reference,Hybrid N120-P60-K40,120.0,60.0,40.0,0.0,False,True,False,True,10855.666666666666,120.0,True,99.99999999999999,0.0,0.0,False,,,,,90.46388888888889
2019,Salyan,,Salyan | ,A4,A4,A block,3,3,3,3,8642.333333333334,1800.2070251316466,6613.0,10047.0,8.642333333333333,,,,,,,36222.333333333336,14778.0,10922.333333333334,30.433333333333334,maize_postharvest_2019,a4,2019 Hybrid strategy block,Hybrid,6,Efficiency and nutrient-management alternatives,Hybrid PCU N60-P60-K40,60.0,60.0,40.0,0.0,False,False,False,True,10855.666666666666,120.0,True,79.61126293487273,-2213.333333333332,-60.0,True,0.0,,,,144.0388888888889
2019,Salyan,,Salyan | ,A5,A5,A block,3,3,3,3,9544.666666666666,2916.886925016692,6202.0,11574.0,9.544666666666666,,,,,,,37000.0,14555.666666666666,11977.666666666666,29.6,maize_postharvest_2019,a5,2019 Hybrid strategy block,Hybrid,6,Efficiency and nutrient-management alternatives,Hybrid UDP N78-P60-K40,78.0,60.0,40.0,0.0,False,False,False,True,10855.666666666666,120.0,True,87.92335800042989,-1311.0,-42.0,True,0.0,,,,122.36752136752136
2019,Salyan,,Salyan | ,A2,A2,A block,3,3,3,3,10848.666666666666,368.7578247757375,10545.0,11259.0,10.848666666666666,,,,,,,38888.66666666666,18111.33333333333,13677.666666666666,29.33333333333333,maize_postharvest_2019,a2,2019 Hybrid strategy block,Hybrid,6,Efficiency and nutrient-management alternatives,Hybrid FYM 6 t/ha + N120-P60-K40,120.0,60.0,40.0,6.0,False,False,False,False,10855.666666666666,120.0,True,99.9355175484386,-7.0,0.0,False,,,,,
2019,Salyan,,Salyan | ,A3,A3,A block,3,3,3,3,9722.666666666666,2235.6328708742262,7161.0,11280.0,9.722666666666669,,,,,,,37000.0,16444.333333333332,12133.333333333334,29.6,maize_postharvest_2019,a3,2019 Hybrid strategy block,Hybrid,6,Efficiency and nutrient-management alternatives,Hybrid Zn + N120-P60-K40,120.0,60.0,40.0,0.0,False,False,False,True,10855.666666666666,120.0,True,89.56305462584825,-1133.0,0.0,False,,,,,81.02222222222221
2019,Surkhet,Babiyachaur,Surkhet | Babiyachaur,A1,A1,A block,1,1,1,1,12544.0,,12544.0,12544.0,12.544,,,,,,,37117.0,17367.0,13833.0,20.2,maize_postharvest_2019,a1,2019 Hybrid strategy block,Hybrid,4,Government-recommended NPK reference,Hybrid N120-P60-K40,120.0,60.0,40.0,0.0,False,True,False,True,12544.0,120.0,True,100.0,0.0,0.0,False,,,,,104.53333333333333
2019,Surkhet,Babiyachaur,Surkhet | Babiyachaur,A4,A4,A block,1,1,1,1,13242.42,,13242.42,13242.42,13.24242,,,,,,,28523.33,15610.0,13983.33,19.0,maize_postharvest_2019,a4,2019 Hybrid strategy block,Hybrid,6,Efficiency and nutrient-management alternatives,Hybrid PCU N60-P60-K40,60.0,60.0,40.0,0.0,False,False,False,True,12544.0,120.0,True,105.56776147959184,698.4200000000001,-60.0,True,60.0,,,,220.707
2019,Surkhet,Babiyachaur,Surkhet | Babiyachaur,A5,A5,A block,1,1,1,1,12871.022,,12871.022,12871.022,12.871022,,,,,,,28523.33,15610.0,13983.33,19.0,maize_postharvest_2019,a5,2019 Hybrid strategy block,Hybrid,6,Efficiency and nutrient-management alternatives,Hybrid UDP N78-P60-K40,78.0,60.0,40.0,0.0,False,False,False,True,12544.0,120.0,True,102.6069993622449,327.02200000000084,-42.0,True,42.0,,,,165.01310256410258
2019,Surkhet,Babiyachaur,Surkhet | Babiyachaur,A2,A2,A block,1,1,1,1,12717.8,,12717.8,12717.8,12.7178,,,,,,,37623.33,20716.66,14166.66,21.0,maize_postharvest_2019,a2,2019 Hybrid strategy block,Hybrid,6,Efficiency and nutrient-management alternatives,Hybrid FYM 6 t/ha + N120-P60-K40,120.0,60.0,40.0,6.0,False,False,False,False,12544.0,120.0,True,101.38552295918367,173.79999999999927,0.0,False,,,,,
2019,Surkhet,Babiyachaur,Surkhet | Babiyachaur,A3,A3,A block,1,1,1,1,13721.59,,13721.59,13721.59,13.72159,,,,,,,32130.0,16576.66,15000.0,19.5,maize_postharvest_2019,a3,2019 Hybrid strategy block,Hybrid,6,Efficiency and nutrient-management alternatives,Hybrid Zn + N120-P60-K40,120.0,60.0,40.0,0.0,False,False,False,True,12544.0,120.0,True,109.38767538265306,1177.5900000000001,0.0,False,,,,,114.34658333333333
2019,Surkhet,Kalyan,Surkhet | Kalyan,A1,A1,A block,1,1,1,1,8526.0,,8526.0,8526.0,8.526,,,,,,,21883.0,16643.0,10003.0,25.0,maize_postharvest_2019,a1,2019 Hybrid strategy block,Hybrid,4,Government-recommended NPK reference,Hybrid N120-P60-K40,120.0,60.0,40.0,0.0,False,True,False,True,8526.0,120.0,True,100.0,0.0,0.0,False,,,,,71.05
2019,Surkhet,Kalyan,Surkhet | Kalyan,A4,A4,A block,1,1,1,1,10379.0,,10379.0,10379.0,10.379,,,,,,,28523.0,17867.0,11417.0,20.0,maize_postharvest_2019,a4,2019 Hybrid strategy block,Hybrid,6,Efficiency and nutrient-management alternatives,Hybrid PCU N60-P60-K40,60.0,60.0,40.0,0.0,False,False,False,True,8526.0,120.0,True,121.73352099460473,1853.0,-60.0,True,60.0,,,,172.98333333333332
2019,Surkhet,Kalyan,Surkhet | Kalyan,A5,A5,A block,1,1,1,1,9451.0,,9451.0,9451.0,9.451,,,,,,,22977.0,14333.0,10943.0,24.0,maize_postharvest_2019,a5,2019 Hybrid strategy block,Hybrid,6,Efficiency and nutrient-management alternatives,Hybrid UDP N78-P60-K40,78.0,60.0,40.0,0.0,False,False,False,True,8526.0,120.0,True,110.84916725310813,925.0,-42.0,True,42.0,,,,121.16666666666667
2019,Surkhet,Kalyan,Surkhet | Kalyan,A2,A2,A block,1,1,1,1,10057.0,,10057.0,10057.0,10.057,,,,,,,21787.0,17773.0,11707.0,24.4,maize_postharvest_2019,a2,2019 Hybrid strategy block,Hybrid,6,Efficiency and nutrient-management alternatives,Hybrid FYM 6 t/ha + N120-P60-K40,120.0,60.0,40.0,6.0,False,False,False,False,8526.0,120.0,True,117.95683790757683,1531.0,0.0,False,,,,,
2019,Surkhet,Kalyan,Surkhet | Kalyan,A3,A3,A block,1,1,1,1,9882.0,,9882.0,9882.0,9.882,,,,,,,22387.0,17637.0,11293.0,23.0,maize_postharvest_2019,a3,2019 Hybrid strategy block,Hybrid,6,Efficiency and nutrient-management alternatives,Hybrid Zn + N120-P60-K40,120.0,60.0,40.0,0.0,False,False,False,True,8526.0,120.0,True,115.9042927515834,1356.0,0.0,False,,,,,82.35
2019,Surkhet,Kunathari,Surkhet | Kunathari,A1,A1,A block,1,1,1,1,8022.0,,8022.0,8022.0,8.022,,,,,,,24427.0,16877.0,9050.0,22.0,maize_postharvest_2019,a1,2019 Hybrid strategy block,Hybrid,4,Government-recommended NPK reference,Hybrid N120-P60-K40,120.0,60.0,40.0,0.0,False,True,False,True,8022.0,120.0,True,100.0,0.0,0.0,False,,,,,66.85
2019,Surkhet,Kunathari,Surkhet | Kunathari,A4,A4,A block,1,1,1,1,8077.0,,8077.0,8077.0,8.077,,,,,,,30587.0,16476.0,9243.0,23.1,maize_postharvest_2019,a4,2019 Hybrid strategy block,Hybrid,6,Efficiency and nutrient-management alternatives,Hybrid PCU N60-P60-K40,60.0,60.0,40.0,0.0,False,False,False,True,8022.0,120.0,True,100.68561455996011,55.0,-60.0,True,60.0,,,,134.61666666666667
2019,Surkhet,Kunathari,Surkhet | Kunathari,A5,A5,A block,1,1,1,1,8159.0,,8159.0,8159.0,8.159,,,,,,,28433.0,16150.0,9100.0,21.1,maize_postharvest_2019,a5,2019 Hybrid strategy block,Hybrid,6,Efficiency and nutrient-management alternatives,Hybrid UDP N78-P60-K40,78.0,60.0,40.0,0.0,False,False,False,True,8022.0,120.0,True,101.70780354026428,137.0,-42.0,True,42.0,,,,104.6025641025641
2019,Surkhet,Kunathari,Surkhet | Kunathari,A2,A2,A block,1,1,1,1,8740.0,,8740.0,8740.0,8.74,,,,,,,243447.0,17173.0,9873.0,22.1,maize_postharvest_2019,a2,2019 Hybrid strategy block,Hybrid,6,Efficiency and nutrient-management alternatives,Hybrid FYM 6 t/ha + N120-P60-K40,120.0,60.0,40.0,6.0,False,False,False,False,8022.0,120.0,True,108.95038643729744,718.0,0.0,False,,,,,
2019,Surkhet,Kunathari,Surkhet | Kunathari,A3,A3,A block,1,1,1,1,9693.0,,9693.0,9693.0,9.693,,,,,,,30313.0,16873.0,10650.0,19.9,maize_postharvest_2019,a3,2019 Hybrid strategy block,Hybrid,6,Efficiency and nutrient-management alternatives,Hybrid Zn + N120-P60-K40,120.0,60.0,40.0,0.0,False,False,False,True,8022.0,120.0,True,120.83021690351534,1671.0,0.0,False,,,,,80.775
2019,Surkhet,Lekhpharsa,Surkhet | Lekhpharsa,A1,A1,A block,1,1,1,1,8962.0,,8962.0,8962.0,8.962,,,,,,,23667.0,19733.0,9833.0,19.8,maize_postharvest_2019,a1,2019 Hybrid strategy block,Hybrid,4,Government-recommended NPK reference,Hybrid N120-P60-K40,120.0,60.0,40.0,0.0,False,True,False,True,8962.0,120.0,True,100.0,0.0,0.0,False,,,,,74.68333333333334
2019,Surkhet,Lekhpharsa,Surkhet | Lekhpharsa,A4,A4,A block,1,1,1,1,7105.0,,7105.0,7105.0,7.105,,,,,,,17090.0,13983.0,7767.0,19.5,maize_postharvest_2019,a4,2019 Hybrid strategy block,Hybrid,6,Efficiency and nutrient-management alternatives,Hybrid PCU N60-P60-K40,60.0,60.0,40.0,0.0,False,False,False,True,8962.0,120.0,True,79.27917875474225,-1857.0,-60.0,True,0.0,,,,118.41666666666667
2019,Surkhet,Lekhpharsa,Surkhet | Lekhpharsa,A5,A5,A block,1,1,1,1,8926.0,,8926.0,8926.0,8.926,,,,,,,20400.0,17300.0,9807.0,19.9,maize_postharvest_2019,a5,2019 Hybrid strategy block,Hybrid,6,Efficiency and nutrient-management alternatives,Hybrid UDP N78-P60-K40,78.0,60.0,40.0,0.0,False,False,False,True,8962.0,120.0,True,99.59830395001116,-36.0,-42.0,True,42.0,,,,114.43589743589743
2019,Surkhet,Lekhpharsa,Surkhet | Lekhpharsa,A2,A2,A block,1,1,1,1,8497.0,,8497.0,8497.0,8.497,,,,,,,17050.0,17060.0,9347.0,20.0,maize_postharvest_2019,a2,2019 Hybrid strategy block,Hybrid,6,Efficiency and nutrient-management alternatives,Hybrid FYM 6 t/ha + N120-P60-K40,120.0,60.0,40.0,6.0,False,False,False,False,8962.0,120.0,True,94.81142602097746,-465.0,0.0,False,,,,,
2019,Surkhet,Lekhpharsa,Surkhet | Lekhpharsa,A3,A3,A block,1,1,1,1,6313.0,,6313.0,6313.0,6.313,,,,,,,16423.0,19500.0,7050.0,21.2,maize_postharvest_2019,a3,2019 Hybrid strategy block,Hybrid,6,Efficiency and nutrient-management alternatives,Hybrid Zn + N120-P60-K40,120.0,60.0,40.0,0.0,False,False,False,True,8962.0,120.0,True,70.44186565498772,-2649.0,0.0,False,,,,,52.608333333333334
2019,Surkhet,Maintada-2,Surkhet | Maintada-2,A1,A1,A block,1,1,1,1,3560.0,,3560.0,3560.0,3.56,,,,,,,12103.0,11300.0,4090.0,23.4,maize_postharvest_2019,a1,2019 Hybrid strategy block,Hybrid,4,Government-recommended NPK reference,Hybrid N120-P60-K40,120.0,60.0,40.0,0.0,False,True,False,True,3560.0,120.0,True,100.0,0.0,0.0,False,,,,,29.666666666666668
2019,Surkhet,Maintada-2,Surkhet | Maintada-2,A4,A4,A block,1,1,1,1,7154.0,,7154.0,7154.0,7.154,,,,,,,15127.0,18667.0,8133.0,22.6,maize_postharvest_2019,a4,2019 Hybrid strategy block,Hybrid,6,Efficiency and nutrient-management alternatives,Hybrid PCU N60-P60-K40,60.0,60.0,40.0,0.0,False,False,False,True,3560.0,120.0,True,200.95505617977528,3594.0,-60.0,True,60.0,,,,119.23333333333333
2019,Surkhet,Maintada-2,Surkhet | Maintada-2,A5,A5,A block,1,1,1,1,6922.0,,6922.0,6922.0,6.922,,,,,,,16293.0,13300.0,7850.0,22.4,maize_postharvest_2019,a5,2019 Hybrid strategy block,Hybrid,6,Efficiency and nutrient-management alternatives,Hybrid UDP N78-P60-K40,78.0,60.0,40.0,0.0,False,False,False,True,3560.0,120.0,True,194.43820224719101,3362.0,-42.0,True,42.0,,,,88.74358974358974
2019,Surkhet,Maintada-2,Surkhet | Maintada-2,A2,A2,A block,1,1,1,1,7091.0,,7091.0,7091.0,7.091,,,,,,,10967.0,13633.0,8200.0,23.9,maize_postharvest_2019,a2,2019 Hybrid strategy block,Hybrid,6,Efficiency and nutrient-management alternatives,Hybrid FYM 6 t/ha + N120-P60-K40,120.0,60.0,40.0,6.0,False,False,False,False,3560.0,120.0,True,199.18539325842696,3531.0,0.0,False,,,,,
2019,Surkhet,Maintada-2,Surkhet | Maintada-2,A3,A3,A block,1,1,1,1,7880.0,,7880.0,7880.0,7.88,,,,,,,13300.0,14317.0,8833.0,21.5,maize_postharvest_2019,a3,2019 Hybrid strategy block,Hybrid,6,Efficiency and nutrient-management alternatives,Hybrid Zn + N120-P60-K40,120.0,60.0,40.0,0.0,False,False,False,True,3560.0,120.0,True,221.34831460674158,4320.0,0.0,False,,,,,65.66666666666667
2019,Surkhet,Ramghat,Surkhet | Ramghat,A1,A1,A block,4,4,4,4,10350.25,1913.6604322606447,8628.0,13027.0,10.35025,,,,,,,15178.25,17114.25,11381.75,19.95,maize_postharvest_2019,a1,2019 Hybrid strategy block,Hybrid,4,Government-recommended NPK reference,Hybrid N120-P60-K40,120.0,60.0,40.0,0.0,False,True,False,True,10350.25,120.0,True,100.0,0.0,0.0,False,,,,,86.25208333333333
2019,Surkhet,Ramghat,Surkhet | Ramghat,A4,A4,A block,4,4,4,4,11927.25,1963.4930396277616,9251.0,13692.0,11.92725,,,,,,,16855.75,18291.75,12777.5,13.5,maize_postharvest_2019,a4,2019 Hybrid strategy block,Hybrid,6,Efficiency and nutrient-management alternatives,Hybrid PCU N60-P60-K40,60.0,60.0,40.0,0.0,False,False,False,True,10350.25,120.0,True,115.23634694814135,1577.0,-60.0,True,60.0,,,,198.7875
2019,Surkhet,Ramghat,Surkhet | Ramghat,A5,A5,A block,4,4,4,4,11801.0,2411.49082519507,9067.0,14477.0,11.801,,,,,,,18407.5,20356.75,12741.75,18.6,maize_postharvest_2019,a5,2019 Hybrid strategy block,Hybrid,6,Efficiency and nutrient-management alternatives,Hybrid UDP N78-P60-K40,78.0,60.0,40.0,0.0,False,False,False,True,10350.25,120.0,True,114.01656964807613,1450.75,-42.0,True,42.0,,,,151.2948717948718
2019,Surkhet,Ramghat,Surkhet | Ramghat,A2,A2,A block,4,4,4,4,10988.75,1234.5704718646075,9757.0,12535.0,10.98875,,,,,,,17102.25,18322.0,11920.75,18.975,maize_postharvest_2019,a2,2019 Hybrid strategy block,Hybrid,6,Efficiency and nutrient-management alternatives,Hybrid FYM 6 t/ha + N120-P60-K40,120.0,60.0,40.0,6.0,False,False,False,False,10350.25,120.0,True,106.16893311755754,638.5,0.0,False,,,,,
2019,Surkhet,Ramghat,Surkhet | Ramghat,A3,A3,A block,4,4,4,4,12060.25,3317.3159205397765,8819.0,16692.0,12.06025,,,,,,,18032.5,17069.25,11443.5,18.075,maize_postharvest_2019,a3,2019 Hybrid strategy block,Hybrid,6,Efficiency and nutrient-management alternatives,Hybrid Zn + N120-P60-K40,120.0,60.0,40.0,0.0,False,False,False,True,10350.25,120.0,True,116.52134006424966,1710.0,0.0,False,,,,,100.50208333333333
2019,Dang,Dhikpur,Dang | Dhikpur,B1,B1,B block,2,2,2,2,8582.0,1426.9414844344528,7573.0,9591.0,8.582,,,,,,,18437.0,14125.0,9000.0,16.65,maize_postharvest_2019,b1,2019 OPV strategy block,OPV,4,Government-recommended NPK reference,OPV N120-P60-K40,120.0,60.0,40.0,0.0,False,True,False,True,8582.0,120.0,True,100.0,0.0,0.0,False,,,,,71.51666666666667
2019,Dang,Dhikpur,Dang | Dhikpur,B4,B4,B block,2,2,2,2,6299.5,2206.880264083215,4739.0,7860.0,6.2995,,,,,,,23068.5,10760.0,6666.5,16.8,maize_postharvest_2019,b4,2019 OPV strategy block,OPV,6,Efficiency and nutrient-management alternatives,OPV PCU N60-P60-K40,60.0,60.0,40.0,0.0,False,False,False,True,8582.0,120.0,True,73.40363551619669,-2282.5,-60.0,True,0.0,,,,104.99166666666666
2019,Dang,Dhikpur,Dang | Dhikpur,B5,B5,B block,2,2,2,2,5987.5,20.50609665440988,5973.0,6002.0,5.9875,,,,,,,20350.0,10791.5,6333.0,16.8,maize_postharvest_2019,b5,2019 OPV strategy block,OPV,6,Efficiency and nutrient-management alternatives,OPV UDP N78-P60-K40,78.0,60.0,40.0,0.0,False,False,False,True,8582.0,120.0,True,69.76811931950594,-2594.5,-42.0,True,0.0,,,,76.76282051282051
2019,Dang,Dhikpur,Dang | Dhikpur,B2,B2,B block,2,2,2,2,9152.5,2693.36972953956,7248.0,11057.0,9.1525,,,,,,,19367.0,10750.0,9667.0,16.700000000000003,maize_postharvest_2019,b2,2019 OPV strategy block,OPV,6,Efficiency and nutrient-management alternatives,OPV FYM 6 t/ha + N120-P60-K40,120.0,60.0,40.0,6.0,False,False,False,False,8582.0,120.0,True,106.64763458401305,570.5,0.0,False,,,,,
2019,Dang,Dhikpur,Dang | Dhikpur,B3,B3,B block,2,2,2,2,8817.5,965.2007563196372,8135.0,9500.0,8.817499999999999,,,,,,,19700.0,10535.0,9333.5,16.9,maize_postharvest_2019,b3,2019 OPV strategy block,OPV,6,Efficiency and nutrient-management alternatives,OPV Zn + N120-P60-K40,120.0,60.0,40.0,0.0,False,False,False,True,8582.0,120.0,True,102.74411559077139,235.5,0.0,False,,,,,73.47916666666667
2019,Dang,Laxmipur,Dang | Laxmipur,B1,B1,B block,2,2,2,2,9760.0,14.142135623730953,9750.0,9770.0,9.76,,,,,,,20500.0,12061.5,10617.0,19.1,maize_postharvest_2019,b1,2019 OPV strategy block,OPV,4,Government-recommended NPK reference,OPV N120-P60-K40,120.0,60.0,40.0,0.0,False,True,False,True,9760.0,120.0,True,100.0,0.0,0.0,False,,,,,81.33333333333333
2019,Dang,Laxmipur,Dang | Laxmipur,B4,B4,B block,2,2,2,2,8351.5,297.6919548795365,8141.0,8562.0,8.3515,,,,,,,19333.5,8533.5,9016.5,18.5,maize_postharvest_2019,b4,2019 OPV strategy block,OPV,6,Efficiency and nutrient-management alternatives,OPV PCU N60-P60-K40,60.0,60.0,40.0,0.0,False,False,False,True,9760.0,120.0,True,85.5686475409836,-1408.5,-60.0,True,0.0,,,,139.19166666666666
2019,Dang,Laxmipur,Dang | Laxmipur,B5,B5,B block,2,2,2,2,7510.0,1435.4267658086917,6495.0,8525.0,7.51,,,,,,,20433.5,8686.5,8275.0,20.3,maize_postharvest_2019,b5,2019 OPV strategy block,OPV,6,Efficiency and nutrient-management alternatives,OPV UDP N78-P60-K40,78.0,60.0,40.0,0.0,False,False,False,True,9760.0,120.0,True,76.94672131147541,-2250.0,-42.0,True,0.0,,,,96.28205128205128
2019,Dang,Laxmipur,Dang | Laxmipur,B2,B2,B block,2,2,2,2,9638.0,937.623591853362,8975.0,10301.0,9.638,,,,,,,21000.0,69993.5,10778.0,21.3,maize_postharvest_2019,b2,2019 OPV strategy block,OPV,6,Efficiency and nutrient-management alternatives,OPV FYM 6 t/ha + N120-P60-K40,120.0,60.0,40.0,6.0,False,False,False,False,9760.0,120.0,True,98.75,-122.0,0.0,False,,,,,
2019,Dang,Laxmipur,Dang | Laxmipur,B3,B3,B block,2,2,2,2,8025.5,2250.7208845167806,6434.0,9617.0,8.025500000000001,,,,,,,19833.5,9983.0,8683.0,18.8,maize_postharvest_2019,b3,2019 OPV strategy block,OPV,6,Efficiency and nutrient-management alternatives,OPV Zn + N120-P60-K40,120.0,60.0,40.0,0.0,False,False,False,True,9760.0,120.0,True,82.22848360655738,-1734.5,0.0,False,,,,,66.87916666666666
2019,Dang,Panchakule,Dang | Panchakule,B1,B1,B block,1,1,1,1,6679.0,,6679.0,6679.0,6.679,,,,,,,2233.0,17430.0,7383.0,20.4,maize_postharvest_2019,b1,2019 OPV strategy block,OPV,4,Government-recommended NPK reference,OPV N120-P60-K40,120.0,60.0,40.0,0.0,False,True,False,True,6679.0,120.0,True,100.0,0.0,0.0,False,,,,,55.65833333333333
2019,Dang,Panchakule,Dang | Panchakule,B4,B4,B block,1,1,1,1,8304.0,,8304.0,8304.0,8.304,,,,,,,17033.0,13500.0,9100.0,19.7,maize_postharvest_2019,b4,2019 OPV strategy block,OPV,6,Efficiency and nutrient-management alternatives,OPV PCU N60-P60-K40,60.0,60.0,40.0,0.0,False,False,False,True,6679.0,120.0,True,124.32998951938913,1625.0,-60.0,True,60.0,,,,138.4
2019,Dang,Panchakule,Dang | Panchakule,B5,B5,B block,1,1,1,1,8742.0,,8742.0,8742.0,8.742,,,,,,,13333.0,11173.0,9580.0,19.7,maize_postharvest_2019,b5,2019 OPV strategy block,OPV,6,Efficiency and nutrient-management alternatives,OPV UDP N78-P60-K40,78.0,60.0,40.0,0.0,False,False,False,True,6679.0,120.0,True,130.88785746369217,2063.0,-42.0,True,42.0,,,,112.07692307692308
2019,Dang,Panchakule,Dang | Panchakule,B2,B2,B block,1,1,1,1,8778.0,,8778.0,8778.0,8.778,,,,,,,18050.0,18123.0,9643.0,19.9,maize_postharvest_2019,b2,2019 OPV strategy block,OPV,6,Efficiency and nutrient-management alternatives,OPV FYM 6 t/ha + N120-P60-K40,120.0,60.0,40.0,6.0,False,False,False,False,6679.0,120.0,True,131.4268603084294,2099.0,0.0,False,,,,,
2019,Dang,Panchakule,Dang | Panchakule,B3,B3,B block,1,1,1,1,6672.0,,6672.0,6672.0,6.672,,,,,,,20667.0,18617.0,7293.0,19.5,maize_postharvest_2019,b3,2019 OPV strategy block,OPV,6,Efficiency and nutrient-management alternatives,OPV Zn + N120-P60-K40,120.0,60.0,40.0,0.0,False,False,False,True,6679.0,120.0,True,99.89519389130109,-7.0,0.0,False,,,,,55.6
2019,Dang,Purandhara,Dang | Purandhara,B1,B1,B block,2,2,2,2,7107.0,4344.464063610148,4035.0,10179.0,7.107,,,,,,,18582.0,10628.5,7926.5,21.1,maize_postharvest_2019,b1,2019 OPV strategy block,OPV,4,Government-recommended NPK reference,OPV N120-P60-K40,120.0,60.0,40.0,0.0,False,True,False,True,7107.0,120.0,True,100.0,0.0,0.0,False,,,,,59.225
2019,Dang,Purandhara,Dang | Purandhara,B4,B4,B block,2,2,2,2,6115.5,4342.3427432665885,3045.0,9186.0,6.1155,,,,,,,18833.0,12341.5,7143.0,22.9,maize_postharvest_2019,b4,2019 OPV strategy block,OPV,6,Efficiency and nutrient-management alternatives,OPV PCU N60-P60-K40,60.0,60.0,40.0,0.0,False,False,False,True,7107.0,120.0,True,86.04896580835796,-991.5,-60.0,True,0.0,,,,101.925
2019,Dang,Purandhara,Dang | Purandhara,B5,B5,B block,2,2,2,2,5028.5,2707.5118651632906,3114.0,6943.0,5.028499999999999,,,,,,,15000.0,9856.5,5595.0,20.6,maize_postharvest_2019,b5,2019 OPV strategy block,OPV,6,Efficiency and nutrient-management alternatives,OPV UDP N78-P60-K40,78.0,60.0,40.0,0.0,False,False,False,True,7107.0,120.0,True,70.75418601378922,-2078.5,-42.0,True,0.0,,,,64.46794871794872
2019,Dang,Purandhara,Dang | Purandhara,B2,B2,B block,2,2,2,2,5834.0,997.020561473032,5129.0,6539.0,5.834,,,,,,,21700.0,11483.0,6725.0,23.05,maize_postharvest_2019,b2,2019 OPV strategy block,OPV,6,Efficiency and nutrient-management alternatives,OPV FYM 6 t/ha + N120-P60-K40,120.0,60.0,40.0,6.0,False,False,False,False,7107.0,120.0,True,82.08808217250598,-1273.0,0.0,False,,,,,
2019,Dang,Purandhara,Dang | Purandhara,B3,B3,B block,2,2,2,2,7202.0,4485.885419847457,4030.0,10374.0,7.202,,,,,,,21541.5,11458.5,8376.5,23.35,maize_postharvest_2019,b3,2019 OPV strategy block,OPV,6,Efficiency and nutrient-management alternatives,OPV Zn + N120-P60-K40,120.0,60.0,40.0,0.0,False,False,False,True,7107.0,120.0,True,101.33671028563388,95.0,0.0,False,,,,,60.016666666666666
2019,Dang,Shantinagar,Dang | Shantinagar,B1,B1,B block,2,2,2,2,7344.0,374.7665940288702,7079.0,7609.0,7.343999999999999,,,,,,,22667.0,15833.0,9000.0,28.2,maize_postharvest_2019,b1,2019 OPV strategy block,OPV,4,Government-recommended NPK reference,OPV N120-P60-K40,120.0,60.0,40.0,0.0,False,True,False,True,7344.0,120.0,True,100.0,0.0,0.0,False,,,,,61.2
2019,Dang,Shantinagar,Dang | Shantinagar,B4,B4,B block,2,2,2,2,7424.0,428.5067093990478,7121.0,7727.0,7.424,,,,,,,19833.5,15833.5,9166.5,28.4,maize_postharvest_2019,b4,2019 OPV strategy block,OPV,6,Efficiency and nutrient-management alternatives,OPV PCU N60-P60-K40,60.0,60.0,40.0,0.0,False,False,False,True,7344.0,120.0,True,101.08932461873638,80.0,-60.0,True,60.0,,,,123.73333333333333
2019,Dang,Shantinagar,Dang | Shantinagar,B5,B5,B block,2,2,2,2,7145.5,536.6940469205896,6766.0,7525.0,7.1455,,,,,,,20166.5,14533.5,9167.0,31.4,maize_postharvest_2019,b5,2019 OPV strategy block,OPV,6,Efficiency and nutrient-management alternatives,OPV UDP N78-P60-K40,78.0,60.0,40.0,0.0,False,False,False,True,7344.0,120.0,True,97.29711328976035,-198.5,-42.0,True,42.0,,,,91.60897435897436
2019,Dang,Shantinagar,Dang | Shantinagar,B2,B2,B block,2,2,2,2,6968.0,1439.6694064958108,5950.0,7986.0,6.968,,,,,,,22166.5,14697.0,8667.0,29.5,maize_postharvest_2019,b2,2019 OPV strategy block,OPV,6,Efficiency and nutrient-management alternatives,OPV FYM 6 t/ha + N120-P60-K40,120.0,60.0,40.0,6.0,False,False,False,False,7344.0,120.0,True,94.880174291939,-376.0,0.0,False,,,,,
2019,Dang,Shantinagar,Dang | Shantinagar,B3,B3,B block,2,2,2,2,7237.5,1014.6982310026956,6520.0,7955.0,7.2375,,,,,,,22833.5,14666.5,9000.0,29.4,maize_postharvest_2019,b3,2019 OPV strategy block,OPV,6,Efficiency and nutrient-management alternatives,OPV Zn + N120-P60-K40,120.0,60.0,40.0,0.0,False,False,False,True,7344.0,120.0,True,98.54983660130719,-106.5,0.0,False,,,,,60.3125
2019,Dang,Shreegau,Dang | Shreegau,B1,B1,B block,2,2,2,2,7214.5,350.017856687341,6967.0,7462.0,7.214499999999999,,,,,,,21217.0,14566.5,7600.0,16.45,maize_postharvest_2019,b1,2019 OPV strategy block,OPV,4,Government-recommended NPK reference,OPV N120-P60-K40,120.0,60.0,40.0,0.0,False,True,False,True,7214.5,120.0,True,100.0,0.0,0.0,False,,,,,60.12083333333333
2019,Dang,Shreegau,Dang | Shreegau,B4,B4,B block,2,2,2,2,6465.0,149.90663761154806,6359.0,6571.0,6.465,,,,,,,19200.0,13742.0,6867.0,17.15,maize_postharvest_2019,b4,2019 OPV strategy block,OPV,6,Efficiency and nutrient-management alternatives,OPV PCU N60-P60-K40,60.0,60.0,40.0,0.0,False,False,False,True,7214.5,120.0,True,89.61119966733662,-749.5,-60.0,True,0.0,,,,107.75
2019,Dang,Shreegau,Dang | Shreegau,B5,B5,B block,2,2,2,2,7072.0,387.4945160902281,6798.0,7346.0,7.072,,,,,,,19833.0,14666.5,7525.0,17.3,maize_postharvest_2019,b5,2019 OPV strategy block,OPV,6,Efficiency and nutrient-management alternatives,OPV UDP N78-P60-K40,78.0,60.0,40.0,0.0,False,False,False,True,7214.5,120.0,True,98.02481114422343,-142.5,-42.0,True,42.0,,,,90.66666666666667
2019,Dang,Shreegau,Dang | Shreegau,B2,B2,B block,2,2,2,2,7214.5,641.3458505361986,6761.0,7668.0,7.2145,,,,,,,19067.0,16008.5,4933.5,16.799999999999997,maize_postharvest_2019,b2,2019 OPV strategy block,OPV,6,Efficiency and nutrient-management alternatives,OPV FYM 6 t/ha + N120-P60-K40,120.0,60.0,40.0,6.0,False,False,False,False,7214.5,120.0,True,100.0,0.0,0.0,False,,,,,
2019,Dang,Shreegau,Dang | Shreegau,B3,B3,B block,2,2,2,2,7435.5,833.6788950189396,6846.0,8025.0,7.4355,,,,,,,20933.5,16033.0,7908.5,17.25,maize_postharvest_2019,b3,2019 OPV strategy block,OPV,6,Efficiency and nutrient-management alternatives,OPV Zn + N120-P60-K40,120.0,60.0,40.0,0.0,False,False,False,True,7214.5,120.0,True,103.06327534825698,221.0,0.0,False,,,,,61.9625
2019,Doti,Chhatiwan,Doti | Chhatiwan,B1,B1,B block,1,1,1,1,3950.0,,3950.0,3950.0,3.95,,,,,,,15000.0,7777.0,4333.0,22.5,maize_postharvest_2019,b1,2019 OPV strategy block,OPV,4,Government-recommended NPK reference,OPV N120-P60-K40,120.0,60.0,40.0,0.0,False,True,False,True,3950.0,120.0,True,100.0,0.0,0.0,False,,,,,32.916666666666664
2019,Doti,Chhatiwan,Doti | Chhatiwan,B4,B4,B block,1,1,1,1,3976.0,,3976.0,3976.0,3.976,,,,,,,18444.0,6888.0,4116.0,25.0,maize_postharvest_2019,b4,2019 OPV strategy block,OPV,6,Efficiency and nutrient-management alternatives,OPV PCU N60-P60-K40,60.0,60.0,40.0,0.0,False,False,False,True,3950.0,120.0,True,100.65822784810126,26.0,-60.0,True,60.0,,,,66.26666666666667
2019,Doti,Chhatiwan,Doti | Chhatiwan,B5,B5,B block,1,1,1,1,3137.0,,3137.0,3137.0,3.137,,,,,,,15777.0,7888.0,3555.0,25.0,maize_postharvest_2019,b5,2019 OPV strategy block,OPV,6,Efficiency and nutrient-management alternatives,OPV UDP N78-P60-K40,78.0,60.0,40.0,0.0,False,False,False,True,3950.0,120.0,True,79.41772151898734,-813.0,-42.0,True,0.0,,,,40.217948717948715
2019,Doti,Chhatiwan,Doti | Chhatiwan,B2,B2,B block,1,1,1,1,3598.0,,3598.0,3598.0,3.598,,,,,,,16666.0,7777.0,4111.0,25.6,maize_postharvest_2019,b2,2019 OPV strategy block,OPV,6,Efficiency and nutrient-management alternatives,OPV FYM 6 t/ha + N120-P60-K40,120.0,60.0,40.0,6.0,False,False,False,False,3950.0,120.0,True,91.0886075949367,-352.0,0.0,False,,,,,
2019,Doti,Chhatiwan,Doti | Chhatiwan,B3,B3,B block,1,1,1,1,3862.0,,3862.0,3862.0,3.862,,,,,,,17222.0,6666.0,4377.0,25.0,maize_postharvest_2019,b3,2019 OPV strategy block,OPV,6,Efficiency and nutrient-management alternatives,OPV Zn + N120-P60-K40,120.0,60.0,40.0,0.0,False,False,False,True,3950.0,120.0,True,97.77215189873418,-88.0,0.0,False,,,,,32.18333333333333
2019,Doti,Dipayal,Doti | Dipayal,B1,B1,B block,1,1,1,1,3541.0,,3541.0,3541.0,3.541,,,,,,,8888.0,5888.0,3666.0,17.9,maize_postharvest_2019,b1,2019 OPV strategy block,OPV,4,Government-recommended NPK reference,OPV N120-P60-K40,120.0,60.0,40.0,0.0,False,True,False,True,3541.0,120.0,True,100.0,0.0,0.0,False,,,,,29.508333333333333
2019,Doti,Dipayal,Doti | Dipayal,B4,B4,B block,1,1,1,1,2366.0,,2366.0,2366.0,2.366,,,,,,,5333.0,4555.0,2777.0,27.6,maize_postharvest_2019,b4,2019 OPV strategy block,OPV,6,Efficiency and nutrient-management alternatives,OPV PCU N60-P60-K40,60.0,60.0,40.0,0.0,False,False,False,True,3541.0,120.0,True,66.81728325331827,-1175.0,-60.0,True,0.0,,,,39.43333333333333
2019,Doti,Dipayal,Doti | Dipayal,B5,B5,B block,1,1,1,1,3326.0,,3326.0,3326.0,3.326,,,,,,,8888.0,6666.0,3888.0,27.3,maize_postharvest_2019,b5,2019 OPV strategy block,OPV,6,Efficiency and nutrient-management alternatives,OPV UDP N78-P60-K40,78.0,60.0,40.0,0.0,False,False,False,True,3541.0,120.0,True,93.92826885060717,-215.0,-42.0,True,0.0,,,,42.64102564102564
2019,Doti,Dipayal,Doti | Dipayal,B2,B2,B block,1,1,1,1,3661.0,,3661.0,3661.0,3.661,,,,,,,9111.0,3666.0,4111.0,24.3,maize_postharvest_2019,b2,2019 OPV strategy block,OPV,6,Efficiency and nutrient-management alternatives,OPV FYM 6 t/ha + N120-P60-K40,120.0,60.0,40.0,6.0,False,False,False,False,3541.0,120.0,True,103.3888731996611,120.0,0.0,False,,,,,
2019,Doti,Dipayal,Doti | Dipayal,B3,B3,B block,1,1,1,1,2565.0,,2565.0,2565.0,2.565,,,,,,,8111.0,4444.0,2777.0,21.5,maize_postharvest_2019,b3,2019 OPV strategy block,OPV,6,Efficiency and nutrient-management alternatives,OPV Zn + N120-P60-K40,120.0,60.0,40.0,0.0,False,False,False,True,3541.0,120.0,True,72.43716464275629,-976.0,0.0,False,,,,,21.375
2019,Doti,Ghanteshwor,Doti | Ghanteshwor,B1,B1,B block,3,3,3,3,3441.333333333333,468.152040830042,3124.0,3979.0,3.441333333333333,,,,,,,18962.33333333333,8176.666666666667,3777.3333333333335,22.433333333333334,maize_postharvest_2019,b1,2019 OPV strategy block,OPV,4,Government-recommended NPK reference,OPV N120-P60-K40,120.0,60.0,40.0,0.0,False,True,False,True,3441.333333333333,120.0,True,100.0,0.0,0.0,False,,,,,28.677777777777774
2019,Doti,Ghanteshwor,Doti | Ghanteshwor,B4,B4,B block,3,3,3,3,3061.0,770.8936372807859,2364.0,3889.0,3.061,,,,,,,16007.0,6695.666666666667,3333.333333333333,22.03333333333333,maize_postharvest_2019,b4,2019 OPV strategy block,OPV,6,Efficiency and nutrient-management alternatives,OPV PCU N60-P60-K40,60.0,60.0,40.0,0.0,False,False,False,True,3441.333333333333,120.0,True,88.94808213870594,-380.33333333333303,-60.0,True,0.0,,,,51.016666666666666
2019,Doti,Ghanteshwor,Doti | Ghanteshwor,B5,B5,B block,3,3,3,3,2897.333333333333,412.2636696743157,2450.0,3262.0,2.897333333333333,,,,,,,16433.666666666668,6847.666666666667,3221.6666666666665,23.666666666666668,maize_postharvest_2019,b5,2019 OPV strategy block,OPV,6,Efficiency and nutrient-management alternatives,OPV UDP N78-P60-K40,78.0,60.0,40.0,0.0,False,False,False,True,3441.333333333333,120.0,True,84.19217357613329,-544.0,-42.0,True,0.0,,,,37.14529914529914
2019,Doti,Ghanteshwor,Doti | Ghanteshwor,B2,B2,B block,3,3,3,3,3693.0,79.47326594522211,3609.0,3767.0,3.693,,,,,,,16982.0,7525.0,4102.333333333333,23.4,maize_postharvest_2019,b2,2019 OPV strategy block,OPV,6,Efficiency and nutrient-management alternatives,OPV FYM 6 t/ha + N120-P60-K40,120.0,60.0,40.0,6.0,False,False,False,False,3441.333333333333,120.0,True,107.31305695466874,251.66666666666697,0.0,False,,,,,
2019,Doti,Ghanteshwor,Doti | Ghanteshwor,B3,B3,B block,3,3,3,3,2835.0,762.6984987529476,2272.0,3703.0,2.8349999999999995,,,,,,,16484.666666666668,6306.666666666667,3222.333333333333,23.6,maize_postharvest_2019,b3,2019 OPV strategy block,OPV,6,Efficiency and nutrient-management alternatives,OPV Zn + N120-P60-K40,120.0,60.0,40.0,0.0,False,False,False,True,3441.333333333333,120.0,True,82.3808601317319,-606.333333333333,0.0,False,,,,,23.625
2019,Kavre,Bhakundebesi,Kavre | Bhakundebesi,B1,B1,B block,1,1,1,1,5384.884,,5384.884,5384.884,5.384884,,,,,,,22983.0,7425.0,5500.0,15.8,maize_postharvest_2019,b1,2019 OPV strategy block,OPV,4,Government-recommended NPK reference,OPV N120-P60-K40,120.0,60.0,40.0,0.0,False,True,False,True,5384.884,120.0,True,100.0,0.0,0.0,False,,,,,44.87403333333334
2019,Kavre,Bhakundebesi,Kavre | Bhakundebesi,B4,B4,B block,1,1,1,1,4994.76,,4994.76,4994.76,4.99476,,,,,,,22250.0,6500.0,5500.0,21.9,maize_postharvest_2019,b4,2019 OPV strategy block,OPV,6,Efficiency and nutrient-management alternatives,OPV PCU N60-P60-K40,60.0,60.0,40.0,0.0,False,False,False,True,5384.884,120.0,True,92.75520141195243,-390.1239999999998,-60.0,True,0.0,,,,83.24600000000001
2019,Kavre,Bhakundebesi,Kavre | Bhakundebesi,B5,B5,B block,1,1,1,1,5175.0,,5175.0,5175.0,5.175,,,,,,,20125.0,6750.0,5750.0,22.6,maize_postharvest_2019,b5,2019 OPV strategy block,OPV,6,Efficiency and nutrient-management alternatives,OPV UDP N78-P60-K40,78.0,60.0,40.0,0.0,False,False,False,True,5384.884,120.0,True,96.10234872283229,-209.88400000000001,-42.0,True,42.0,,,,66.34615384615384
2019,Kavre,Bhakundebesi,Kavre | Bhakundebesi,B2,B2,B block,1,1,1,1,5012.52,,5012.52,5012.52,5.01252,,,,,,,19704.17,7912.5,5512.5,21.8,maize_postharvest_2019,b2,2019 OPV strategy block,OPV,6,Efficiency and nutrient-management alternatives,OPV FYM 6 t/ha + N120-P60-K40,120.0,60.0,40.0,6.0,False,False,False,False,5384.884,120.0,True,93.08501353046789,-372.3639999999996,0.0,False,,,,,
2019,Kavre,Bhakundebesi,Kavre | Bhakundebesi,B3,B3,B block,1,1,1,1,5413.95,,5413.95,5413.95,5.41395,,,,,,,20525.0,8000.0,6000.0,22.4,maize_postharvest_2019,b3,2019 OPV strategy block,OPV,6,Efficiency and nutrient-management alternatives,OPV Zn + N120-P60-K40,120.0,60.0,40.0,0.0,False,False,False,True,5384.884,120.0,True,100.53977021603437,29.065999999999804,0.0,False,,,,,45.11625
2019,Makwanpur,,Makwanpur | ,B1,B1,B block,1,1,1,1,5194.45,,5194.45,5194.45,5.19445,,,,,,,18333.0,9850.0,5633.33,20.7,maize_postharvest_2019,b1,2019 OPV strategy block,OPV,4,Government-recommended NPK reference,OPV N120-P60-K40,120.0,60.0,40.0,0.0,False,True,False,True,5194.45,120.0,True,100.0,0.0,0.0,False,,,,,43.287083333333335
2019,Makwanpur,,Makwanpur | ,B4,B4,B block,1,1,1,1,5932.13,,5932.13,5932.13,5.93213,,,,,,,22166.67,10533.33,6433.33,20.7,maize_postharvest_2019,b4,2019 OPV strategy block,OPV,6,Efficiency and nutrient-management alternatives,OPV PCU N60-P60-K40,60.0,60.0,40.0,0.0,False,False,False,True,5194.45,120.0,True,114.20131101464062,737.6800000000003,-60.0,True,60.0,,,,98.86883333333334
2019,Makwanpur,,Makwanpur | ,B5,B5,B block,1,1,1,1,6347.07,,6347.07,6347.07,6.34707,,,,,,,20166.67,10633.33,6883.33,20.7,maize_postharvest_2019,b5,2019 OPV strategy block,OPV,6,Efficiency and nutrient-management alternatives,OPV UDP N78-P60-K40,78.0,60.0,40.0,0.0,False,False,False,True,5194.45,120.0,True,122.18945220379445,1152.62,-42.0,True,42.0,,,,81.3726923076923
2019,Makwanpur,,Makwanpur | ,B2,B2,B block,1,1,1,1,5086.87,,5086.87,5086.87,5.08687,,,,,,,28833.33,9100.0,5516.67,20.7,maize_postharvest_2019,b2,2019 OPV strategy block,OPV,6,Efficiency and nutrient-management alternatives,OPV FYM 6 t/ha + N120-P60-K40,120.0,60.0,40.0,6.0,False,False,False,False,5194.45,120.0,True,97.9289433915044,-107.57999999999993,0.0,False,,,,,
2019,Makwanpur,,Makwanpur | ,B3,B3,B block,1,1,1,1,4917.82,,4917.82,4917.82,4.91782,,,,,,,20000.0,8650.0,5333.33,20.7,maize_postharvest_2019,b3,2019 OPV strategy block,OPV,6,Efficiency and nutrient-management alternatives,OPV Zn + N120-P60-K40,120.0,60.0,40.0,0.0,False,False,False,True,5194.45,120.0,True,94.67450836950977,-276.6300000000001,0.0,False,,,,,40.981833333333334
2019,Nuwakot,,Nuwakot | ,B1,B1,B block,2,2,1,2,4687.3,0.0,4687.3,4687.3,4.6873000000000005,,,,,,,18333.0,7783.33,5083.33,19.8,maize_postharvest_2019,b1,2019 OPV strategy block,OPV,4,Government-recommended NPK reference,OPV N120-P60-K40,120.0,60.0,40.0,0.0,False,True,False,True,4687.3,120.0,True,100.0,0.0,0.0,False,,,,,39.060833333333335
2019,Nuwakot,,Nuwakot | ,B4,B4,B block,2,2,1,2,6039.7,0.0,6039.7,6039.7,6.0397,,,,,,,22166.67,9466.67,6550.0,20.25,maize_postharvest_2019,b4,2019 OPV strategy block,OPV,6,Efficiency and nutrient-management alternatives,OPV PCU N60-P60-K40,60.0,60.0,40.0,0.0,False,False,False,True,4687.3,120.0,True,128.85243103705758,1352.3999999999996,-60.0,True,60.0,,,,100.66166666666666
2019,Nuwakot,,Nuwakot | ,B5,B5,B block,2,2,1,2,4856.35,0.0,4856.35,4856.35,4.85635,,,,,,,20166.67,8266.67,5266.67,20.25,maize_postharvest_2019,b5,2019 OPV strategy block,OPV,6,Efficiency and nutrient-management alternatives,OPV UDP N78-P60-K40,78.0,60.0,40.0,0.0,False,False,False,True,4687.3,120.0,True,103.6065538796322,169.05000000000018,-42.0,True,42.0,,,,62.26089743589744
2019,Nuwakot,,Nuwakot | ,B2,B2,B block,2,2,1,2,6008.97,0.0,6008.97,6008.97,6.008970000000001,,,,,,,28833.33,9450.0,6516.67,20.25,maize_postharvest_2019,b2,2019 OPV strategy block,OPV,6,Efficiency and nutrient-management alternatives,OPV FYM 6 t/ha + N120-P60-K40,120.0,60.0,40.0,6.0,False,False,False,False,4687.3,120.0,True,128.19682973140186,1321.67,0.0,False,,,,,
2019,Nuwakot,,Nuwakot | ,B3,B3,B block,2,2,1,2,5962.86,0.0,5962.86,5962.86,5.96286,,,,,,,20000.0,8966.67,6466.67,20.25,maize_postharvest_2019,b3,2019 OPV strategy block,OPV,6,Efficiency and nutrient-management alternatives,OPV Zn + N120-P60-K40,120.0,60.0,40.0,0.0,False,False,False,True,4687.3,120.0,True,127.21310775926439,1275.5599999999995,0.0,False,,,,,49.6905
2019,Palpa,Devinagar,Palpa | Devinagar,B1,B1,B block,1,1,1,1,7540.757576,,7540.757576,7540.757576,7.540757576,,,,,,,18166.0,16333.3333,8453.333333,21.5,maize_postharvest_2019,b1,2019 OPV strategy block,OPV,4,Government-recommended NPK reference,OPV N120-P60-K40,120.0,60.0,40.0,0.0,False,True,False,True,7540.757576,120.0,True,100.0,0.0,0.0,False,,,,,62.839646466666665
2019,Palpa,Devinagar,Palpa | Devinagar,B4,B4,B block,1,1,1,1,8109.075758,,8109.075758,8109.075758,8.109075758,,,,,,,19333.33333,18166.6667,9426.666667,24.3,maize_postharvest_2019,b4,2019 OPV strategy block,OPV,6,Efficiency and nutrient-management alternatives,OPV PCU N60-P60-K40,60.0,60.0,40.0,0.0,False,False,False,True,7540.757576,120.0,True,107.53661918278328,568.318182,-60.0,True,60.0,,,,135.15126263333335
2019,Palpa,Devinagar,Palpa | Devinagar,B5,B5,B block,1,1,1,1,8639.090909,,8639.090909,8639.090909,8.639090909,,,,,,,20666.66667,17333.3333,9746.666667,22.0,maize_postharvest_2019,b5,2019 OPV strategy block,OPV,6,Efficiency and nutrient-management alternatives,OPV UDP N78-P60-K40,78.0,60.0,40.0,0.0,False,False,False,True,7540.757576,120.0,True,114.56529164252237,1098.3333330000005,-42.0,True,42.0,,,,110.75757575641026
2019,Palpa,Devinagar,Palpa | Devinagar,B2,B2,B block,1,1,1,1,8575.0,,8575.0,8575.0,8.575,,,,,,,22000.0,19000.0,9800.0,23.0,maize_postharvest_2019,b2,2019 OPV strategy block,OPV,6,Efficiency and nutrient-management alternatives,OPV FYM 6 t/ha + N120-P60-K40,120.0,60.0,40.0,6.0,False,False,False,False,7540.757576,120.0,True,113.71536498258064,1034.242424,0.0,False,,,,,
2019,Palpa,Devinagar,Palpa | Devinagar,B3,B3,B block,1,1,1,1,8030.424242,,8030.424242,8030.424242,8.030424242,,,,,,,20333.33333,18500.0,9106.666667,22.4,maize_postharvest_2019,b3,2019 OPV strategy block,OPV,6,Efficiency and nutrient-management alternatives,OPV Zn + N120-P60-K40,120.0,60.0,40.0,0.0,False,False,False,True,7540.757576,120.0,True,106.4936004249555,489.6666660000001,0.0,False,,,,,66.92020201666666
2019,Salyan,,Salyan | ,B1,B1,B block,3,3,3,3,9730.666666666666,2591.817187483202,6745.0,11402.0,9.730666666666666,,,,,,,35111.0,15111.0,11888.666666666666,27.633333333333336,maize_postharvest_2019,b1,2019 OPV strategy block,OPV,4,Government-recommended NPK reference,OPV N120-P60-K40,120.0,60.0,40.0,0.0,False,True,False,True,9730.666666666666,120.0,True,100.0,0.0,0.0,False,,,,,81.08888888888889
2019,Salyan,,Salyan | ,B4,B4,B block,3,3,3,3,11842.666666666666,6677.2708746413255,6329.0,19267.0,11.842666666666666,,,,,,,36889.0,14333.333333333334,10722.333333333334,30.0,maize_postharvest_2019,b4,2019 OPV strategy block,OPV,6,Efficiency and nutrient-management alternatives,OPV PCU N60-P60-K40,60.0,60.0,40.0,0.0,False,False,False,True,9730.666666666666,120.0,True,121.70457659632775,2112.0,-60.0,True,60.0,,,,197.37777777777777
2019,Salyan,,Salyan | ,B5,B5,B block,3,3,3,3,8252.0,1708.9666468366197,6711.0,10090.0,8.252,,,,,,,39222.333333333336,11555.666666666666,10316.666666666666,29.53333333333333,maize_postharvest_2019,b5,2019 OPV strategy block,OPV,6,Efficiency and nutrient-management alternatives,OPV UDP N78-P60-K40,78.0,60.0,40.0,0.0,False,False,False,True,9730.666666666666,120.0,True,84.80405590572761,-1478.666666666666,-42.0,True,0.0,,,,105.7948717948718
2019,Salyan,,Salyan | ,B2,B2,B block,3,3,3,3,9081.0,3388.471484312654,5198.0,11439.0,9.081,,,,,,,36555.66666666666,14222.333333333334,11211.0,28.5,maize_postharvest_2019,b2,2019 OPV strategy block,OPV,6,Efficiency and nutrient-management alternatives,OPV FYM 6 t/ha + N120-P60-K40,120.0,60.0,40.0,6.0,False,False,False,False,9730.666666666666,120.0,True,93.3235132913127,-649.6666666666661,0.0,False,,,,,
2019,Salyan,,Salyan | ,B3,B3,B block,3,3,3,3,42237.66666666666,60043.87924121269,4902.0,111500.0,42.23766666666666,,,,,,,35111.0,14889.0,11200.0,29.5,maize_postharvest_2019,b3,2019 OPV strategy block,OPV,6,Efficiency and nutrient-management alternatives,OPV Zn + N120-P60-K40,120.0,60.0,40.0,0.0,False,False,False,True,9730.666666666666,120.0,True,434.0675527541792,32506.999999999993,0.0,False,,,,,351.9805555555555
2019,Surkhet,Babiyachaur,Surkhet | Babiyachaur,B1,B1,B block,1,1,1,1,12194.045,,12194.045,12194.045,12.194045,,,,,,,37780.0,23820.0,13380.0,19.8,maize_postharvest_2019,b1,2019 OPV strategy block,OPV,4,Government-recommended NPK reference,OPV N120-P60-K40,120.0,60.0,40.0,0.0,False,True,False,True,12194.045,120.0,True,100.0,0.0,0.0,False,,,,,101.61704166666667
2019,Surkhet,Babiyachaur,Surkhet | Babiyachaur,B4,B4,B block,1,1,1,1,12999.84,,12999.84,12999.84,12.99984,,,,,,,35683.33,23416.66,13883.33,17.6,maize_postharvest_2019,b4,2019 OPV strategy block,OPV,6,Efficiency and nutrient-management alternatives,OPV PCU N60-P60-K40,60.0,60.0,40.0,0.0,False,False,False,True,12194.045,120.0,True,106.60810256153721,805.7950000000001,-60.0,True,60.0,,,,216.66400000000002
2019,Surkhet,Babiyachaur,Surkhet | Babiyachaur,B5,B5,B block,1,1,1,1,12603.33,,12603.33,12603.33,12.60333,,,,,,,40666.66,24450.0,13933.33,20.4,maize_postharvest_2019,b5,2019 OPV strategy block,OPV,6,Efficiency and nutrient-management alternatives,OPV UDP N78-P60-K40,78.0,60.0,40.0,0.0,False,False,False,True,12194.045,120.0,True,103.35643340663414,409.28499999999985,-42.0,True,42.0,,,,161.58115384615385
2019,Surkhet,Babiyachaur,Surkhet | Babiyachaur,B2,B2,B block,1,1,1,1,12780.11,,12780.11,12780.11,12.78011,,,,,,,39833.33,23750.0,13833.33,18.7,maize_postharvest_2019,b2,2019 OPV strategy block,OPV,6,Efficiency and nutrient-management alternatives,OPV FYM 6 t/ha + N120-P60-K40,120.0,60.0,40.0,6.0,False,False,False,False,12194.045,120.0,True,104.8061574317628,586.0650000000005,0.0,False,,,,,
2019,Surkhet,Babiyachaur,Surkhet | Babiyachaur,B3,B3,B block,1,1,1,1,12987.12,,12987.12,12987.12,12.98712,,,,,,,36400.0,21300.0,14466.66,21.0,maize_postharvest_2019,b3,2019 OPV strategy block,OPV,6,Efficiency and nutrient-management alternatives,OPV Zn + N120-P60-K40,120.0,60.0,40.0,0.0,False,False,False,True,12194.045,120.0,True,106.50378934963747,793.0750000000007,0.0,False,,,,,108.22600000000001
2019,Surkhet,Kalyan,Surkhet | Kalyan,B1,B1,B block,1,1,1,1,8090.0,,8090.0,8090.0,8.09,,,,,,,15727.0,13650.0,8900.0,20.0,maize_postharvest_2019,b1,2019 OPV strategy block,OPV,4,Government-recommended NPK reference,OPV N120-P60-K40,120.0,60.0,40.0,0.0,False,True,False,True,8090.0,120.0,True,100.0,0.0,0.0,False,,,,,67.41666666666667
2019,Surkhet,Kalyan,Surkhet | Kalyan,B4,B4,B block,1,1,1,1,7799.0,,7799.0,7799.0,7.799,,,,,,,16670.0,14230.0,9067.0,24.3,maize_postharvest_2019,b4,2019 OPV strategy block,OPV,6,Efficiency and nutrient-management alternatives,OPV PCU N60-P60-K40,60.0,60.0,40.0,0.0,False,False,False,True,8090.0,120.0,True,96.40296662546353,-291.0,-60.0,True,60.0,,,,129.98333333333332
2019,Surkhet,Kalyan,Surkhet | Kalyan,B5,B5,B block,1,1,1,1,8116.0,,8116.0,8116.0,8.116,,,,,,,25950.0,15823.0,9157.0,22.0,maize_postharvest_2019,b5,2019 OPV strategy block,OPV,6,Efficiency and nutrient-management alternatives,OPV UDP N78-P60-K40,78.0,60.0,40.0,0.0,False,False,False,True,8090.0,120.0,True,100.32138442521632,26.0,-42.0,True,42.0,,,,104.05128205128206
2019,Surkhet,Kalyan,Surkhet | Kalyan,B2,B2,B block,1,1,1,1,7519.0,,7519.0,7519.0,7.519,,,,,,,15177.0,14110.0,8593.0,23.0,maize_postharvest_2019,b2,2019 OPV strategy block,OPV,6,Efficiency and nutrient-management alternatives,OPV FYM 6 t/ha + N120-P60-K40,120.0,60.0,40.0,6.0,False,False,False,False,8090.0,120.0,True,92.94190358467243,-571.0,0.0,False,,,,,
2019,Surkhet,Kalyan,Surkhet | Kalyan,B3,B3,B block,1,1,1,1,8677.0,,8677.0,8677.0,8.677,,,,,,,20173.0,16387.0,10047.0,24.0,maize_postharvest_2019,b3,2019 OPV strategy block,OPV,6,Efficiency and nutrient-management alternatives,OPV Zn + N120-P60-K40,120.0,60.0,40.0,0.0,False,False,False,True,8090.0,120.0,True,107.25587144622992,587.0,0.0,False,,,,,72.30833333333334
2019,Surkhet,Kunathari,Surkhet | Kunathari,B1,B1,B block,1,1,1,1,7598.0,,7598.0,7598.0,7.598,,,,,,,19840.0,15877.0,8400.0,20.4,maize_postharvest_2019,b1,2019 OPV strategy block,OPV,4,Government-recommended NPK reference,OPV N120-P60-K40,120.0,60.0,40.0,0.0,False,True,False,True,7598.0,120.0,True,100.0,0.0,0.0,False,,,,,63.31666666666667
2019,Surkhet,Kunathari,Surkhet | Kunathari,B4,B4,B block,1,1,1,1,7236.0,,7236.0,7236.0,7.236,,,,,,,26950.0,15010.0,7930.0,19.7,maize_postharvest_2019,b4,2019 OPV strategy block,OPV,6,Efficiency and nutrient-management alternatives,OPV PCU N60-P60-K40,60.0,60.0,40.0,0.0,False,False,False,True,7598.0,120.0,True,95.23558831271387,-362.0,-60.0,True,60.0,,,,120.6
2019,Surkhet,Kunathari,Surkhet | Kunathari,B5,B5,B block,1,1,1,1,7916.0,,7916.0,7916.0,7.916,,,,,,,2803.0,16343.0,8773.0,20.6,maize_postharvest_2019,b5,2019 OPV strategy block,OPV,6,Efficiency and nutrient-management alternatives,OPV UDP N78-P60-K40,78.0,60.0,40.0,0.0,False,False,False,True,7598.0,120.0,True,104.18531192419057,318.0,-42.0,True,42.0,,,,101.48717948717949
2019,Surkhet,Kunathari,Surkhet | Kunathari,B2,B2,B block,1,1,1,1,8286.0,,8286.0,8286.0,8.286,,,,,,,29607.0,17443.0,9183.0,20.6,maize_postharvest_2019,b2,2019 OPV strategy block,OPV,6,Efficiency and nutrient-management alternatives,OPV FYM 6 t/ha + N120-P60-K40,120.0,60.0,40.0,6.0,False,False,False,False,7598.0,120.0,True,109.05501447749408,688.0,0.0,False,,,,,
2019,Surkhet,Kunathari,Surkhet | Kunathari,B3,B3,B block,1,1,1,1,7270.0,,7270.0,7270.0,7.27,,,,,,,23133.0,15083.0,8007.0,20.1,maize_postharvest_2019,b3,2019 OPV strategy block,OPV,6,Efficiency and nutrient-management alternatives,OPV Zn + N120-P60-K40,120.0,60.0,40.0,0.0,False,False,False,True,7598.0,120.0,True,95.6830744932877,-328.0,0.0,False,,,,,60.583333333333336
2019,Surkhet,Lekhpharsa,Surkhet | Lekhpharsa,B1,B1,B block,1,1,1,1,7457.0,,7457.0,7457.0,7.457,,,,,,,16383.0,12700.0,8307.0,21.0,maize_postharvest_2019,b1,2019 OPV strategy block,OPV,4,Government-recommended NPK reference,OPV N120-P60-K40,120.0,60.0,40.0,0.0,False,True,False,True,7457.0,120.0,True,100.0,0.0,0.0,False,,,,,62.141666666666666
2019,Surkhet,Lekhpharsa,Surkhet | Lekhpharsa,B4,B4,B block,1,1,1,1,6543.0,,6543.0,6543.0,6.543,,,,,,,16050.0,14400.0,7207.0,20.1,maize_postharvest_2019,b4,2019 OPV strategy block,OPV,6,Efficiency and nutrient-management alternatives,OPV PCU N60-P60-K40,60.0,60.0,40.0,0.0,False,False,False,True,7457.0,120.0,True,87.74306021188146,-914.0,-60.0,True,0.0,,,,109.05
2019,Surkhet,Lekhpharsa,Surkhet | Lekhpharsa,B5,B5,B block,1,1,1,1,9606.0,,9606.0,9606.0,9.606,,,,,,,17383.0,17000.0,10423.0,18.9,maize_postharvest_2019,b5,2019 OPV strategy block,OPV,6,Efficiency and nutrient-management alternatives,OPV UDP N78-P60-K40,78.0,60.0,40.0,0.0,False,False,False,True,7457.0,120.0,True,128.8185597425238,2149.0,-42.0,True,42.0,,,,123.15384615384616
2019,Surkhet,Lekhpharsa,Surkhet | Lekhpharsa,B2,B2,B block,1,1,1,1,8826.0,,8826.0,8826.0,8.826,,,,,,,18510.0,11517.0,9697.0,19.9,maize_postharvest_2019,b2,2019 OPV strategy block,OPV,6,Efficiency and nutrient-management alternatives,OPV FYM 6 t/ha + N120-P60-K40,120.0,60.0,40.0,6.0,False,False,False,False,7457.0,120.0,True,118.3585892450047,1369.0,0.0,False,,,,,
2019,Surkhet,Lekhpharsa,Surkhet | Lekhpharsa,B3,B3,B block,1,1,1,1,7986.0,,7986.0,7986.0,7.986,,,,,,,18617.0,17367.0,8873.0,20.8,maize_postharvest_2019,b3,2019 OPV strategy block,OPV,6,Efficiency and nutrient-management alternatives,OPV Zn + N120-P60-K40,120.0,60.0,40.0,0.0,False,False,False,True,7457.0,120.0,True,107.09400563229181,529.0,0.0,False,,,,,66.55
2019,Surkhet,Maintada-2,Surkhet | Maintada-2,B1,B1,B block,1,1,1,1,6985.0,,6985.0,6985.0,6.985,,,,,,,10300.0,12897.0,7850.0,21.7,maize_postharvest_2019,b1,2019 OPV strategy block,OPV,4,Government-recommended NPK reference,OPV N120-P60-K40,120.0,60.0,40.0,0.0,False,True,False,True,6985.0,120.0,True,100.0,0.0,0.0,False,,,,,58.208333333333336
2019,Surkhet,Maintada-2,Surkhet | Maintada-2,B4,B4,B block,1,1,1,1,6538.0,,6538.0,6538.0,6.538,,,,,,,15100.0,11000.0,7283.0,21.0,maize_postharvest_2019,b4,2019 OPV strategy block,OPV,6,Efficiency and nutrient-management alternatives,OPV PCU N60-P60-K40,60.0,60.0,40.0,0.0,False,False,False,True,6985.0,120.0,True,93.60057265569077,-447.0,-60.0,True,0.0,,,,108.96666666666667
2019,Surkhet,Maintada-2,Surkhet | Maintada-2,B5,B5,B block,1,1,1,1,6169.0,,6169.0,6169.0,6.169,,,,,,,12817.0,11357.0,6820.0,20.4,maize_postharvest_2019,b5,2019 OPV strategy block,OPV,6,Efficiency and nutrient-management alternatives,OPV UDP N78-P60-K40,78.0,60.0,40.0,0.0,False,False,False,True,6985.0,120.0,True,88.31782390837509,-816.0,-42.0,True,0.0,,,,79.08974358974359
2019,Surkhet,Maintada-2,Surkhet | Maintada-2,B2,B2,B block,1,1,1,1,6535.0,,6535.0,6535.0,6.535,,,,,,,12793.0,12167.0,7243.0,19.6,maize_postharvest_2019,b2,2019 OPV strategy block,OPV,6,Efficiency and nutrient-management alternatives,OPV FYM 6 t/ha + N120-P60-K40,120.0,60.0,40.0,6.0,False,False,False,False,6985.0,120.0,True,93.55762347888331,-450.0,0.0,False,,,,,
2019,Surkhet,Maintada-2,Surkhet | Maintada-2,B3,B3,B block,1,1,1,1,6699.0,,6699.0,6699.0,6.699,,,,,,,16293.0,13300.0,7323.0,19.5,maize_postharvest_2019,b3,2019 OPV strategy block,OPV,6,Efficiency and nutrient-management alternatives,OPV Zn + N120-P60-K40,120.0,60.0,40.0,0.0,False,False,False,True,6985.0,120.0,True,95.90551181102362,-286.0,0.0,False,,,,,55.825
2019,Surkhet,Ramghat,Surkhet | Ramghat,B1,B1,B block,4,4,4,4,10833.25,1656.4897373663382,9532.0,13096.0,10.83325,,,,,,,15181.75,16691.5,11514.25,17.125,maize_postharvest_2019,b1,2019 OPV strategy block,OPV,4,Government-recommended NPK reference,OPV N120-P60-K40,120.0,60.0,40.0,0.0,False,True,False,True,10833.25,120.0,True,100.0,0.0,0.0,False,,,,,90.27708333333334
2019,Surkhet,Ramghat,Surkhet | Ramghat,B4,B4,B block,4,4,4,4,10840.0,1387.2925670768466,9605.0,12129.0,10.84,,,,,,,15764.25,17652.5,11541.0,17.525,maize_postharvest_2019,b4,2019 OPV strategy block,OPV,6,Efficiency and nutrient-management alternatives,OPV PCU N60-P60-K40,60.0,60.0,40.0,0.0,False,False,False,True,10833.25,120.0,True,100.06230817160132,6.75,-60.0,True,60.0,,,,180.66666666666666
2019,Surkhet,Ramghat,Surkhet | Ramghat,B5,B5,B block,4,4,4,4,12684.5,1835.1128030723344,10051.0,14173.0,12.6845,,,,,,,16005.0,18804.75,13362.75,16.549999999999997,maize_postharvest_2019,b5,2019 OPV strategy block,OPV,6,Efficiency and nutrient-management alternatives,OPV UDP N78-P60-K40,78.0,60.0,40.0,0.0,False,False,False,True,10833.25,120.0,True,117.08859298917685,1851.25,-42.0,True,42.0,,,,162.62179487179486
2019,Surkhet,Ramghat,Surkhet | Ramghat,B2,B2,B block,4,4,4,4,10629.25,1954.224888969196,8481.0,13115.0,10.62925,,,,,,,16163.25,18500.0,11252.5,17.1,maize_postharvest_2019,b2,2019 OPV strategy block,OPV,6,Efficiency and nutrient-management alternatives,OPV FYM 6 t/ha + N120-P60-K40,120.0,60.0,40.0,6.0,False,False,False,False,10833.25,120.0,True,98.11690859160456,-204.0,0.0,False,,,,,
2019,Surkhet,Ramghat,Surkhet | Ramghat,B3,B3,B block,4,4,4,4,9777.75,624.9183279970805,9109.0,10514.0,9.77775,,,,,,,16337.5,17366.5,10404.25,17.35,maize_postharvest_2019,b3,2019 OPV strategy block,OPV,6,Efficiency and nutrient-management alternatives,OPV Zn + N120-P60-K40,120.0,60.0,40.0,0.0,False,False,False,True,10833.25,120.0,True,90.256848129601,-1055.5,0.0,False,,,,,81.48125
2019,Dang,Dhikpur,Dang | Dhikpur,T1,T1,T block,2,2,2,2,5545.0,728.3199846221439,5030.0,6060.0,5.545,,,,,,,11426.5,9816.5,6016.5,18.7,maize_postharvest_2019,t1,2019 T1-T10 core trial,All maize,1,No-input reference,N0-P0-K0,0.0,0.0,0.0,,False,False,False,False,8577.5,120.0,True,64.64587583794813,-3032.5,-120.0,False,,7065.0,,,
2019,Dang,Dhikpur,Dang | Dhikpur,T2,T2,T block,2,2,2,2,7065.0,1978.48477375996,5666.0,8464.0,7.065,,,,,,,17715.0,11065.0,7666.5,18.55,maize_postharvest_2019,t2,2019 T1-T10 core trial,All maize,2,N-zero agronomic reference,N0-P60-K40,0.0,60.0,40.0,,True,False,False,False,8577.5,120.0,True,82.36665695132615,-1512.5,-120.0,False,,7065.0,,,
2019,Dang,Dhikpur,Dang | Dhikpur,T6,T6,T block,2,2,2,2,8577.5,473.0544366138003,8243.0,8912.0,8.5775,,,,,,,19300.0,16891.5,9168.5,17.6,maize_postharvest_2019,t6,2019 T1-T10 core trial,All maize,4,Government-recommended NPK reference,N120-P60-K40,120.0,60.0,40.0,,True,True,True,True,8577.5,120.0,True,100.0,0.0,0.0,False,,7065.0,1512.5,12.604166666666666,71.47916666666667
2019,Dang,Dhikpur,Dang | Dhikpur,T5,T5,T block,2,2,2,2,8419.0,697.2072862499358,7926.0,8912.0,8.419,,,,,,,18243.0,13050.0,5651.5,18.85,maize_postharvest_2019,t5,2019 T1-T10 core trial,All maize,5,N-rate response and adjustment,N60-P60-K40,60.0,60.0,40.0,,True,False,True,True,8577.5,120.0,True,98.15214223258525,-158.5,-60.0,True,60.0,7065.0,1354.0,22.566666666666666,140.31666666666666
2019,Dang,Dhikpur,Dang | Dhikpur,T7,T7,T block,2,2,2,2,7519.0,668.9230150024739,7046.0,7992.0,7.519,,,,,,,20943.5,14167.0,8008.0,17.45,maize_postharvest_2019,t7,2019 T1-T10 core trial,All maize,5,N-rate response and adjustment,N180-P60-K40,180.0,60.0,40.0,,True,False,True,True,8577.5,120.0,True,87.65957446808511,-1058.5,60.0,False,,7065.0,454.0,2.522222222222222,41.772222222222226
2019,Dang,Dhikpur,Dang | Dhikpur,T8,T8,T block,2,2,2,2,7271.5,939.7449121969216,6607.0,7936.0,7.2715,,,,,,,18510.0,13350.0,7846.5,18.6,maize_postharvest_2019,t8,2019 T1-T10 core trial,All maize,5,N-rate response and adjustment,N210-P60-K40,210.0,60.0,40.0,,True,False,True,True,8577.5,120.0,True,84.77411833284756,-1306.0,90.0,False,,7065.0,206.5,0.9833333333333333,34.62619047619047
2019,Dang,Dhikpur,Dang | Dhikpur,T10,T10,T block,2,2,2,2,8676.0,1002.6774157225244,7967.0,9385.0,8.676,,,,,,,20485.0,16400.0,9330.0,17.95,maize_postharvest_2019,t10,2019 T1-T10 core trial,All maize,6,Efficiency and nutrient-management alternatives,N120-P60-K40 at V6/V10,120.0,60.0,40.0,,False,False,True,True,8577.5,120.0,True,101.14835324978141,98.5,0.0,False,,7065.0,1611.0,13.425,72.3
2019,Dang,Dhikpur,Dang | Dhikpur,T9,T9,T block,2,2,2,2,7855.0,817.415439051649,7277.0,8433.0,7.855,,,,,,,21013.5,14016.5,8498.5,18.5,maize_postharvest_2019,t9,2019 T1-T10 core trial,All maize,6,Efficiency and nutrient-management alternatives,N120-P60-K40 at V8,120.0,60.0,40.0,,False,False,True,True,8577.5,120.0,True,91.57679976683183,-722.5,0.0,False,,7065.0,790.0,6.583333333333333,65.45833333333333
2019,Dang,Laxmipur,Dang | Laxmipur,T1,T1,T block,2,2,2,2,5876.0,528.9158723275375,5502.0,6250.0,5.876,,,,,,,11166.5,7435.0,6217.0,18.2,maize_postharvest_2019,t1,2019 T1-T10 core trial,All maize,1,No-input reference,N0-P0-K0,0.0,0.0,0.0,,False,False,False,False,11756.5,120.0,True,49.980861651001575,-5880.5,-120.0,False,,8419.5,,,
2019,Dang,Laxmipur,Dang | Laxmipur,T2,T2,T block,2,2,2,2,8419.5,1759.9887783733168,7175.0,9664.0,8.4195,,,,,,,12083.5,7691.5,8808.0,17.15,maize_postharvest_2019,t2,2019 T1-T10 core trial,All maize,2,N-zero agronomic reference,N0-P60-K40,0.0,60.0,40.0,,True,False,False,False,11756.5,120.0,True,71.61570195211159,-3337.0,-120.0,False,,8419.5,,,
2019,Dang,Laxmipur,Dang | Laxmipur,T6,T6,T block,2,2,2,2,11756.5,613.0615792887367,11323.0,12190.0,11.7565,,,,,,,13333.5,13025.0,12195.0,18.05,maize_postharvest_2019,t6,2019 T1-T10 core trial,All maize,4,Government-recommended NPK reference,N120-P60-K40,120.0,60.0,40.0,,True,True,True,True,11756.5,120.0,True,100.0,0.0,0.0,False,,8419.5,3337.0,27.808333333333334,97.97083333333333
2019,Dang,Laxmipur,Dang | Laxmipur,T5,T5,T block,2,2,2,2,9239.5,210.0107140124046,9091.0,9388.0,9.2395,,,,,,,12883.5,13666.5,10000.0,20.1,maize_postharvest_2019,t5,2019 T1-T10 core trial,All maize,5,N-rate response and adjustment,N60-P60-K40,60.0,60.0,40.0,,True,False,True,True,11756.5,120.0,True,78.590566920427,-2517.0,-60.0,True,0.0,8419.5,820.0,13.666666666666666,153.99166666666667
2019,Dang,Laxmipur,Dang | Laxmipur,T7,T7,T block,2,2,2,2,11041.5,1461.5897167125938,10008.0,12075.0,11.0415,,,,,,,13277.0,12436.5,11663.5,18.0,maize_postharvest_2019,t7,2019 T1-T10 core trial,All maize,5,N-rate response and adjustment,N180-P60-K40,180.0,60.0,40.0,,True,False,True,True,11756.5,120.0,True,93.9182579849445,-715.0,60.0,False,,8419.5,2622.0,14.566666666666666,61.34166666666667
2019,Dang,Laxmipur,Dang | Laxmipur,T8,T8,T block,2,2,2,2,10807.0,1889.389319330455,9471.0,12143.0,10.807,,,,,,,13300.0,13013.0,11500.0,18.65,maize_postharvest_2019,t8,2019 T1-T10 core trial,All maize,5,N-rate response and adjustment,N210-P60-K40,210.0,60.0,40.0,,True,False,True,True,11756.5,120.0,True,91.92361672266406,-949.5,90.0,False,,8419.5,2387.5,11.369047619047619,51.46190476190476
2019,Dang,Laxmipur,Dang | Laxmipur,T10,T10,T block,2,2,2,2,10483.5,1673.721751068558,9300.0,11667.0,10.4835,,,,,,,13033.5,12118.0,11516.5,21.25,maize_postharvest_2019,t10,2019 T1-T10 core trial,All maize,6,Efficiency and nutrient-management alternatives,N120-P60-K40 at V6/V10,120.0,60.0,40.0,,False,False,True,True,11756.5,120.0,True,89.17194743333475,-1273.0,0.0,False,,8419.5,2064.0,17.2,87.3625
2019,Dang,Laxmipur,Dang | Laxmipur,T9,T9,T block,2,2,2,2,9010.0,1640.4877323527903,7850.0,10170.0,9.01,,,,,,,13191.5,11266.5,9427.0,17.3,maize_postharvest_2019,t9,2019 T1-T10 core trial,All maize,6,Efficiency and nutrient-management alternatives,N120-P60-K40 at V8,120.0,60.0,40.0,,False,False,True,True,11756.5,120.0,True,76.6384553225875,-2746.5,0.0,False,,8419.5,590.5,4.920833333333333,75.08333333333333
2019,Dang,Panchakule,Dang | Panchakule,T1,T1,T block,2,2,2,2,7939.5,2346.8874067581514,6280.0,9599.0,7.939500000000001,,,,,,,13175.0,14828.5,9060.0,22.2,maize_postharvest_2019,t1,2019 T1-T10 core trial,All maize,1,No-input reference,N0-P0-K0,0.0,0.0,0.0,,False,False,False,False,9692.5,120.0,True,81.91385091565644,-1753.0,-120.0,False,,8639.0,,,
2019,Dang,Panchakule,Dang | Panchakule,T2,T2,T block,2,2,2,2,8639.0,2729.4321753800737,6709.0,10569.0,8.639,,,,,,,14268.5,16123.5,9726.5,21.4,maize_postharvest_2019,t2,2019 T1-T10 core trial,All maize,2,N-zero agronomic reference,N0-P60-K40,0.0,60.0,40.0,,True,False,False,False,9692.5,120.0,True,89.13077121485685,-1053.5,-120.0,False,,8639.0,,,
2019,Dang,Panchakule,Dang | Panchakule,T6,T6,T block,2,2,2,2,9692.5,2929.5433944558663,7621.0,11764.0,9.6925,,,,,,,24191.5,17218.5,10211.5,16.549999999999997,maize_postharvest_2019,t6,2019 T1-T10 core trial,All maize,4,Government-recommended NPK reference,N120-P60-K40,120.0,60.0,40.0,,True,True,True,True,9692.5,120.0,True,100.0,0.0,0.0,False,,8639.0,1053.5,8.779166666666667,80.77083333333333
2019,Dang,Panchakule,Dang | Panchakule,T5,T5,T block,2,2,2,2,9510.0,1145.512985522207,8700.0,10320.0,9.51,,,,,,,21867.0,17546.5,10760.0,21.0,maize_postharvest_2019,t5,2019 T1-T10 core trial,All maize,5,N-rate response and adjustment,N60-P60-K40,60.0,60.0,40.0,,True,False,True,True,9692.5,120.0,True,98.11710085117359,-182.5,-60.0,True,60.0,8639.0,871.0,14.516666666666667,158.5
2019,Dang,Panchakule,Dang | Panchakule,T7,T7,T block,2,2,2,2,8840.0,2761.9590873146544,6887.0,10793.0,8.84,,,,,,,19133.0,16501.5,12613.0,22.0,maize_postharvest_2019,t7,2019 T1-T10 core trial,All maize,5,N-rate response and adjustment,N180-P60-K40,180.0,60.0,40.0,,True,False,True,True,9692.5,120.0,True,91.20453959246841,-852.5,60.0,False,,8639.0,201.0,1.1166666666666667,49.111111111111114
2019,Dang,Panchakule,Dang | Panchakule,T8,T8,T block,2,2,2,2,8830.5,1700.5918087536468,7628.0,10033.0,8.8305,,,,,,,20200.0,17121.5,10016.5,22.05,maize_postharvest_2019,t8,2019 T1-T10 core trial,All maize,5,N-rate response and adjustment,N210-P60-K40,210.0,60.0,40.0,,True,False,True,True,9692.5,120.0,True,91.10652566417333,-862.0,90.0,False,,8639.0,191.5,0.9119047619047619,42.05
2019,Dang,Panchakule,Dang | Panchakule,T10,T10,T block,2,2,2,2,9970.5,2509.521966431057,8196.0,11745.0,9.9705,,,,,,,18640.0,18191.5,11115.0,20.7,maize_postharvest_2019,t10,2019 T1-T10 core trial,All maize,6,Efficiency and nutrient-management alternatives,N120-P60-K40 at V6/V10,120.0,60.0,40.0,,False,False,True,True,9692.5,120.0,True,102.86819705958216,278.0,0.0,False,,8639.0,1331.5,11.095833333333333,83.0875
2019,Dang,Panchakule,Dang | Panchakule,T9,T9,T block,2,2,2,2,8719.5,3076.6216049426685,6544.0,10895.0,8.7195,,,,,,,22942.0,17103.5,9725.0,20.7,maize_postharvest_2019,t9,2019 T1-T10 core trial,All maize,6,Efficiency and nutrient-management alternatives,N120-P60-K40 at V8,120.0,60.0,40.0,,False,False,True,True,9692.5,120.0,True,89.96131029146247,-973.0,0.0,False,,8639.0,80.5,0.6708333333333333,72.6625
2019,Dang,Shantinagar,Dang | Shantinagar,T1,T1,T block,2,2,2,2,5739.0,339.4112549695428,5499.0,5979.0,5.739,,,,,,,18833.0,11325.0,7216.5,30.05,maize_postharvest_2019,t1,2019 T1-T10 core trial,All maize,1,No-input reference,N0-P0-K0,0.0,0.0,0.0,,False,False,False,False,8417.5,120.0,True,68.17938817938818,-2678.5,-120.0,False,,7379.5,,,
2019,Dang,Shantinagar,Dang | Shantinagar,T2,T2,T block,2,2,2,2,7379.5,1231.0729060457793,6509.0,8250.0,7.3795,,,,,,,20791.5,14366.5,9120.0,29.85,maize_postharvest_2019,t2,2019 T1-T10 core trial,All maize,2,N-zero agronomic reference,N0-P60-K40,0.0,60.0,40.0,,True,False,False,False,8417.5,120.0,True,87.66854766854767,-1038.0,-120.0,False,,7379.5,,,
2019,Dang,Shantinagar,Dang | Shantinagar,T6,T6,T block,2,2,2,2,8417.5,1489.8739879600555,7364.0,9471.0,8.4175,,,,,,,22333.0,16416.5,10583.5,29.75,maize_postharvest_2019,t6,2019 T1-T10 core trial,All maize,4,Government-recommended NPK reference,N120-P60-K40,120.0,60.0,40.0,,True,True,True,True,8417.5,120.0,True,100.0,0.0,0.0,False,,7379.5,1038.0,8.65,70.14583333333333
2019,Dang,Shantinagar,Dang | Shantinagar,T5,T5,T block,2,2,2,2,8697.0,487.9036790187178,8352.0,9042.0,8.697,,,,,,,22416.5,17666.5,11167.0,31.450000000000003,maize_postharvest_2019,t5,2019 T1-T10 core trial,All maize,5,N-rate response and adjustment,N60-P60-K40,60.0,60.0,40.0,,True,False,True,True,8417.5,120.0,True,103.32046332046332,279.5,-60.0,True,60.0,7379.5,1317.5,21.958333333333332,144.95
2019,Dang,Shantinagar,Dang | Shantinagar,T7,T7,T block,2,2,2,2,8592.0,1975.6563466352136,7195.0,9989.0,8.592,,,,,,,22833.5,15648.0,11167.0,32.55,maize_postharvest_2019,t7,2019 T1-T10 core trial,All maize,5,N-rate response and adjustment,N180-P60-K40,180.0,60.0,40.0,,True,False,True,True,8417.5,120.0,True,102.07306207306208,174.5,60.0,False,,7379.5,1212.5,6.736111111111111,47.733333333333334
2019,Dang,Shantinagar,Dang | Shantinagar,T8,T8,T block,2,2,2,2,8677.0,1921.916231265036,7318.0,10036.0,8.677,,,,,,,24666.5,15000.0,11141.5,31.4,maize_postharvest_2019,t8,2019 T1-T10 core trial,All maize,5,N-rate response and adjustment,N210-P60-K40,210.0,60.0,40.0,,True,False,True,True,8417.5,120.0,True,103.08286308286308,259.5,90.0,False,,7379.5,1297.5,6.178571428571429,41.319047619047616
2019,Dang,Shantinagar,Dang | Shantinagar,T10,T10,T block,2,2,2,2,8996.5,449.01280605345767,8679.0,9314.0,8.996500000000001,,,,,,,24333.5,18333.5,11333.5,30.05,maize_postharvest_2019,t10,2019 T1-T10 core trial,All maize,6,Efficiency and nutrient-management alternatives,N120-P60-K40 at V6/V10,120.0,60.0,40.0,,False,False,True,True,8417.5,120.0,True,106.87852687852688,579.0,0.0,False,,7379.5,1617.0,13.475,74.97083333333333
2019,Dang,Shantinagar,Dang | Shantinagar,T9,T9,T block,2,2,2,2,8378.5,590.4341622907672,7961.0,8796.0,8.378499999999999,,,,,,,24500.0,16800.0,10833.0,31.950000000000003,maize_postharvest_2019,t9,2019 T1-T10 core trial,All maize,6,Efficiency and nutrient-management alternatives,N120-P60-K40 at V8,120.0,60.0,40.0,,False,False,True,True,8417.5,120.0,True,99.53667953667954,-39.0,0.0,False,,7379.5,999.0,8.325,69.82083333333334
2019,Dang,Shreegau,Dang | Shreegau,T1,T1,T block,2,2,2,2,4588.0,144.2497833620557,4486.0,4690.0,4.588,,,,,,,16375.0,14150.0,4850.0,16.75,maize_postharvest_2019,t1,2019 T1-T10 core trial,All maize,1,No-input reference,N0-P0-K0,0.0,0.0,0.0,,False,False,False,False,8459.5,120.0,True,54.234883858384066,-3871.5,-120.0,False,,6268.0,,,
2019,Dang,Shreegau,Dang | Shreegau,T2,T2,T block,2,2,2,2,6268.0,606.6976182580578,5839.0,6697.0,6.268000000000001,,,,,,,18333.5,15125.0,6592.0,16.3,maize_postharvest_2019,t2,2019 T1-T10 core trial,All maize,2,N-zero agronomic reference,N0-P60-K40,0.0,60.0,40.0,,True,False,False,False,8459.5,120.0,True,74.09421360600508,-2191.5,-120.0,False,,6268.0,,,
2019,Dang,Shreegau,Dang | Shreegau,T6,T6,T block,2,2,2,2,8459.5,912.8748545118328,7814.0,9105.0,8.4595,,,,,,,18867.0,18200.0,9058.5,17.85,maize_postharvest_2019,t6,2019 T1-T10 core trial,All maize,4,Government-recommended NPK reference,N120-P60-K40,120.0,60.0,40.0,,True,True,True,True,8459.5,120.0,True,100.0,0.0,0.0,False,,6268.0,2191.5,18.2625,70.49583333333334
2019,Dang,Shreegau,Dang | Shreegau,T5,T5,T block,2,2,2,2,8367.0,178.19090885900997,8241.0,8493.0,8.367,,,,,,,17500.0,15933.0,8605.0,16.8,maize_postharvest_2019,t5,2019 T1-T10 core trial,All maize,5,N-rate response and adjustment,N60-P60-K40,60.0,60.0,40.0,,True,False,True,True,8459.5,120.0,True,98.90655476091968,-92.5,-60.0,True,60.0,6268.0,2099.0,34.983333333333334,139.45
2019,Dang,Shreegau,Dang | Shreegau,T7,T7,T block,2,2,2,2,9097.0,323.8549057834388,8868.0,9326.0,9.097,,,,,,,19716.5,17550.0,9708.5,17.55,maize_postharvest_2019,t7,2019 T1-T10 core trial,All maize,5,N-rate response and adjustment,N180-P60-K40,180.0,60.0,40.0,,True,False,True,True,8459.5,120.0,True,107.53590637744547,637.5,60.0,False,,6268.0,2829.0,15.716666666666667,50.53888888888889
2019,Dang,Shreegau,Dang | Shreegau,T8,T8,T block,2,2,2,2,8552.0,36.76955262170047,8526.0,8578.0,8.552,,,,,,,18016.5,16391.5,9083.5,17.15,maize_postharvest_2019,t8,2019 T1-T10 core trial,All maize,5,N-rate response and adjustment,N210-P60-K40,210.0,60.0,40.0,,True,False,True,True,8459.5,120.0,True,101.09344523908032,92.5,90.0,False,,6268.0,2284.0,10.876190476190477,40.72380952380952
2019,Dang,Shreegau,Dang | Shreegau,T10,T10,T block,2,2,2,2,7149.5,1062.781492123381,6398.0,7901.0,7.1495,,,,,,,18695.0,16133.5,7592.0,17.15,maize_postharvest_2019,t10,2019 T1-T10 core trial,All maize,6,Efficiency and nutrient-management alternatives,N120-P60-K40 at V6/V10,120.0,60.0,40.0,,False,False,True,True,8459.5,120.0,True,84.51445120870028,-1310.0,0.0,False,,6268.0,881.5,7.345833333333333,59.579166666666666
2019,Dang,Shreegau,Dang | Shreegau,T9,T9,T block,2,2,2,2,8673.5,474.4686501761734,8338.0,9009.0,8.6735,,,,,,,18616.5,16733.0,9258.0,17.549999999999997,maize_postharvest_2019,t9,2019 T1-T10 core trial,All maize,6,Efficiency and nutrient-management alternatives,N120-P60-K40 at V8,120.0,60.0,40.0,,False,False,True,True,8459.5,120.0,True,102.52970033689934,214.0,0.0,False,,6268.0,2405.5,20.045833333333334,72.27916666666667
2019,Doti,Chhatiwan,Doti | Chhatiwan,T1,T1,T block,2,2,2,2,6869.34,75.88669975694008,6815.68,6923.0,6.86934,,,,,,,42499.5,25666.5,7458.165,21.7,maize_postharvest_2019,t1,2019 T1-T10 core trial,All maize,1,No-input reference,N0-P0-K0,0.0,0.0,0.0,,False,False,False,False,10104.665,120.0,True,67.9818677808715,-3235.3250000000007,-120.0,False,,8194.165,,,
2019,Doti,Chhatiwan,Doti | Chhatiwan,T2,T2,T block,2,2,2,2,8194.165,773.3414733802908,7647.33,8741.0,8.194165,,,,,,,41166.5,27666.0,9166.665,23.85,maize_postharvest_2019,t2,2019 T1-T10 core trial,All maize,2,N-zero agronomic reference,N0-P60-K40,0.0,60.0,40.0,,True,False,False,False,10104.665,120.0,True,81.09289125369322,-1910.5,-120.0,False,,8194.165,,,
2019,Doti,Chhatiwan,Doti | Chhatiwan,T6,T6,T block,2,2,2,2,10104.665,363.9266470732798,9847.33,10362.0,10.104665,,,,,,,43666.0,29500.0,10347.665,21.75,maize_postharvest_2019,t6,2019 T1-T10 core trial,All maize,4,Government-recommended NPK reference,N120-P60-K40,120.0,60.0,40.0,,True,True,True,True,10104.665,120.0,True,100.0,0.0,0.0,False,,8194.165,1910.5,15.920833333333333,84.20554166666668
2019,Doti,Chhatiwan,Doti | Chhatiwan,T5,T5,T block,2,2,2,2,8910.165,89.32879966729715,8847.0,8973.33,8.910165,,,,,,,47999.5,31333.0,9991.665,24.200000000000003,maize_postharvest_2019,t5,2019 T1-T10 core trial,All maize,5,N-rate response and adjustment,N60-P60-K40,60.0,60.0,40.0,,True,False,True,True,10104.665,120.0,True,88.17872735018925,-1194.5,-60.0,True,0.0,8194.165,716.0,11.933333333333334,148.50275000000002
2019,Doti,Chhatiwan,Doti | Chhatiwan,T7,T7,T block,2,2,2,2,9573.665,212.60579589935864,9423.33,9724.0,9.573665,,,,,,,47179.833,33333.165,10353.0,21.35,maize_postharvest_2019,t7,2019 T1-T10 core trial,All maize,5,N-rate response and adjustment,N180-P60-K40,180.0,60.0,40.0,,True,False,True,True,10104.665,120.0,True,94.7450014424031,-531.0,60.0,False,,8194.165,1379.5,7.663888888888889,53.187027777777786
2019,Doti,Chhatiwan,Doti | Chhatiwan,T8,T8,T block,2,2,2,2,10053.615,2072.367341098098,8588.23,11519.0,10.053615,,,,,,,45858.33,28833.0,11408.0,25.3,maize_postharvest_2019,t8,2019 T1-T10 core trial,All maize,5,N-rate response and adjustment,N210-P60-K40,210.0,60.0,40.0,,True,False,True,True,10104.665,120.0,True,99.49478780345513,-51.05000000000109,90.0,False,,8194.165,1859.449999999999,8.854523809523805,47.87435714285714
2019,Doti,Chhatiwan,Doti | Chhatiwan,T10,T10,T block,2,2,2,2,8718.4,3290.026431504768,6392.0,11044.8,8.718399999999999,,,,,,,42666.33,25333.165,9453.165,20.9,maize_postharvest_2019,t10,2019 T1-T10 core trial,All maize,6,Efficiency and nutrient-management alternatives,N120-P60-K40 at V6/V10,120.0,60.0,40.0,,False,False,True,True,10104.665,120.0,True,86.28094053588119,-1386.2650000000012,0.0,False,,8194.165,524.2349999999988,4.36862499999999,72.65333333333334
2019,Doti,Chhatiwan,Doti | Chhatiwan,T9,T9,T block,2,2,2,2,9595.33,290.3804707620675,9390.0,9800.66,9.59533,,,,,,,48999.83,28499.665,10591.33,23.0,maize_postharvest_2019,t9,2019 T1-T10 core trial,All maize,6,Efficiency and nutrient-management alternatives,N120-P60-K40 at V8,120.0,60.0,40.0,,False,False,True,True,10104.665,120.0,True,94.95940736283686,-509.33500000000095,0.0,False,,8194.165,1401.164999999999,11.676374999999991,79.96108333333333
2019,Doti,Dipayal,Doti | Dipayal,T1,T1,T block,3,3,3,3,7797.686666666667,1149.1253467456602,6523.0,8754.2,7.797686666666666,,,,,,,38477.77333333334,20683.33,8552.216666666667,22.5,maize_postharvest_2019,t1,2019 T1-T10 core trial,All maize,1,No-input reference,N0-P0-K0,0.0,0.0,0.0,,False,False,False,False,8761.383333333333,120.0,True,89.0006334616109,-963.6966666666658,-120.0,False,,8738.366666666667,,,
2019,Doti,Dipayal,Doti | Dipayal,T2,T2,T block,3,3,3,3,8738.366666666667,984.460200583718,7649.88,9566.44,8.738366666666666,,,,,,,33333.33,23241.10666666667,9583.33,23.0,maize_postharvest_2019,t2,2019 T1-T10 core trial,All maize,2,N-zero agronomic reference,N0-P60-K40,0.0,60.0,40.0,,True,False,False,False,8761.383333333333,120.0,True,99.73729414875504,-23.016666666666424,-120.0,False,,8738.366666666667,,,
2019,Doti,Dipayal,Doti | Dipayal,T6,T6,T block,3,3,3,3,8761.383333333333,96.9974444680538,8699.6,8873.18,8.761383333333333,,,,,,,35722.21666666667,21905.553333333333,9865.55,25.83333333333333,maize_postharvest_2019,t6,2019 T1-T10 core trial,All maize,4,Government-recommended NPK reference,N120-P60-K40,120.0,60.0,40.0,,True,True,True,True,8761.383333333333,120.0,True,100.0,0.0,0.0,False,,8738.366666666667,23.016666666666424,0.19180555555555354,73.01152777777777
2019,Doti,Dipayal,Doti | Dipayal,T5,T5,T block,3,3,3,3,9994.016666666668,312.2635198567596,9656.7,10273.0,9.994016666666669,,,,,,,35533.33,22204.33,11171.11,23.9,maize_postharvest_2019,t5,2019 T1-T10 core trial,All maize,5,N-rate response and adjustment,N60-P60-K40,60.0,60.0,40.0,,True,False,True,True,8761.383333333333,120.0,True,114.06893508064749,1232.633333333335,-60.0,True,60.0,8738.366666666667,1255.6500000000015,20.927500000000023,166.56694444444446
2019,Doti,Dipayal,Doti | Dipayal,T7,T7,T block,3,3,3,3,9160.84,2784.330093738887,6233.29,11775.52,9.16084,,,,,,,41777.77333333334,24994.44,10238.886666666667,23.666666666666668,maize_postharvest_2019,t7,2019 T1-T10 core trial,All maize,5,N-rate response and adjustment,N180-P60-K40,180.0,60.0,40.0,,True,False,True,True,8761.383333333333,120.0,True,104.55928763151938,399.45666666666693,60.0,False,,8738.366666666667,422.47333333333336,2.347074074074074,50.89355555555556
2019,Doti,Dipayal,Doti | Dipayal,T8,T8,T block,3,3,3,3,9569.173333333334,727.3704119177062,8802.0,10248.82,9.569173333333334,,,,,,,37005.55333333334,22972.11,10440.996666666666,22.133333333333336,maize_postharvest_2019,t8,2019 T1-T10 core trial,All maize,5,N-rate response and adjustment,N210-P60-K40,210.0,60.0,40.0,,True,False,True,True,8761.383333333333,120.0,True,109.21989107503953,807.7900000000009,90.0,False,,8738.366666666667,830.8066666666673,3.9562222222222254,45.56749206349207
2019,Doti,Dipayal,Doti | Dipayal,T10,T10,T block,3,3,3,3,9386.123333333337,669.2385268596953,8645.64,9947.79,9.386123333333334,,,,,,,36762.22,21099.99333333333,10544.44,24.4,maize_postharvest_2019,t10,2019 T1-T10 core trial,All maize,6,Efficiency and nutrient-management alternatives,N120-P60-K40 at V6/V10,120.0,60.0,40.0,,False,False,True,True,8761.383333333333,120.0,True,107.13060913135868,624.7400000000034,0.0,False,,8738.366666666667,647.7566666666698,5.397972222222249,78.21769444444448
2019,Doti,Dipayal,Doti | Dipayal,T9,T9,T block,3,3,3,3,10570.96,1227.448312272253,9270.0,11708.53,10.57096,,,,,,,37242.22,24399.99666666667,11754.44,23.53333333333333,maize_postharvest_2019,t9,2019 T1-T10 core trial,All maize,6,Efficiency and nutrient-management alternatives,N120-P60-K40 at V8,120.0,60.0,40.0,,False,False,True,True,8761.383333333333,120.0,True,120.65400631178866,1809.576666666666,0.0,False,,8738.366666666667,1832.5933333333323,15.271611111111103,88.09133333333332
2019,Doti,Ghanteshwor,Doti | Ghanteshwor,T1,T1,T block,5,5,5,5,7227.0,753.3870187360544,6423.0,8141.0,7.226999999999999,,,,,,,39348.2,17351.2,8666.4,27.56,maize_postharvest_2019,t1,2019 T1-T10 core trial,All maize,1,No-input reference,N0-P0-K0,0.0,0.0,0.0,,False,False,False,False,9282.8,120.0,True,77.85366484250443,-2055.7999999999993,-120.0,False,,8432.6,,,
2019,Doti,Ghanteshwor,Doti | Ghanteshwor,T2,T2,T block,5,5,5,5,8432.6,1304.8761627066378,7215.0,10564.0,8.432599999999999,,,,,,,35929.8,20506.4,9966.2,27.3,maize_postharvest_2019,t2,2019 T1-T10 core trial,All maize,2,N-zero agronomic reference,N0-P60-K40,0.0,60.0,40.0,,True,False,False,False,9282.8,120.0,True,90.84112552247167,-850.1999999999989,-120.0,False,,8432.6,,,
2019,Doti,Ghanteshwor,Doti | Ghanteshwor,T6,T6,T block,5,5,5,5,9282.8,1652.8716526094818,7549.0,11397.0,9.2828,,,,,,,44074.4,22485.2,10933.0,27.06,maize_postharvest_2019,t6,2019 T1-T10 core trial,All maize,4,Government-recommended NPK reference,N120-P60-K40,120.0,60.0,40.0,,True,True,True,True,9282.8,120.0,True,100.0,0.0,0.0,False,,8432.6,850.1999999999989,7.084999999999991,77.35666666666665
2019,Doti,Ghanteshwor,Doti | Ghanteshwor,T5,T5,T block,5,5,5,5,9887.6,2260.6061797668344,6660.0,12235.0,9.8876,,,,,,,42679.8,23500.4,11413.6,25.4,maize_postharvest_2019,t5,2019 T1-T10 core trial,All maize,5,N-rate response and adjustment,N60-P60-K40,60.0,60.0,40.0,,True,False,True,True,9282.8,120.0,True,106.5152755634076,604.8000000000011,-60.0,True,60.0,8432.6,1455.0,24.25,164.79333333333335
2019,Doti,Ghanteshwor,Doti | Ghanteshwor,T7,T7,T block,5,5,5,5,9581.0,1782.7825161808155,7143.0,11397.0,9.581,,,,,,,44599.6,23220.4,11217.2,26.7,maize_postharvest_2019,t7,2019 T1-T10 core trial,All maize,5,N-rate response and adjustment,N180-P60-K40,180.0,60.0,40.0,,True,False,True,True,9282.8,120.0,True,103.21239281251347,298.2000000000007,60.0,False,,8432.6,1148.3999999999996,6.379999999999998,53.227777777777774
2019,Doti,Ghanteshwor,Doti | Ghanteshwor,T8,T8,T block,5,5,5,5,10251.4,1638.0704502554215,7983.0,12158.0,10.2514,,,,,,,42559.0,20699.8,11791.0,25.58,maize_postharvest_2019,t8,2019 T1-T10 core trial,All maize,5,N-rate response and adjustment,N210-P60-K40,210.0,60.0,40.0,,True,False,True,True,9282.8,120.0,True,110.43435170422718,968.6000000000004,90.0,False,,8432.6,1818.7999999999993,8.660952380952377,48.81619047619048
2019,Doti,Ghanteshwor,Doti | Ghanteshwor,T10,T10,T block,5,5,5,5,10928.2,1727.4455707778468,9122.0,12818.0,10.9282,,,,,,,53029.6,28999.732,12101.332,27.0,maize_postharvest_2019,t10,2019 T1-T10 core trial,All maize,6,Efficiency and nutrient-management alternatives,N120-P60-K40 at V6/V10,120.0,60.0,40.0,,False,False,True,True,9282.8,120.0,True,117.72525531089758,1645.4000000000015,0.0,False,,8432.6,2495.6000000000004,20.79666666666667,91.06833333333334
2019,Doti,Ghanteshwor,Doti | Ghanteshwor,T9,T9,T block,5,5,5,5,10041.0,1434.946166237605,8575.0,11694.0,10.041,,,,,,,46236.4,26581.8,11726.4,26.7,maize_postharvest_2019,t9,2019 T1-T10 core trial,All maize,6,Efficiency and nutrient-management alternatives,N120-P60-K40 at V8,120.0,60.0,40.0,,False,False,True,True,9282.8,120.0,True,108.16779420002587,758.2000000000007,0.0,False,,8432.6,1608.3999999999996,13.40333333333333,83.675
2019,Kavre,Bhakundebesi,Kavre | Bhakundebesi,T1,T1,T block,2,2,2,2,2926.757,346.9574985383658,2681.421,3172.093,2.926757,,,,,,,21309.995000000003,6275.0,3217.5,21.15,maize_postharvest_2019,t1,2019 T1-T10 core trial,All maize,1,No-input reference,N0-P0-K0,0.0,0.0,0.0,,False,False,False,False,8723.449499999999,120.0,True,33.55045501209127,-5796.692499999999,-120.0,False,,4507.7615000000005,,,
2019,Kavre,Bhakundebesi,Kavre | Bhakundebesi,T2,T2,T block,2,2,2,2,4507.7615000000005,502.0861197289759,4152.733,4862.79,4.507761500000001,,,,,,,26456.665,9866.67,5008.335,22.05,maize_postharvest_2019,t2,2019 T1-T10 core trial,All maize,2,N-zero agronomic reference,N0-P60-K40,0.0,60.0,40.0,,True,False,False,False,8723.449499999999,120.0,True,51.67407113436033,-4215.687999999998,-120.0,False,,4507.7615000000005,,,
2019,Kavre,Bhakundebesi,Kavre | Bhakundebesi,T6,T6,T block,2,2,2,2,8723.449499999999,721.3585183613635,8213.372,9233.527,8.723449500000001,,,,,,,37200.0,14108.335,9666.665,21.8,maize_postharvest_2019,t6,2019 T1-T10 core trial,All maize,4,Government-recommended NPK reference,N120-P60-K40,120.0,60.0,40.0,,True,True,True,True,8723.449499999999,120.0,True,100.0,0.0,0.0,False,,4507.7615000000005,4215.687999999998,35.13073333333332,72.69541249999999
2019,Kavre,Bhakundebesi,Kavre | Bhakundebesi,T5,T5,T block,2,2,2,2,8289.582999999999,542.9236576628433,7905.678,8673.488,8.289583,,,,,,,40293.33,13908.33,9125.0,21.65,maize_postharvest_2019,t5,2019 T1-T10 core trial,All maize,5,N-rate response and adjustment,N60-P60-K40,60.0,60.0,40.0,,True,False,True,True,8723.449499999999,120.0,True,95.02643421045768,-433.8665000000001,-60.0,True,60.0,4507.7615000000005,3781.821499999998,63.030358333333304,138.15971666666664
2019,Kavre,Bhakundebesi,Kavre | Bhakundebesi,T7,T7,T block,2,2,2,2,9536.0765,678.2900585328537,9056.453,10015.7,9.5360765,,,,,,,40710.0,11975.0,10425.0,20.9,maize_postharvest_2019,t7,2019 T1-T10 core trial,All maize,5,N-rate response and adjustment,N180-P60-K40,180.0,60.0,40.0,,True,False,True,True,8723.449499999999,120.0,True,109.31543192861953,812.6270000000004,60.0,False,,4507.7615000000005,5028.314999999999,27.935083333333328,52.978202777777774
2019,Kavre,Bhakundebesi,Kavre | Bhakundebesi,T8,T8,T block,2,2,2,2,9142.3255,1164.3694020561088,8318.992,9965.659,9.1423255,,,,,,,40600.0,13216.665,9916.665,20.05,maize_postharvest_2019,t8,2019 T1-T10 core trial,All maize,5,N-rate response and adjustment,N210-P60-K40,210.0,60.0,40.0,,True,False,True,True,8723.449499999999,120.0,True,104.80172436373938,418.876000000002,90.0,False,,4507.7615000000005,4634.564,22.06935238095238,43.53488333333334
2019,Kavre,Bhakundebesi,Kavre | Bhakundebesi,T10,T10,T block,2,2,2,2,8693.876,1219.9515305912778,7831.24,9556.512,8.693876000000001,,,,,,,36701.665,11375.0,9566.665,21.4,maize_postharvest_2019,t10,2019 T1-T10 core trial,All maize,6,Efficiency and nutrient-management alternatives,N120-P60-K40 at V6/V10,120.0,60.0,40.0,,False,False,True,True,8723.449499999999,120.0,True,99.66098846562934,-29.573499999998603,0.0,False,,4507.7615000000005,4186.1145,34.8842875,72.44896666666666
2019,Kavre,Bhakundebesi,Kavre | Bhakundebesi,T9,T9,T block,2,2,2,2,9048.876,497.0027290790272,8697.442,9400.31,9.048876,,,,,,,38778.335,13208.335,10675.0,19.95,maize_postharvest_2019,t9,2019 T1-T10 core trial,All maize,6,Efficiency and nutrient-management alternatives,N120-P60-K40 at V8,120.0,60.0,40.0,,False,False,True,True,8723.449499999999,120.0,True,103.73047955398837,325.4265000000014,0.0,False,,4507.7615000000005,4541.1145,37.84262083333333,75.4073
2019,Kavre,Rabiopi,Kavre | Rabiopi,T1,T1,T block,4,4,3,4,3342.6345,177.54201038533566,3197.67,3560.078,3.3426345,,,,,,,13416.6675,5833.25,3500.0,17.85,maize_postharvest_2019,t1,2019 T1-T10 core trial,All maize,1,No-input reference,N0-P0-K0,0.0,0.0,0.0,,False,False,False,False,7813.371999999999,120.0,True,42.780946561868554,-4470.737499999999,-120.0,False,,3785.2705,,,
2019,Kavre,Rabiopi,Kavre | Rabiopi,T2,T2,T block,4,4,3,4,3785.2705,300.5089732620309,3543.02,4162.016,3.7852705,,,,,,,15749.9925,6750.0,3916.65,16.875,maize_postharvest_2019,t2,2019 T1-T10 core trial,All maize,2,N-zero agronomic reference,N0-P60-K40,0.0,60.0,40.0,,True,False,False,False,7813.371999999999,120.0,True,48.44605504512008,-4028.1014999999993,-120.0,False,,3785.2705,,,
2019,Kavre,Rabiopi,Kavre | Rabiopi,T6,T6,T block,4,4,3,4,7813.371999999999,220.90271701362104,7544.186,7994.186,7.813372,,,,,,,21833.335,14333.3325,8166.665,17.725,maize_postharvest_2019,t6,2019 T1-T10 core trial,All maize,4,Government-recommended NPK reference,N120-P60-K40,120.0,60.0,40.0,,True,True,True,True,7813.371999999999,120.0,True,100.0,0.0,0.0,False,,3785.2705,4028.1014999999993,33.56751249999999,65.11143333333332
2019,Kavre,Rabiopi,Kavre | Rabiopi,T5,T5,T block,4,4,3,4,7865.11625,1115.9528359673557,6193.798,8466.279,7.86511625,,,,,,,20750.0025,13916.67,8333.335,18.9,maize_postharvest_2019,t5,2019 T1-T10 core trial,All maize,5,N-rate response and adjustment,N60-P60-K40,60.0,60.0,40.0,,True,False,True,True,7813.371999999999,120.0,True,100.66225248202697,51.74425000000065,-60.0,True,60.0,3785.2705,4079.84575,67.99742916666666,131.08527083333334
2019,Kavre,Rabiopi,Kavre | Rabiopi,T7,T7,T block,4,4,3,4,8474.9015,1084.6278899830115,6894.186,9183.33,8.4749015,,,,,,,22250.0,13750.0,8916.6675,18.075,maize_postharvest_2019,t7,2019 T1-T10 core trial,All maize,5,N-rate response and adjustment,N180-P60-K40,180.0,60.0,40.0,,True,False,True,True,7813.371999999999,120.0,True,108.46663258833703,661.5295000000006,60.0,False,,3785.2705,4689.630999999999,26.053505555555553,47.08278611111111
2019,Kavre,Rabiopi,Kavre | Rabiopi,T8,T8,T block,4,4,3,4,7207.751999999999,1078.4480251045943,5595.349,7868.217,7.207751999999999,,,,,,,20916.665,14250.0,7583.3325,18.35,maize_postharvest_2019,t8,2019 T1-T10 core trial,All maize,5,N-rate response and adjustment,N210-P60-K40,210.0,60.0,40.0,,True,False,True,True,7813.371999999999,120.0,True,92.2489291435247,-605.6200000000008,90.0,False,,3785.2705,3422.4814999999985,16.297530952380946,34.32262857142857
2019,Kavre,Rabiopi,Kavre | Rabiopi,T10,T10,T block,4,4,3,4,8408.52725,870.8612195879718,7131.783,9094.574,8.40852725,,,,,,,21666.665,15333.335,8916.665,18.95,maize_postharvest_2019,t10,2019 T1-T10 core trial,All maize,6,Efficiency and nutrient-management alternatives,N120-P60-K40 at V6/V10,120.0,60.0,40.0,,False,False,True,True,7813.371999999999,120.0,True,107.61713700563597,595.1552499999998,0.0,False,,3785.2705,4623.256749999999,38.52713958333332,70.07106041666665
2019,Kavre,Rabiopi,Kavre | Rabiopi,T9,T9,T block,4,4,3,4,8171.511750000001,1486.0946228454804,6105.039,9648.45,8.17151175,,,,,,,21749.9975,14333.335,8666.665,18.75,maize_postharvest_2019,t9,2019 T1-T10 core trial,All maize,6,Efficiency and nutrient-management alternatives,N120-P60-K40 at V8,120.0,60.0,40.0,,False,False,True,True,7813.371999999999,120.0,True,104.58367718828697,358.1397500000012,0.0,False,,3785.2705,4386.241250000001,36.552010416666675,68.09593125
2019,Makwanpur,,Makwanpur | ,T1,T1,T block,1,1,1,1,2742.32,,2742.32,2742.32,2.7423200000000003,,,,,,,18000.0,4733.33,3200.0,26.3,maize_postharvest_2019,t1,2019 T1-T10 core trial,All maize,1,No-input reference,N0-P0-K0,0.0,0.0,0.0,,False,False,False,False,6698.7,120.0,True,40.938092465702304,-3956.3799999999997,-120.0,False,,4570.54,,,
2019,Makwanpur,,Makwanpur | ,T2,T2,T block,1,1,1,1,4570.54,,4570.54,4570.54,4.57054,,,,,,,19666.67,7333.33,5333.33,26.3,maize_postharvest_2019,t2,2019 T1-T10 core trial,All maize,2,N-zero agronomic reference,N0-P60-K40,0.0,60.0,40.0,,True,False,False,False,6698.7,120.0,True,68.2302536313016,-2128.16,-120.0,False,,4570.54,,,
2019,Makwanpur,,Makwanpur | ,T6,T6,T block,1,1,1,1,6698.7,,6698.7,6698.7,6.6987,,,,,,,26000.0,10833.33,7816.667,26.3,maize_postharvest_2019,t6,2019 T1-T10 core trial,All maize,4,Government-recommended NPK reference,N120-P60-K40,120.0,60.0,40.0,,True,True,True,True,6698.7,120.0,True,100.0,0.0,0.0,False,,4570.54,2128.16,17.734666666666666,55.8225
2019,Makwanpur,,Makwanpur | ,T5,T5,T block,1,1,1,1,5556.06,,5556.06,5556.06,5.55606,,,,,,,21666.67,8016.67,6483.33,26.3,maize_postharvest_2019,t5,2019 T1-T10 core trial,All maize,5,N-rate response and adjustment,N60-P60-K40,60.0,60.0,40.0,,True,False,True,True,6698.7,120.0,True,82.94236195082628,-1142.6399999999994,-60.0,True,0.0,4570.54,985.5200000000004,16.42533333333334,92.60100000000001
2019,Makwanpur,,Makwanpur | ,T7,T7,T block,1,1,1,1,7398.56,,7398.56,7398.56,7.398560000000001,,,,,,,26333.33,13233.33,8633.33,26.3,maize_postharvest_2019,t7,2019 T1-T10 core trial,All maize,5,N-rate response and adjustment,N180-P60-K40,180.0,60.0,40.0,,True,False,True,True,6698.7,120.0,True,110.44769880723126,699.8600000000006,60.0,False,,4570.54,2828.0200000000004,15.711222222222224,41.10311111111111
2019,Makwanpur,,Makwanpur | ,T8,T8,T block,1,1,1,1,5927.422,,5927.422,5927.422,5.927422,,,,,,,27000.0,11716.67,6916.667,26.3,maize_postharvest_2019,t8,2019 T1-T10 core trial,All maize,5,N-rate response and adjustment,N210-P60-K40,210.0,60.0,40.0,,True,False,True,True,6698.7,120.0,True,88.48615402988639,-771.2780000000002,90.0,False,,4570.54,1356.8819999999996,6.4613428571428555,28.225819047619044
2019,Makwanpur,,Makwanpur | ,T10,T10,T block,1,1,1,1,7267.16,,7267.16,7267.16,7.26716,,,,,,,22666.67,11550.0,8480.0,26.3,maize_postharvest_2019,t10,2019 T1-T10 core trial,All maize,6,Efficiency and nutrient-management alternatives,N120-P60-K40 at V6/V10,120.0,60.0,40.0,,False,False,True,True,6698.7,120.0,True,108.48612417334706,568.46,0.0,False,,4570.54,2696.62,22.471833333333333,60.559666666666665
2019,Makwanpur,,Makwanpur | ,T9,T9,T block,1,1,1,1,6441.6,,6441.6,6441.6,6.4416,,,,,,,26333.33,13283.33,7516.667,26.3,maize_postharvest_2019,t9,2019 T1-T10 core trial,All maize,6,Efficiency and nutrient-management alternatives,N120-P60-K40 at V8,120.0,60.0,40.0,,False,False,True,True,6698.7,120.0,True,96.16194186931793,-257.09999999999945,0.0,False,,4570.54,1871.0600000000004,15.59216666666667,53.68
2019,Nuwakot,,Nuwakot | ,T1,T1,T block,2,2,2,2,3814.8645,3102.8559736314705,1620.814,6008.915,3.8148645,,,,,,,17833.335,6133.335,3966.67,18.65,maize_postharvest_2019,t1,2019 T1-T10 core trial,All maize,1,No-input reference,N0-P0-K0,0.0,0.0,0.0,,False,False,False,False,7406.938,120.0,True,51.50393455433271,-3592.0735,-120.0,False,,5096.124,,,
2019,Nuwakot,,Nuwakot | ,T2,T2,T block,2,2,2,2,5096.124,4698.587382269058,1773.721,8418.527,5.096124,,,,,,,23333.335,8050.0,5333.33,19.1,maize_postharvest_2019,t2,2019 T1-T10 core trial,All maize,2,N-zero agronomic reference,N0-P60-K40,0.0,60.0,40.0,,True,False,False,False,7406.938,120.0,True,68.80203398489361,-2310.8140000000003,-120.0,False,,5096.124,,,
2019,Nuwakot,,Nuwakot | ,T6,T6,T block,2,2,2,2,7406.938,856.1479200979231,6801.55,8012.326,7.406938,,,,,,,23333.335,11000.0,7933.33,19.55,maize_postharvest_2019,t6,2019 T1-T10 core trial,All maize,4,Government-recommended NPK reference,N120-P60-K40,120.0,60.0,40.0,,True,True,True,True,7406.938,120.0,True,100.0,0.0,0.0,False,,5096.124,2310.8140000000003,19.256783333333335,61.72448333333333
2019,Nuwakot,,Nuwakot | ,T5,T5,T block,2,2,2,2,7422.093,1846.69986873666,6116.279,8727.907,7.422093,,,,,,,25500.0,11100.0,7833.335,18.85,maize_postharvest_2019,t5,2019 T1-T10 core trial,All maize,5,N-rate response and adjustment,N60-P60-K40,60.0,60.0,40.0,,True,False,True,True,7406.938,120.0,True,100.20460546584836,15.154999999999745,-60.0,True,60.0,5096.124,2325.969,38.76615,123.70155
2019,Nuwakot,,Nuwakot | ,T7,T7,T block,2,2,2,2,7502.2095,489.54770228497705,7156.047,7848.372,7.502209499999999,,,,,,,25833.335,11166.67,7833.335,17.65,maize_postharvest_2019,t7,2019 T1-T10 core trial,All maize,5,N-rate response and adjustment,N180-P60-K40,180.0,60.0,40.0,,True,False,True,True,7406.938,120.0,True,101.28624675945714,95.27149999999983,60.0,False,,5096.124,2406.0855,13.367141666666667,41.67894166666667
2019,Nuwakot,,Nuwakot | ,T8,T8,T block,2,2,2,2,7156.2435,0.2778929650063337,7156.047,7156.44,7.1562435,,,,,,,26500.0,11966.665,7616.665,19.15,maize_postharvest_2019,t8,2019 T1-T10 core trial,All maize,5,N-rate response and adjustment,N210-P60-K40,210.0,60.0,40.0,,True,False,True,True,7406.938,120.0,True,96.61540976851703,-250.69450000000052,90.0,False,,5096.124,2060.1195,9.810092857142855,34.077349999999996
2019,Nuwakot,,Nuwakot | ,T10,T10,T block,2,2,2,2,7854.0695,920.0611807290312,7203.488,8504.651,7.8540695,,,,,,,26166.665,11750.0,8166.665,19.15,maize_postharvest_2019,t10,2019 T1-T10 core trial,All maize,6,Efficiency and nutrient-management alternatives,N120-P60-K40 at V6/V10,120.0,60.0,40.0,,False,False,True,True,7406.938,120.0,True,106.03665779300434,447.1314999999995,0.0,False,,5096.124,2757.9455,22.982879166666667,65.45057916666666
2019,Nuwakot,,Nuwakot | ,T9,T9,T block,2,2,2,2,7254.7285,5358.004760812041,3466.047,11043.41,7.2547285,,,,,,,25666.67,11816.665,7466.665,19.15,maize_postharvest_2019,t9,2019 T1-T10 core trial,All maize,6,Efficiency and nutrient-management alternatives,N120-P60-K40 at V8,120.0,60.0,40.0,,False,False,True,True,7406.938,120.0,True,97.94504152728157,-152.20949999999993,0.0,False,,5096.124,2158.6045000000004,17.988370833333338,60.456070833333335
2019,Palpa,Chidi pani,Palpa | Chidi pani,T1,T1,T block,2,2,2,2,8049.409090999999,43.26207839312087,8018.818182,8080.0,8.049409091000001,,,,,,,25353.333335,13855.0,8966.5,20.8,maize_postharvest_2019,t1,2019 T1-T10 core trial,All maize,1,No-input reference,N0-P0-K0,0.0,0.0,0.0,,False,False,False,False,7671.3257575,120.0,True,104.92852663870204,378.08333349999884,-120.0,False,,4599.5,,,
2019,Palpa,Chidi pani,Palpa | Chidi pani,T2,T2,T block,2,2,2,2,4599.5,5769.284227701041,520.0,8679.0,4.5995,,,,,,,141634.333335,14799.66665,9666.666665,21.1,maize_postharvest_2019,t2,2019 T1-T10 core trial,All maize,2,N-zero agronomic reference,N0-P60-K40,0.0,60.0,40.0,,True,False,False,False,7671.3257575,120.0,True,59.9570419168189,-3071.8257575,-120.0,False,,4599.5,,,
2019,Palpa,Chidi pani,Palpa | Chidi pani,T6,T6,T block,2,2,2,2,7671.3257575,2843.0513792083625,5660.984848,9681.666667,7.6713257575,,,,,,,33158.333335,13400.0,8343.333315,18.05,maize_postharvest_2019,t6,2019 T1-T10 core trial,All maize,4,Government-recommended NPK reference,N120-P60-K40,120.0,60.0,40.0,,True,True,True,True,7671.3257575,120.0,True,100.0,0.0,0.0,False,,4599.5,3071.8257575,25.598547979166664,63.92771464583333
2019,Palpa,Chidi pani,Palpa | Chidi pani,T5,T5,T block,2,2,2,2,9069.6969695,276.9501562004324,8873.863636,9265.530303,9.0696969695,,,,,,,30133.33333,14833.33335,9833.33335,18.8,maize_postharvest_2019,t5,2019 T1-T10 core trial,All maize,5,N-rate response and adjustment,N60-P60-K40,60.0,60.0,40.0,,True,False,True,True,7671.3257575,120.0,True,118.22854687969495,1398.371212000001,-60.0,True,60.0,4599.5,4470.196969500001,74.50328282500001,151.16161615833335
2019,Palpa,Chidi pani,Palpa | Chidi pani,T7,T7,T block,2,2,2,2,7273.0,2880.7530265539945,5236.0,9310.0,7.273,,,,,,,33998.33333,12333.33335,8040.0,19.15,maize_postharvest_2019,t7,2019 T1-T10 core trial,All maize,5,N-rate response and adjustment,N180-P60-K40,180.0,60.0,40.0,,True,False,True,True,7671.3257575,120.0,True,94.8076021004509,-398.3257574999998,60.0,False,,4599.5,2673.5,14.852777777777778,40.40555555555556
2019,Palpa,Chidi pani,Palpa | Chidi pani,T8,T8,T block,2,2,2,2,6370.8674245,3431.926692073093,3944.128788,8797.606061,6.3708674245,,,,,,,26238.33333,12205.0,7071.6666700000005,19.55,maize_postharvest_2019,t8,2019 T1-T10 core trial,All maize,5,N-rate response and adjustment,N210-P60-K40,210.0,60.0,40.0,,True,False,True,True,7671.3257575,120.0,True,83.04780198222471,-1300.4583329999996,90.0,False,,4599.5,1771.3674245000002,8.435082973809525,30.337463926190477
2019,Palpa,Chidi pani,Palpa | Chidi pani,T10,T10,T block,2,2,2,2,7847.5151515,1819.7500147584217,6560.757576,9134.272727,7.8475151515,,,,,,,29020.0,13483.33335,8646.666685,19.85,maize_postharvest_2019,t10,2019 T1-T10 core trial,All maize,6,Efficiency and nutrient-management alternatives,N120-P60-K40 at V6/V10,120.0,60.0,40.0,,False,False,True,True,7671.3257575,120.0,True,102.29672679233764,176.189394,0.0,False,,4599.5,3248.0151515,27.066792929166663,65.39595959583333
2019,Palpa,Chidi pani,Palpa | Chidi pani,T9,T9,T block,2,2,2,2,8089.564394,1617.212134610138,6946.022727,9233.106061,8.089564394,,,,,,,26321.666665,14405.0,9116.66665,21.4,maize_postharvest_2019,t9,2019 T1-T10 core trial,All maize,6,Efficiency and nutrient-management alternatives,N120-P60-K40 at V8,120.0,60.0,40.0,,False,False,True,True,7671.3257575,120.0,True,105.45197335794407,418.2386365000002,0.0,False,,4599.5,3490.064394,29.08386995,67.41303661666667
2019,Palpa,Devinagar,Palpa | Devinagar,T1,T1,T block,2,2,2,2,5660.0776515,1164.9932420640637,4836.30303,6483.852273,5.6600776515,,,,,,,16583.33335,12666.6665,6215.0,19.85,maize_postharvest_2019,t1,2019 T1-T10 core trial,All maize,1,No-input reference,N0-P0-K0,0.0,0.0,0.0,,False,False,False,False,8308.282197,120.0,True,68.12572704311575,-2648.2045455000007,-120.0,False,,7692.537878999999,,,
2019,Palpa,Devinagar,Palpa | Devinagar,T2,T2,T block,2,2,2,2,7692.537878999999,1804.1936662794244,6416.780303,8968.295455,7.692537879,,,,,,,17916.6667,15250.0,8591.666665,21.25,maize_postharvest_2019,t2,2019 T1-T10 core trial,All maize,2,N-zero agronomic reference,N0-P60-K40,0.0,60.0,40.0,,True,False,False,False,8308.282197,120.0,True,92.58878907336178,-615.7443180000018,-120.0,False,,7692.537878999999,,,
2019,Palpa,Devinagar,Palpa | Devinagar,T6,T6,T block,2,2,2,2,8308.282197,340.8388611343509,8067.272727,8549.291667,8.308282197,,,,,,,18500.0,16750.0,9171.66667,20.3,maize_postharvest_2019,t6,2019 T1-T10 core trial,All maize,4,Government-recommended NPK reference,N120-P60-K40,120.0,60.0,40.0,,True,True,True,True,8308.282197,120.0,True,100.0,0.0,0.0,False,,7692.537878999999,615.7443180000018,5.131202650000016,69.235684975
2019,Palpa,Devinagar,Palpa | Devinagar,T5,T5,T block,2,2,2,2,8289.875,1553.3368215715482,7191.5,9388.25,8.289874999999999,,,,,,,17333.33335,16000.0,9350.0,22.200000000000003,maize_postharvest_2019,t5,2019 T1-T10 core trial,All maize,5,N-rate response and adjustment,N60-P60-K40,60.0,60.0,40.0,,True,False,True,True,8308.282197,120.0,True,99.77844761933282,-18.40719700000045,-60.0,True,60.0,7692.537878999999,597.3371210000014,9.955618683333357,138.16458333333333
2019,Palpa,Devinagar,Palpa | Devinagar,T7,T7,T block,2,2,2,2,9210.090909,153.59216442212025,9101.484848,9318.69697,9.210090909000002,,,,,,,21416.6667,17500.0,10196.666685,20.5,maize_postharvest_2019,t7,2019 T1-T10 core trial,All maize,5,N-rate response and adjustment,N180-P60-K40,180.0,60.0,40.0,,True,False,True,True,8308.282197,120.0,True,110.8543341525596,901.808712,60.0,False,,7692.537878999999,1517.5530300000019,8.430850166666676,51.16717171666667
2019,Palpa,Devinagar,Palpa | Devinagar,T8,T8,T block,2,2,2,2,9268.5132575,537.3609766015757,8888.541667,9648.484848,9.2685132575,,,,,,,20750.0,17083.3315,10164.999985,19.75,maize_postharvest_2019,t8,2019 T1-T10 core trial,All maize,5,N-rate response and adjustment,N210-P60-K40,210.0,60.0,40.0,,True,False,True,True,8308.282197,120.0,True,111.55751619566709,960.2310605000002,90.0,False,,7692.537878999999,1575.975378500002,7.504644659523819,44.13577741666667
2019,Palpa,Devinagar,Palpa | Devinagar,T10,T10,T block,2,2,2,2,8756.157197,1368.7846302023472,7788.280303,9724.034091,8.756157197,,,,,,,20666.66665,16083.3335,9566.666665,19.45,maize_postharvest_2019,t10,2019 T1-T10 core trial,All maize,6,Efficiency and nutrient-management alternatives,N120-P60-K40 at V6/V10,120.0,60.0,40.0,,False,False,True,True,8308.282197,120.0,True,105.3907051948924,447.875,0.0,False,,7692.537878999999,1063.6193180000018,8.863494316666682,72.96797664166667
2019,Palpa,Devinagar,Palpa | Devinagar,T9,T9,T block,2,2,2,2,8222.4280305,68.71256618196935,8173.840909,8271.015152,8.2224280305,,,,,,,20666.66665,16083.3335,9108.333335,20.55,maize_postharvest_2019,t9,2019 T1-T10 core trial,All maize,6,Efficiency and nutrient-management alternatives,N120-P60-K40 at V8,120.0,60.0,40.0,,False,False,True,True,8308.282197,120.0,True,98.96664359172824,-85.85416650000116,0.0,False,,7692.537878999999,529.8901515000007,4.415751262500006,68.52023358749999
2019,Palpa,Khasyauli,Palpa | Khasyauli,T1,T1,T block,2,2,2,2,5869.181818,0.0,5869.181818,5869.181818,5.869181818,,,,,,,19466.666835,6766.666685,6440.0,19.8,maize_postharvest_2019,t1,2019 T1-T10 core trial,All maize,1,No-input reference,N0-P0-K0,0.0,0.0,0.0,,False,False,False,False,7301.515152,120.0,True,80.38306701852613,-1432.333334,-120.0,False,,5015.1515075,,,
2019,Palpa,Khasyauli,Palpa | Khasyauli,T2,T2,T block,2,2,2,2,5015.1515075,1.0606601449852915e-05,5015.1515,5015.151515,5.0151515075,,,,,,,24566.666685,11310.0,5516.66667,20.0,maize_postharvest_2019,t2,2019 T1-T10 core trial,All maize,2,N-zero agronomic reference,N0-P60-K40,0.0,60.0,40.0,,True,False,False,False,7301.515152,120.0,True,68.68644936149,-2286.3636445,-120.0,False,,5015.1515075,,,
2019,Palpa,Khasyauli,Palpa | Khasyauli,T6,T6,T block,2,2,2,2,7301.515152,0.0,7301.515152,7301.515152,7.301515152,,,,,,,27000.0,9476.666685,8133.333315,21.0,maize_postharvest_2019,t6,2019 T1-T10 core trial,All maize,4,Government-recommended NPK reference,N120-P60-K40,120.0,60.0,40.0,,True,True,True,True,7301.515152,120.0,True,100.0,0.0,0.0,False,,5015.1515075,2286.3636445,19.053030370833334,60.8459596
2019,Palpa,Khasyauli,Palpa | Khasyauli,T5,T5,T block,2,2,2,2,4170.0,0.0,4170.0,4170.0,4.17,,,,,,,22070.0,10413.333165,4633.333165,20.8,maize_postharvest_2019,t5,2019 T1-T10 core trial,All maize,5,N-rate response and adjustment,N60-P60-K40,60.0,60.0,40.0,,True,False,True,True,7301.515152,120.0,True,57.111433903657264,-3131.515152,-60.0,True,0.0,5015.1515075,-845.1515074999998,-14.085858458333329,69.5
2019,Palpa,Khasyauli,Palpa | Khasyauli,T7,T7,T block,2,2,2,2,6993.5795225,3.181980531422355e-05,6993.5795,6993.579545,6.993579522499999,,,,,,,24633.333315,11070.0,7683.333315,19.9,maize_postharvest_2019,t7,2019 T1-T10 core trial,All maize,5,N-rate response and adjustment,N180-P60-K40,180.0,60.0,40.0,,True,False,True,True,7301.515152,120.0,True,95.78257905257306,-307.9356294999998,60.0,False,,5015.1515075,1978.4280150000004,10.991266750000003,38.85321956944445
2019,Palpa,Khasyauli,Palpa | Khasyauli,T8,T8,T block,2,2,2,2,7614.0,0.0,7614.0,7614.0,7.614,,,,,,,29666.666685,11666.66685,8460.0,20.8,maize_postharvest_2019,t8,2019 T1-T10 core trial,All maize,5,N-rate response and adjustment,N210-P60-K40,210.0,60.0,40.0,,True,False,True,True,7301.515152,120.0,True,104.27972607732528,312.48484800000006,90.0,False,,5015.1515075,2598.8484925000002,12.375469011904762,36.25714285714286
2019,Palpa,Khasyauli,Palpa | Khasyauli,T10,T10,T block,2,2,2,2,5744.5833315,2.1213197754826866e-06,5744.58333,5744.583333,5.7445833315,,,,,,,30733.333165,12066.66685,6233.333165,18.9,maize_postharvest_2019,t10,2019 T1-T10 core trial,All maize,6,Efficiency and nutrient-management alternatives,N120-P60-K40 at V6/V10,120.0,60.0,40.0,,False,False,True,True,7301.515152,120.0,True,78.67659262374424,-1556.9318205,0.0,False,,5015.1515075,729.4318240000002,6.078598533333335,47.8715277625
2019,Palpa,Khasyauli,Palpa | Khasyauli,T9,T9,T block,2,2,2,2,3550.1022365,5.1618795137459245e-05,3550.1022,3550.102273,3.5501022365,,,,,,,23900.0,9236.666685,3910.0,20.1,maize_postharvest_2019,t9,2019 T1-T10 core trial,All maize,6,Efficiency and nutrient-management alternatives,N120-P60-K40 at V8,120.0,60.0,40.0,,False,False,True,True,7301.515152,120.0,True,48.621445858775914,-3751.4129155,0.0,False,,5015.1515075,-1465.0492709999999,-12.208743924999998,29.584185304166667
2019,Salyan,,Salyan | ,T1,T1,T block,2,2,2,2,6011.65,8468.805786236924,23.3,12000.0,6.01165,,,,,,,21416.5,15333.5,10666.5,3498.25,maize_postharvest_2019,t1,2019 T1-T10 core trial,All maize,1,No-input reference,N0-P0-K0,0.0,0.0,0.0,,False,False,False,False,10723.0,120.0,True,56.063135316609156,-4711.35,-120.0,False,,11171.0,,,
2019,Salyan,,Salyan | ,T2,T2,T block,2,2,2,2,11171.0,2769.03015512652,9213.0,13129.0,11.171,,,,,,,35833.5,19167.0,13000.0,30.950000000000003,maize_postharvest_2019,t2,2019 T1-T10 core trial,All maize,2,N-zero agronomic reference,N0-P60-K40,0.0,60.0,40.0,,True,False,False,False,10723.0,120.0,True,104.17793527930617,448.0,-120.0,False,,11171.0,,,
2019,Salyan,,Salyan | ,T6,T6,T block,2,2,2,1,10723.0,,10723.0,10723.0,10.723,,,,,,,38333.5,19166.5,13500.0,6159.25,maize_postharvest_2019,t6,2019 T1-T10 core trial,All maize,4,Government-recommended NPK reference,N120-P60-K40,120.0,60.0,40.0,,True,True,True,True,10723.0,120.0,True,100.0,0.0,0.0,False,,11171.0,-448.0,-3.7333333333333334,89.35833333333333
2019,Salyan,,Salyan | ,T5,T5,T block,2,2,2,2,11214.5,1685.0354595675428,10023.0,12406.0,11.2145,,,,,,,39000.0,20333.5,13333.5,27.3,maize_postharvest_2019,t5,2019 T1-T10 core trial,All maize,5,N-rate response and adjustment,N60-P60-K40,60.0,60.0,40.0,,True,False,True,True,10723.0,120.0,True,104.58360533432808,491.5,-60.0,True,60.0,11171.0,43.5,0.725,186.90833333333333
2019,Salyan,,Salyan | ,T7,T7,T block,2,2,2,2,10481.0,1207.7383822666231,9627.0,11335.0,10.481000000000002,,,,,,,40000.0,19667.0,12833.5,29.45,maize_postharvest_2019,t7,2019 T1-T10 core trial,All maize,5,N-rate response and adjustment,N180-P60-K40,180.0,60.0,40.0,,True,False,True,True,10723.0,120.0,True,97.74316888930336,-242.0,60.0,False,,11171.0,-690.0,-3.8333333333333335,58.227777777777774
2019,Salyan,,Salyan | ,T8,T8,T block,2,2,2,2,10883.0,2877.924599429248,8848.0,12918.0,10.883,,,,,,,37167.0,17666.5,13166.5,29.05,maize_postharvest_2019,t8,2019 T1-T10 core trial,All maize,5,N-rate response and adjustment,N210-P60-K40,210.0,60.0,40.0,,True,False,True,True,10723.0,120.0,True,101.49211974260935,160.0,90.0,False,,11171.0,-288.0,-1.3714285714285714,51.82380952380952
2019,Salyan,,Salyan | ,T10,T10,T block,2,2,2,2,12263.0,3831.104540468714,9554.0,14972.0,12.263,,,,,,,40666.5,19333.5,15083.5,27.1,maize_postharvest_2019,t10,2019 T1-T10 core trial,All maize,6,Efficiency and nutrient-management alternatives,N120-P60-K40 at V6/V10,120.0,60.0,40.0,,False,False,True,True,10723.0,120.0,True,114.36165252261495,1540.0,0.0,False,,11171.0,1092.0,9.1,102.19166666666666
2019,Salyan,,Salyan | ,T9,T9,T block,2,2,2,2,10299.5,1239.5581874200177,9423.0,11176.0,10.2995,,,,,,,37833.5,16766.5,12533.5,29.1,maize_postharvest_2019,t9,2019 T1-T10 core trial,All maize,6,Efficiency and nutrient-management alternatives,N120-P60-K40 at V8,120.0,60.0,40.0,,False,False,True,True,10723.0,120.0,True,96.0505455562809,-423.5,0.0,False,,11171.0,-871.5,-7.2625,85.82916666666667
2019,Surkhet,Babiyachaur,Surkhet | Babiyachaur,T1,T1,T block,2,2,2,2,9498.575,237.4393860546308,9330.68,9666.47,9.498575,,,,,,,26309.995000000003,14148.33,10600.0,21.15,maize_postharvest_2019,t1,2019 T1-T10 core trial,All maize,1,No-input reference,N0-P0-K0,0.0,0.0,0.0,,False,False,False,False,12586.6425,120.0,True,75.46551830641096,-3088.067499999999,-120.0,False,,9988.32,,,
2019,Surkhet,Babiyachaur,Surkhet | Babiyachaur,T2,T2,T block,2,2,2,2,9988.32,89.15202297199922,9925.28,10051.36,9.988320000000002,,,,,,,28799.995000000003,17573.33,10825.0,18.8,maize_postharvest_2019,t2,2019 T1-T10 core trial,All maize,2,N-zero agronomic reference,N0-P60-K40,0.0,60.0,40.0,,True,False,False,False,12586.6425,120.0,True,79.3565082983806,-2598.3225,-120.0,False,,9988.32,,,
2019,Surkhet,Babiyachaur,Surkhet | Babiyachaur,T6,T6,T block,2,2,2,2,12586.6425,33.13855930030868,12563.21,12610.075,12.5866425,,,,,,,33501.66,19248.33,13881.66,20.2,maize_postharvest_2019,t6,2019 T1-T10 core trial,All maize,4,Government-recommended NPK reference,N120-P60-K40,120.0,60.0,40.0,,True,True,True,True,12586.6425,120.0,True,100.0,0.0,0.0,False,,9988.32,2598.3225,21.652687500000003,104.8886875
2019,Surkhet,Babiyachaur,Surkhet | Babiyachaur,T5,T5,T block,2,2,2,2,12619.975,236.74642140906823,12452.57,12787.38,12.619975,,,,,,,33643.33,20206.665,14041.66,20.9,maize_postharvest_2019,t5,2019 T1-T10 core trial,All maize,5,N-rate response and adjustment,N60-P60-K40,60.0,60.0,40.0,,True,False,True,True,12586.6425,120.0,True,100.26482439618032,33.33250000000044,-60.0,True,60.0,9988.32,2631.6550000000007,43.860916666666675,210.33291666666668
2019,Surkhet,Babiyachaur,Surkhet | Babiyachaur,T7,T7,T block,2,2,2,2,12943.175,91.06828234901414,12878.78,13007.57,12.943175,,,,,,,34796.66,26503.33,14166.66,19.6,maize_postharvest_2019,t7,2019 T1-T10 core trial,All maize,5,N-rate response and adjustment,N180-P60-K40,180.0,60.0,40.0,,True,False,True,True,12586.6425,120.0,True,102.83262593658317,356.53249999999935,60.0,False,,9988.32,2954.8549999999996,16.41586111111111,71.90652777777777
2019,Surkhet,Babiyachaur,Surkhet | Babiyachaur,T8,T8,T block,2,2,2,2,13038.888,178.4284967374888,12912.72,13165.056,13.038888,,,,,,,35186.66,17113.33,14191.665,19.15,maize_postharvest_2019,t8,2019 T1-T10 core trial,All maize,5,N-rate response and adjustment,N210-P60-K40,210.0,60.0,40.0,,True,False,True,True,12586.6425,120.0,True,103.59305907035971,452.2455000000009,90.0,False,,9988.32,3050.568000000001,14.526514285714292,62.08994285714286
2019,Surkhet,Babiyachaur,Surkhet | Babiyachaur,T10,T10,T block,2,2,2,2,12882.58,77.34333972618529,12827.89,12937.27,12.88258,,,,,,,32999.995,20430.0,14024.995,19.15,maize_postharvest_2019,t10,2019 T1-T10 core trial,All maize,6,Efficiency and nutrient-management alternatives,N120-P60-K40 at V6/V10,120.0,60.0,40.0,,False,False,True,True,12586.6425,120.0,True,102.35120287241017,295.9375,0.0,False,,9988.32,2894.26,24.118833333333335,107.35483333333333
2019,Surkhet,Babiyachaur,Surkhet | Babiyachaur,T9,T9,T block,2,2,2,2,12938.759,93.70437642927892,12872.5,13005.018,12.938759,,,,,,,32000.0,18758.33,14074.995,19.1,maize_postharvest_2019,t9,2019 T1-T10 core trial,All maize,6,Efficiency and nutrient-management alternatives,N120-P60-K40 at V8,120.0,60.0,40.0,,False,False,True,True,12586.6425,120.0,True,102.79754112345687,352.1165000000001,0.0,False,,9988.32,2950.4390000000003,24.58699166666667,107.82299166666667
2019,Surkhet,Kalyan,Surkhet | Kalyan,T1,T1,T block,2,2,2,2,6977.0,227.6883835420683,6816.0,7138.0,6.977,,,,,,,20166.5,13515.0,8182.0,24.95,maize_postharvest_2019,t1,2019 T1-T10 core trial,All maize,1,No-input reference,N0-P0-K0,0.0,0.0,0.0,,False,False,False,False,9265.5,120.0,True,75.30084722896767,-2288.5,-120.0,False,,7865.0,,,
2019,Surkhet,Kalyan,Surkhet | Kalyan,T2,T2,T block,2,2,2,2,7865.0,1107.3292193381335,7082.0,8648.0,7.865,,,,,,,19863.0,14287.0,9103.5,24.15,maize_postharvest_2019,t2,2019 T1-T10 core trial,All maize,2,N-zero agronomic reference,N0-P60-K40,0.0,60.0,40.0,,True,False,False,False,9265.5,120.0,True,84.88478765312179,-1400.5,-120.0,False,,7865.0,,,
2019,Surkhet,Kalyan,Surkhet | Kalyan,T6,T6,T block,2,2,2,2,9265.5,531.0371926710972,8890.0,9641.0,9.2655,,,,,,,24357.0,16086.5,10553.5,22.75,maize_postharvest_2019,t6,2019 T1-T10 core trial,All maize,4,Government-recommended NPK reference,N120-P60-K40,120.0,60.0,40.0,,True,True,True,True,9265.5,120.0,True,100.0,0.0,0.0,False,,7865.0,1400.5,11.670833333333333,77.2125
2019,Surkhet,Kalyan,Surkhet | Kalyan,T5,T5,T block,2,2,2,2,9371.0,152.73506473629428,9263.0,9479.0,9.371,,,,,,,19957.0,15595.0,10682.0,22.8,maize_postharvest_2019,t5,2019 T1-T10 core trial,All maize,5,N-rate response and adjustment,N60-P60-K40,60.0,60.0,40.0,,True,False,True,True,9265.5,120.0,True,101.13863256165345,105.5,-60.0,True,60.0,7865.0,1506.0,25.1,156.18333333333334
2019,Surkhet,Kalyan,Surkhet | Kalyan,T7,T7,T block,2,2,2,2,8341.0,1501.894803240227,7279.0,9403.0,8.341000000000001,,,,,,,20068.5,14986.5,9798.5,25.2,maize_postharvest_2019,t7,2019 T1-T10 core trial,All maize,5,N-rate response and adjustment,N180-P60-K40,180.0,60.0,40.0,,True,False,True,True,9265.5,120.0,True,90.0221250876909,-924.5,60.0,False,,7865.0,476.0,2.6444444444444444,46.33888888888889
2019,Surkhet,Kalyan,Surkhet | Kalyan,T8,T8,T block,2,2,2,2,9617.0,1473.6105319927651,8575.0,10659.0,9.617,,,,,,,20545.0,17180.0,10890.0,22.35,maize_postharvest_2019,t8,2019 T1-T10 core trial,All maize,5,N-rate response and adjustment,N210-P60-K40,210.0,60.0,40.0,,True,False,True,True,9265.5,120.0,True,103.79364308456101,351.5,90.0,False,,7865.0,1752.0,8.342857142857143,45.7952380952381
2019,Surkhet,Kalyan,Surkhet | Kalyan,T10,T10,T block,2,2,2,2,8510.0,296.98484809835,8300.0,8720.0,8.510000000000002,,,,,,,22548.5,15510.0,9866.5,24.1,maize_postharvest_2019,t10,2019 T1-T10 core trial,All maize,6,Efficiency and nutrient-management alternatives,N120-P60-K40 at V6/V10,120.0,60.0,40.0,,False,False,True,True,9265.5,120.0,True,91.84609573147698,-755.5,0.0,False,,7865.0,645.0,5.375,70.91666666666667
2019,Surkhet,Kalyan,Surkhet | Kalyan,T9,T9,T block,2,2,2,2,9300.5,2100.8142469052327,7815.0,10786.0,9.3005,,,,,,,20293.5,14951.5,10685.0,23.6,maize_postharvest_2019,t9,2019 T1-T10 core trial,All maize,6,Efficiency and nutrient-management alternatives,N120-P60-K40 at V8,120.0,60.0,40.0,,False,False,True,True,9265.5,120.0,True,100.37774539960067,35.0,0.0,False,,7865.0,1435.5,11.9625,77.50416666666666
2019,Surkhet,Kunathari,Surkhet | Kunathari,T1,T1,T block,2,2,2,2,6713.0,615.1828996322963,6278.0,7148.0,6.712999999999999,,,,,,,13645.0,14443.5,7780.0,24.15,maize_postharvest_2019,t1,2019 T1-T10 core trial,All maize,1,No-input reference,N0-P0-K0,0.0,0.0,0.0,,False,False,False,False,8738.5,120.0,True,76.8209646964582,-2025.5,-120.0,False,,7370.5,,,
2019,Surkhet,Kunathari,Surkhet | Kunathari,T2,T2,T block,2,2,2,2,7370.5,897.3185053257288,6736.0,8005.0,7.3705,,,,,,,18511.5,15740.0,8577.0,24.5,maize_postharvest_2019,t2,2019 T1-T10 core trial,All maize,2,N-zero agronomic reference,N0-P60-K40,0.0,60.0,40.0,,True,False,False,False,8738.5,120.0,True,84.34513932597127,-1368.0,-120.0,False,,7370.5,,,
2019,Surkhet,Kunathari,Surkhet | Kunathari,T6,T6,T block,2,2,2,2,8738.5,608.8189386016174,8308.0,9169.0,8.7385,,,,,,,19388.5,18246.5,10013.5,23.25,maize_postharvest_2019,t6,2019 T1-T10 core trial,All maize,4,Government-recommended NPK reference,N120-P60-K40,120.0,60.0,40.0,,True,True,True,True,8738.5,120.0,True,100.0,0.0,0.0,False,,7370.5,1368.0,11.4,72.82083333333334
2019,Surkhet,Kunathari,Surkhet | Kunathari,T5,T5,T block,2,2,2,2,8776.0,1376.0297961890217,7803.0,9749.0,8.776,,,,,,,18721.5,18705.0,10130.0,24.0,maize_postharvest_2019,t5,2019 T1-T10 core trial,All maize,5,N-rate response and adjustment,N60-P60-K40,60.0,60.0,40.0,,True,False,True,True,8738.5,120.0,True,100.42913543514334,37.5,-60.0,True,60.0,7370.5,1405.5,23.425,146.26666666666668
2019,Surkhet,Kunathari,Surkhet | Kunathari,T7,T7,T block,2,2,2,2,8773.5,403.75797205751866,8488.0,9059.0,8.773499999999999,,,,,,,17191.5,19810.0,10538.5,26.7,maize_postharvest_2019,t7,2019 T1-T10 core trial,All maize,5,N-rate response and adjustment,N180-P60-K40,180.0,60.0,40.0,,True,False,True,True,8738.5,120.0,True,100.40052640613378,35.0,60.0,False,,7370.5,1403.0,7.794444444444444,48.74166666666667
2019,Surkhet,Kunathari,Surkhet | Kunathari,T8,T8,T block,2,2,2,2,8279.5,829.4362543318202,7693.0,8866.0,8.279499999999999,,,,,,,17058.5,18450.0,9593.0,24.15,maize_postharvest_2019,t8,2019 T1-T10 core trial,All maize,5,N-rate response and adjustment,N210-P60-K40,210.0,60.0,40.0,,True,False,True,True,8738.5,120.0,True,94.74738227384563,-459.0,90.0,False,,7370.5,909.0,4.328571428571428,39.42619047619048
2019,Surkhet,Kunathari,Surkhet | Kunathari,T10,T10,T block,2,2,2,2,9152.0,1801.708078463323,7878.0,10426.0,9.152,,,,,,,23197.0,19462.0,11025.0,27.3,maize_postharvest_2019,t10,2019 T1-T10 core trial,All maize,6,Efficiency and nutrient-management alternatives,N120-P60-K40 at V6/V10,120.0,60.0,40.0,,False,False,True,True,8738.5,120.0,True,104.73193339818046,413.5,0.0,False,,7370.5,1781.5,14.845833333333333,76.26666666666667
2019,Surkhet,Kunathari,Surkhet | Kunathari,T9,T9,T block,2,2,2,2,8727.5,849.2352442050436,8127.0,9328.0,8.7275,,,,,,,23088.0,19415.0,10182.0,24.65,maize_postharvest_2019,t9,2019 T1-T10 core trial,All maize,6,Efficiency and nutrient-management alternatives,N120-P60-K40 at V8,120.0,60.0,40.0,,False,False,True,True,8738.5,120.0,True,99.87412027235796,-11.0,0.0,False,,7370.5,1357.0,11.308333333333334,72.72916666666667
2019,Surkhet,Lekhpharsa,Surkhet | Lekhpharsa,T1,T1,T block,2,2,2,2,5964.5,982.1713190681144,5270.0,6659.0,5.964499999999999,,,,,,,11168.0,8057.0,6585.0,20.4,maize_postharvest_2019,t1,2019 T1-T10 core trial,All maize,1,No-input reference,N0-P0-K0,0.0,0.0,0.0,,False,False,False,False,11512.0,120.0,True,51.81115357887422,-5547.5,-120.0,False,,7276.5,,,
2019,Surkhet,Lekhpharsa,Surkhet | Lekhpharsa,T2,T2,T block,2,2,2,2,7276.5,1390.879038593939,6293.0,8260.0,7.2765,,,,,,,11503.5,9025.0,8036.5,20.5,maize_postharvest_2019,t2,2019 T1-T10 core trial,All maize,2,N-zero agronomic reference,N0-P60-K40,0.0,60.0,40.0,,True,False,False,False,11512.0,120.0,True,63.207956914523976,-4235.5,-120.0,False,,7276.5,,,
2019,Surkhet,Lekhpharsa,Surkhet | Lekhpharsa,T6,T6,T block,2,2,2,2,11512.0,1538.664355861927,10424.0,12600.0,11.512,,,,,,,19833.5,18070.0,12780.0,20.8,maize_postharvest_2019,t6,2019 T1-T10 core trial,All maize,4,Government-recommended NPK reference,N120-P60-K40,120.0,60.0,40.0,,True,True,True,True,11512.0,120.0,True,100.0,0.0,0.0,False,,7276.5,4235.5,35.295833333333334,95.93333333333334
2019,Surkhet,Lekhpharsa,Surkhet | Lekhpharsa,T5,T5,T block,2,2,2,2,8901.0,999.8489885977782,8194.0,9608.0,8.901,,,,,,,17698.0,13455.0,9808.5,20.25,maize_postharvest_2019,t5,2019 T1-T10 core trial,All maize,5,N-rate response and adjustment,N60-P60-K40,60.0,60.0,40.0,,True,False,True,True,11512.0,120.0,True,77.319318971508,-2611.0,-60.0,True,0.0,7276.5,1624.5,27.075,148.35
2019,Surkhet,Lekhpharsa,Surkhet | Lekhpharsa,T7,T7,T block,2,2,2,2,10381.0,114.5512985522207,10300.0,10462.0,10.381,,,,,,,18056.5,17278.5,11653.0,21.95,maize_postharvest_2019,t7,2019 T1-T10 core trial,All maize,5,N-rate response and adjustment,N180-P60-K40,180.0,60.0,40.0,,True,False,True,True,11512.0,120.0,True,90.17546907574705,-1131.0,60.0,False,,7276.5,3104.5,17.247222222222224,57.672222222222224
2019,Surkhet,Lekhpharsa,Surkhet | Lekhpharsa,T8,T8,T block,2,2,2,2,10616.0,337.9970414071697,10377.0,10855.0,10.616,,,,,,,21570.0,13410.0,11771.5,20.65,maize_postharvest_2019,t8,2019 T1-T10 core trial,All maize,5,N-rate response and adjustment,N210-P60-K40,210.0,60.0,40.0,,True,False,True,True,11512.0,120.0,True,92.21681723419042,-896.0,90.0,False,,7276.5,3339.5,15.902380952380952,50.55238095238095
2019,Surkhet,Lekhpharsa,Surkhet | Lekhpharsa,T10,T10,T block,2,2,2,2,10663.5,294.8635277547903,10455.0,10872.0,10.6635,,,,,,,18170.0,11875.0,11721.5,19.95,maize_postharvest_2019,t10,2019 T1-T10 core trial,All maize,6,Efficiency and nutrient-management alternatives,N120-P60-K40 at V6/V10,120.0,60.0,40.0,,False,False,True,True,11512.0,120.0,True,92.62943015983322,-848.5,0.0,False,,7276.5,3387.0,28.225,88.8625
2019,Surkhet,Lekhpharsa,Surkhet | Lekhpharsa,T9,T9,T block,2,2,2,2,5893.5,6168.092452290254,1532.0,10255.0,5.8935,,,,,,,18041.5,17828.0,11706.5,21.85,maize_postharvest_2019,t9,2019 T1-T10 core trial,All maize,6,Efficiency and nutrient-management alternatives,N120-P60-K40 at V8,120.0,60.0,40.0,,False,False,True,True,11512.0,120.0,True,51.19440583738707,-5618.5,0.0,False,,7276.5,-1383.0,-11.525,49.1125
2019,Surkhet,Maintada-2,Surkhet | Maintada-2,T1,T1,T block,2,2,2,2,4567.5,170.41273426595797,4447.0,4688.0,4.5675,,,,,,,4766.5,8058.0,5105.0,21.200000000000003,maize_postharvest_2019,t1,2019 T1-T10 core trial,All maize,1,No-input reference,N0-P0-K0,0.0,0.0,0.0,,False,False,False,False,7171.0,120.0,True,63.69404546088412,-2603.5,-120.0,False,,5137.0,,,
2019,Surkhet,Maintada-2,Surkhet | Maintada-2,T2,T2,T block,2,2,2,2,5137.0,704.2783540618013,4639.0,5635.0,5.1370000000000005,,,,,,,12300.0,10665.0,5831.5,22.55,maize_postharvest_2019,t2,2019 T1-T10 core trial,All maize,2,N-zero agronomic reference,N0-P60-K40,0.0,60.0,40.0,,True,False,False,False,7171.0,120.0,True,71.63575512480826,-2034.0,-120.0,False,,5137.0,,,
2019,Surkhet,Maintada-2,Surkhet | Maintada-2,T6,T6,T block,2,2,2,2,7171.0,900.8540392316615,6534.0,7808.0,7.170999999999999,,,,,,,11583.5,14052.0,8216.5,23.35,maize_postharvest_2019,t6,2019 T1-T10 core trial,All maize,4,Government-recommended NPK reference,N120-P60-K40,120.0,60.0,40.0,,True,True,True,True,7171.0,120.0,True,100.0,0.0,0.0,False,,5137.0,2034.0,16.95,59.75833333333333
2019,Surkhet,Maintada-2,Surkhet | Maintada-2,T5,T5,T block,2,2,2,2,8005.0,346.4823227814083,7760.0,8250.0,8.004999999999999,,,,,,,13650.0,14408.0,9273.5,24.05,maize_postharvest_2019,t5,2019 T1-T10 core trial,All maize,5,N-rate response and adjustment,N60-P60-K40,60.0,60.0,40.0,,True,False,True,True,7171.0,120.0,True,111.63017710221726,834.0,-60.0,True,60.0,5137.0,2868.0,47.8,133.41666666666666
2019,Surkhet,Maintada-2,Surkhet | Maintada-2,T7,T7,T block,2,2,2,2,7218.0,86.2670273047588,7157.0,7279.0,7.218,,,,,,,15083.5,13800.0,8067.0,21.25,maize_postharvest_2019,t7,2019 T1-T10 core trial,All maize,5,N-rate response and adjustment,N180-P60-K40,180.0,60.0,40.0,,True,False,True,True,7171.0,120.0,True,100.65541765444151,47.0,60.0,False,,5137.0,2081.0,11.561111111111112,40.1
2019,Surkhet,Maintada-2,Surkhet | Maintada-2,T8,T8,T block,2,2,2,2,7314.5,601.7478707897519,6889.0,7740.0,7.314500000000001,,,,,,,12358.0,13925.0,8421.5,23.55,maize_postharvest_2019,t8,2019 T1-T10 core trial,All maize,5,N-rate response and adjustment,N210-P60-K40,210.0,60.0,40.0,,True,False,True,True,7171.0,120.0,True,102.0011156045182,143.5,90.0,False,,5137.0,2177.5,10.369047619047619,34.83095238095238
2019,Surkhet,Maintada-2,Surkhet | Maintada-2,T10,T10,T block,2,2,2,2,8403.5,159.0990257669732,8291.0,8516.0,8.403500000000001,,,,,,,11373.5,15800.0,9880.0,25.15,maize_postharvest_2019,t10,2019 T1-T10 core trial,All maize,6,Efficiency and nutrient-management alternatives,N120-P60-K40 at V6/V10,120.0,60.0,40.0,,False,False,True,True,7171.0,120.0,True,117.18728210849254,1232.5,0.0,False,,5137.0,3266.5,27.220833333333335,70.02916666666667
2019,Surkhet,Maintada-2,Surkhet | Maintada-2,T9,T9,T block,2,2,2,2,7589.0,11.31370849898476,7581.0,7597.0,7.589,,,,,,,14052.0,14850.0,8781.5,23.950000000000003,maize_postharvest_2019,t9,2019 T1-T10 core trial,All maize,6,Efficiency and nutrient-management alternatives,N120-P60-K40 at V8,120.0,60.0,40.0,,False,False,True,True,7171.0,120.0,True,105.82903360758611,418.0,0.0,False,,5137.0,2452.0,20.433333333333334,63.24166666666667
2019,Surkhet,Ramghat,Surkhet | Ramghat,T1,T1,T block,5,5,5,5,5515.8,2091.7880389752686,3376.0,8285.0,5.5158000000000005,,,,,,,8371.6,9137.4,5908.0,18.22,maize_postharvest_2019,t1,2019 T1-T10 core trial,All maize,1,No-input reference,N0-P0-K0,0.0,0.0,0.0,,False,False,False,False,11308.6,120.0,True,48.77526837981713,-5792.8,-120.0,False,,8207.8,,,
2019,Surkhet,Ramghat,Surkhet | Ramghat,T2,T2,T block,5,5,5,5,8207.8,1817.5492290444292,6279.0,10931.0,8.2078,,,,,,,12656.8,13960.0,8916.2,19.14,maize_postharvest_2019,t2,2019 T1-T10 core trial,All maize,2,N-zero agronomic reference,N0-P60-K40,0.0,60.0,40.0,,True,False,False,False,11308.6,120.0,True,72.58016023203578,-3100.800000000001,-120.0,False,,8207.8,,,
2019,Surkhet,Ramghat,Surkhet | Ramghat,T6,T6,T block,5,5,5,5,11308.6,1360.7293265010496,9067.0,12355.0,11.3086,,,,,,,17169.8,19513.8,12131.2,17.96,maize_postharvest_2019,t6,2019 T1-T10 core trial,All maize,4,Government-recommended NPK reference,N120-P60-K40,120.0,60.0,40.0,,True,True,True,True,11308.6,120.0,True,100.0,0.0,0.0,False,,8207.8,3100.800000000001,25.84000000000001,94.23833333333333
2019,Surkhet,Ramghat,Surkhet | Ramghat,T5,T5,T block,5,5,5,5,11209.8,1297.4928516180737,9257.0,12282.0,11.2098,,,,,,,17110.6,20773.8,12045.4,18.1,maize_postharvest_2019,t5,2019 T1-T10 core trial,All maize,5,N-rate response and adjustment,N60-P60-K40,60.0,60.0,40.0,,True,False,True,True,11308.6,120.0,True,99.12632863484427,-98.80000000000109,-60.0,True,60.0,8207.8,3002.0,50.03333333333333,186.82999999999998
2019,Surkhet,Ramghat,Surkhet | Ramghat,T7,T7,T block,5,5,5,5,11350.4,1340.7679888780162,9663.0,13034.0,11.3504,,,,,,,16416.6,19658.8,12260.0,18.56,maize_postharvest_2019,t7,2019 T1-T10 core trial,All maize,5,N-rate response and adjustment,N180-P60-K40,180.0,60.0,40.0,,True,False,True,True,11308.6,120.0,True,100.3696301929505,41.79999999999927,60.0,False,,8207.8,3142.6000000000004,17.45888888888889,63.05777777777777
2019,Surkhet,Ramghat,Surkhet | Ramghat,T8,T8,T block,5,5,5,5,9933.6,1642.6885888688705,8325.0,12397.0,9.9336,,,,,,,18001.2,17877.8,10712.6,18.520000000000003,maize_postharvest_2019,t8,2019 T1-T10 core trial,All maize,5,N-rate response and adjustment,N210-P60-K40,210.0,60.0,40.0,,True,False,True,True,11308.6,120.0,True,87.84111207399678,-1375.0,90.0,False,,8207.8,1725.800000000001,8.218095238095243,47.30285714285714
2019,Surkhet,Ramghat,Surkhet | Ramghat,T10,T10,T block,5,5,5,5,9242.4,1618.8294536485305,6747.0,10854.0,9.2424,,,,,,,17514.6,19485.8,9905.4,17.759999999999998,maize_postharvest_2019,t10,2019 T1-T10 core trial,All maize,6,Efficiency and nutrient-management alternatives,N120-P60-K40 at V6/V10,120.0,60.0,40.0,,False,False,True,True,11308.6,120.0,True,81.72894964893975,-2066.2000000000007,0.0,False,,8207.8,1034.6000000000004,8.62166666666667,77.02
2019,Surkhet,Ramghat,Surkhet | Ramghat,T9,T9,T block,5,5,5,5,8922.6,1940.155483460024,7037.0,11992.0,8.9226,,,,,,,17192.2,19236.0,9538.8,17.8,maize_postharvest_2019,t9,2019 T1-T10 core trial,All maize,6,Efficiency and nutrient-management alternatives,N120-P60-K40 at V8,120.0,60.0,40.0,,False,False,True,True,11308.6,120.0,True,78.90101338804095,-2386.0,0.0,False,,8207.8,714.8000000000011,5.956666666666676,74.355
