S.no,District,VDC,treatment,N_kg_ha,P2O5_kg_ha,K2O_kg_ha,FYM_t_ha,N_source,N_methods,N_time,barcode,latitude,longitude,altitude,precision,Straw_wt_kg_ha,cob_wt_kg_ha,grain_yield_kg_ha,1000_grain_wt_gm,moisture%,Yield_kg_ha,Yield_t_ha,NUE_N,AE_N,lat,lon,ph,om_pct,n_total_pct,p_olsen_mg_kg,k_exch_mg_kg,sand_pct,clay_pct,silt_pct,narc_dist,dsm_source,dsm_imputed,dsm_imputation_n_neighbors,dsm_imputation_method,farmer_id,predicted_AE_N,INS_kg_ha,base_yield_kg_ha,yield_gap_kg_ha,N_demand_kg_ha
1,Surkhet,Kunathari,1,120,60,40,,Urea,top dressed ,knee ht+shoulder ht,T1-YGN611aS,28.71722115,81.51127924,501.0,5.0,31970,18143,9936,461,23.0,8672.0,8.7,72,22.7,28.71722115,81.51127924,6.49,4.04,0.18,246.06,520.32,45.8,12.55,41.97,,direct_overlay_plus_nearest8,True,8.0,nearest_8_valid_mean,FMR_133,20.680010858909284,78.6,3144.0,4856.0,234.81612428206034
2,Surkhet,Kunathari,1,120,60,40,,Urea,top dressed ,knee ht+shoulder ht,T1-ACF873wB,28.71299098,81.50798235,484.0,5.0,31970,18203,9473,495,19.0,8752.0,8.8,73,13.7,28.71299098,81.50798235,6.49,4.04,0.18,246.06,520.32,45.8,12.55,41.97,,direct_overlay_plus_nearest8,True,8.0,nearest_8_valid_mean,FMR_118,20.680010858909284,78.6,3144.0,4856.0,234.81612428206034
3,Surkhet,Kunathari,1,120,60,40,,Urea,top dressed ,knee ht+shoulder ht,T1-SHG136qQ,28.70885508,81.5123433,498.0,5.0,27000,14467,9800,495,20.0,7931.0,7.9,66,15.2,28.70885508,81.5123433,6.49,4.04,0.18,246.06,520.32,45.8,12.55,41.97,,direct_overlay_plus_nearest8,True,8.0,nearest_8_valid_mean,FMR_008,20.680010858909284,78.6,3144.0,4856.0,234.81612428206034
4,Surkhet,Kunathari,2,120,60,40,,PCU,basal ,planting time,T2-DUH576mT,28.71713224,81.51132247,508.0,5.0,31970,18143,9936,461,23.0,8672.0,8.7,72,22.7,28.71713224,81.51132247,6.49,4.04,0.18,246.06,520.32,45.8,12.55,41.97,,direct_overlay_plus_nearest8,True,8.0,nearest_8_valid_mean,FMR_133,20.680010858909284,78.6,3144.0,4856.0,234.81612428206034
5,Surkhet,Kunathari,2,120,60,40,,PCU,basal ,planting time,T2-GIS558zS,28.71299711,81.50797833,483.0,5.0,31970,18203,9473,495,19.0,8752.0,8.8,73,13.7,28.71299711,81.50797833,6.49,4.04,0.18,246.06,520.32,45.8,12.55,41.97,,direct_overlay_plus_nearest8,True,8.0,nearest_8_valid_mean,FMR_118,20.680010858909284,78.6,3144.0,4856.0,234.81612428206034
6,Surkhet,Kunathari,2,120,60,40,,PCU,basal ,planting time,T2-CBO538aD,28.70883261,81.51232295,496.0,5.0,27000,14467,9800,495,20.0,7931.0,7.9,66,15.2,28.70883261,81.51232295,6.49,4.04,0.18,246.06,520.32,45.8,12.55,41.97,,direct_overlay_plus_nearest8,True,8.0,nearest_8_valid_mean,FMR_008,20.680010858909284,78.6,3144.0,4856.0,234.81612428206034
7,Surkhet,Kunathari,3,60,60,40,,PCU,basal ,planting time,T3-DUH576mT,28.7171583,81.51130287,502.0,5.0,30800,16537,9700,431,24.0,8432.0,8.4,141,41.4,28.7171583,81.51130287,6.49,4.04,0.18,246.06,520.32,45.8,12.55,41.97,,direct_overlay_plus_nearest8,True,8.0,nearest_8_valid_mean,FMR_133,20.680010858909284,78.6,3144.0,4856.0,234.81612428206034
8,Surkhet,Kunathari,3,60,60,40,,PCU,basal ,planting time,T3-XUF755iV,28.71301296,81.50796627,484.0,5.0,32700,15210,9817,456,20.0,8935.0,8.9,149,30.5,28.71301296,81.50796627,6.49,4.04,0.18,246.06,520.32,45.8,12.55,41.97,,direct_overlay_plus_nearest8,True,8.0,nearest_8_valid_mean,FMR_118,20.680010858909284,78.6,3144.0,4856.0,234.81612428206034
9,Surkhet,Kunathari,3,60,60,40,,PCU,basal ,planting time,T3-WTF750gB,28.70878642,81.51226419,494.0,5.0,23733,14367,9740,426,20.0,8821.0,8.8,147,45.3,28.70878642,81.51226419,6.49,4.04,0.18,246.06,520.32,45.8,12.55,41.97,,direct_overlay_plus_nearest8,True,8.0,nearest_8_valid_mean,FMR_008,20.680010858909284,78.6,3144.0,4856.0,234.81612428206034
10,Surkhet,Kunathari,4,78,60,40,,UDP,basal ,planting time,T4-FGG703gM,28.71712973,81.51132317,502.0,5.0,31743,16140,9513,421,24.0,8270.0,8.3,106,29.7,28.71712973,81.51132317,6.49,4.04,0.18,246.06,520.32,45.8,12.55,41.97,,direct_overlay_plus_nearest8,True,8.0,nearest_8_valid_mean,FMR_133,20.680010858909284,78.6,3144.0,4856.0,234.81612428206034
11,Surkhet,Kunathari,4,78,60,40,,UDP,basal ,planting time,T4-SFP276pS,28.71302066,81.50793093,480.0,5.0,30333,14880,8477,496,19.0,7802.0,7.8,100,8.9,28.71302066,81.50793093,6.49,4.04,0.18,246.06,520.32,45.8,12.55,41.97,,direct_overlay_plus_nearest8,True,8.0,nearest_8_valid_mean,FMR_118,20.680010858909284,78.6,3144.0,4856.0,234.81612428206034
12,Surkhet,Kunathari,4,78,60,40,,UDP,basal ,planting time,T4-OKD176eA,28.70869458,81.51227325,491.0,5.0,27000,14700,9470,402,19.0,8714.0,8.7,112,33.5,28.70869458,81.51227325,6.49,4.04,0.18,246.06,520.32,45.8,12.55,41.97,,direct_overlay_plus_nearest8,True,8.0,nearest_8_valid_mean,FMR_008,20.680010858909284,78.6,3144.0,4856.0,234.81612428206034
13,Surkhet,Kunathari,5,60,60,40,6.0,Urea,top dressed ,knee ht+shoulder ht,T5-FBQ201kQ,28.71710817,81.5112749,498.0,4.0,29833,16303,9800,418,20.0,8920.0,8.9,149,49.5,28.71710817,81.5112749,6.49,4.04,0.18,246.06,520.32,45.8,12.55,41.97,,direct_overlay_plus_nearest8,True,8.0,nearest_8_valid_mean,FMR_133,20.680010858909284,78.6,3144.0,4856.0,234.81612428206034
14,Surkhet,Kunathari,5,60,60,40,6.0,Urea,top dressed ,knee ht+shoulder ht,T5-MXD527uA,28.71310941,81.5079499,484.0,5.0,28540,1573,9807,492,20.0,8904.0,8.9,148,30.0,28.71310941,81.5079499,6.49,4.04,0.18,246.06,520.32,45.8,12.55,41.97,,direct_overlay_plus_nearest8,True,8.0,nearest_8_valid_mean,FMR_118,20.680010858909284,78.6,3144.0,4856.0,234.81612428206034
15,Surkhet,Kunathari,5,60,60,40,6.0,Urea,top dressed ,knee ht+shoulder ht,T5-CDY830lG,28.70872008,81.51225606,489.0,5.0,28933,14470,8040,403,21.0,7263.0,7.3,121,19.4,28.70872008,81.51225606,6.49,4.04,0.18,246.06,520.32,45.8,12.55,41.97,,direct_overlay_plus_nearest8,True,8.0,nearest_8_valid_mean,FMR_008,20.680010858909284,78.6,3144.0,4856.0,234.81612428206034
16,Surkhet,Kunathari,6,120,0,40,,Urea,top dressed ,knee ht+shoulder ht,T6-SBJ919nW,28.71710856,81.51125876,496.0,5.0,33013,17683,9670,466,23.0,8505.0,8.5,71,21.3,28.71710856,81.51125876,6.49,4.04,0.18,246.06,520.32,45.8,12.55,41.97,,direct_overlay_plus_nearest8,True,8.0,nearest_8_valid_mean,FMR_133,20.680010858909284,78.6,3144.0,4856.0,234.81612428206034
17,Surkhet,Kunathari,6,120,0,40,,Urea,top dressed ,knee ht+shoulder ht,T6-SHJ587wI,28.71317402,81.50794605,486.0,5.0,32100,16837,9203,449,18.0,8555.0,8.6,71,12.1,28.71317402,81.50794605,6.49,4.04,0.18,246.06,520.32,45.8,12.55,41.97,,direct_overlay_plus_nearest8,True,8.0,nearest_8_valid_mean,FMR_118,20.680010858909284,78.6,3144.0,4856.0,234.81612428206034
18,Surkhet,Kunathari,6,120,0,40,,Urea,top dressed ,knee ht+shoulder ht,T6-SOO305lI,28.7087155,81.51220975,493.0,5.0,31267,16500,8167,440,19.0,7517.0,7.5,63,11.8,28.7087155,81.51220975,6.49,4.04,0.18,246.06,520.32,45.8,12.55,41.97,,direct_overlay_plus_nearest8,True,8.0,nearest_8_valid_mean,FMR_008,20.680010858909284,78.6,3144.0,4856.0,234.81612428206034
19,Surkhet,Kunathari,7,0,60,40,,,,,T7-UCJ413lO,28.71710327,81.51120466,493.0,5.0,26803,13493,8900,396,22.0,7868.0,7.9,0,0.0,28.71710327,81.51120466,6.49,4.04,0.18,246.06,520.32,45.8,12.55,41.97,,direct_overlay_plus_nearest8,True,8.0,nearest_8_valid_mean,FMR_133,20.680010858909284,78.6,3144.0,4856.0,234.81612428206034
20,Surkhet,Kunathari,7,0,60,40,,,,,T7-VOQ322mG,28.71306882,81.50799825,478.0,5.0,26503,14583,8470,432,19.0,7825.0,7.8,0,0.0,28.71306882,81.50799825,6.49,4.04,0.18,246.06,520.32,45.8,12.55,41.97,,direct_overlay_plus_nearest8,True,8.0,nearest_8_valid_mean,FMR_118,20.680010858909284,78.6,3144.0,4856.0,234.81612428206034
21,Surkhet,Kunathari,7,0,60,40,,,,,T7-HWC831qC,28.70865621,81.51219817,488.0,5.0,27133,14167,8967,405,21.0,8019.0,8.0,0,0.0,28.70865621,81.51219817,6.49,4.04,0.18,246.06,520.32,45.8,12.55,41.97,,direct_overlay_plus_nearest8,True,8.0,nearest_8_valid_mean,FMR_008,20.680010858909284,78.6,3144.0,4856.0,234.81612428206034
22,Surkhet,Kunathari,8,0,0,0,,,,,T8-QGV243rG,28.71708589,81.51117943,490.0,5.0,18933,18383,6837,439,23.0,5951.0,6.0,0,0.0,28.71708589,81.51117943,6.49,4.04,0.18,246.06,520.32,45.8,12.55,41.97,,direct_overlay_plus_nearest8,True,8.0,nearest_8_valid_mean,FMR_133,20.680010858909284,78.6,3144.0,4856.0,234.81612428206034
23,Surkhet,Kunathari,8,0,0,0,,,,,T8-KIP416wG,28.71305566,81.50806219,483.0,5.0,21200,13773,7907,395,21.0,7105.0,7.1,0,0.0,28.71305566,81.50806219,6.49,4.04,0.18,246.06,520.32,45.8,12.55,41.97,,direct_overlay_plus_nearest8,True,8.0,nearest_8_valid_mean,FMR_118,20.680010858909284,78.6,3144.0,4856.0,234.81612428206034
24,Surkhet,Kunathari,8,0,0,0,,,,,T8-IMA251gU,28.70859683,81.51205312,490.0,5.0,20667,10700,6867,396,22.0,6102.0,6.1,0,0.0,28.70859683,81.51205312,6.49,4.04,0.18,246.06,520.32,45.8,12.55,41.97,,direct_overlay_plus_nearest8,True,8.0,nearest_8_valid_mean,FMR_008,20.680010858909284,78.6,3144.0,4856.0,234.81612428206034
25,Surkhet,Kunathari,9,120,60,40,,Urea ,top dressed ,V6 and V10 stages,T9-YCJ579yQ,28.71710525,81.51115873,495.0,5.0,32967,18670,9767,418,21.0,8757.0,8.8,73,23.4,28.71710525,81.51115873,6.49,4.04,0.18,246.06,520.32,45.8,12.55,41.97,,direct_overlay_plus_nearest8,True,8.0,nearest_8_valid_mean,FMR_133,20.680010858909284,78.6,3144.0,4856.0,234.81612428206034
26,Surkhet,Kunathari,9,120,60,40,,Urea ,top dressed ,V6 and V10 stages,T9-DRS612bA,28.71300754,81.50806932,482.0,5.0,32700,17710,9837,566,20.0,8987.0,9.0,75,15.7,28.71300754,81.50806932,6.49,4.04,0.18,246.06,520.32,45.8,12.55,41.97,,direct_overlay_plus_nearest8,True,8.0,nearest_8_valid_mean,FMR_118,20.680010858909284,78.6,3144.0,4856.0,234.81612428206034
27,Surkhet,Kunathari,9,120,60,40,,Urea ,top dressed ,V6 and V10 stages,T9-SLO283qY,28.70858729,81.51206505,486.0,5.0,27800,15803,9867,487,23.0,8663.0,8.7,72,21.3,28.70858729,81.51206505,6.49,4.04,0.18,246.06,520.32,45.8,12.55,41.97,,direct_overlay_plus_nearest8,True,8.0,nearest_8_valid_mean,FMR_008,20.680010858909284,78.6,3144.0,4856.0,234.81612428206034
28,Surkhet,Babiyachaur,1,120,60,40,,Urea,top dressed ,knee ht+shoulder ht,T1-KSZ676eT,28.8044938,81.3983533,361.0,5.0,22870,15180,9943,331,16.0,9548.0,9.5,80,18.2,28.8044938,81.3983533,7.26,2.89,0.13,117.6,451.38,29.07,24.16,47.05,Surkhet,direct_overlay,False,0.0,direct_overlay,FMR_027,17.255480509125395,56.35,2254.0,5746.0,300.0
29,Surkhet,Babiyachaur,1,120,60,40,,Urea,top dressed ,knee ht+shoulder ht,T1-HDA429gR,28.80568144,81.40068262,332.0,5.0,23117,15383,9600,348,18.0,9000.0,9.0,75,24.2,28.80568144,81.40068262,7.31,3.0,0.14,138.16,507.05,29.07,24.65,46.29,Surkhet,direct_overlay,False,0.0,direct_overlay,FMR_154,22.306540885139633,59.0,2360.0,5640.0,252.84063670119758
30,Surkhet,Babiyachaur,1,120,60,40,,Urea,top dressed ,knee ht+shoulder ht,T1-IRE978cU,28.80437123,81.3997061,389.0,5.0,36593,17977,9767,387,16.0,9312.0,9.3,78,12.1,28.80437123,81.3997061,7.28,2.94,0.13,115.36,488.71,29.53,24.95,45.74,Surkhet,direct_overlay,False,0.0,direct_overlay,FMR_129,14.971958361458245,57.1,2284.0,5716.0,300.0
31,Surkhet,Babiyachaur,2,120,60,40,,PCU,basal ,planting time,T2-ZPF574mF,28.80449046,81.39834867,360.0,5.0,25217,15667,9900,348,17.0,9349.0,9.3,78,16.5,28.80449046,81.39834867,7.26,2.89,0.13,117.44,451.34,29.08,24.16,47.05,Surkhet,direct_overlay,False,0.0,direct_overlay,FMR_027,19.509780498214578,56.35,2254.0,5746.0,294.5189465625121
32,Surkhet,Babiyachaur,2,120,60,40,,PCU,basal ,planting time,T2-QFI299dA,28.80570787,81.4005845,347.0,5.0,25717,18053,9483,387,17.0,8998.0,9.0,75,24.2,28.80570787,81.4005845,7.31,3.0,0.14,138.16,507.05,29.07,24.65,46.29,Surkhet,direct_overlay,False,0.0,direct_overlay,FMR_154,22.306540885139633,59.0,2360.0,5640.0,252.84063670119758
33,Surkhet,Babiyachaur,2,120,60,40,,PCU,basal ,planting time,T2-MBA238kK,28.80444062,81.39973455,382.0,5.0,26317,15950,9900,398,18.0,9191.0,9.2,77,11.1,28.80444062,81.39973455,7.27,2.93,0.13,117.16,492.55,29.29,25.05,45.91,Surkhet,direct_overlay,False,0.0,direct_overlay,FMR_129,14.499873101576515,56.95,2278.0,5722.0,300.0
34,Surkhet,Babiyachaur,3,60,60,40,,PCU,basal ,planting time,T3-CVF386uG,28.80449408,81.39835131,359.0,5.0,23170,14333,9833,387,18.0,9174.0,9.2,153,30.1,28.80449408,81.39835131,7.26,2.89,0.13,117.58,451.33,29.07,24.16,47.05,Surkhet,direct_overlay,False,0.0,direct_overlay,FMR_027,19.36714049821458,56.35,2254.0,5746.0,296.68809396667064
35,Surkhet,Babiyachaur,3,60,60,40,,PCU,basal ,planting time,T3-RHE294gE,28.8056612,81.4003626,355.0,5.0,20733,13393,9500,398,17.0,8906.0,8.9,148,46.9,28.8056612,81.4003626,7.22,3.21,0.15,143.02,503.45,31.23,23.43,45.21,Surkhet,direct_overlay,False,0.0,direct_overlay,FMR_154,29.363127654903327,63.15,2526.0,5474.0,186.42428232899437
36,Surkhet,Babiyachaur,3,60,60,40,,PCU,basal ,planting time,T3-PGS567yB,28.80445211,81.39975272,369.0,5.0,20803,13397,9963,381,18.0,9307.0,9.3,155,24.2,28.80445211,81.39975272,7.26,2.93,0.13,117.35,492.53,29.24,25.08,45.93,Surkhet,direct_overlay,False,0.0,direct_overlay,FMR_129,16.120725138755027,56.95,2278.0,5722.0,300.0
37,Surkhet,Babiyachaur,4,78,60,40,,UDP,basal ,planting time,T4-WBQ468rC,28.80449498,81.3983582,358.0,5.0,21793,1467,9933,398,18.0,8290.0,8.3,106,11.8,28.80449498,81.3983582,7.26,2.89,0.13,117.69,451.46,29.06,24.15,47.06,Surkhet,direct_overlay,False,0.0,direct_overlay,FMR_027,12.500062116477954,56.35,2254.0,5746.0,300.0
38,Surkhet,Babiyachaur,4,78,60,40,,UDP,basal ,planting time,T4-PMC833rE,28.80566903,81.4003538,359.0,5.0,23023,15333,9867,381,19.0,9138.0,9.1,117,39.1,28.80566903,81.4003538,7.22,3.22,0.16,143.28,503.65,31.27,23.4,45.18,Surkhet,direct_overlay,False,0.0,direct_overlay,FMR_154,28.77379761700402,64.30000000000001,2572.0000000000005,5428.0,188.64385133480943
39,Surkhet,Babiyachaur,4,78,60,40,,UDP,basal ,planting time,T4-DFI759mO,28.80449265,81.39975146,374.0,5.0,19953,13173,9600,408,17.0,9076.0,9.1,116,15.6,28.80449265,81.39975146,7.25,2.93,0.13,118.52,495.66,29.12,25.12,46.03,Surkhet,direct_overlay,False,0.0,direct_overlay,FMR_129,9.423318768783274,56.95,2278.0,5722.0,300.0
40,Surkhet,Babiyachaur,5,60,60,40,6.0,Urea,top dressed ,knee ht+shoulder ht,T5-ZZJ210bU,28.80449302,81.39837189,357.0,5.0,22573,14833,9383,381,15.0,8998.0,9.0,150,27.2,28.80449302,81.39837189,7.26,2.89,0.13,117.8,451.82,29.04,24.14,47.08,Surkhet,direct_overlay,False,0.0,direct_overlay,FMR_027,9.562283672239754,56.35,2254.0,5746.0,300.0
41,Surkhet,Babiyachaur,5,60,60,40,6.0,Urea,top dressed ,knee ht+shoulder ht,T5-BFZ260yA,28.80563723,81.40032049,366.0,5.0,18730,11040,9157,408,17.0,8645.0,8.6,144,42.6,28.80563723,81.40032049,7.2,3.25,0.16,144.41,510.86,31.09,23.52,45.23,Surkhet,direct_overlay,False,0.0,direct_overlay,FMR_154,26.67373865769062,64.75,2590.0,5410.0,202.82121188287863
42,Surkhet,Babiyachaur,5,60,60,40,6.0,Urea,top dressed ,knee ht+shoulder ht,T5-XEU126aU,28.80450137,81.39976724,371.0,5.0,21783,14040,7973,374,17.0,8453.0,8.5,141,9.9,28.80450137,81.39976724,7.25,2.93,0.13,118.85,496.13,29.14,25.12,46.01,Surkhet,direct_overlay,False,0.0,direct_overlay,FMR_129,9.052837708177213,56.95,2278.0,5722.0,300.0
43,Surkhet,Babiyachaur,6,120,0,40,,Urea,top dressed ,knee ht+shoulder ht,T6-CJP417xQ,28.80449044,81.39838616,355.0,5.0,21667,14233,8967,408,16.0,8569.0,8.6,71,10.0,28.80449044,81.39838616,7.27,2.89,0.13,117.89,452.2,29.01,24.13,47.1,Surkhet,direct_overlay,False,0.0,direct_overlay,FMR_027,8.805152837577342,56.35,2254.0,5746.0,300.0
44,Surkhet,Babiyachaur,6,120,0,40,,Urea,top dressed ,knee ht+shoulder ht,T6-FMS377dY,28.80567904,81.40030633,366.0,5.0,22847,15107,8600,384,16.0,8229.0,8.2,69,17.8,28.80567904,81.40030633,7.2,3.26,0.16,144.71,507.95,31.32,23.37,45.12,Surkhet,direct_overlay,False,0.0,direct_overlay,FMR_154,21.290448671022013,64.9,2596.0,5404.0,253.8227391776516
45,Surkhet,Babiyachaur,6,120,0,40,,Urea,top dressed ,knee ht+shoulder ht,T6-AUF464zK,28.80449957,81.39977796,369.0,5.0,21050,15517,9833,419,18.0,9185.0,9.2,77,11.1,28.80449957,81.39977796,7.25,2.93,0.13,118.66,495.33,29.13,25.13,46.0,Surkhet,direct_overlay,False,0.0,direct_overlay,FMR_129,9.01733265767216,56.95,2278.0,5722.0,300.0
46,Surkhet,Babiyachaur,7,0,60,40,,,,,T7-YJD718dF,28.80448905,81.39839078,355.0,5.0,19700,13467,9933,374,16.0,9504.0,9.5,0,0.0,28.80448905,81.39839078,7.27,2.89,0.13,117.92,452.3,29.0,24.13,47.11,Surkhet,direct_overlay,False,0.0,direct_overlay,FMR_027,8.605152837577341,56.35,2254.0,5746.0,300.0
47,Surkhet,Babiyachaur,7,0,60,40,,,,,T7-HQG139bF,28.8056378,81.40025781,368.0,5.0,19727,12017,9170,419,18.0,8566.0,8.6,0,0.0,28.8056378,81.40025781,7.17,3.3,0.16,146.39,518.22,31.1,23.52,45.17,Surkhet,direct_overlay,False,0.0,direct_overlay,FMR_154,13.634639142056818,65.5,2620.0,5380.0,300.0
48,Surkhet,Babiyachaur,7,0,60,40,,,,,T7-WEB679iS,28.80450175,81.399783,365.0,4.0,22383,15103,8963,334,18.0,8342.0,8.3,0,0.0,28.80450175,81.399783,7.25,2.93,0.13,118.73,495.39,29.13,25.13,46.0,Surkhet,direct_overlay,False,0.0,direct_overlay,FMR_129,8.691851597066101,56.95,2278.0,5722.0,300.0
49,Surkhet,Babiyachaur,8,0,0,0,,,,,T8-EUO866nU,28.80448862,81.39839939,355.0,5.0,19450,13783,7983,419,19.0,7366.0,7.4,0,0.0,28.80448862,81.39839939,7.27,2.89,0.13,118.01,452.5,28.99,24.12,47.12,Surkhet,direct_overlay,False,0.0,direct_overlay,FMR_027,8.339925564850068,56.35,2254.0,5746.0,300.0
50,Surkhet,Babiyachaur,8,0,0,0,,,,,T8-IIC865tZ,28.80563497,81.40025471,369.0,5.0,16630,8933,6427,334,17.0,6091.0,6.1,0,0.0,28.80563497,81.40025471,7.17,3.3,0.16,146.5,518.92,31.08,23.53,45.17,Surkhet,direct_overlay,False,0.0,direct_overlay,FMR_154,10.817177695853752,65.5,2620.0,5380.0,300.0
51,Surkhet,Babiyachaur,8,0,0,0,,,,,T8-TPL735gR,28.80448923,81.39977757,360.0,5.0,18483,10010,8433,334,18.0,7858.0,7.9,0,0.0,28.80448923,81.39977757,7.26,2.92,0.13,118.16,493.95,29.11,25.14,46.02,Surkhet,direct_overlay,False,0.0,direct_overlay,FMR_129,8.794502311351813,56.8,2272.0,5728.0,300.0
52,Surkhet,Babiyachaur,9,120,60,40,,Urea ,top dressed ,V6 and V10 stages,T9-PRX308tF,28.80448276,81.39841089,355.0,5.0,22900,15100,9733,334,17.0,9158.0,9.2,76,14.9,28.80448276,81.39841089,7.27,2.89,0.13,118.02,452.7,28.95,24.13,47.13,Surkhet,direct_overlay,False,0.0,direct_overlay,FMR_027,9.037414453738958,56.35,2254.0,5746.0,300.0
53,Surkhet,Babiyachaur,9,120,60,40,,Urea ,top dressed ,V6 and V10 stages,T9-JJL262gO,28.80563956,81.40025307,367.0,5.0,23183,15470,9767,334,16.0,9363.0,9.4,78,27.3,28.80563956,81.40025307,7.17,3.3,0.16,146.53,518.57,31.11,23.52,45.16,Surkhet,direct_overlay,False,0.0,direct_overlay,FMR_154,17.755537273392846,65.5,2620.0,5380.0,300.0
55,Surkhet,Guthu,1,120,60,40,,Urea,top dressed ,knee ht+shoulder ht,T1-KGG392jT,28.83349251,81.30619469,357.0,5.0,13040,12720,8417,398,19.0,7738.0,7.7,64,17.8,28.83349251,81.30619469,7.01,1.99,0.1,83.52,403.6,35.42,31.54,35.18,Surkhet,direct_overlay,False,0.0,direct_overlay,FMR_075,24.74842323645429,39.85,1594.0,6406.0,258.8447732122181
56,Surkhet,Guthu,2,120,60,40,,PCU,basal ,planting time,T2-YFM962pX,28.83351748,81.30619414,352.0,5.0,16767,14460,9733,381,19.0,8970.0,9.0,75,28.0,28.83351748,81.30619414,6.99,2.0,0.1,83.78,404.66,35.39,31.61,35.13,Surkhet,direct_overlay,False,0.0,direct_overlay,FMR_075,29.400718247533963,40.0,1600.0,6400.0,217.68175682363852
57,Surkhet,Guthu,3,60,60,40,,PCU,basal ,planting time,T3-YUE969mA,28.83351297,81.30618515,352.0,4.0,11456,13150,8327,408,20.0,7551.0,7.6,126,32.4,28.83351297,81.30618515,7.0,2.0,0.1,83.67,404.34,35.38,31.61,35.13,Surkhet,direct_overlay,False,0.0,direct_overlay,FMR_075,29.694718247533956,40.0,1600.0,6400.0,215.52654403553728
58,Surkhet,Guthu,4,78,60,40,,UDP,basal ,planting time,T4-NLO320sU,28.83352369,81.30618695,363.0,5.0,15757,15710,9920,374,18.0,9244.0,9.2,119,46.6,28.83352369,81.30618695,6.99,2.0,0.1,83.79,404.82,35.37,31.64,35.11,Surkhet,direct_overlay,False,0.0,direct_overlay,FMR_075,32.694201580867286,40.0,1600.0,6400.0,195.753365751109
59,Surkhet,Guthu,5,60,60,40,6.0,Urea,top dressed ,knee ht+shoulder ht,T5-SQX155gZ,28.83351654,81.30618801,371.0,5.0,9203,12613,8077,419,18.0,7508.0,7.5,125,31.7,28.83351654,81.30618801,6.99,2.0,0.1,83.72,404.53,35.38,31.62,35.13,Surkhet,direct_overlay,False,0.0,direct_overlay,FMR_075,29.58255158086729,40.0,1600.0,6400.0,216.34374514669122
60,Surkhet,Guthu,6,120,0,40,,Urea,top dressed ,knee ht+shoulder ht,T6-MBH706uW,28.83356418,81.30618851,372.0,5.0,14597,15137,9697,334,21.0,8705.0,8.7,73,25.8,28.83356418,81.30618851,6.97,2.02,0.1,84.24,406.56,35.33,31.73,35.04,Surkhet,direct_overlay,False,0.0,direct_overlay,FMR_075,22.050477894099277,40.3,1612.0,6388.0,289.6989367159899
61,Surkhet,Guthu,7,0,60,40,,,,,T7-ZGO408eE,28.83355033,81.3062491,365.0,5.0,10983,12283,7783,334,19.0,7191.0,7.2,0,0.0,28.83355033,81.3062491,6.98,2.04,0.1,84.51,406.91,35.42,31.6,35.1,Surkhet,direct_overlay,False,0.0,direct_overlay,FMR_075,10.228699624813236,40.6,1624.0,6376.0,300.0
62,Surkhet,Guthu,8,0,0,0,,,,,T8-MIV404bC,28.83355282,81.30625304,365.0,5.0,14273,11107,6090,331,19.0,5606.0,5.6,0,0.0,28.83355282,81.30625304,6.98,2.04,0.1,84.56,407.08,35.43,31.6,35.1,Surkhet,direct_overlay,False,0.0,direct_overlay,FMR_075,11.141866291479904,40.6,1624.0,6376.0,300.0
63,Surkhet,Guthu,9,120,60,40,,Urea ,top dressed ,V6 and V10 stages,T9-ZCN678xZ,28.83355295,81.30626154,367.0,5.0,14140,13480,9867,348,17.0,9272.0,9.3,77,30.6,28.83355295,81.30626154,6.98,2.04,0.1,84.62,407.21,35.44,31.58,35.1,Surkhet,direct_overlay,False,0.0,direct_overlay,FMR_075,17.598829342317945,40.6,1624.0,6376.0,300.0
64,Surkhet,Maintada-2,1,120,60,40,,Urea,top dressed ,knee ht+shoulder ht,T1-YZD726eN,28.43197148,81.80340531,469.0,4.0,17820,16650,9833,391,20.0,8962.0,9.0,75,11.9,28.43197148,81.80340531,6.96,2.4,0.15,74.94,260.88,46.55,12.18,41.37,Surkhet,direct_overlay,False,0.0,direct_overlay,FMR_136,16.64438364371303,51.0,2040.0,5960.0,300.0
65,Surkhet,Lekhpharsa,1,120,60,40,,Urea,top dressed ,knee ht+shoulder ht,T1-EXF606dI,28.46672121,81.8021437,496.0,3.0,16333,15303,9767,391,20.0,8923.0,8.9,74,13.7,28.46672121,81.8021437,7.43,3.23,0.17,108.38,333.42,46.4,10.1,45.08,Surkhet,direct_overlay,False,0.0,direct_overlay,FMR_144,19.819166095374143,65.45,2618.0,5382.0,271.55532044590797
66,Surkhet,Maintada-3,2,120,60,40,,PCU,basal ,planting time,T2-UVL811jM,28.43198338,81.80342707,464.0,5.0,15933,12807,9700,387,18.0,9050.0,9.1,75,12.6,28.43198338,81.80342707,6.96,2.4,0.15,74.99,261.28,46.49,12.13,41.45,Surkhet,direct_overlay,False,0.0,direct_overlay,FMR_137,15.231833570920026,51.0,2040.0,5960.0,300.0
67,Surkhet,Lekhpharsa,2,120,60,40,,PCU,basal ,planting time,T2-LIA381qW,28.46672185,81.80213932,496.0,5.0,16667,16333,9833,387,20.0,8984.0,9.0,75,14.2,28.46672185,81.80213932,7.43,3.23,0.17,108.37,333.47,46.4,10.1,45.08,Surkhet,direct_overlay,False,0.0,direct_overlay,FMR_144,20.03275522910952,65.45,2618.0,5382.0,268.6599990089949
68,Surkhet,Maintada-4,3,60,60,40,,PCU,basal ,planting time,T3-EFW913aD,28.43197913,81.80342308,465.0,5.0,19773,18617,9167,379,21.0,8281.0,8.3,138,12.4,28.43197913,81.80342308,6.96,2.4,0.15,74.97,261.11,46.51,12.15,41.43,Surkhet,direct_overlay,False,0.0,direct_overlay,FMR_138,17.60272618387075,51.0,2040.0,5960.0,300.0
69,Surkhet,Lekhpharsa,3,60,60,40,,PCU,basal ,planting time,T3-LAD753vG,28.46672057,81.80213623,496.0,5.0,18333,17717,9700,379,19.0,8917.0,8.9,149,27.3,28.46672057,81.80213623,7.43,3.23,0.17,108.35,333.51,46.39,10.1,45.08,Surkhet,direct_overlay,False,0.0,direct_overlay,FMR_144,21.568329337528553,65.45,2618.0,5382.0,249.53253985395173
70,Surkhet,Maintada-5,4,78,60,40,,UDP,basal ,planting time,T4-BUS935hE,28.43198418,81.8034312,464.0,5.0,17713,16500,8933,370,20.0,8984.0,9.0,115,18.5,28.43198418,81.8034312,6.96,2.4,0.15,75.0,261.28,46.48,12.13,41.46,Surkhet,direct_overlay,False,0.0,direct_overlay,FMR_139,15.231833570920026,51.0,2040.0,5960.0,300.0
71,Surkhet,Lekhpharsa,4,78,60,40,,UDP,basal ,planting time,T4-CEJ513mX,28.46672144,81.80213164,495.0,5.0,15840,12907,9933,370,18.0,9245.0,9.2,119,25.2,28.46672144,81.80213164,7.43,3.23,0.17,108.34,333.56,46.39,10.1,45.08,Surkhet,direct_overlay,False,0.0,direct_overlay,FMR_144,21.95144044862855,65.45,2618.0,5382.0,245.1775323170762
72,Surkhet,Maintada-6,5,60,60,40,6.0,Urea,top dressed ,knee ht+shoulder ht,T5-WSH400iR,28.43198282,81.803426,464.0,5.0,17673,17400,9800,407,19.0,8987.0,9.0,150,24.1,28.43198282,81.803426,6.96,2.4,0.15,74.99,261.26,46.49,12.14,41.44,Surkhet,direct_overlay,False,0.0,direct_overlay,FMR_140,15.231833570920026,51.0,2040.0,5960.0,300.0
73,Surkhet,Lekhpharsa,5,60,60,40,6.0,Urea,top dressed ,knee ht+shoulder ht,T5-QFA300xB,28.46671434,81.80212589,495.0,5.0,19837,16397,9867,407,20.0,9026.0,9.0,150,29.1,28.46671434,81.80212589,7.43,3.23,0.17,108.26,333.67,46.38,10.1,45.1,Surkhet,direct_overlay,False,0.0,direct_overlay,FMR_144,22.49672534891188,65.45,2618.0,5382.0,239.23481824701727
74,Surkhet,Maintada-7,6,120,0,40,,Urea,top dressed ,knee ht+shoulder ht,T6-FPA197sO,28.43198303,81.80341728,465.0,5.0,18043,14563,9017,345,18.0,8381.0,8.4,70,7.0,28.43198303,81.80341728,6.96,2.4,0.15,75.0,261.33,46.5,12.15,41.42,Surkhet,direct_overlay,False,0.0,direct_overlay,FMR_141,15.231833570920026,51.0,2040.0,5960.0,300.0
75,Surkhet,Lekhpharsa,6,120,0,40,,Urea,top dressed ,knee ht+shoulder ht,T6-TFI694sJ,28.46663642,81.80204177,499.0,5.0,19950,18507,9500,345,19.0,8734.0,8.7,73,12.1,28.46663642,81.80204177,7.44,3.24,0.17,107.4,334.86,46.23,10.12,45.29,Surkhet,direct_overlay,False,0.0,direct_overlay,FMR_144,23.631272451348693,65.6,2624.0,5376.0,227.4951554584264
76,Surkhet,Maintada-8,7,0,60,40,,,,,T7-HAR334cQ,28.43198979,81.80341761,460.0,5.0,18420,16140,9500,375,20.0,8593.0,8.6,0,0.0,28.43198979,81.80341761,6.96,2.41,0.15,75.04,261.65,46.49,12.15,41.43,Surkhet,direct_overlay,False,0.0,direct_overlay,FMR_142,9.17812186225121,51.150000000000006,2046.0000000000002,5954.0,300.0
77,Surkhet,Lekhpharsa,7,0,60,40,,,,,T7-LWW571rG,28.46665265,81.80203456,499.0,5.0,13183,12333,9910,375,20.0,9065.0,9.1,0,0.0,28.46665265,81.80203456,7.44,3.24,0.17,107.52,334.88,46.23,10.13,45.27,Surkhet,direct_overlay,False,0.0,direct_overlay,FMR_144,23.631272451348693,65.6,2624.0,5376.0,227.4951554584264
78,Surkhet,Maintada-9,8,0,0,0,,,,,T8-AOK477xK,28.43196607,81.80337762,460.0,5.0,15817,14607,8190,329,19.0,7539.0,7.5,0,0.0,28.43196607,81.80337762,6.96,2.4,0.15,74.93,260.82,46.6,12.24,41.28,Surkhet,direct_overlay,False,0.0,direct_overlay,FMR_143,16.64438364371303,51.0,2040.0,5960.0,300.0
79,Surkhet,Lekhpharsa,8,0,0,0,,,,,T8-SYF917nO,28.46666504,81.80203798,495.0,5.0,11303,10617,7937,329,19.0,7278.0,7.3,0,0.0,28.46666504,81.80203798,7.43,3.24,0.17,107.62,334.81,46.25,10.13,45.24,Surkhet,direct_overlay,False,0.0,direct_overlay,FMR_144,23.85090403029606,65.6,2624.0,5376.0,225.4002612719107
80,Surkhet,Maintada-10,9,120,60,40,,Urea ,top dressed ,V6 and V10 stages,T9-GTS439wA,28.43195848,81.80338907,459.0,5.0,18607,17727,9900,385,19.0,9169.0,9.2,76,13.6,28.43195848,81.80338907,6.96,2.4,0.15,74.87,260.38,46.6,12.22,41.3,Surkhet,direct_overlay,False,0.0,direct_overlay,FMR_135,16.64438364371303,51.0,2040.0,5960.0,300.0
81,Surkhet,Lekhpharsa,9,120,60,40,,Urea ,top dressed ,V6 and V10 stages,T9-YQY664uU,28.46666002,81.80204008,497.0,5.0,18273,15303,9870,358,20.0,8973.0,9.0,75,14.1,28.46666002,81.80204008,7.43,3.24,0.17,107.58,334.8,46.24,10.13,45.25,Surkhet,direct_overlay,False,0.0,direct_overlay,FMR_144,23.85090403029606,65.6,2624.0,5376.0,225.4002612719107
82,Surkhet,Maintada-1,1,120,60,40,,Urea,top dressed ,knee ht+shoulder ht,T1-XIL971iL,28.43685704,81.79975954,475.0,5.0,15433,4690,9900,391,19.0,9112.0,9.1,76,9.0,28.43685704,81.79975954,6.74,2.06,0.13,67.4,279.41,46.18,12.41,41.48,Surkhet,direct_overlay,False,0.0,direct_overlay,FMR_168,4.019113050510851,43.900000000000006,1756.0000000000002,6244.0,300.0
83,Surkhet,Lekhpharsa,1,120,60,40,,Urea,top dressed ,knee ht+shoulder ht,T1-RJP151tA,28.45905373,81.78538717,416.0,5.0,19667,19333,9567,398,20.0,8719.0,8.7,73,17.1,28.45905373,81.78538717,6.99,2.82,0.15,131.37,319.63,46.18,10.5,42.53,Surkhet,direct_overlay,False,0.0,direct_overlay,FMR_088,18.52627950718934,57.3,2292.0,5708.0,300.0
84,Surkhet,Lekhpharsa,1,120,60,40,,Urea,top dressed ,knee ht+shoulder ht,T1-NCF418qP,28.46921603,81.79777976,507.0,4.0,12833,11517,7997,334,20.0,7288.0,7.3,61,25.3,28.46921603,81.79777976,7.54,3.55,0.18,100.23,372.21,45.68,9.37,45.55,Surkhet,direct_overlay,False,0.0,direct_overlay,FMR_044,44.85454181183106,71.25,2850.0,5150.0,114.81557478849577
85,Surkhet,Kalyan,1,120,60,40,,Urea,top dressed ,knee ht+shoulder ht,T1-BMS672fK,28.5041297,81.73587981,483.0,4.0,24333,16413,9810,398,19.0,9041.0,9.0,75,23.2,28.5041297,81.73587981,7.31,3.21,0.16,99.49,481.71,45.07,10.42,43.1,,direct_overlay_plus_nearest8,True,8.0,nearest_8_valid_mean,FMR_120,13.857041143908859,64.15,2566.0,5434.0,300.0
86,Surkhet,Ramghat,1,120,60,40,,Urea,top dressed ,knee ht+shoulder ht,T1-TME983eZ,28.48768366,81.73958759,431.0,5.0,24170,19810,9673,398,19.0,8860.0,8.9,74,20.6,28.48768366,81.73958759,6.67,2.35,0.13,115.63,267.79,46.21,12.04,42.82,Surkhet,direct_overlay,False,0.0,direct_overlay,FMR_043,18.405946286977866,48.25,1930.0,6070.0,300.0
87,Surkhet,Ramghat,1,120,60,40,,Urea,top dressed ,knee ht+shoulder ht,T1-ESD365zA,28.48749579,81.74486874,424.0,5.0,24383,19747,9760,390,21.0,8761.0,8.8,73,10.1,28.48749579,81.74486874,6.76,2.55,0.14,110.32,307.28,46.64,12.15,42.72,Surkhet,direct_overlay,False,0.0,direct_overlay,FMR_016,17.92458003380153,52.25,2090.0,5910.0,300.0
88,Surkhet,Kalyan,1,120,60,40,,Urea,top dressed ,knee ht+shoulder ht,T1-GNE184wJ,28.50874994,81.72685574,363.0,3.0,26570,17440,9747,390,23.0,8528.0,8.5,71,16.6,28.50874994,81.72685574,7.31,3.21,0.16,99.49,481.71,45.07,10.42,43.1,,direct_overlay_plus_nearest8,True,8.0,nearest_8_valid_mean,FMR_036,13.857041143908859,64.15,2566.0,5434.0,300.0
89,Surkhet,Maintada-2,1,120,60,40,,Urea,top dressed ,knee ht+shoulder ht,T1-LYU282gJ,28.41942099,81.79067174,516.0,5.0,14893,14670,9780,390,19.0,9035.0,9.0,75,24.3,28.41942099,81.79067174,7.02,2.32,0.14,83.82,282.37,47.79,12.02,41.97,Surkhet,direct_overlay,False,0.0,direct_overlay,FMR_094,22.18034355460516,48.8,1952.0,6048.0,272.67386481686367
90,Surkhet,Maintada-2,1,120,60,40,,Urea,top dressed ,knee ht+shoulder ht,T1-HYD164qS,28.42837279,81.80323101,482.0,4.0,13040,12720,8417,368,19.0,7738.0,7.7,64,17.8,28.42837279,81.80323101,6.96,2.4,0.15,74.96125,261.0425,46.5275,12.1675,41.39375,,direct_overlay_plus_nearest8,True,8.0,nearest_8_valid_mean,FMR_091,22.96985599044674,51.0,2040.0,5960.0,259.47049918287644
91,Surkhet,Kalyan,1,120,60,40,,Urea,top dressed ,knee ht+shoulder ht,T1-GUJ120fH,28.50195919,81.7479302,521.0,5.0,23167,15323,9813,391,24.0,8520.0,8.5,71,2.7,28.50195919,81.7479302,7.31,3.21,0.16,99.49,481.71,45.07,10.42,43.1,Surkhet,direct_overlay,False,0.0,direct_overlay,FMR_014,13.857041143908859,64.15,2566.0,5434.0,300.0
92,Surkhet,Maintada-1,2,120,60,40,,PCU,basal ,planting time,T2-OOW483xX,28.43698379,81.79971291,488.0,5.0,20190,14953,9257,387,24.0,7984.0,8.0,67,-0.4,28.43698379,81.79971291,6.74,2.09,0.13,67.4,282.4,46.21,12.4,41.37,Surkhet,direct_overlay,False,0.0,direct_overlay,FMR_168,4.013513050510851,44.349999999999994,1773.9999999999998,6226.0,300.0
93,Surkhet,Lekhpharsa,2,120,60,40,,PCU,basal ,planting time,T2-JRD994fF,28.45905917,81.78540512,416.0,5.0,14333,16667,9733,381,20.0,8826.0,8.8,74,17.9,28.45905917,81.78540512,6.99,2.82,0.15,131.37,319.63,46.18,10.5,42.53,Surkhet,direct_overlay,False,0.0,direct_overlay,FMR_088,18.52627950718934,57.3,2292.0,5708.0,300.0
94,Surkhet,Lekhpharsa,2,120,60,40,,PCU,basal ,planting time,T2-IZM244bT,28.46923501,81.79779305,506.0,4.0,15950,11470,8377,331,20.0,7577.0,7.6,63,27.7,28.46923501,81.79779305,7.54,3.55,0.18,100.35,372.29,45.7,9.38,45.5,Surkhet,direct_overlay,False,0.0,direct_overlay,FMR_044,37.74819895424598,71.25,2850.0,5150.0,136.43035012722692
95,Surkhet,Kalyan,2,120,60,40,,PCU,basal ,planting time,11128687,28.5041356,81.73588455,482.0,5.0,22107,16050,9847,381,19.0,9030.0,9.0,75,23.1,28.5041356,81.73588455,7.31,3.21,0.16,99.49,481.71,45.07,10.42,43.1,,direct_overlay_plus_nearest8,True,8.0,nearest_8_valid_mean,FMR_120,13.857041143908859,64.15,2566.0,5434.0,300.0
96,Surkhet,Ramghat,2,120,60,40,,PCU,basal ,planting time,T2-RPT201dD,28.48773343,81.73953019,433.0,5.0,29810,18493,9430,381,21.0,8455.0,8.5,70,17.2,28.48773343,81.73953019,6.67,2.35,0.13,115.65,266.75,46.28,12.0,42.83,Surkhet,direct_overlay,False,0.0,direct_overlay,FMR_043,18.577946286977866,48.25,1930.0,6070.0,300.0
97,Surkhet,Ramghat,2,120,60,40,,PCU,basal ,planting time,T2-XCF932oI,28.48754924,81.74484507,411.0,5.0,29470,19880,9763,397,22.0,8676.0,8.7,72,9.4,28.48754924,81.74484507,6.76,2.56,0.14,109.46,308.6,46.58,12.06,42.78,Surkhet,direct_overlay,False,0.0,direct_overlay,FMR_016,17.81219103814889,52.4,2096.0,5904.0,300.0
98,Surkhet,Kalyan,2,120,60,40,,PCU,basal ,planting time,T2-DWG930zF,28.50854029,81.72662647,414.0,5.0,20237,17393,9957,397,24.0,8564.0,8.6,71,16.9,28.50854029,81.72662647,7.31,3.21,0.16,99.49,481.71,45.07,10.42,43.1,,direct_overlay_plus_nearest8,True,8.0,nearest_8_valid_mean,FMR_036,13.857041143908859,64.15,2566.0,5434.0,300.0
99,Surkhet,Maintada-2,2,120,60,40,,PCU,basal ,planting time,T2-UBU607yH,28.41941795,81.79062933,514.0,5.0,15500,15327,9533,397,20.0,8714.0,8.7,73,21.7,28.41941795,81.79062933,7.02,2.32,0.14,84.04,282.36,47.84,12.04,41.94,Surkhet,direct_overlay,False,0.0,direct_overlay,FMR_094,22.04344013580183,48.8,1952.0,6048.0,274.3673384344918
100,Surkhet,Maintada-2,2,120,60,40,,PCU,basal ,planting time,T2-EXU921kO,28.42837826,81.80321651,481.0,5.0,16767,14460,9733,381,19.0,8970.0,9.0,75,28.0,28.42837826,81.80321651,6.96,2.4,0.15,74.96125,261.0425,46.5275,12.1675,41.39375,,direct_overlay_plus_nearest8,True,8.0,nearest_8_valid_mean,FMR_091,22.96985599044674,51.0,2040.0,5960.0,259.47049918287644
101,Surkhet,Kalyan,2,120,60,40,,PCU,basal ,planting time,T2-COX883qT,28.50199467,81.74801092,506.0,5.0,25333,14770,9867,387,23.0,8589.0,8.6,72,3.3,28.50199467,81.74801092,7.31,3.21,0.16,99.49,481.71,45.07,10.42,43.1,Surkhet,direct_overlay,False,0.0,direct_overlay,FMR_014,13.857041143908859,64.15,2566.0,5434.0,300.0
102,Surkhet,Maintada-1,3,60,60,40,,PCU,basal ,planting time,T3-LHG993zR,28.43693805,81.79980323,469.0,4.0,12837,13320,8933,379,20.0,8091.0,8.1,135,0.9,28.43693805,81.79980323,6.74,2.06,0.13,67.46,278.64,46.1,12.39,41.51,Surkhet,direct_overlay,False,0.0,direct_overlay,FMR_168,0.6834431833784228,43.900000000000006,1756.0000000000002,6244.0,300.0
103,Surkhet,Lekhpharsa,3,60,60,40,,PCU,basal ,planting time,T3-JRA934oU,28.45903128,81.78539608,416.0,5.0,15667,19350,9767,408,20.0,8834.0,8.8,147,36.0,28.45903128,81.78539608,6.99,2.82,0.15,131.37,319.63,46.18,10.5,42.53,Surkhet,direct_overlay,False,0.0,direct_overlay,FMR_088,18.52627950718934,57.3,2292.0,5708.0,300.0
104,Surkhet,Lekhpharsa,3,60,60,40,,PCU,basal ,planting time,T3-NKS318wW,28.46922469,81.7977939,505.0,5.0,13167,11667,9497,348,21.0,8536.0,8.5,142,71.4,28.46922469,81.7977939,7.54,3.55,0.18,100.3,372.49,45.69,9.37,45.53,Surkhet,direct_overlay,False,0.0,direct_overlay,FMR_044,53.89001239961758,71.25,2850.0,5150.0,95.56501790740998
105,Surkhet,Kalyan,3,60,60,40,,PCU,basal ,planting time,T3-WUE763kW,28.50412787,81.73591065,480.0,5.0,25040,15200,9937,408,23.0,8650.0,8.7,144,39.8,28.50412787,81.73591065,7.31,3.21,0.16,99.49,481.71,45.07,10.42,43.1,,direct_overlay_plus_nearest8,True,8.0,nearest_8_valid_mean,FMR_120,13.857041143908859,64.15,2566.0,5434.0,300.0
106,Surkhet,Ramghat,3,60,60,40,,PCU,basal ,planting time,T3-XLM457fM,28.48770862,81.73949639,438.0,5.0,34167,16773,9837,408,21.0,8831.0,8.8,147,40.7,28.48770862,81.73949639,6.67,2.34,0.13,116.67,265.94,46.3,12.02,42.82,Surkhet,direct_overlay,False,0.0,direct_overlay,FMR_043,13.256734336993764,48.099999999999994,1923.9999999999998,6076.0,300.0
107,Surkhet,Ramghat,3,60,60,40,,PCU,basal ,planting time,T3-HDK114gA,28.48754767,81.74486049,422.0,5.0,29970,17840,9733,382,18.0,9069.0,9.1,151,25.4,28.48754767,81.74486049,6.76,2.56,0.14,109.5,308.06,46.58,12.09,42.76,Surkhet,direct_overlay,False,0.0,direct_overlay,FMR_016,17.989722890956887,52.4,2096.0,5904.0,300.0
108,Surkhet,Kalyan,3,60,60,40,,PCU,basal ,planting time,T3-PEK165eM,28.508464,81.72643415,425.0,5.0,18980,15683,9793,382,24.0,8491.0,8.5,142,32.5,28.508464,81.72643415,7.31,3.21,0.16,99.49,481.71,45.07,10.42,43.1,,direct_overlay_plus_nearest8,True,8.0,nearest_8_valid_mean,FMR_036,13.857041143908859,64.15,2566.0,5434.0,300.0
109,Surkhet,Maintada-2,3,60,60,40,,PCU,basal ,planting time,T3-EQR492kW,28.4194278,81.79060241,511.0,5.0,17710,15020,9867,382,19.0,9082.0,9.1,151,49.4,28.4194278,81.79060241,7.03,2.32,0.14,84.32,282.29,47.87,12.07,41.91,Surkhet,direct_overlay,False,0.0,direct_overlay,FMR_094,28.196032999019085,48.8,1952.0,6048.0,214.4982593902626
110,Surkhet,Maintada-2,3,60,60,40,,PCU,basal ,planting time,T3-QZM638rB,28.42837542,81.80322552,480.0,5.0,11457,13150,8327,408,20.0,7551.0,7.6,126,32.4,28.42837542,81.80322552,6.96,2.4,0.15,74.96125,261.0425,46.5275,12.1675,41.39375,,direct_overlay_plus_nearest8,True,8.0,nearest_8_valid_mean,FMR_091,22.96985599044674,51.0,2040.0,5960.0,259.47049918287644
111,Surkhet,Kalyan,3,60,60,40,,PCU,basal ,planting time,T3-OSG232rL,28.5019896,81.74807538,500.0,5.0,29000,16197,9880,379,23.0,8679.0,8.7,145,8.0,28.5019896,81.74807538,7.31,3.21,0.16,99.49,481.71,45.07,10.42,43.1,Surkhet,direct_overlay,False,0.0,direct_overlay,FMR_014,13.857041143908859,64.15,2566.0,5434.0,300.0
112,Surkhet,Maintada-1,4,78,60,40,,UDP,basal ,planting time,T4-JPC591nL,28.43691255,81.79985831,476.0,5.0,15827,15097,9480,370,25.0,8101.0,8.1,104,0.8,28.43691255,81.79985831,6.74,2.05,0.13,67.54,276.34,46.04,12.39,41.59,Surkhet,direct_overlay,False,0.0,direct_overlay,FMR_168,-7.631968918317138,43.75,1750.0,6250.0,-818.9236705353532
113,Surkhet,Lekhpharsa,4,78,60,40,,UDP,basal ,planting time,T4-AFR544rB,28.45900873,81.78539612,418.0,4.0,18397,14203,9280,374,21.0,8373.0,8.4,107,21.8,28.45900873,81.78539612,6.99,2.82,0.15,131.37,319.63,46.18,10.5,42.53,Surkhet,direct_overlay,False,0.0,direct_overlay,FMR_088,18.52627950718934,57.3,2292.0,5708.0,300.0
114,Surkhet,Lekhpharsa,4,78,60,40,,UDP,basal ,planting time,T4-XAB929fJ,28.46931966,81.79767294,510.0,5.0,15217,14507,8367,399,23.0,7340.0,7.3,94,39.6,28.46931966,81.79767294,7.54,3.58,0.18,99.83,375.28,45.68,9.39,45.37,Surkhet,direct_overlay,False,0.0,direct_overlay,FMR_044,46.72748765880722,71.7,2868.0,5132.0,109.82828859690936
115,Surkhet,Kalyan,4,78,60,40,,UDP,basal ,planting time,T4-ACN253jW,28.50403975,81.7360047,482.0,5.0,22383,16747,9860,374,24.0,8516.0,8.5,109,28.9,28.50403975,81.7360047,7.31,3.21,0.16,99.49,481.71,45.07,10.42,43.1,,direct_overlay_plus_nearest8,True,8.0,nearest_8_valid_mean,FMR_120,13.857041143908859,64.15,2566.0,5434.0,300.0
116,Surkhet,Ramghat,4,78,60,40,,UDP,basal ,planting time,T4-TQU129qI,28.48771628,81.73950588,435.0,5.0,31450,23177,9700,374,20.0,8851.0,8.9,113,31.6,28.48771628,81.73950588,6.67,2.34,0.13,116.37,266.16,46.3,12.01,42.82,Surkhet,direct_overlay,False,0.0,direct_overlay,FMR_043,18.556992685024262,48.099999999999994,1923.9999999999998,6076.0,300.0
117,Surkhet,Ramghat,4,78,60,40,,UDP,basal ,planting time,T4-NUM732zH,28.48753404,81.74482885,417.0,5.0,31037,19883,9770,399,18.0,9104.0,9.1,117,20.0,28.48753404,81.74482885,6.76,2.57,0.14,109.67,309.03,46.59,12.05,42.79,Surkhet,direct_overlay,False,0.0,direct_overlay,FMR_016,17.79922377411282,52.55,2102.0,5898.0,300.0
118,Surkhet,Kalyan,4,78,60,40,,UDP,basal ,planting time,T4-WHW285iT,28.50849933,81.726463,416.0,5.0,22467,16470,9873,399,22.0,8706.0,8.7,112,27.8,28.50849933,81.726463,7.31,3.21,0.16,99.49,481.71,45.07,10.42,43.1,,direct_overlay_plus_nearest8,True,8.0,nearest_8_valid_mean,FMR_036,13.857041143908859,64.15,2566.0,5434.0,300.0
119,Surkhet,Maintada-2,4,78,60,40,,UDP,basal ,planting time,T4-HHU584aI,28.41943233,81.79058484,512.0,5.0,17310,19037,9733,399,20.0,8848.0,8.8,113,35.0,28.41943233,81.79058484,7.03,2.32,0.14,84.47,282.24,47.88,12.08,41.9,Surkhet,direct_overlay,False,0.0,direct_overlay,FMR_094,27.36712138917205,48.8,1952.0,6048.0,220.99510993483312
120,Surkhet,Maintada-2,4,78,60,40,,UDP,basal ,planting time,T4-XTF395vB,28.42836237,81.80324338,478.0,5.0,15757,15710,9200,374,18.0,8573.0,8.6,110,38.0,28.42836237,81.80324338,6.96,2.4,0.15,74.96125,261.0425,46.5275,12.1675,41.39375,,direct_overlay_plus_nearest8,True,8.0,nearest_8_valid_mean,FMR_091,22.96985599044674,51.0,2040.0,5960.0,259.47049918287644
121,Surkhet,Kalyan,4,78,60,40,,UDP,basal ,planting time,T4-FMB220pT,28.50200085,81.74806402,502.0,5.0,23390,16977,9957,370,24.0,8645.0,8.6,111,5.7,28.50200085,81.74806402,7.31,3.21,0.16,99.49,481.71,45.07,10.42,43.1,Surkhet,direct_overlay,False,0.0,direct_overlay,FMR_014,13.857041143908859,64.15,2566.0,5434.0,300.0
122,Surkhet,Maintada-1,5,60,60,40,6.0,Urea,top dressed ,knee ht+shoulder ht,T5-KHC367bJ,28.4369146,81.79987529,475.0,5.0,13067,12967,7720,407,20.0,7062.0,7.1,118,-16.3,28.4369146,81.79987529,6.74,2.05,0.13,67.55,275.74,46.02,12.38,41.61,Surkhet,direct_overlay,False,0.0,direct_overlay,FMR_168,-8.098209943955135,43.75,1750.0,6250.0,-771.7754964682384
123,Surkhet,Lekhpharsa,5,60,60,40,6.0,Urea,top dressed ,knee ht+shoulder ht,T5-USU801wV,28.45898896,81.78540404,420.0,5.0,20000,20000,9900,419,21.0,8854.0,8.9,148,36.4,28.45898896,81.78540404,6.99,2.82,0.15,131.37,319.63,46.18,10.5,42.53,Surkhet,direct_overlay,False,0.0,direct_overlay,FMR_088,18.52627950718934,57.3,2292.0,5708.0,300.0
124,Surkhet,Lekhpharsa,5,60,60,40,6.0,Urea,top dressed ,knee ht+shoulder ht,T5-LWC990lZ,28.46931455,81.79764875,511.0,5.0,19627,15140,9343,405,20.0,8505.0,8.5,142,70.9,28.46931455,81.79764875,7.54,3.58,0.18,99.6,376.72,45.65,9.37,45.41,Surkhet,direct_overlay,False,0.0,direct_overlay,FMR_044,54.824262017781564,71.7,2868.0,5132.0,93.60819117520451
125,Surkhet,Kalyan,5,60,60,40,6.0,Urea,top dressed ,knee ht+shoulder ht,T5-WGL841jA,28.50407359,81.73592103,484.0,5.0,23210,14333,8833,419,22.0,7849.0,7.8,131,26.5,28.50407359,81.73592103,7.31,3.21,0.16,99.49,481.71,45.07,10.42,43.1,,direct_overlay_plus_nearest8,True,8.0,nearest_8_valid_mean,FMR_120,13.857041143908859,64.15,2566.0,5434.0,300.0
126,Surkhet,Ramghat,5,60,60,40,6.0,Urea,top dressed ,knee ht+shoulder ht,T5-FPL987xB,28.48770621,81.73948884,437.0,5.0,27733,19967,9500,419,21.0,8582.0,8.6,143,36.6,28.48770621,81.73948884,6.66,2.34,0.13,116.84,265.78,46.31,12.02,42.81,Surkhet,direct_overlay,False,0.0,direct_overlay,FMR_043,21.41442270875004,48.099999999999994,1923.9999999999998,6076.0,283.7340087396947
127,Surkhet,Ramghat,5,60,60,40,6.0,Urea,top dressed ,knee ht+shoulder ht,T5-EUS107kN,28.48766669,81.74479116,414.0,5.0,24417,19833,9353,385,19.0,8620.0,8.6,144,17.9,28.48766669,81.74479116,6.78,2.6,0.14,107.64,311.21,46.43,11.87,42.94,Surkhet,direct_overlay,False,0.0,direct_overlay,FMR_016,17.82416263474643,53.0,2120.0,5880.0,300.0
128,Surkhet,Kalyan,5,60,60,40,6.0,Urea,top dressed ,knee ht+shoulder ht,T5-XYF491lV,28.50849671,81.72647665,417.0,5.0,23227,16810,9780,405,24.0,8502.0,8.5,142,32.7,28.50849671,81.72647665,7.31,3.21,0.16,99.49,481.71,45.07,10.42,43.1,,direct_overlay_plus_nearest8,True,8.0,nearest_8_valid_mean,FMR_036,13.857041143908859,64.15,2566.0,5434.0,300.0
129,Surkhet,Maintada-2,5,60,60,40,6.0,Urea,top dressed ,knee ht+shoulder ht,T5-JIR579kS,28.41943244,81.79057877,511.0,5.0,14266,14940,9657,405,19.0,8943.0,8.9,149,47.1,28.41943244,81.79057877,7.03,2.32,0.14,84.51,282.23,47.89,12.08,41.89,Surkhet,direct_overlay,False,0.0,direct_overlay,FMR_094,28.02562138917205,48.8,1952.0,6048.0,215.80252997839682
130,Surkhet,Maintada-2,5,60,60,40,6.0,Urea,top dressed ,knee ht+shoulder ht,T5-PZT813uU,28.42836266,81.80325322,480.0,5.0,9203,12613,8077,419,18.0,7508.0,7.5,125,31.7,28.42836266,81.80325322,6.96,2.4,0.15,74.96125,261.0425,46.5275,12.1675,41.39375,,direct_overlay_plus_nearest8,True,8.0,nearest_8_valid_mean,FMR_091,22.96985599044674,51.0,2040.0,5960.0,259.47049918287644
131,Surkhet,Kalyan,5,60,60,40,6.0,Urea,top dressed ,knee ht+shoulder ht,T5-KAO996wI,28.50200401,81.74805344,504.0,5.0,23183,15463,9630,407,24.0,8295.0,8.3,138,1.6,28.50200401,81.74805344,7.31,3.21,0.16,99.49,481.71,45.07,10.42,43.1,Surkhet,direct_overlay,False,0.0,direct_overlay,FMR_014,13.857041143908859,64.15,2566.0,5434.0,300.0
132,Surkhet,Maintada-1,6,120,0,40,,Urea,top dressed ,knee ht+shoulder ht,T6-UJR581bI,28.43690946,81.79987304,475.0,4.0,18803,14547,8613,345,20.0,7302.0,7.3,61,-6.1,28.43690946,81.79987304,6.74,2.05,0.13,67.56,275.77,46.02,12.39,41.61,Surkhet,direct_overlay,False,0.0,direct_overlay,FMR_168,-5.591968918317145,43.75,1750.0,6250.0,-1117.67430958484
133,Surkhet,Lekhpharsa,6,120,0,40,,Urea,top dressed ,knee ht+shoulder ht,T6-MNS133kO,28.45893935,81.78539341,420.0,5.0,17840,16167,9733,334,20.0,8815.0,8.8,73,17.9,28.45893935,81.78539341,6.99,2.82,0.15,131.37,319.63,46.18,10.5,42.53,Surkhet,direct_overlay,False,0.0,direct_overlay,FMR_088,18.52627950718934,57.3,2292.0,5708.0,300.0
134,Surkhet,Lekhpharsa,6,120,0,40,,Urea,top dressed ,knee ht+shoulder ht,T6-VYX105qD,28.46931191,81.79762399,512.0,5.0,13273,13063,8140,397,21.0,7345.0,7.3,61,25.8,28.46931191,81.79762399,7.54,3.58,0.18,99.38,378.16,45.63,9.36,45.44,Surkhet,direct_overlay,False,0.0,direct_overlay,FMR_044,9.576525341092388,71.7,2868.0,5132.0,300.0
135,Surkhet,Kalyan,6,120,0,40,,Urea,top dressed ,knee ht+shoulder ht,T6-PXE236gQ,28.50408635,81.73588991,480.0,4.0,23327,15913,9457,334,22.0,8340.0,8.3,70,17.3,28.50408635,81.73588991,7.31,3.21,0.16,99.49,481.71,45.07,10.42,43.1,,direct_overlay_plus_nearest8,True,8.0,nearest_8_valid_mean,FMR_120,13.857041143908859,64.15,2566.0,5434.0,300.0
136,Surkhet,Ramghat,6,120,0,40,,Urea,top dressed ,knee ht+shoulder ht,T6-VMU574nO,28.48770567,81.7394838,437.0,4.0,29130,18113,7320,334,19.0,6721.0,6.7,56,2.8,28.48770567,81.7394838,6.66,2.34,0.13,116.94,265.67,46.31,12.02,42.81,Surkhet,direct_overlay,False,0.0,direct_overlay,FMR_043,15.94211743019102,48.099999999999994,1923.9999999999998,6076.0,300.0
137,Surkhet,Ramghat,6,120,0,40,,Urea,top dressed ,knee ht+shoulder ht,T6-VOU702rT,28.48765505,81.7447936,413.0,5.0,27930,18367,9633,397,20.0,8790.0,8.8,73,10.4,28.48765505,81.7447936,6.78,2.6,0.14,107.81,311.06,46.44,11.89,42.93,Surkhet,direct_overlay,False,0.0,direct_overlay,FMR_016,17.82416263474643,53.0,2120.0,5880.0,300.0
138,Surkhet,Kalyan,6,120,0,40,,Urea,top dressed ,knee ht+shoulder ht,T6-HWW820hI,28.50847094,81.7264479,415.0,5.0,23307,15267,9437,397,24.0,8387.0,8.4,70,15.4,28.50847094,81.7264479,7.31,3.21,0.16,99.49,481.71,45.07,10.42,43.1,,direct_overlay_plus_nearest8,True,8.0,nearest_8_valid_mean,FMR_036,13.857041143908859,64.15,2566.0,5434.0,300.0
139,Surkhet,Maintada-2,6,120,0,40,,Urea,top dressed ,knee ht+shoulder ht,T6-DBT268aX,28.41946827,81.79056947,514.0,5.0,10607,12717,8937,397,20.0,8145.0,8.1,68,16.9,28.41946827,81.79056947,7.03,2.32,0.14,84.96,281.95,47.89,12.11,41.88,Surkhet,direct_overlay,False,0.0,direct_overlay,FMR_094,20.65949349889655,48.8,1952.0,6048.0,292.7467704047552
140,Surkhet,Maintada-2,6,120,0,40,,Urea,top dressed ,knee ht+shoulder ht,T6-PIG552xZ,28.42835598,81.80326464,480.0,5.0,14597,15137,9697,334,21.0,8705.0,8.7,73,25.8,28.42835598,81.80326464,6.96,2.4,0.15,74.96125,261.0425,46.5275,12.1675,41.39375,,direct_overlay_plus_nearest8,True,8.0,nearest_8_valid_mean,FMR_091,22.96985599044674,51.0,2040.0,5960.0,259.47049918287644
141,Surkhet,Kalyan,6,120,0,40,,Urea,top dressed ,knee ht+shoulder ht,T6-YXS648lD,28.50207584,81.74802,494.0,5.0,23990,15527,9913,345,23.0,8629.0,8.6,72,3.6,28.50207584,81.74802,7.31,3.21,0.16,99.49,481.71,45.07,10.42,43.1,Surkhet,direct_overlay,False,0.0,direct_overlay,FMR_014,13.857041143908859,64.15,2566.0,5434.0,300.0
142,Surkhet,Maintada-1,7,0,60,40,,,,,T7-FEJ460qH,28.43692502,81.7999257,471.0,5.0,15373,16200,7773,375,19.0,7173.0,7.2,0,0.0,28.43692502,81.7999257,6.74,2.04,0.13,67.6,274.01,45.95,12.37,41.67,Surkhet,direct_overlay,False,0.0,direct_overlay,FMR_168,-4.7965599439551445,43.6,1744.0,6256.0,-1304.2680740150265
143,Surkhet,Lekhpharsa,7,0,60,40,,,,,T7-CJK822mX,28.45894994,81.78541155,417.0,5.0,23303,16033,9700,334,20.0,8862.0,8.9,0,0.0,28.45894994,81.78541155,6.99,2.82,0.15,131.37,319.63,46.18,10.5,42.53,Surkhet,direct_overlay,False,0.0,direct_overlay,FMR_088,18.52627950718934,57.3,2292.0,5708.0,300.0
144,Surkhet,Lekhpharsa,7,0,60,40,,,,,T7-XGG422cQ,28.46931431,81.79762081,514.0,5.0,15183,13170,7497,380,21.0,6704.0,6.7,0,0.0,28.46931431,81.79762081,7.54,3.58,0.18,99.35,378.33,45.63,9.36,45.44,Surkhet,direct_overlay,False,0.0,direct_overlay,FMR_044,9.576525341092388,71.7,2868.0,5132.0,300.0
145,Surkhet,Kalyan,7,0,60,40,,,,,T7-KCN750dM,28.50409123,81.73589973,482.0,4.0,24050,15913,7390,334,20.0,6701.0,6.7,0,0.0,28.50409123,81.73589973,7.31,3.21,0.16,99.49,481.71,45.07,10.42,43.1,,direct_overlay_plus_nearest8,True,8.0,nearest_8_valid_mean,FMR_120,13.857041143908859,64.15,2566.0,5434.0,300.0
146,Surkhet,Ramghat,7,0,60,40,,,,,T7-COB226oT,28.48771163,81.73949259,436.0,4.0,29990,19447,8607,334,19.0,7922.0,7.9,0,0.0,28.48771163,81.73949259,6.67,2.34,0.13,116.68,265.87,46.31,12.01,42.82,Surkhet,direct_overlay,False,0.0,direct_overlay,FMR_043,13.256734336993764,48.099999999999994,1923.9999999999998,6076.0,300.0
147,Surkhet,Ramghat,7,0,60,40,,,,,T7-OCT396xV,28.48759359,81.74483701,417.0,5.0,25627,19497,9267,380,19.0,8530.0,8.5,0,0.0,28.48759359,81.74483701,6.77,2.58,0.14,108.77,309.24,46.53,12.01,42.82,Surkhet,direct_overlay,False,0.0,direct_overlay,FMR_016,17.79922377411282,52.7,2108.0,5892.0,300.0
148,Surkhet,Kalyan,7,0,60,40,,,,,T7-IYC247oM,28.50844784,81.72646918,417.0,5.0,21530,15377,7700,380,22.0,6834.0,6.8,0,0.0,28.50844784,81.72646918,7.31,3.21,0.16,99.49,481.71,45.07,10.42,43.1,,direct_overlay_plus_nearest8,True,8.0,nearest_8_valid_mean,FMR_036,13.857041143908859,64.15,2566.0,5434.0,300.0
149,Surkhet,Maintada-2,7,0,60,40,,,,,T7-YTP214xC,28.41949354,81.79053942,515.0,5.0,10920,10920,7047,380,21.0,6366.0,6.4,0,0.0,28.41949354,81.79053942,7.03,2.32,0.14,85.39,281.63,47.91,12.14,41.86,Surkhet,direct_overlay,False,0.0,direct_overlay,FMR_094,17.84466016556321,48.8,1952.0,6048.0,300.0
150,Surkhet,Maintada-2,7,0,60,40,,,,,T7-GCW138wE,28.42833879,81.80326607,478.0,5.0,10983,12283,7783,334,19.0,5606.0,5.6,0,0.0,28.42833879,81.80326607,6.96,2.4,0.15,74.96125,261.0425,46.5275,12.1675,41.39375,,direct_overlay_plus_nearest8,True,8.0,nearest_8_valid_mean,FMR_091,22.96985599044674,51.0,2040.0,5960.0,259.47049918287644
151,Surkhet,Kalyan,7,0,60,40,,,,,T7-HCN346kW,28.5020624,81.74803725,510.0,5.0,28397,15780,9917,375,19.0,9082.0,9.1,0,0.0,28.5020624,81.74803725,7.31,3.21,0.16,99.49,481.71,45.07,10.42,43.1,Surkhet,direct_overlay,False,0.0,direct_overlay,FMR_014,13.857041143908859,64.15,2566.0,5434.0,300.0
152,Surkhet,Maintada-1,8,0,0,0,,,,,T8-GLZ803yB,28.43690916,81.80009407,476.0,5.0,18903,13677,7307,329,23.0,8037.0,8.0,0,0.0,28.43690916,81.80009407,6.75,2.0,0.12,67.84,267.62,45.74,12.35,41.89,Surkhet,direct_overlay,False,0.0,direct_overlay,FMR_168,0.1221168792139475,42.0,1680.0,6320.0,300.0
153,Surkhet,Lekhpharsa,8,0,0,0,,,,,T8-NXF610uU,28.458972,81.78546624,407.0,5.0,14327,11367,7350,331,20.0,6673.0,6.7,0,0.0,28.458972,81.78546624,6.99,2.82,0.15,131.37,319.63,46.18,10.5,42.53,Surkhet,direct_overlay,False,0.0,direct_overlay,FMR_088,18.52627950718934,57.3,2292.0,5708.0,300.0
154,Surkhet,Lekhpharsa,8,0,0,0,,,,,T8-LIQ823lU,28.46930445,81.79762411,517.0,5.0,11033,7717,7400,350,21.0,4251.0,4.3,0,0.0,28.46930445,81.79762411,7.54,3.58,0.18,99.36,378.19,45.63,9.36,45.46,Surkhet,direct_overlay,False,0.0,direct_overlay,FMR_044,9.576525341092388,71.7,2868.0,5132.0,300.0
155,Surkhet,Kalyan,8,0,0,0,,,,,T8-XNI310fW,28.50407675,81.73590332,483.0,5.0,21017,13667,7000,331,21.0,6260.0,6.3,0,0.0,28.50407675,81.73590332,7.31,3.21,0.16,99.49,481.71,45.07,10.42,43.1,,direct_overlay_plus_nearest8,True,8.0,nearest_8_valid_mean,FMR_120,13.857041143908859,64.15,2566.0,5434.0,300.0
156,Surkhet,Ramghat,8,0,0,0,,,,,T8-VGI593wJ,28.48771316,81.73949597,436.0,4.0,27667,17067,6940,331,19.0,6388.0,6.4,0,0.0,28.48771316,81.73949597,6.67,2.34,0.13,116.59,265.94,46.31,12.01,42.82,Surkhet,direct_overlay,False,0.0,direct_overlay,FMR_043,13.256734336993764,48.099999999999994,1923.9999999999998,6076.0,300.0
157,Surkhet,Ramghat,8,0,0,0,,,,,T8-RFA317vY,28.48760256,81.74483375,421.0,5.0,29780,14630,8383,350,21.0,7545.0,7.5,0,0.0,28.48760256,81.74483375,6.77,2.58,0.14,108.63,309.42,46.52,12.0,42.83,Surkhet,direct_overlay,False,0.0,direct_overlay,FMR_016,17.79922377411282,52.7,2108.0,5892.0,300.0
158,Surkhet,Kalyan,8,0,0,0,,,,,T8-UDF344uT,28.50843152,81.72644885,422.0,5.0,23297,14333,7250,350,21.0,6541.0,6.5,0,0.0,28.50843152,81.72644885,7.31,3.21,0.16,99.49,481.71,45.07,10.42,43.1,,direct_overlay_plus_nearest8,True,8.0,nearest_8_valid_mean,FMR_036,13.857041143908859,64.15,2566.0,5434.0,300.0
159,Surkhet,Maintada-2,8,0,0,0,,,,,T8-WXV675aT,28.41951416,81.79047363,517.0,5.0,10447,11607,6770,350,21.0,6116.0,6.1,0,0.0,28.41951416,81.79047363,7.04,2.32,0.14,85.94,281.08,47.99,12.18,41.82,Surkhet,direct_overlay,False,0.0,direct_overlay,FMR_094,14.480168946364802,48.8,1952.0,6048.0,300.0
160,Surkhet,Maintada-2,8,0,0,0,,,,,T8-WPW679hK,28.42833446,81.80325811,472.0,5.0,14273,11107,6090,331,19.0,5607.0,5.6,0,0.0,28.42833446,81.80325811,6.96,2.4,0.15,74.96125,261.0425,46.5275,12.1675,41.39375,,direct_overlay_plus_nearest8,True,8.0,nearest_8_valid_mean,FMR_091,22.96985599044674,51.0,2040.0,5960.0,259.47049918287644
161,Surkhet,Kalyan,8,0,0,0,,,,,T8-ZDL919oZ,28.50208136,81.74801401,507.0,5.0,17043,13707,9017,329,20.0,8197.0,8.2,0,0.0,28.50208136,81.74801401,7.31,3.21,0.16,99.49,481.71,45.07,10.42,43.1,Surkhet,direct_overlay,False,0.0,direct_overlay,FMR_014,13.857041143908859,64.15,2566.0,5434.0,300.0
162,Surkhet,Maintada-1,9,120,60,40,,Urea ,top dressed ,V6 and V10 stages,T9-KWP463gE,28.43694028,81.80009716,481.0,5.0,16080,14867,9380,358,25.0,8037.0,8.0,67,0.0,28.43694028,81.80009716,6.75,2.0,0.12,67.74,267.9,45.72,12.33,41.9,Surkhet,direct_overlay,False,0.0,direct_overlay,FMR_168,0.1221168792139475,42.0,1680.0,6320.0,300.0
163,Surkhet,Lekhpharsa,9,120,60,40,,Urea ,top dressed ,V6 and V10 stages,T9-MXB435cD,28.45895366,81.78544898,408.0,5.0,21167,19050,9867,348,21.0,8914.0,8.9,74,18.7,28.45895366,81.78544898,6.99,2.82,0.15,131.37,319.63,46.18,10.5,42.53,Surkhet,direct_overlay,False,0.0,direct_overlay,FMR_088,18.52627950718934,57.3,2292.0,5708.0,300.0
164,Surkhet,Lekhpharsa,9,120,60,40,,Urea ,top dressed ,V6 and V10 stages,T9-GMM688vL,28.46930024,81.79764097,513.0,5.0,17840,17173,9837,387,21.0,8786.0,8.8,73,37.8,28.46930024,81.79764097,7.54,3.58,0.18,99.5,377.26,45.64,9.36,45.45,Surkhet,direct_overlay,False,0.0,direct_overlay,FMR_044,43.2242467685347,71.7,2868.0,5132.0,118.72965716399399
165,Surkhet,Kalyan,9,120,60,40,,Urea ,top dressed ,V6 and V10 stages,T9-ZBX281gP,28.50407168,81.73591843,482.0,5.0,20640,13983,9810,348,26.0,8416.0,8.4,70,18.0,28.50407168,81.73591843,7.31,3.21,0.16,99.49,481.71,45.07,10.42,43.1,,direct_overlay_plus_nearest8,True,8.0,nearest_8_valid_mean,FMR_120,13.857041143908859,64.15,2566.0,5434.0,300.0
166,Surkhet,Ramghat,9,120,60,40,,Urea ,top dressed ,V6 and V10 stages,T9-CJV596nP,28.48769539,81.73948428,438.0,5.0,33270,18780,9703,348,20.0,8788.0,8.8,73,20.0,28.48769539,81.73948428,6.66,2.34,0.13,117.13,265.66,46.31,12.02,42.81,Surkhet,direct_overlay,False,0.0,direct_overlay,FMR_043,17.593577603351193,48.099999999999994,1923.9999999999998,6076.0,300.0
167,Surkhet,Ramghat,9,120,60,40,,Urea ,top dressed ,V6 and V10 stages,T9-VHN226aJ,28.48758668,81.74487291,419.0,5.0,32803,18780,9867,387,22.0,8745.0,8.7,73,10.0,28.48758668,81.74487291,6.77,2.56,0.14,108.91,308.01,46.55,12.08,42.77,Surkhet,direct_overlay,False,0.0,direct_overlay,FMR_016,17.989722890956887,52.4,2096.0,5904.0,300.0
168,Surkhet,Kalyan,9,120,60,40,,Urea ,top dressed ,V6 and V10 stages,T9-XGH762hZ,28.50841116,81.7264388,431.0,4.0,220672,15990,9860,387,23.0,8617.0,8.6,72,17.3,28.50841116,81.7264388,7.31,3.21,0.16,99.49,481.71,45.07,10.42,43.1,,direct_overlay_plus_nearest8,True,8.0,nearest_8_valid_mean,FMR_036,13.857041143908859,64.15,2566.0,5434.0,300.0
169,Surkhet,Maintada-2,9,120,60,40,,Urea ,top dressed ,V6 and V10 stages,T9-OYI860cV,28.41952886,81.79045293,510.0,5.0,15117,13563,8857,387,20.0,8031.0,8.0,67,16.0,28.41952886,81.79045293,7.04,2.32,0.14,86.18,280.77,48.02,12.19,41.81,Surkhet,direct_overlay,False,0.0,direct_overlay,FMR_094,14.480168946364802,48.8,1952.0,6048.0,300.0
170,Surkhet,Maintada-2,9,120,60,40,,Urea ,top dressed ,V6 and V10 stages,T9-TXD538xT,28.42832504,81.80326215,473.0,5.0,14140,13480,9867,348,17.0,9272.0,9.3,77,30.5,28.42832504,81.80326215,6.96,2.4,0.15,74.96125,261.0425,46.5275,12.1675,41.39375,,direct_overlay_plus_nearest8,True,8.0,nearest_8_valid_mean,FMR_091,22.96985599044674,51.0,2040.0,5960.0,259.47049918287644
171,Surkhet,Kalyan,9,120,60,40,,Urea ,top dressed ,V6 and V10 stages,T9-RPD801xG,28.50206497,81.74798373,513.0,5.0,23333,16457,9897,358,24.0,8581.0,8.6,72,3.2,28.50206497,81.74798373,7.31,3.21,0.16,99.49,481.71,45.07,10.42,43.1,Surkhet,direct_overlay,False,0.0,direct_overlay,FMR_014,13.857041143908859,64.15,2566.0,5434.0,300.0
172,Surkhet,Maintada-1,1,120,60,40,,Urea,top dressed ,knee ht+shoulder ht,T1-TRR912sV,28.44930707,81.79298934,411.0,5.0,15110,12083,9367,398,24.0,8047.0,8.0,67,13.7,28.44930707,81.79298934,6.09,2.44,0.12,178.43,205.87,46.62,12.87,41.16,Surkhet,direct_overlay,False,0.0,direct_overlay,FMR_040,16.42853858564685,48.6,1944.0,6056.0,300.0
173,Surkhet,Ramghat,1,120,60,40,,Urea,top dressed ,knee ht+shoulder ht,T1-DGI431nT,28.49014764,81.74308792,435.0,3.0,29530,16737,9400,391,21.0,8395.0,8.4,70,17.3,28.49014764,81.74308792,6.8,2.6,0.14,101.13,333.64,45.98,10.86,43.92,Surkhet,direct_overlay,False,0.0,direct_overlay,FMR_097,18.50098677941619,53.0,2120.0,5880.0,300.0
174,Surkhet,Maintada-1,2,120,60,40,,PCU,basal ,planting time,T2-TMQ860pY,28.44931341,81.79298811,418.0,5.0,13183,15290,9470,381,26.0,8093.0,8.1,67,14.0,28.44931341,81.79298811,6.09,2.44,0.12,178.42,206.04,46.63,12.88,41.15,Surkhet,direct_overlay,False,0.0,direct_overlay,FMR_040,16.40253858564685,48.6,1944.0,6056.0,300.0
175,Surkhet,Ramghat,2,120,60,40,,PCU,basal ,planting time,T2-XEY999tE,28.49013158,81.74307377,434.0,5.0,30437,19437,9867,387,20.0,8925.0,8.9,74,21.8,28.49013158,81.74307377,6.8,2.6,0.14,101.13,333.64,45.98,10.86,43.92,Surkhet,direct_overlay,False,0.0,direct_overlay,FMR_097,18.50098677941619,53.0,2120.0,5880.0,300.0
176,Surkhet,Maintada-1,3,60,60,40,,PCU,basal ,planting time,T3-EMO227rI,28.44930375,81.79298041,424.0,5.0,18550,15613,9800,408,26.0,8230.0,8.2,137,30.4,28.44930375,81.79298041,6.09,2.44,0.12,178.21,206.29,46.62,12.86,41.16,Surkhet,direct_overlay,False,0.0,direct_overlay,FMR_040,19.065411799932566,48.6,1944.0,6056.0,300.0
177,Surkhet,Ramghat,3,60,60,40,,PCU,basal ,planting time,T3-THC655eA,28.4901182,81.74305859,434.0,5.0,29797,19770,9233,379,21.0,8268.0,8.3,138,32.6,28.4901182,81.74305859,6.8,2.6,0.14,101.13,333.64,45.98,10.86,43.92,Surkhet,direct_overlay,False,0.0,direct_overlay,FMR_097,18.50098677941619,53.0,2120.0,5880.0,300.0
178,Surkhet,Maintada-1,4,78,60,40,,UDP,basal ,planting time,T4-SEU735xM,28.44927829,81.79298279,415.0,5.0,12067,14797,9700,374,22.0,8642.0,8.6,111,28.6,28.44927829,81.79298279,6.09,2.46,0.12,178.18,205.73,46.61,12.84,41.2,Surkhet,direct_overlay,False,0.0,direct_overlay,FMR_040,17.18755839241014,48.9,1956.0,6044.0,300.0
179,Surkhet,Ramghat,4,78,60,40,,UDP,basal ,planting time,T4-JIL754fO,28.49011618,81.74305891,433.0,5.0,29660,18447,9933,407,19.0,9143.0,9.1,117,36.3,28.49011618,81.74305891,6.8,2.6,0.14,101.13,333.64,45.98,10.86,43.92,Surkhet,direct_overlay,False,0.0,direct_overlay,FMR_097,18.50098677941619,53.0,2120.0,5880.0,300.0
180,Surkhet,Maintada-1,5,60,60,40,6.0,Urea,top dressed ,knee ht+shoulder ht,T5-ODN350pT,28.44926357,81.79297843,426.0,5.0,10170,12590,8643,419,24.0,7455.0,7.5,124,17.5,28.44926357,81.79297843,6.09,2.46,0.12,178.02,205.73,46.6,12.83,41.22,Surkhet,direct_overlay,False,0.0,direct_overlay,FMR_040,16.635335955698814,48.9,1956.0,6044.0,300.0
181,Surkhet,Ramghat,5,60,60,40,6.0,Urea,top dressed ,knee ht+shoulder ht,T5-MIW619tP,28.49010247,81.74305249,433.0,4.0,24403,19187,9867,407,22.0,8802.0,8.8,147,41.5,28.49010247,81.74305249,6.8,2.6,0.14,101.13,333.64,45.98,10.86,43.92,Surkhet,direct_overlay,False,0.0,direct_overlay,FMR_097,18.50098677941619,53.0,2120.0,5880.0,300.0
182,Surkhet,Maintada-1,6,120,0,40,,Urea,top dressed ,knee ht+shoulder ht,T6-UFB182eU,28.44925222,81.79296541,426.0,5.0,13397,14987,9833,334,24.0,8526.0,8.5,71,17.7,28.44925222,81.79296541,6.09,2.47,0.12,177.65,206.3,46.6,12.81,41.23,Surkhet,direct_overlay,False,0.0,direct_overlay,FMR_040,16.552993015306335,49.050000000000004,1962.0000000000002,6038.0,300.0
183,Surkhet,Ramghat,6,120,0,40,,Urea,top dressed ,knee ht+shoulder ht,T6-TBU878nF,28.49009491,81.74304774,432.0,5.0,27090,17177,7837,345,19.0,7213.0,7.2,60,7.5,28.49009491,81.74304774,6.8,2.6,0.14,101.13,333.64,45.98,10.86,43.92,Surkhet,direct_overlay,False,0.0,direct_overlay,FMR_097,18.50098677941619,53.0,2120.0,5880.0,300.0
184,Surkhet,Maintada-1,7,0,60,40,,,,,T7-XMP445vW,28.449255,81.79295056,425.0,5.0,10590,12777,8920,334,29.0,7207.0,7.2,0,0.0,28.449255,81.79295056,6.1,2.46,0.12,177.29,207.2,46.61,12.79,41.23,Surkhet,direct_overlay,False,0.0,direct_overlay,FMR_040,13.120123845801679,48.9,1956.0,6044.0,300.0
185,Surkhet,Ramghat,7,0,60,40,,,,,T7-JCU877fQ,28.49009298,81.74304654,433.0,5.0,26457,19103,8097,375,20.0,7379.0,7.4,0,0.0,28.49009298,81.74304654,6.8,2.6,0.14,101.13,333.64,45.98,10.86,43.92,Surkhet,direct_overlay,False,0.0,direct_overlay,FMR_097,18.50098677941619,53.0,2120.0,5880.0,300.0
186,Surkhet,Maintada-1,8,0,0,0,,,,,T8-XNI701uD,28.44924491,81.79294438,423.0,5.0,11707,13083,7703,331,27.0,6408.0,6.4,0,0.0,28.44924491,81.79294438,6.1,2.47,0.12,177.08,207.41,46.61,12.78,41.24,Surkhet,direct_overlay,False,0.0,direct_overlay,FMR_040,12.996315764993595,49.050000000000004,1962.0000000000002,6038.0,300.0
187,Surkhet,Ramghat,8,0,0,0,,,,,T8-WXT551iJ,28.49008993,81.74304734,433.0,5.0,26327,16470,7017,329,21.0,6315.0,6.3,0,0.0,28.49008993,81.74304734,6.8,2.6,0.14,101.13,333.64,45.98,10.86,43.92,Surkhet,direct_overlay,False,0.0,direct_overlay,FMR_097,18.50098677941619,53.0,2120.0,5880.0,300.0
188,Surkhet,Maintada-1,9,120,60,40,,Urea ,top dressed ,V6 and V10 stages,T9-BZO700hB,28.44923314,81.79295449,427.0,4.0,13393,12707,8963,384,25.0,7680.0,7.7,64,10.6,28.44923314,81.79295449,6.09,2.47,0.12,177.28,206.64,46.6,12.78,41.26,Surkhet,direct_overlay,False,0.0,direct_overlay,FMR_040,14.674036346498953,49.050000000000004,1962.0000000000002,6038.0,300.0
189,Surkhet,Ramghat,9,120,60,40,,Urea ,top dressed ,V6 and V10 stages,T9-ZPK483nC,28.49008154,81.74305611,433.0,5.0,28143,19693,9477,358,21.0,8507.0,8.5,71,18.3,28.49008154,81.74305611,6.8,2.6,0.14,101.13,333.64,45.98,10.86,43.92,Surkhet,direct_overlay,False,0.0,direct_overlay,FMR_097,18.50098677941619,53.0,2120.0,5880.0,300.0
190,Surkhet,Gadhi,1,120,60,40,,Urea,top dressed ,knee ht+shoulder ht,T1-DVC265bP,28.64072541,81.59202004,1270.0,5.0,22833,16457,9640,453,22.0,8556.0,8.6,71,23.5,28.64072541,81.59202004,6.49,4.04,0.18,246.06,520.32,45.8,12.55,41.97,,direct_overlay_plus_nearest8,True,8.0,nearest_8_valid_mean,FMR_037,20.680010858909284,78.6,3144.0,4856.0,234.81612428206034
191,Surkhet,Gadhi,1,120,60,40,,Urea,top dressed ,knee ht+shoulder ht,T1-BVN563oA,28.63686951,81.58274943,1472.0,4.0,222137,15933,9840,400,21.0,8867.0,8.9,74,31.4,28.63686951,81.58274943,6.49,4.04,0.18,246.06,520.32,45.8,12.55,41.97,Surkhet,direct_overlay,False,0.0,direct_overlay,FMR_123,20.680010858909284,78.6,3144.0,4856.0,234.81612428206034
192,Surkhet,Gadhi,1,120,60,40,,Urea,top dressed ,knee ht+shoulder ht,T1-BIE535vO,28.64120778,81.60431514,1400.0,5.0,11313,13037,9697,421,20.0,8826.0,8.8,74,22.9,28.64120778,81.60431514,6.61,4.42,0.19,294.69,535.58,43.69,13.17,45.74,Surkhet,direct_overlay,False,0.0,direct_overlay,FMR_170,24.423795996297063,85.3,3412.0,4588.0,187.84958737354322
193,Surkhet,Gadhi,2,120,60,40,,PCU,basal ,planting time,T2-KFM701dP,28.64068164,81.59200141,1267.0,5.0,20583,13120,9773,461,22.0,8640.0,8.6,72,24.2,28.64068164,81.59200141,6.49,4.04,0.18,246.06,520.32,45.8,12.55,41.97,,direct_overlay_plus_nearest8,True,8.0,nearest_8_valid_mean,FMR_037,20.680010858909284,78.6,3144.0,4856.0,234.81612428206034
194,Surkhet,Gadhi,2,120,60,40,,PCU,basal ,planting time,T2-KAZ812eX,28.63687903,81.58275475,1467.0,4.0,26967,17430,9650,495,20.0,8729.0,8.7,73,30.2,28.63687903,81.58275475,6.49,4.04,0.18,246.06,520.32,45.8,12.55,41.97,Surkhet,direct_overlay,False,0.0,direct_overlay,FMR_123,20.680010858909284,78.6,3144.0,4856.0,234.81612428206034
195,Surkhet,Gadhi,2,120,60,40,,PCU,basal ,planting time,T2-EVE895uD,28.64121919,81.60428305,1405.0,5.0,17317,15593,9770,495,19.0,8971.0,9.0,75,24.1,28.64121919,81.60428305,6.61,4.42,0.19,291.7,533.42,43.67,13.18,45.88,Surkhet,direct_overlay,False,0.0,direct_overlay,FMR_170,23.637515246334402,85.3,3412.0,4588.0,194.09823546116957
196,Surkhet,Gadhi,3,60,60,40,,PCU,basal ,planting time,T3-BKZ687oA,28.64066059,81.59203411,1270.0,5.0,23767,15343,9867,431,22.0,8701.0,8.7,145,49.4,28.64066059,81.59203411,6.49,4.04,0.18,246.06,520.32,45.8,12.55,41.97,,direct_overlay_plus_nearest8,True,8.0,nearest_8_valid_mean,FMR_037,20.680010858909284,78.6,3144.0,4856.0,234.81612428206034
197,Surkhet,Gadhi,3,60,60,40,,PCU,basal ,planting time,T3-NMQ471aB,28.63688923,81.58274865,1465.0,5.0,22610,15613,9847,456,20.0,8907.0,8.9,148,63.4,28.63688923,81.58274865,6.49,4.04,0.18,246.06,520.32,45.8,12.55,41.97,Surkhet,direct_overlay,False,0.0,direct_overlay,FMR_123,20.680010858909284,78.6,3144.0,4856.0,234.81612428206034
198,Surkhet,Gadhi,3,60,60,40,,PCU,basal ,planting time,T3-DHA981zW,28.64119652,81.60429267,1405.0,5.0,17317,13163,9673,426,21.0,7737.0,7.7,129,27.7,28.64119652,81.60429267,6.61,4.42,0.19,293.89,534.94,43.65,13.23,45.82,Surkhet,direct_overlay,False,0.0,direct_overlay,FMR_170,24.922234129869153,85.3,3412.0,4588.0,184.09264498889002
199,Surkhet,Gadhi,4,78,60,40,,UDP,basal ,planting time,T4-TPD396gU,28.6406611,81.59204699,1271.0,5.0,26513,20433,9803,421,22.0,8645.0,8.6,111,37.3,28.6406611,81.59204699,6.49,4.04,0.18,246.06,520.32,45.8,12.55,41.97,,direct_overlay_plus_nearest8,True,8.0,nearest_8_valid_mean,FMR_037,20.680010858909284,78.6,3144.0,4856.0,234.81612428206034
200,Surkhet,Gadhi,4,78,60,40,,UDP,basal ,planting time,T4-PUN308nE,28.63689108,81.58273642,1465.0,5.0,19960,13097,8490,496,22.0,7555.0,7.6,97,31.4,28.63689108,81.58273642,6.49,4.04,0.18,246.06,520.32,45.8,12.55,41.97,Surkhet,direct_overlay,False,0.0,direct_overlay,FMR_123,20.680010858909284,78.6,3144.0,4856.0,234.81612428206034
201,Surkhet,Gadhi,4,78,60,40,,UDP,basal ,planting time,T4-PUH779hO,28.64119867,81.60430799,1402.0,5.0,15133,15560,9707,402,18.0,9012.0,9.0,116,37.6,28.64119867,81.60430799,6.61,4.42,0.19,294.81,535.63,43.67,13.21,45.76,Surkhet,direct_overlay,False,0.0,direct_overlay,FMR_170,27.14722180274866,85.3,3412.0,4588.0,169.00440248863566
202,Surkhet,Gadhi,5,60,60,40,6.0,Urea,top dressed ,knee ht+shoulder ht,T5-QVH297uY,28.64063646,81.59205303,1272.0,5.0,23850,13673,5770,418,20.0,8337.0,8.3,139,43.3,28.64063646,81.59205303,6.49,4.04,0.18,246.06,520.32,45.8,12.55,41.97,,direct_overlay_plus_nearest8,True,8.0,nearest_8_valid_mean,FMR_037,20.680010858909284,78.6,3144.0,4856.0,234.81612428206034
203,Surkhet,Gadhi,5,60,60,40,6.0,Urea,top dressed ,knee ht+shoulder ht,T5-SXL913pH,28.63690424,81.58272432,1464.0,5.0,21193,13097,9490,492,21.0,8520.0,8.5,142,57.0,28.63690424,81.58272432,6.49,4.04,0.18,246.06,520.32,45.8,12.55,41.97,Surkhet,direct_overlay,False,0.0,direct_overlay,FMR_123,20.680010858909284,78.6,3144.0,4856.0,234.81612428206034
204,Surkhet,Gadhi,5,60,60,40,6.0,Urea,top dressed ,knee ht+shoulder ht,T5-FRU896mX,28.64120594,81.60431453,1401.0,5.0,24606,18073,9580,403,23.0,8393.0,8.4,140,38.6,28.64120594,81.60431453,6.61,4.42,0.19,294.77,535.64,43.68,13.18,45.74,Surkhet,direct_overlay,False,0.0,direct_overlay,FMR_170,27.14722180274866,85.3,3412.0,4588.0,169.00440248863566
205,Surkhet,Gadhi,6,120,0,40,,Urea,top dressed ,knee ht+shoulder ht,T6-UUS785kP,28.64062579,81.59205531,1272.0,5.0,25667,18040,9553,466,19.0,8804.0,8.8,73,25.5,28.64062579,81.59205531,6.49,4.04,0.18,246.06,520.32,45.8,12.55,41.97,,direct_overlay_plus_nearest8,True,8.0,nearest_8_valid_mean,FMR_037,20.680010858909284,78.6,3144.0,4856.0,234.81612428206034
206,Surkhet,Gadhi,6,120,0,40,,Urea,top dressed ,knee ht+shoulder ht,T6-EHC796cT,28.6369143,81.58271777,1464.0,5.0,23533,12223,7753,449,22.0,6917.0,6.9,58,15.1,28.6369143,81.58271777,6.49,4.04,0.18,246.06,520.32,45.8,12.55,41.97,Surkhet,direct_overlay,False,0.0,direct_overlay,FMR_123,20.680010858909284,78.6,3144.0,4856.0,234.81612428206034
207,Surkhet,Gadhi,6,120,0,40,,Urea,top dressed ,knee ht+shoulder ht,T6-WXQ477oZ,28.64121078,81.60435158,1397.0,5.0,18123,12433,9043,404,19.0,8324.0,8.3,69,18.7,28.64121078,81.60435158,6.6,4.43,0.19,297.0,537.32,43.73,13.13,45.59,Surkhet,direct_overlay,False,0.0,direct_overlay,FMR_170,15.978055601903158,85.44999999999999,3417.9999999999995,4582.0,286.768309872087
208,Surkhet,Gadhi,7,0,60,40,,,,,T7-GNC371sE,28.6406211,81.59206093,1269.0,5.0,19267,17093,7043,396,22.0,6227.0,6.2,0,0.0,28.6406211,81.59206093,6.49,4.04,0.18,246.06,520.32,45.8,12.55,41.97,,direct_overlay_plus_nearest8,True,8.0,nearest_8_valid_mean,FMR_037,20.680010858909284,78.6,3144.0,4856.0,234.81612428206034
209,Surkhet,Gadhi,7,0,60,40,,,,,T7-QSH306yU,28.63693221,81.58270946,1463.0,5.0,18213,13920,9807,432,20.0,8893.0,8.9,0,0.0,28.63693221,81.58270946,6.49,4.04,0.18,246.06,520.32,45.8,12.55,41.97,Surkhet,direct_overlay,False,0.0,direct_overlay,FMR_123,20.680010858909284,78.6,3144.0,4856.0,234.81612428206034
210,Surkhet,Gadhi,7,0,60,40,,,,,T7-KOS212yD,28.6412057,81.60433914,1399.0,5.0,11567,9003,6660,405,20.0,6085.0,6.1,0,0.0,28.6412057,81.60433914,6.61,4.43,0.19,296.49,536.91,43.71,13.15,45.64,Surkhet,direct_overlay,False,0.0,direct_overlay,FMR_170,15.016476974736127,85.44999999999999,3417.9999999999995,4582.0,300.0
211,Surkhet,Gadhi,8,0,0,0,,,,,T8-TMY730hT,28.6406062,81.5920645,1270.0,5.0,23033,12480,6377,439,21.0,5739.0,5.7,0,0.0,28.6406062,81.5920645,6.49,4.04,0.18,246.06,520.32,45.8,12.55,41.97,,direct_overlay_plus_nearest8,True,8.0,nearest_8_valid_mean,FMR_037,20.680010858909284,78.6,3144.0,4856.0,234.81612428206034
212,Surkhet,Gadhi,8,0,0,0,,,,,T8-WVM366cX,28.63693923,81.58270607,1463.0,5.0,12827,8753,5940,395,24.0,5103.0,5.1,0,0.0,28.63693923,81.58270607,6.49,4.04,0.18,246.06,520.32,45.8,12.55,41.97,Surkhet,direct_overlay,False,0.0,direct_overlay,FMR_123,20.680010858909284,78.6,3144.0,4856.0,234.81612428206034
213,Surkhet,Gadhi,8,0,0,0,,,,,T8-EJD889nT,28.64121304,81.60432963,1400.0,5.0,21333,17183,6610,396,19.0,6077.0,6.1,0,0.0,28.64121304,81.60432963,6.61,4.43,0.19,295.33,536.09,43.71,13.14,45.68,Surkhet,direct_overlay,False,0.0,direct_overlay,FMR_170,12.926146617593268,85.44999999999999,3417.9999999999995,4582.0,300.0
214,Surkhet,Gadhi,9,120,60,40,,Urea ,top dressed ,V6 and V10 stages,T9-MID756wQ,28.64059251,81.59206185,1270.0,5.0,25850,23077,9750,418,21.0,8764.0,8.8,73,25.2,28.64059251,81.59206185,6.49,4.04,0.18,246.06,520.32,45.8,12.55,41.97,,direct_overlay_plus_nearest8,True,8.0,nearest_8_valid_mean,FMR_037,20.680010858909284,78.6,3144.0,4856.0,234.81612428206034
215,Surkhet,Gadhi,9,120,60,40,,Urea ,top dressed ,V6 and V10 stages,T9-VCF289eR,28.63694382,81.58269912,1461.0,5.0,24360,12627,9067,566,22.0,8068.0,8.1,67,24.7,28.63694382,81.58269912,6.49,4.04,0.18,246.06,520.32,45.8,12.55,41.97,Surkhet,direct_overlay,False,0.0,direct_overlay,FMR_123,20.680010858909284,78.6,3144.0,4856.0,234.81612428206034
216,Surkhet,Gadhi,9,120,60,40,,Urea ,top dressed ,V6 and V10 stages,T9-IFB530gJ,28.64122374,81.60433352,1401.0,5.0,18600,17317,9923,487,23.0,8694.0,8.7,72,21.8,28.64122374,81.60433352,6.6,4.43,0.19,294.85,535.79,43.72,13.11,45.68,Surkhet,direct_overlay,False,0.0,direct_overlay,FMR_170,23.685479163681915,85.44999999999999,3417.9999999999995,4582.0,193.45186003354328
217,Surkhet,Maintada-1,1,120,60,40,,Urea,top dressed ,knee ht+shoulder ht,T1-PTN737lD,28.44637916,81.81801401,409.0,4.0,17790,1380,9817,390,19.0,9013.0,9.0,75,23.4,28.44637916,81.81801401,6.55,2.46,0.13,163.5,263.9,48.04,13.45,39.15,Surkhet,direct_overlay,False,0.0,direct_overlay,FMR_064,17.559849112745,49.9,1996.0,6004.0,300.0
218,Surkhet,Maintada-2,2,120,60,40,,PCU,basal ,planting time,T2-SFF653dA,28.44639313,81.81801978,404.0,5.0,15333,15563,9750,397,19.0,8943.0,8.9,75,22.8,28.44639313,81.81801978,6.55,2.46,0.13,163.5,263.9,48.04,13.45,39.15,Surkhet,direct_overlay,False,0.0,direct_overlay,FMR_065,17.559849112745,49.9,1996.0,6004.0,300.0
219,Surkhet,Maintada-3,3,60,60,40,,PCU,basal ,planting time,T3-NBJ343iN,28.44635759,81.81801785,412.0,5.0,11667,14183,9986,382,19.0,9087.0,9.1,151,48.1,28.44635759,81.81801785,6.55,2.46,0.13,163.5,263.9,48.04,13.45,39.15,Surkhet,direct_overlay,False,0.0,direct_overlay,FMR_066,17.559849112745,49.9,1996.0,6004.0,300.0
220,Surkhet,Maintada-4,4,78,60,40,,UDP,basal ,planting time,T4-FQC185wZ,28.44632369,81.81796125,407.0,5.0,14617,13820,8430,399,20.0,7712.0,7.7,99,19.4,28.44632369,81.81796125,6.55,2.46,0.13,163.5,263.9,48.04,13.45,39.15,Surkhet,direct_overlay,False,0.0,direct_overlay,FMR_067,17.559849112745,49.9,1996.0,6004.0,300.0
221,Surkhet,Maintada-5,5,60,60,40,6.0,Urea,top dressed ,knee ht+shoulder ht,T5-IRC376dY,28.44626985,81.81794102,414.0,4.0,13010,14700,9047,405,20.0,8235.0,8.2,137,33.9,28.44626985,81.81794102,6.55,2.46,0.13,163.5,263.9,48.04,13.45,39.15,Surkhet,direct_overlay,False,0.0,direct_overlay,FMR_068,17.559849112745,49.9,1996.0,6004.0,300.0
222,Surkhet,Maintada-6,6,120,0,40,,Urea,top dressed ,knee ht+shoulder ht,T6-UNS418rU,28.44630107,81.81800988,417.0,5.0,13223,12083,8200,397,21.0,7380.0,7.4,62,9.8,28.44630107,81.81800988,6.55,2.46,0.13,163.5,263.9,48.04,13.45,39.15,Surkhet,direct_overlay,False,0.0,direct_overlay,FMR_069,17.559849112745,49.9,1996.0,6004.0,300.0
223,Surkhet,Maintada-7,7,0,60,40,,,,,T7-CBU791lL,28.44627709,81.81803668,413.0,5.0,10713,9883,7170,380,20.0,6551.0,6.6,0,0.0,28.44627709,81.81803668,6.55,2.46,0.13,163.5,263.9,48.04,13.45,39.15,Surkhet,direct_overlay,False,0.0,direct_overlay,FMR_070,17.559849112745,49.9,1996.0,6004.0,300.0
224,Surkhet,Maintada-8,8,0,0,0,,,,,T8-YTY782fV,28.44624253,81.81802132,414.0,5.0,11683,12233,6680,350,18.0,6202.0,6.2,0,0.0,28.44624253,81.81802132,6.55,2.46,0.13,163.5,263.9,48.04,13.45,39.15,Surkhet,direct_overlay,False,0.0,direct_overlay,FMR_071,17.559849112745,49.9,1996.0,6004.0,300.0
225,Surkhet,Maintada-9,9,120,60,40,,Urea ,top dressed ,V6 and V10 stages,T9-ISO340kS,28.4462335,81.81801484,413.0,5.0,15110,15490,9100,387,19.0,8342.0,8.3,70,17.8,28.4462335,81.81801484,6.55,2.46,0.13,163.5,263.9,48.04,13.45,39.15,Surkhet,direct_overlay,False,0.0,direct_overlay,FMR_072,17.559849112745,49.9,1996.0,6004.0,300.0
226,Dang,Purandhara,1,120,60,40,,Urea,top dressed ,knee ht+shoulder ht,T1-WUF412yB,28.18209987,82.09935646,536.0,5.0,23017,16170,8000,326,20.0,7282.0,7.3,61,8.6,28.18209987,82.09935646,6.71,2.58,0.13,239.67,502.44,46.53,18.39,34.97,Dang,direct_overlay,False,0.0,direct_overlay,FMR_128,8.81208312296891,51.7,2068.0,5932.0,300.0
227,Dang,Purandhara,2,120,60,40,,PCU,basal ,planting time,T2-AMN863xL,28.18211249,82.09935193,529.0,5.0,20667,14637,8667,311,18.0,8115.0,8.1,68,15.5,28.18211249,82.09935193,6.71,2.58,0.13,239.26,501.8,46.52,18.4,34.99,Dang,direct_overlay,False,0.0,direct_overlay,FMR_128,8.871929276815063,51.7,2068.0,5932.0,300.0
228,Dang,Purandhara,3,60,60,40,,PCU,basal ,planting time,T3-NOD250nO,28.1821632,82.09931815,531.0,5.0,22667,15303,7430,301,26.0,6262.0,6.3,104,0.2,28.1821632,82.09931815,6.72,2.59,0.13,237.86,499.25,46.47,18.44,35.04,Dang,direct_overlay,False,0.0,direct_overlay,FMR_128,7.0435411065300775,51.849999999999994,2074.0,5926.0,300.0
229,Dang,Purandhara,4,78,60,40,,UDP,basal ,planting time,T4-LMB761jK,28.18212682,82.09934388,533.0,5.0,19667,13847,8000,300,21.0,7191.0,7.2,92,12.0,28.18212682,82.09934388,6.72,2.58,0.13,238.83,501.05,46.5,18.41,35.0,Dang,direct_overlay,False,0.0,direct_overlay,FMR_128,9.328761069091742,51.7,2068.0,5932.0,300.0
230,Dang,Purandhara,5,60,60,40,6.0,Urea,top dressed ,knee ht+shoulder ht,T5-XAR852vC,28.18212586,82.0992749,531.0,5.0,18667,13440,7667,270,25.0,6517.0,6.5,109,4.4,28.18212586,82.0992749,6.72,2.58,0.13,240.04,500.3,46.55,18.39,35.02,Dang,direct_overlay,False,0.0,direct_overlay,FMR_128,8.960006496674467,51.7,2068.0,5932.0,300.0
231,Dang,Purandhara,6,120,0,40,,Urea,top dressed ,knee ht+shoulder ht,T6-KTV342dK,28.18216186,82.09924338,530.0,5.0,22667,16450,9000,306,25.0,7701.0,7.7,64,12.1,28.18216186,82.09924338,6.72,2.59,0.13,239.22,498.76,46.52,18.41,35.06,Dang,direct_overlay,False,0.0,direct_overlay,FMR_128,7.817948415887387,51.849999999999994,2074.0,5926.0,300.0
232,Dang,Purandhara,7,0,60,40,,,,,T7-JSR898rW,28.18215356,82.09927054,533.0,5.0,22333,16117,9667,296,17.0,9073.0,9.1,0,0.0,28.18215356,82.09927054,6.72,2.59,0.13,239.06,499.26,46.51,18.41,35.05,Dang,direct_overlay,False,0.0,direct_overlay,FMR_128,7.233136511125483,51.849999999999994,2074.0,5926.0,300.0
233,Dang,Purandhara,8,0,0,0,,,,,T8-AKD290pU,28.18212368,82.09919116,527.0,5.0,22650,12717,7000,239,21.0,6252.0,6.3,0,0.0,28.18212368,82.09919116,6.72,2.58,0.13,241.55,499.39,46.61,18.35,35.05,Dang,direct_overlay,False,0.0,direct_overlay,FMR_128,8.460703488566311,51.7,2068.0,5932.0,300.0
234,Dang,Purandhara,9,120,60,40,,Urea ,top dressed ,V6 and V10 stages,T9-MKH553vJ,28.18212971,82.09924162,530.0,5.0,22283,14170,9667,311,20.0,8799.0,8.8,73,21.2,28.18212971,82.09924162,6.72,2.58,0.13,240.46,499.79,46.57,18.38,35.04,Dang,direct_overlay,False,0.0,direct_overlay,FMR_128,9.560856825642993,51.7,2068.0,5932.0,300.0
235,Dang,Purandhara,1,120,60,40,,Urea,top dressed ,knee ht+shoulder ht,T1-QGD354jJ,28.19554092,82.10245022,562.0,5.0,17500,11837,7400,326,24.0,6416.0,6.4,53,7.5,28.19554092,82.10245022,6.71,2.82,0.15,205.9,455.06,44.67,18.56,35.45,Dang,direct_overlay,False,0.0,direct_overlay,FMR_028,18.255849431901023,57.3,2292.0,5708.0,300.0
236,Dang,Purandhara,1,120,60,40,,Urea,top dressed ,knee ht+shoulder ht,T1-FOX481bO,28.18520512,82.09244189,548.0,5.0,30000,15077,9767,308,27.0,8146.0,8.1,68,8.0,28.18520512,82.09244189,6.72,2.55,0.13,221.23,500.29,48.38,17.57,34.82,Dang,direct_overlay,False,0.0,direct_overlay,FMR_103,5.60904503262015,51.25,2050.0,5950.0,300.0
237,Dang,Purandhara,2,120,60,40,,PCU,basal ,planting time,T2-TSO604pC,28.19552734,82.10244737,563.0,5.0,17533,13103,8400,326,22.0,7493.0,7.5,62,16.4,28.19552734,82.10244737,6.71,2.82,0.15,205.99,454.47,44.7,18.54,35.44,Dang,direct_overlay,False,0.0,direct_overlay,FMR_028,24.951245870564208,57.3,2292.0,5708.0,228.76613174390272
238,Dang,Purandhara,2,120,60,40,,PCU,basal ,planting time,T2-JZR221aQ,28.18516606,82.0925123,548.0,5.0,23863,14203,8333,381,22.0,7367.0,7.4,61,1.5,28.18516606,82.0925123,6.71,2.56,0.13,218.63,500.16,48.31,17.68,34.89,Dang,direct_overlay,False,0.0,direct_overlay,FMR_103,5.210373067350811,51.4,2056.0,5944.0,300.0
239,Dang,Purandhara,3,60,60,40,,PCU,basal ,planting time,T3-POU407aN,28.19547651,82.10247159,563.0,5.0,24033,13617,8867,323,22.0,7960.0,8.0,133,40.7,28.19547651,82.10247159,6.71,2.82,0.15,206.05,453.97,44.8,18.52,35.4,Dang,direct_overlay,False,0.0,direct_overlay,FMR_028,25.26024587056421,57.3,2292.0,5708.0,225.96771342798127
240,Dang,Purandhara,3,60,60,40,,PCU,basal ,planting time,T3-OUJ399fM,28.1852088,82.09243912,546.0,5.0,25517,15810,9333,335,20.0,8453.0,8.5,141,21.0,28.1852088,82.09243912,6.72,2.55,0.13,221.33,500.25,48.38,17.56,34.81,Dang,direct_overlay,False,0.0,direct_overlay,FMR_103,5.60904503262015,51.25,2050.0,5950.0,300.0
241,Dang,Purandhara,4,78,60,40,,UDP,basal ,planting time,T4-ABB734kO,28.19542379,82.10242993,564.0,5.0,18867,12367,7367,329,21.0,6605.0,6.6,85,13.9,28.19542379,82.10242993,6.71,2.81,0.15,206.86,449.67,45.0,18.38,35.36,Dang,direct_overlay,False,0.0,direct_overlay,FMR_028,142.03843392746174,57.15,2286.0,5714.0,40.228548302061036
242,Dang,Purandhara,4,78,60,40,,UDP,basal ,planting time,T4-HOD740kR,28.18516191,82.09246066,551.0,5.0,25967,16273,7333,337,22.0,6542.0,6.5,84,-8.3,28.18516191,82.09246066,6.71,2.56,0.13,220.54,500.8,48.33,17.59,34.83,Dang,direct_overlay,False,0.0,direct_overlay,FMR_103,5.105191556775366,51.4,2056.0,5944.0,300.0
243,Dang,Purandhara,5,60,60,40,6.0,Urea,top dressed ,knee ht+shoulder ht,T5-XSH246bP,28.19544189,82.10247092,566.0,5.0,21933,13507,8333,350,26.0,7008.0,7.0,117,24.8,28.19544189,82.10247092,6.71,2.81,0.15,206.21,452.81,44.89,18.48,35.38,Dang,direct_overlay,False,0.0,direct_overlay,FMR_028,25.07568868179726,57.15,2286.0,5714.0,227.8701124626683
244,Dang,Purandhara,5,60,60,40,6.0,Urea,top dressed ,knee ht+shoulder ht,T5-WZX581mV,28.18517553,82.09246066,550.0,5.0,26660,16633,9167,362,20.0,8333.0,8.3,139,19.0,28.18517553,82.09246066,6.72,2.56,0.13,220.54,500.58,48.34,17.59,34.83,Dang,direct_overlay,False,0.0,direct_overlay,FMR_103,6.4655270350586935,51.4,2056.0,5944.0,300.0
245,Dang,Purandhara,6,120,0,40,,Urea,top dressed ,knee ht+shoulder ht,T6-JTQ534iK,28.19539173,82.10244812,560.0,5.0,17767,14500,8333,343,23.0,77301.0,,644,598.2,28.19539173,82.10244812,6.71,2.81,0.15,206.86,449.67,45.0,18.38,35.36,Dang,direct_overlay,False,0.0,direct_overlay,FMR_028,142.03843392746174,57.15,2286.0,5714.0,40.228548302061036
246,Dang,Purandhara,6,120,0,40,,Urea,top dressed ,knee ht+shoulder ht,T6-IHT560oZ,28.18518098,82.09238405,552.0,5.0,24837,14170,9333,382,22.0,8230.0,8.2,69,8.7,28.18518098,82.09238405,6.72,2.55,0.13,223.35,501.3,48.39,17.47,34.74,Dang,direct_overlay,False,0.0,direct_overlay,FMR_103,5.409124386578766,51.25,2050.0,5950.0,300.0
247,Dang,Purandhara,7,0,60,40,,,,,T7-RWX358gX,28.19535476,82.10249003,564.0,5.0,19733,13623,7667,339,21.0,6865.0,6.9,0,0.0,28.19535476,82.10249003,6.71,2.81,0.15,206.86,449.67,45.0,18.38,35.36,Dang,direct_overlay,False,0.0,direct_overlay,FMR_028,142.03843392746174,57.15,2286.0,5714.0,40.228548302061036
248,Dang,Purandhara,7,0,60,40,,,,,T7-JVH972fI,28.18520989,82.09240308,554.0,5.0,23103,14503,8667,351,22.0,7721.0,7.7,0,0.0,28.18520989,82.09240308,6.72,2.55,0.13,222.62,500.56,48.4,17.5,34.77,Dang,direct_overlay,False,0.0,direct_overlay,FMR_103,5.798220032620153,51.25,2050.0,5950.0,300.0
249,Dang,Purandhara,8,0,0,0,,,,,T8-DIC289jX,28.19538209,82.10246547,568.0,5.0,15500,10310,6333,346,23.0,5520.0,5.5,0,0.0,28.19538209,82.10246547,6.71,2.81,0.15,206.86,449.67,45.0,18.38,35.36,Dang,direct_overlay,False,0.0,direct_overlay,FMR_028,142.03843392746174,57.15,2286.0,5714.0,40.228548302061036
250,Dang,Purandhara,8,0,0,0,,,,,T8-VLH559nB,28.18522037,82.09231658,553.0,5.0,19987,12897,8000,341,21.0,7191.0,7.2,0,0.0,28.18522037,82.09231658,6.72,2.55,0.13,225.7,501.09,48.46,17.36,34.67,Dang,direct_overlay,False,0.0,direct_overlay,FMR_103,5.409124386578766,51.25,2050.0,5950.0,300.0
251,Dang,Purandhara,9,120,60,40,,Urea ,top dressed ,V6 and V10 stages,T9-NEQ553mM,28.19528088,82.10252247,570.0,5.0,21500,15000,7533,340,22.0,6694.0,6.7,56,9.8,28.19528088,82.10252247,6.71,2.81,0.15,206.86,449.67,45.0,18.38,35.36,Dang,direct_overlay,False,0.0,direct_overlay,FMR_028,142.03843392746174,57.15,2286.0,5714.0,40.228548302061036
252,Dang,Purandhara,9,120,60,40,,Urea ,top dressed ,V6 and V10 stages,T9-TGV593kV,28.18517586,82.09249109,551.0,5.0,24867,15067,9833,366,21.0,8893.0,8.9,74,14.2,28.18517586,82.09249109,6.71,2.56,0.13,219.43,500.25,48.33,17.64,34.87,Dang,direct_overlay,False,0.0,direct_overlay,FMR_103,5.210373067350811,51.4,2056.0,5944.0,300.0
253,Dang,Panchakaule,1,120,60,40,,Urea,top dressed ,knee ht+shoulder ht,T1-BSS885zB,28.1121886,82.17592816,515.0,5.0,17000,15567,9700,381,31.0,7628.0,7.6,64,36.9,28.1121886,82.17592816,6.89,2.44,0.14,188.13,517.8,41.67,22.46,36.99,Dang,direct_overlay,False,0.0,direct_overlay,FMR_148,24.046485689614123,50.6,2024.0,5976.0,248.51864331182017
254,Dang,Panchakaule,1,120,60,40,,Urea,top dressed ,knee ht+shoulder ht,T1-TBL143pI,28.10631594,82.17759088,519.0,5.0,236337,16733,9833,400,29.0,7990.0,8.0,67,17.1,28.10631594,82.17759088,6.85,2.52,0.14,183.28,503.82,39.54,23.32,37.37,Dang,direct_overlay,False,0.0,direct_overlay,FMR_038,15.712899422799591,51.8,2072.0,5928.0,300.0
255,Dang,Panchakaule,1,120,60,40,,Urea,top dressed ,knee ht+shoulder ht,T1-IOF554dX,28.11102628,82.18944649,520.0,5.0,18000,16000,9700,402,28.0,7980.0,8.0,67,15.2,28.11102628,82.18944649,6.74,2.43,0.14,212.28,508.92,40.59,24.03,37.64,Dang,direct_overlay,False,0.0,direct_overlay,FMR_156,14.572173514366083,50.45,2018.0,5982.0,300.0
256,Dang,Panchakaule,2,120,60,40,,PCU,basal ,planting time,T2-HIH435nO,28.11210239,82.17595322,510.0,5.0,17367,15567,9700,381,31.0,7628.0,7.6,64,36.9,28.11210239,82.17595322,6.9,2.44,0.14,187.73,518.55,41.57,22.49,37.01,Dang,direct_overlay,False,0.0,direct_overlay,FMR_148,29.575295892983867,50.6,2024.0,5976.0,202.06053124958535
257,Dang,Panchakaule,2,120,60,40,,PCU,basal ,planting time,T2-HNU859yP,28.10638262,82.17768677,516.0,5.0,24733,18067,9667,399,31.0,7613.0,7.6,63,13.9,28.10638262,82.17768677,6.85,2.51,0.14,183.85,502.01,39.47,23.33,37.46,Dang,direct_overlay,False,0.0,direct_overlay,FMR_038,16.217101203212295,51.65,2066.0,5934.0,300.0
258,Dang,Panchakaule,2,120,60,40,,PCU,basal ,planting time,T2-RLN721cD,28.11107301,82.18935379,521.0,5.0,21233,15833,9933,400,29.0,7969.0,8.0,66,15.1,28.11107301,82.18935379,6.75,2.43,0.14,211.98,504.66,40.9,24.02,37.48,Dang,direct_overlay,False,0.0,direct_overlay,FMR_156,16.666256007906128,50.45,2018.0,5982.0,300.0
259,Dang,Panchakaule,3,60,60,40,,PCU,basal ,planting time,T3-SIE619hH,28.11221119,82.17596211,511.0,5.0,16367,15399,8133,350,29.0,6544.0,6.5,109,55.7,28.11221119,82.17596211,6.89,2.44,0.14,188.28,517.71,41.7,22.46,36.98,Dang,direct_overlay,False,0.0,direct_overlay,FMR_148,9.511792607163578,50.6,2024.0,5976.0,300.0
260,Dang,Panchakaule,3,60,60,40,,PCU,basal ,planting time,T3-ZAN313yD,28.10638958,82.17773655,517.0,5.0,24733,17367,9900,397,28.0,8089.0,8.1,135,35.8,28.10638958,82.17773655,6.85,2.51,0.14,184.49,500.72,39.49,23.3,37.5,Dang,direct_overlay,False,0.0,direct_overlay,FMR_038,18.04819291130207,51.65,2066.0,5934.0,300.0
261,Dang,Panchakaule,3,60,60,40,,PCU,basal ,planting time,T3-FCO575uD,28.11104099,82.1894014,525.0,5.0,21100,16700,9900,400,27.0,8235.0,8.2,137,34.6,28.11104099,82.1894014,6.75,2.43,0.14,212.2,507.08,40.74,24.03,37.57,Dang,direct_overlay,False,0.0,direct_overlay,FMR_156,16.554065181032744,50.45,2018.0,5982.0,300.0
262,Dang,Panchakaule,4,78,60,40,,UDP,basal ,planting time,T4-GMF515eF,28.11212016,82.17594283,512.0,5.0,17333,13833,8833,355,33.0,6776.0,6.8,87,45.8,28.11212016,82.17594283,6.9,2.44,0.14,187.8,518.34,41.59,22.48,37.0,Dang,direct_overlay,False,0.0,direct_overlay,FMR_148,33.01075346874144,50.6,2024.0,5976.0,181.0319175434392
263,Dang,Panchakaule,4,78,60,40,,UDP,basal ,planting time,T4-RPV210nW,28.10642574,82.17767537,513.0,5.0,21800,17400,9933,402,30.0,7902.0,7.9,101,25.1,28.10642574,82.17767537,6.85,2.52,0.14,183.17,502.55,39.36,23.4,37.47,Dang,direct_overlay,False,0.0,direct_overlay,FMR_038,15.01169427255768,51.8,2072.0,5928.0,300.0
264,Dang,Panchakaule,4,78,60,40,,UDP,basal ,planting time,T4-RHR108qK,28.11109618,82.18939167,515.0,5.0,28633,17000,9917,402,28.0,8091.0,8.1,104,24.8,28.11109618,82.18939167,6.75,2.43,0.14,211.85,505.23,40.84,23.97,37.52,Dang,direct_overlay,False,0.0,direct_overlay,FMR_156,18.044893896761458,50.45,2018.0,5982.0,300.0
265,Dang,Panchakaule,5,60,60,40,6.0,Urea,top dressed ,knee ht+shoulder ht,T5-PMB319qS,28.11223164,82.17595481,514.0,5.0,20287,16033,9817,385,36.0,1784.0,1.8,30,-23.7,28.11223164,82.17595481,6.89,2.44,0.14,188.37,517.53,41.73,22.45,36.98,Dang,direct_overlay,False,0.0,direct_overlay,FMR_148,0.6793710093444875,50.6,2024.0,5976.0,300.0
266,Dang,Panchakaule,5,60,60,40,6.0,Urea,top dressed ,knee ht+shoulder ht,T5-GNB701hR,28.10634029,82.17759532,514.0,5.0,24967,16700,9683,405,32.0,7472.0,7.5,125,25.5,28.10634029,82.17759532,6.84,2.52,0.14,183.04,503.97,39.49,23.35,37.38,Dang,direct_overlay,False,0.0,direct_overlay,FMR_038,15.728205375180544,51.8,2072.0,5928.0,300.0
267,Dang,Panchakaule,5,60,60,40,6.0,Urea,top dressed ,knee ht+shoulder ht,T5-LUY860bH,28.11102238,82.18948388,519.0,5.0,25383,16800,9767,405,27.0,8080.0,8.1,135,32.0,28.11102238,82.18948388,6.74,2.43,0.14,212.09,509.78,40.59,23.93,37.66,Dang,direct_overlay,False,0.0,direct_overlay,FMR_156,17.514383808483725,50.45,2018.0,5982.0,300.0
268,Dang,Panchakaule,6,120,0,40,,Urea,top dressed ,knee ht+shoulder ht,T6-HWJ922dW,28.11216584,82.17598029,517.0,5.0,15500,13000,8133,345,33.0,6229.0,6.2,52,25.2,28.11216584,82.17598029,6.89,2.44,0.14,188.07,518.16,41.66,22.48,36.99,Dang,direct_overlay,False,0.0,direct_overlay,FMR_148,24.278985689614125,50.6,2024.0,5976.0,246.13878340709954
269,Dang,Panchakaule,6,120,0,40,,Urea,top dressed ,knee ht+shoulder ht,T6-VBT730aZ,28.1064231,82.17775214,518.0,5.0,22867,17900,9933,397,31.0,7823.0,7.8,65,15.7,28.1064231,82.17775214,6.85,2.51,0.14,184.33,500.34,39.42,23.33,37.52,Dang,direct_overlay,False,0.0,direct_overlay,FMR_038,16.68923027961734,51.65,2066.0,5934.0,300.0
270,Dang,Panchakaule,6,120,0,40,,Urea,top dressed ,knee ht+shoulder ht,T6-UHJ347yF,28.11109824,82.18935379,523.0,5.0,20333,16800,7900,391,28.0,7903.0,7.9,66,14.5,28.11109824,82.18935379,6.75,2.43,0.14,211.8,503.95,40.94,23.99,37.47,Dang,direct_overlay,False,0.0,direct_overlay,FMR_156,17.19606250141262,50.45,2018.0,5982.0,300.0
271,Dang,Panchakaule,7,0,60,40,,,,,T7-RGV353dF,28.11221194,82.17595917,515.0,5.0,17667,13233,7333,304,33.0,5592.0,5.6,0,0.0,28.11221194,82.17595917,6.89,2.44,0.14,188.28,517.7,41.71,22.46,36.98,Dang,direct_overlay,False,0.0,direct_overlay,FMR_148,9.511792607163578,50.6,2024.0,5976.0,300.0
272,Dang,Panchakaule,7,0,60,40,,,,,T7-TOB430dI,28.10637738,82.17761359,512.0,5.0,22633,17233,9700,390,27.0,8091.0,8.1,0,0.0,28.10637738,82.17761359,6.84,2.52,0.14,182.85,503.88,39.42,23.38,37.4,Dang,direct_overlay,False,0.0,direct_overlay,FMR_038,14.587295294637192,51.8,2072.0,5928.0,300.0
273,Dang,Panchakaule,7,0,60,40,,,,,T7-RNH317uC,28.11110599,82.18931783,521.0,5.0,19700,14600,9933,392,26.0,8308.0,8.3,0,0.0,28.11110599,82.18931783,6.76,2.44,0.14,211.71,502.57,41.03,24.0,37.41,Dang,direct_overlay,False,0.0,direct_overlay,FMR_156,16.77225529489365,50.6,2024.0,5976.0,300.0
274,Dang,Panchakaule,8,0,0,0,,,,,T8-PER323xC,28.11207976,82.17598625,518.0,5.0,11333,7733,4033,335,30.0,3204.0,3.2,0,0.0,28.11207976,82.17598625,6.9,2.44,0.14,187.66,519.0,41.56,22.5,37.01,Dang,direct_overlay,False,0.0,direct_overlay,FMR_148,15.492054922889444,50.6,2024.0,5976.0,300.0
275,Dang,Panchakaule,8,0,0,0,,,,,T8-KWQ240jM,28.10644745,82.17772549,512.0,5.0,20400,14933,7567,392,31.0,5942.0,5.9,0,0.0,28.10644745,82.17772549,6.85,2.52,0.14,183.66,501.17,39.35,23.39,37.51,Dang,direct_overlay,False,0.0,direct_overlay,FMR_038,13.308688483546835,51.8,2072.0,5928.0,300.0
276,Dang,Panchakaule,8,0,0,0,,,,,T8-LHP906qJ,28.11101442,82.18944641,522.0,5.0,16433,11567,7467,495,27.0,6160.0,6.2,0,0.0,28.11101442,82.18944641,6.74,2.43,0.14,212.34,509.25,40.57,24.04,37.65,Dang,direct_overlay,False,0.0,direct_overlay,FMR_156,12.376478408444928,50.45,2018.0,5982.0,300.0
277,Dang,Panchakaule,9,120,60,40,,Urea ,top dressed ,V6 and V10 stages,T9-WSF110fP,28.11215478,82.17595289,521.0,5.0,18000,14867,9933,380,33.0,7574.0,7.6,63,36.4,28.11215478,82.17595289,6.89,2.44,0.14,187.99,518.14,41.63,22.47,36.99,Dang,direct_overlay,False,0.0,direct_overlay,FMR_148,25.44083539199805,50.6,2024.0,5976.0,234.897946860646
278,Dang,Panchakaule,9,120,60,40,,Urea ,top dressed ,V6 and V10 stages,T9-GAO173fB,28.10638367,82.17762642,515.0,5.0,23667,17000,9967,401,28.0,8143.0,8.1,68,18.3,28.10638367,82.17762642,6.85,2.52,0.14,182.96,503.6,39.42,23.38,37.41,Dang,direct_overlay,False,0.0,direct_overlay,FMR_038,15.839966089466259,51.8,2072.0,5928.0,300.0
279,Dang,Panchakaule,9,120,60,40,,Urea ,top dressed ,V6 and V10 stages,T9-GRI552tX,28.11107276,82.18939444,519.0,5.0,24200,17000,9800,400,31.0,7673.0,7.7,64,12.6,28.11107276,82.18939444,6.75,2.43,0.14,212.0,505.97,40.8,24.0,37.54,Dang,direct_overlay,False,0.0,direct_overlay,FMR_156,17.65908740325497,50.45,2018.0,5982.0,300.0
280,Dang,Pawannagar,1,120,60,40,,Urea,top dressed ,knee ht+shoulder ht,T1-EUC933cN,28.17022359,82.26103473,718.0,5.0,28167,14000,7700,345,23.0,6764.0,6.8,56,14.8,28.17022359,82.26103473,6.65,2.74,0.13,230.26,556.21,45.52,16.89,37.17,Dang,direct_overlay,False,0.0,direct_overlay,FMR_104,9.533355011076146,54.1,2164.0,5836.0,300.0
281,Dang,Pawannagar,1,120,60,40,,Urea,top dressed ,knee ht+shoulder ht,T1-LBO397hM,28.17092013,82.26028623,722.0,5.0,24433,12000,4083,321,14.0,3972.0,4.0,33,-19.5,28.17092013,82.26028623,6.68,2.8,0.13,225.98,557.33,44.69,17.0,36.94,Dang,direct_overlay,False,0.0,direct_overlay,FMR_105,1.6265045281571517,55.0,2200.0,5800.0,300.0
282,Dang,Pawannagar,1,120,60,40,,Urea,top dressed ,knee ht+shoulder ht,T1-ZTT679gP,28.17028068,82.25943865,710.0,5.0,25200,14333,8067,324,32.0,6261.0,6.3,52,0.7,28.17028068,82.25943865,6.69,2.87,0.13,237.77,539.54,44.6,17.37,36.98,Dang,direct_overlay,False,0.0,direct_overlay,FMR_029,6.925230892026515,56.050000000000004,2242.0,5758.0,300.0
283,Dang,Pawannagar,2,120,60,40,,PCU,basal ,planting time,T2-GRN650lY,28.17021517,82.26098662,712.0,5.0,27333,13333,7833,355,24.0,6747.0,6.7,56,14.7,28.17021517,82.26098662,6.65,2.74,0.13,230.07,554.95,45.59,16.83,37.12,Dang,direct_overlay,False,0.0,direct_overlay,FMR_104,9.819142853266163,54.1,2164.0,5836.0,300.0
284,Dang,Pawannagar,2,120,60,40,,PCU,basal ,planting time,T2-VWM661fE,28.17090923,82.26048371,729.0,5.0,28800,11333,3710,316,20.0,3373.0,3.4,28,-24.5,28.17090923,82.26048371,6.67,2.79,0.13,228.24,561.77,44.81,16.75,36.91,Dang,direct_overlay,False,0.0,direct_overlay,FMR_105,-7.592284304069931,54.85,2194.0,5806.0,-764.7237336578172
285,Dang,Pawannagar,2,120,60,40,,PCU,basal ,planting time,T2-AVP115qG,28.17035967,82.25950529,719.0,5.0,30000,13333,8417,356,26.0,7116.0,7.1,59,7.8,28.17035967,82.25950529,6.69,2.86,0.13,236.05,542.74,44.59,17.38,37.01,Dang,direct_overlay,False,0.0,direct_overlay,FMR_029,9.694960842124091,55.9,2236.0,5764.0,300.0
286,Dang,Pawannagar,3,60,60,40,,PCU,basal ,planting time,T3-EIM615iM,28.17016836,82.26097615,716.0,5.0,27000,11667,8100,360,24.0,7014.0,7.0,117,33.8,28.17016836,82.26097615,6.65,2.74,0.13,230.15,555.03,45.62,16.83,37.11,Dang,direct_overlay,False,0.0,direct_overlay,FMR_104,9.822142853266161,54.1,2164.0,5836.0,300.0
287,Dang,Pawannagar,3,60,60,40,,PCU,basal ,planting time,T3-KJZ443iI,28.17092063,82.26029889,719.0,5.0,28533,12333,7333,314,19.0,6792.0,6.8,113,8.0,28.17092063,82.26029889,6.68,2.8,0.13,226.11,557.63,44.7,16.98,36.94,Dang,direct_overlay,False,0.0,direct_overlay,FMR_105,4.5744794920256675,55.0,2200.0,5800.0,300.0
288,Dang,Pawannagar,3,60,60,40,,PCU,basal ,planting time,T3-KTG153uV,28.17035833,82.2594058,727.0,5.0,27433,13000,9000,348,24.0,7742.0,7.7,129,26.1,28.17035833,82.2594058,6.69,2.86,0.13,236.52,539.04,44.53,17.46,37.03,Dang,direct_overlay,False,0.0,direct_overlay,FMR_029,10.648540207203457,55.9,2236.0,5764.0,300.0
289,Dang,Pawannagar,4,78,60,40,,UDP,basal ,planting time,T4-IIP422tJ,28.17020536,82.26101864,718.0,5.0,23333,13000,7067,335,24.0,6095.0,6.1,78,14.2,28.17020536,82.26101864,6.65,2.74,0.13,230.23,555.9,45.55,16.88,37.15,Dang,direct_overlay,False,0.0,direct_overlay,FMR_104,9.533355011076146,54.1,2164.0,5836.0,300.0
290,Dang,Pawannagar,4,78,60,40,,UDP,basal ,planting time,T4-ZKB895dJ,28.17097864,82.26035999,726.0,5.0,30000,13333,6843,345,20.0,6260.0,6.3,80,-0.7,28.17097864,82.26035999,6.67,2.8,0.13,226.32,559.75,44.67,16.92,36.93,Dang,direct_overlay,False,0.0,direct_overlay,FMR_105,5.540570212416388,55.0,2200.0,5800.0,300.0
291,Dang,Pawannagar,4,78,60,40,,UDP,basal ,planting time,T4-BMF179lK,28.17032749,82.25954737,719.0,5.0,27133,13333,7767,318,28.0,6399.0,6.4,82,2.9,28.17032749,82.25954737,6.7,2.86,0.13,236.5,544.22,44.63,17.32,36.99,Dang,direct_overlay,False,0.0,direct_overlay,FMR_029,9.679047798645831,55.9,2236.0,5764.0,300.0
292,Dang,Pawannagar,5,60,60,40,6.0,Urea,top dressed ,knee ht+shoulder ht,T5-CIW169zM,28.17011991,82.26089777,709.0,5.0,27733,12667,6967,359,26.0,5882.0,5.9,98,15.0,28.17011991,82.26089777,6.65,2.75,0.13,230.0,553.32,45.74,16.74,37.04,Dang,direct_overlay,False,0.0,direct_overlay,FMR_104,9.819142853266163,54.25,2170.0,5830.0,300.0
293,Dang,Pawannagar,5,60,60,40,6.0,Urea,top dressed ,knee ht+shoulder ht,1514631,28.17095705,82.2603247,724.0,5.0,29133,12000,7833,330,18.0,7299.0,7.3,122,16.5,28.17095705,82.2603247,6.67,2.8,0.13,226.06,558.6,44.68,16.96,36.94,Dang,direct_overlay,False,0.0,direct_overlay,FMR_105,6.386960688606869,55.0,2200.0,5800.0,300.0
294,Dang,Pawannagar,5,60,60,40,6.0,Urea,top dressed ,knee ht+shoulder ht,T5-JOW605eQ,28.1702466,82.25951476,714.0,5.0,23333,14400,8600,327,28.0,7085.0,7.1,118,15.2,28.1702466,82.25951476,6.69,2.86,0.13,237.66,543.91,44.67,17.29,36.96,Dang,direct_overlay,False,0.0,direct_overlay,FMR_029,9.551030048473299,55.9,2236.0,5764.0,300.0
295,Dang,Pawannagar,6,120,0,40,,Urea,top dressed ,knee ht+shoulder ht,T6-AON451aB,28.17022996,82.26104303,712.0,5.0,25200,13000,8333,348,28.0,6828.0,6.8,57,15.4,28.17022996,82.26104303,6.65,2.74,0.13,230.28,556.39,45.51,16.9,37.17,Dang,direct_overlay,False,0.0,direct_overlay,FMR_104,9.533355011076146,54.1,2164.0,5836.0,300.0
296,Dang,Pawannagar,6,120,0,40,,Urea,top dressed ,knee ht+shoulder ht,T6-EDX829pT,28.17085437,82.26039025,719.0,5.0,27967,15000,8373,355,19.0,7698.0,7.7,64,11.6,28.17085437,82.26039025,6.67,2.8,0.13,227.63,558.9,44.82,16.85,36.93,Dang,direct_overlay,False,0.0,direct_overlay,FMR_105,5.8523377087434145,55.0,2200.0,5800.0,300.0
297,Dang,Pawannagar,6,120,0,40,,Urea,top dressed ,knee ht+shoulder ht,T6-UHB986hJ,28.17038805,82.25948224,715.0,5.0,26100,13333,9400,342,26.0,7915.0,7.9,66,14.5,28.17038805,82.25948224,6.69,2.86,0.13,235.62,542.07,44.56,17.42,37.03,Dang,direct_overlay,False,0.0,direct_overlay,FMR_029,9.696649731012979,55.9,2236.0,5764.0,300.0
298,Dang,Pawannagar,7,0,60,40,,,,,T7-VQA499uA,28.17022183,82.26104169,711.0,5.0,26667,11667,5200,357,27.0,4325.0,4.3,0,0.0,28.17022183,82.26104169,6.65,2.74,0.13,230.29,556.41,45.52,16.9,37.17,Dang,direct_overlay,False,0.0,direct_overlay,FMR_104,8.610847921788618,54.1,2164.0,5836.0,300.0
299,Dang,Pawannagar,7,0,60,40,,,,,T7-RLI855vS,28.17083945,82.26036527,717.0,5.0,26667,12000,318,5760,19.0,5315.0,5.3,0,0.0,28.17083945,82.26036527,6.67,2.8,0.13,227.52,558.21,44.82,16.88,36.93,Dang,direct_overlay,False,0.0,direct_overlay,FMR_105,5.600970212416389,55.0,2200.0,5800.0,300.0
300,Dang,Pawannagar,7,0,60,40,,,,,T7-GDO234eL,28.17027598,82.2594633,718.0,5.0,26467,13000,9133,337,24.0,7919.0,7.9,0,0.0,28.17027598,82.2594633,6.69,2.87,0.13,237.72,540.7,44.61,17.35,36.97,Dang,direct_overlay,False,0.0,direct_overlay,FMR_029,6.7397478002390745,56.050000000000004,2242.0,5758.0,300.0
301,Dang,Pawannagar,8,0,0,0,,,,,T8-QUO842rG,28.17019049,82.26093063,723.0,5.0,15000,9333,5733,351,24.0,4984.0,5.0,0,0.0,28.17019049,82.26093063,6.64,2.74,0.13,229.9,553.61,45.67,16.77,37.07,Dang,direct_overlay,False,0.0,direct_overlay,FMR_104,9.819142853266163,54.1,2164.0,5836.0,300.0
302,Dang,Pawannagar,8,0,0,0,,,,,T8-QHJ315gO,28.17088765,82.26043132,730.0,5.0,23333,10000,6900,325,20.0,6312.0,6.3,0,0.0,28.17088765,82.26043132,6.67,2.8,0.13,227.8,560.24,44.81,16.81,36.92,Dang,direct_overlay,False,0.0,direct_overlay,FMR_105,5.13855750824216,55.0,2200.0,5800.0,300.0
303,Dang,Pawannagar,8,0,0,0,,,,,T8-AVJ742xT,28.17030632,82.25940471,717.0,5.0,16667,9667,6967,350,22.0,6175.0,6.2,0,0.0,28.17030632,82.25940471,6.69,2.87,0.13,237.43,538.41,44.56,17.42,36.99,Dang,direct_overlay,False,0.0,direct_overlay,FMR_029,7.410923124914399,56.050000000000004,2242.0,5758.0,300.0
304,Dang,Pawannagar,9,120,60,40,,Urea ,top dressed ,V6 and V10 stages,T9-YFO621dQ,28.17028072,82.26110045,716.0,7.0,26000,10000,7800,342,25.0,6621.0,6.6,55,13.6,28.17028072,82.26110045,6.65,2.73,0.14,230.45,557.68,45.41,16.96,37.23,Dang,direct_overlay,False,0.0,direct_overlay,FMR_104,14.054442403982602,54.95,2198.0,5802.0,300.0
305,Dang,Pawannagar,9,120,60,40,,Urea ,top dressed ,V6 and V10 stages,T9-KPY505aN,28.17086217,82.26049201,724.0,5.0,29883,14000,8767,320,19.0,8089.0,8.1,67,14.8,28.17086217,82.26049201,6.67,2.79,0.13,228.53,561.1,44.87,16.74,36.91,Dang,direct_overlay,False,0.0,direct_overlay,FMR_105,3.3361052033802157,54.85,2194.0,5806.0,300.0
306,Dang,Pawannagar,9,120,60,40,,Urea ,top dressed ,V6 and V10 stages,T9-GCO750pP,28.17031684,82.25955985,717.0,5.0,27800,16667,9933,301,23.0,8714.0,8.7,73,21.2,28.17031684,82.25955985,6.7,2.86,0.13,236.66,544.69,44.64,17.3,36.98,Dang,direct_overlay,False,0.0,direct_overlay,FMR_029,10.762413377632063,55.9,2236.0,5764.0,300.0
307,Dang,Dhikpur,1,120,60,40,,Urea,top dressed ,knee ht+shoulder ht,T1-EKQ556eE,28.02591811,82.37744009,537.0,5.0,21033,14093,9883,340,26.0,8932.0,8.9,74,17.6,28.02591811,82.37744009,6.68,1.9,0.1,133.17,427.2,44.22,23.81,34.97,Dang,direct_overlay,False,0.0,direct_overlay,FMR_079,25.97360450575292,38.5,1540.0,6460.0,248.71403576539282
308,Dang,Dhikpur,1,120,60,40,,Urea,top dressed ,knee ht+shoulder ht,T1-DAC820jV,28.02224587,82.36637531,524.0,5.0,26667,15993,8267,296,17.0,7780.0,7.8,65,4.9,28.02224587,82.36637531,6.62,2.0,0.1,130.24,454.47,43.96,25.14,33.29,Dang,direct_overlay,False,0.0,direct_overlay,FMR_023,8.653772107518417,40.0,1600.0,6400.0,300.0
309,Dang,Hapur,1,120,60,40,,Urea,top dressed ,knee ht+shoulder ht,T1-OUF373hZ,28.08776428,82.42327477,635.0,5.0,28333,15000,6667,281,22.0,5879.0,5.9,49,3.0,28.08776428,82.42327477,6.55,1.67,0.08,198.91,768.85,43.76,19.22,38.82,Dang,direct_overlay,False,0.0,direct_overlay,FMR_034,-2.7708866151317206,33.05,1322.0,6678.0,-2410.0589188787667
310,Dang,Dhuruwa,1,120,60,40,,Urea,top dressed ,knee ht+shoulder ht,T1-DYC999kJ,28.02165771,82.32455607,491.0,5.0,26617,13590,7967,287,18.0,7460.0,7.5,62,0.7,28.02165771,82.32455607,6.78,2.07,0.11,144.74,426.85,44.87,22.4,31.73,Dang,direct_overlay,False,0.0,direct_overlay,FMR_035,0.31733710252834174,42.05,1682.0,6318.0,300.0
311,Dang,Shantinagar,1,120,60,40,,Urea,top dressed ,knee ht+shoulder ht,T1-XLX950uM,28.16904862,82.22781231,645.0,5.0,25667,12333,8067,0,31.0,6334.0,6.3,53,6.5,28.16904862,82.22781231,6.66,3.14,0.13,335.23,452.41,44.9,17.77,36.58,Dang,direct_overlay,False,0.0,direct_overlay,FMR_058,-46.1803781068392,60.1,2404.0,5596.0,-121.17700697585337
312,Dang,Dhuruwa,1,120,60,40,,Urea,top dressed ,knee ht+shoulder ht,T3-GPX231eB,28.02144033,82.32480668,489.0,5.0,20560,11833,6867,340,26.0,5869.0,5.9,49,-20.3,28.02144033,82.32480668,6.79,2.06,0.11,146.31,425.44,45.2,22.21,31.84,Dang,direct_overlay,False,0.0,direct_overlay,FMR_074,-33.53887153390399,41.900000000000006,1676.0000000000002,6324.0,-188.5573279830585
313,Dang,Shantinagar,1,120,60,40,,Urea,top dressed ,knee ht+shoulder ht,T1-XJM101cL,28.15952841,82.22269943,605.0,5.0,21767,12133,9120,346,26.0,7711.0,7.7,64,14.7,28.15952841,82.22269943,6.82,3.09,0.16,280.61,664.21,44.37,18.6,36.63,Dang,direct_overlay,False,0.0,direct_overlay,FMR_098,16.348198676536878,62.349999999999994,2494.0,5506.0,300.0
314,Dang,Shantinagar,1,120,60,40,,Urea,top dressed ,knee ht+shoulder ht,T1-REL117aO,28.16819865,82.22613651,643.0,5.0,28100,14000,8667,335,21.0,7820.0,7.8,65,14.4,28.16819865,82.22613651,6.71,3.25,0.15,342.41,603.45,44.72,17.82,36.63,Dang,direct_overlay,False,0.0,direct_overlay,FMR_116,13.053938750009365,63.75,2550.0,5450.0,300.0
315,Dang,Dhikpur,2,120,60,40,,PCU,basal ,planting time,T2-DYA118fA,28.02591564,82.37738016,536.0,5.0,20717,13710,9583,342,24.0,8277.0,8.3,69,12.1,28.02591564,82.37738016,6.68,1.9,0.1,133.53,428.92,44.21,23.77,35.01,Dang,direct_overlay,False,0.0,direct_overlay,FMR_079,17.75051096099358,38.5,1540.0,6460.0,300.0
316,Dang,Dhikpur,2,120,60,40,,PCU,basal ,planting time,T2-ANT105wF,28.02229549,82.36624857,511.0,5.0,27377,16727,8933,310,15.0,8692.0,8.7,72,12.5,28.02229549,82.36624857,6.62,2.0,0.1,131.28,458.52,43.86,25.14,33.38,Dang,direct_overlay,False,0.0,direct_overlay,FMR_023,11.598710235617034,40.0,1600.0,6400.0,300.0
317,Dang,Hapur,2,120,60,40,,PCU,basal ,planting time,T2-OAU986qT,28.08774672,82.4232223,633.0,5.0,29667,13333,5833,279,24.0,5038.0,5.0,42,-4.1,28.08774672,82.4232223,6.55,1.67,0.08,197.97,769.9,43.81,19.19,38.86,Dang,direct_overlay,False,0.0,direct_overlay,FMR_034,-7.608983390664287,33.05,1322.0,6678.0,-877.6468099790386
318,Dang,Dhuruwa,2,120,60,40,,PCU,basal ,planting time,T2-UGC548vT,28.02156044,82.32449303,508.0,5.0,28420,17290,8000,330,21.0,7227.0,7.2,60,-1.2,28.02156044,82.32449303,6.78,2.07,0.11,145.93,427.98,45.02,22.14,31.77,Dang,direct_overlay,False,0.0,direct_overlay,FMR_035,-1.1507117009829613,42.05,1682.0,6318.0,-5490.515126076354
319,Dang,Shantinagar,2,120,60,40,,PCU,basal ,planting time,T2-QDM972fI,28.16894862,82.227572,649.0,5.0,26333,11333,7667,301,29.0,6186.0,6.2,52,5.3,28.16894862,82.227572,6.63,3.09,0.13,329.31,438.63,44.69,18.02,36.66,Dang,direct_overlay,False,0.0,direct_overlay,FMR_058,6.243434721306334,59.349999999999994,2374.0,5626.0,300.0
320,Dang,Dhuruwa,2,120,60,40,,PCU,basal ,planting time,T2-VLN500xY,28.02133778,82.32476922,508.0,5.0,27883,13550,6867,312,17.0,6508.0,6.5,54,-15.0,28.02133778,82.32476922,6.8,2.05,0.11,147.65,424.22,45.35,21.97,31.86,Dang,direct_overlay,False,0.0,direct_overlay,FMR_074,5.6589995653202205,41.75,1670.0,6330.0,300.0
321,Dang,Shantinagar,2,120,60,40,,PCU,basal ,planting time,T2-BGK774bP,28.15943969,82.22277763,605.0,5.0,22607,12067,9580,336,26.0,8045.0,8.0,67,17.5,28.15943969,82.22277763,6.82,3.09,0.16,279.37,660.07,44.49,18.5,36.61,Dang,direct_overlay,False,0.0,direct_overlay,FMR_098,16.45029223163043,62.349999999999994,2494.0,5506.0,300.0
322,Dang,Shantinagar,2,120,60,40,,PCU,basal ,planting time,T2-EZZ320fN,28.16824991,82.22633131,637.0,5.0,25500,12333,7333,340,21.0,6617.0,6.6,55,4.4,28.16824991,82.22633131,6.72,3.27,0.15,342.48,607.41,44.5,17.87,36.6,Dang,direct_overlay,False,0.0,direct_overlay,FMR_116,16.469413256023213,64.05,2562.0,5438.0,300.0
323,Dang,Dhikpur,3,60,60,40,,PCU,basal ,planting time,T3-SOO644dU,28.02600524,82.37724898,533.0,5.0,21000,14310,9383,325,22.0,8370.0,8.4,140,25.8,28.02600524,82.37724898,6.66,1.9,0.1,131.29,433.8,44.19,23.56,35.21,Dang,direct_overlay,False,0.0,direct_overlay,FMR_079,17.57936442404143,38.5,1540.0,6460.0,300.0
324,Dang,Dhikpur,3,60,60,40,,PCU,basal ,planting time,T3-VYC933hT,28.02235211,82.36640532,517.0,5.0,26507,14677,9400,320,16.0,8930.0,8.9,149,29.0,28.02235211,82.36640532,6.62,2.0,0.1,132.04,458.98,44.12,24.94,33.28,Dang,direct_overlay,False,0.0,direct_overlay,FMR_023,13.945105319337113,40.0,1600.0,6400.0,300.0
325,Dang,Hapur,3,60,60,40,,PCU,basal ,planting time,T3-PMY385xU,28.08773058,82.42307905,638.0,5.0,28333,13333,6167,235,23.0,5368.0,5.4,89,-2.6,28.08773058,82.42307905,6.54,1.67,0.08,195.8,771.24,43.95,19.13,39.0,Dang,direct_overlay,False,0.0,direct_overlay,FMR_034,-2.0429362142296084,33.05,1322.0,6678.0,-3268.824524958688
326,Dang,Dhuruwa,3,60,60,40,,PCU,basal ,planting time,T3-ZYU715nN,28.02167741,82.32446068,492.0,5.0,27817,15093,7267,318,18.0,6746.0,6.7,112,-10.5,28.02167741,82.32446068,6.78,2.08,0.11,144.9,429.2,44.87,22.3,31.74,Dang,direct_overlay,False,0.0,direct_overlay,FMR_035,-2.8210773996361613,42.2,1688.0,6312.0,-2237.4430424397674
327,Dang,Shantinagar,3,60,60,40,,PCU,basal ,planting time,T3-WVK807wL,28.16910478,82.22770879,645.0,5.0,24667,10667,7333,301,34.0,549.0,0.5,9,-83.4,28.16910478,82.22770879,6.65,3.14,0.13,333.57,451.29,44.95,17.77,36.54,Dang,direct_overlay,False,0.0,direct_overlay,FMR_058,-50.367777740212944,60.1,2404.0,5596.0,-111.10277743169578
328,Dang,Dhuruwa,3,60,60,40,,PCU,basal ,planting time,T3-GPX231eB,28.02137277,82.32482202,519.0,5.0,22890,10493,5433,345,18.0,5075.0,5.1,85,-53.8,28.02137277,82.32482202,6.79,2.06,0.11,146.99,425.32,45.3,22.09,31.86,Dang,direct_overlay,False,0.0,direct_overlay,FMR_074,-39.01937153390399,41.900000000000006,1676.0000000000002,6324.0,-162.07334335216206
329,Dang,Shantinagar,3,60,60,40,,PCU,basal ,planting time,T3-ZPF376uO,28.15956936,82.22263573,602.0,5.0,17800,12677,9020,384,25.0,7677.0,7.7,128,28.8,28.15956936,82.22263573,6.82,3.1,0.16,281.69,662.05,44.38,18.62,36.65,Dang,direct_overlay,False,0.0,direct_overlay,FMR_098,18.468862780840116,62.5,2500.0,5500.0,297.79851987994545
330,Dang,Shantinagar,3,60,60,40,,PCU,basal ,planting time,T3-FBJ805bF,28.16818118,82.22611975,643.0,5.0,24467,13333,8667,322,21.0,7770.0,7.8,130,28.0,28.16818118,82.22611975,6.71,3.25,0.15,342.59,603.01,44.74,17.82,36.63,Dang,direct_overlay,False,0.0,direct_overlay,FMR_116,11.46461512363574,63.75,2550.0,5450.0,300.0
331,Dang,Dhikpur,4,78,60,40,,UDP,basal ,planting time,T4-FCQ762dX,28.02592699,82.37743489,533.0,5.0,21067,17127,9783,353,25.0,10409.0,10.4,133,46.0,28.02592699,82.37743489,6.68,1.9,0.1,132.94,427.13,44.22,23.8,34.98,Dang,direct_overlay,False,0.0,direct_overlay,FMR_079,25.97360450575292,38.5,1540.0,6460.0,248.71403576539282
332,Dang,Dhikpur,4,78,60,40,,UDP,basal ,planting time,T4-NDO933oR,28.02229524,82.36626609,510.0,5.0,26667,13793,8750,310,17.0,8293.0,8.3,106,14.2,28.02229524,82.36626609,6.62,2.0,0.1,130.99,458.01,43.9,25.12,33.36,Dang,direct_overlay,False,0.0,direct_overlay,FMR_023,10.320987261982486,40.0,1600.0,6400.0,300.0
333,Dang,Hapur,4,78,60,40,,UDP,basal ,planting time,T4-BSV944lI,28.08775107,82.42306061,636.0,5.0,31667,13333,9967,296,21.0,8970.0,9.0,115,44.2,28.08775107,82.42306061,6.54,1.66,0.08,195.88,770.77,43.95,19.13,39.01,Dang,direct_overlay,False,0.0,direct_overlay,FMR_034,-1.9715195475629421,32.9,1316.0,6684.0,-3390.27833036822
334,Dang,Dhuruwa,4,78,60,40,,UDP,basal ,planting time,T4-FTP982nT,28.02160365,82.32455766,495.0,5.0,24833,14623,7900,345,18.0,7334.0,7.3,94,-0.5,28.02160365,82.32455766,6.78,2.07,0.11,145.32,426.53,44.94,22.3,31.75,Dang,direct_overlay,False,0.0,direct_overlay,FMR_035,-0.6086607329694934,42.05,1682.0,6318.0,-10380.166910351129
335,Dang,Shantinagar,4,78,60,40,,UDP,basal ,planting time,T4-IOC843aI,28.16890537,82.22773176,646.0,5.0,24000,12000,8000,321,30.0,6373.0,6.4,82,10.5,28.16890537,82.22773176,6.65,3.11,0.13,333.27,443.85,44.69,17.95,36.65,Dang,direct_overlay,False,0.0,direct_overlay,FMR_058,-9.389237021125787,59.65,2386.0,5614.0,-597.9186580729081
336,Dang,Dhuruwa,4,78,60,40,,UDP,basal ,planting time,T4-UUM197eH,28.02138228,82.32476301,507.0,5.0,29683,15740,7033,358,18.0,6538.0,6.5,84,-22.7,28.02138228,82.32476301,6.79,2.05,0.11,147.17,424.38,45.28,22.06,31.84,Dang,direct_overlay,False,0.0,direct_overlay,FMR_074,13.891176624849015,41.75,1670.0,6330.0,300.0
337,Dang,Shantinagar,4,78,60,40,,UDP,basal ,planting time,T10-DAY772nT,28.15952736,82.22269968,593.0,5.0,19167,1300,9433,395,28.0,7718.0,7.7,99,22.7,28.15952736,82.22269968,6.82,3.09,0.16,280.57,664.22,44.36,18.6,36.63,Dang,direct_overlay,False,0.0,direct_overlay,FMR_098,16.348198676536878,62.349999999999994,2494.0,5506.0,300.0
338,Dang,Shantinagar,4,78,60,40,,UDP,basal ,planting time,T4-RAM500eJ,28.16826164,82.22625344,649.0,5.0,28100,14517,9020,395,20.0,8231.0,8.2,106,27.4,28.16826164,82.22625344,6.72,3.27,0.15,342.05,605.22,44.59,17.83,36.61,Dang,direct_overlay,False,0.0,direct_overlay,FMR_116,18.342746589356555,64.05,2562.0,5438.0,296.4659612729655
339,Dang,Dhikpur,5,60,60,40,6.0,Urea,top dressed ,knee ht+shoulder ht,T5-ZHK933dU,28.0259617,82.37733247,531.0,5.0,19400,14060,9933,339,21.0,9817.0,9.8,164,49.9,28.0259617,82.37733247,6.67,1.9,0.1,132.22,430.51,44.2,23.68,35.1,Dang,direct_overlay,False,0.0,direct_overlay,FMR_079,25.690408999637512,38.5,1540.0,6460.0,251.45570863006307
340,Dang,Dhikpur,5,60,60,40,6.0,Urea,top dressed ,knee ht+shoulder ht,T5-QKS451bE,28.02224579,82.36632301,524.0,5.0,26417,15810,0,305,16.0,11350.0,11.4,189,69.4,28.02224579,82.36632301,6.62,2.0,0.1,129.43,454.2,43.93,25.16,33.31,Dang,direct_overlay,False,0.0,direct_overlay,FMR_023,9.001044834791145,40.0,1600.0,6400.0,300.0
341,Dang,Hapur,5,60,60,40,6.0,Urea,top dressed ,knee ht+shoulder ht,T5-AWV959bC,28.08777509,82.42318986,634.0,5.0,29669,11667,4360,301,20.0,3964.0,4.0,66,-26.0,28.08777509,82.42318986,6.55,1.67,0.08,197.95,769.07,43.83,19.19,38.89,Dang,direct_overlay,False,0.0,direct_overlay,FMR_034,-12.842333390664288,33.05,1322.0,6678.0,-519.9989594456846
342,Dang,Dhuruwa,5,60,60,40,6.0,Urea,top dressed ,knee ht+shoulder ht,T5-QUL264aG,28.02155097,82.32444978,513.0,5.0,22823,15570,7100,387,27.0,5886.0,5.9,98,-24.8,28.02155097,82.32444978,6.78,2.07,0.11,146.12,429.08,45.04,22.07,31.78,Dang,direct_overlay,False,0.0,direct_overlay,FMR_035,-0.7726632882845488,42.05,1682.0,6318.0,-8176.91237023451
343,Dang,Shantinagar,5,60,60,40,6.0,Urea,top dressed ,knee ht+shoulder ht,T5-VKN705gO,28.16896027,82.22761407,650.0,5.0,26167,11000,7667,311,33.0,5881.0,5.9,98,5.5,28.16896027,82.22761407,6.63,3.1,0.13,330.53,441.07,44.72,17.97,36.64,Dang,direct_overlay,False,0.0,direct_overlay,FMR_058,6.249434721306334,59.5,2380.0,5620.0,300.0
344,Dang,Dhuruwa,5,60,60,40,6.0,Urea,top dressed ,knee ht+shoulder ht,T5-ZVH684vM,28.02131447,82.32477793,522.0,7.0,25663,15170,0,278,20.0,12591.0,12.6,210,71.4,28.02131447,82.32477793,6.8,2.05,0.11,147.88,424.23,45.38,21.93,31.86,Dang,direct_overlay,False,0.0,direct_overlay,FMR_074,35.62195579151452,41.75,1670.0,6330.0,177.69939520018897
345,Dang,Shantinagar,5,60,60,40,6.0,Urea,top dressed ,knee ht+shoulder ht,T5-YTW582kY,28.1594715,82.22253959,615.0,5.0,20667,12107,8667,330,27.0,7209.0,7.2,120,21.0,28.1594715,82.22253959,6.81,3.09,0.16,278.87,657.15,44.2,18.72,36.77,Dang,direct_overlay,False,0.0,direct_overlay,FMR_098,14.059989635360662,62.349999999999994,2494.0,5506.0,300.0
346,Dang,Shantinagar,5,60,60,40,6.0,Urea,top dressed ,knee ht+shoulder ht,T5-LYW825kF,28.16816102,82.2261977,639.0,5.0,26167,13333,7680,330,21.0,6938.0,6.9,116,14.1,28.16816102,82.2261977,6.72,3.25,0.15,343.08,606.32,44.64,17.87,36.63,Dang,direct_overlay,False,0.0,direct_overlay,FMR_116,14.891274696430095,63.75,2550.0,5450.0,300.0
347,Dang,Dhikpur,6,120,0,40,,Urea,top dressed ,knee ht+shoulder ht,T6-VWN181rB,28.02593709,82.37736792,528.0,5.0,20667,14227,9500,331,21.0,8528.0,8.5,71,14.2,28.02593709,82.37736792,6.67,1.9,0.1,132.87,429.28,44.21,23.73,35.05,Dang,direct_overlay,False,0.0,direct_overlay,FMR_079,15.798702904671373,38.5,1540.0,6460.0,300.0
348,Dang,Dhikpur,6,120,0,40,,Urea,top dressed ,knee ht+shoulder ht,T6-RGE322jH,28.02234918,82.36633005,515.0,5.0,27900,14660,8333,302,17.0,7907.0,7.9,66,6.0,28.02234918,82.36633005,6.63,2.0,0.1,130.86,458.76,44.1,24.94,33.29,Dang,direct_overlay,False,0.0,direct_overlay,FMR_023,8.247554795618981,40.0,1600.0,6400.0,300.0
349,Dang,Hapur,6,120,0,40,,Urea,top dressed ,knee ht+shoulder ht,T6-MNA133dM,28.08783971,82.42311769,639.0,5.0,25000,15000,6167,277,22.0,5487.0,5.5,46,-0.3,28.08783971,82.42311769,6.54,1.66,0.08,198.02,767.63,43.86,19.17,38.94,Dang,direct_overlay,False,0.0,direct_overlay,FMR_034,-0.7636533975829853,32.9,1316.0,6684.0,-8752.66190284141
351,Dang,Shantinagar,6,120,0,40,,Urea,top dressed ,knee ht+shoulder ht,T6-NSQ548qX,28.16912552,82.22759706,644.0,4.0,24000,10333,7567,340,29.0,6071.0,6.1,51,4.3,28.16912552,82.22759706,6.64,3.14,0.13,332.2,449.19,44.96,17.78,36.5,Dang,direct_overlay,False,0.0,direct_overlay,FMR_058,14.904535911124915,60.1,2404.0,5596.0,300.0
352,Dang,Dhuruwa,6,120,0,40,,Urea,top dressed ,knee ht+shoulder ht,T6-MDZ240wJ,28.02138044,82.32478682,510.0,12.0,28290,15987,5667,318,19.0,5222.0,5.2,44,-25.7,28.02138044,82.32478682,6.79,2.05,0.11,147.08,424.77,45.29,22.07,31.85,Dang,direct_overlay,False,0.0,direct_overlay,FMR_074,-9.88192270294792,41.75,1670.0,6330.0,-640.563601869874
353,Dang,Shantinagar,6,120,0,40,,Urea,top dressed ,knee ht+shoulder ht,T6-YTI550uY,28.15942674,82.22259843,603.0,5.0,25000,13200,9233,334,26.0,7775.0,7.8,65,15.2,28.15942674,82.22259843,6.8,3.09,0.16,279.06,655.1,44.33,18.63,36.74,Dang,direct_overlay,False,0.0,direct_overlay,FMR_098,11.152480697758728,62.349999999999994,2494.0,5506.0,300.0
354,Dang,Shantinagar,6,120,0,40,,Urea,top dressed ,knee ht+shoulder ht,T6-XLR240bS,28.1681888,82.2261925,641.0,5.0,27067,13333,8000,300,19.0,7336.0,7.3,61,10.4,28.1681888,82.2261925,6.71,3.25,0.15,342.72,605.52,44.65,17.85,36.63,Dang,direct_overlay,False,0.0,direct_overlay,FMR_116,13.144449861120476,63.75,2550.0,5450.0,300.0
355,Dang,Dhikpur,7,0,60,40,,,,,T7-NMT796iG,28.02594518,82.37739005,527.0,5.0,21900,14460,9817,300,20.0,8106.0,8.1,0,0.0,28.02594518,82.37739005,6.67,1.9,0.1,132.51,428.52,44.21,23.74,35.04,Dang,direct_overlay,False,0.0,direct_overlay,FMR_079,15.824633776653332,38.5,1540.0,6460.0,300.0
356,Dang,Dhikpur,7,0,60,40,,,,,T7-VOV633uW,28.02234432,82.36631194,525.0,5.0,26334,13227,8000,258,17.0,7536.0,7.5,0,0.0,28.02234432,82.36631194,6.62,2.0,0.1,130.83,458.81,44.07,24.97,33.31,Dang,direct_overlay,False,0.0,direct_overlay,FMR_023,8.105692726653464,40.0,1600.0,6400.0,300.0
357,Dang,Hapur,7,0,60,40,,,,,T7-EWD901oJ,28.08779965,82.42304645,634.0,5.0,26333,11667,4933,259,21.0,4412.0,4.4,0,0.0,28.08779965,82.42304645,6.54,1.66,0.08,196.5,769.57,43.93,19.13,39.0,Dang,direct_overlay,False,0.0,direct_overlay,FMR_034,-2.504019547562943,32.9,1316.0,6684.0,-2669.3082354350054
358,Dang,Dhuruwa,7,0,60,40,,,,,T7-UIQ403gZ,28.02167988,82.32444878,482.0,5.0,28160,13867,7667,305,20.0,6961.0,7.0,0,0.0,28.02167988,82.32444878,6.78,2.08,0.11,144.92,429.49,44.87,22.29,31.74,Dang,direct_overlay,False,0.0,direct_overlay,FMR_035,-1.109792730646613,42.2,1688.0,6312.0,-5687.548517570805
359,Dang,Shantinagar,7,0,60,40,,,,,T7-DPO831cE,28.16893584,82.22765121,654.0,12.0,23333,10000,7267,295,31.0,5732.0,5.7,0,0.0,28.16893584,82.22765121,6.64,3.1,0.13,331.23,441.47,44.7,17.98,36.66,Dang,direct_overlay,False,0.0,direct_overlay,FMR_058,5.519340000809438,59.5,2380.0,5620.0,300.0
360,Dang,Dhuruwa,7,0,60,40,,,,,T7-YIG621nC,28.02133409,82.32488338,504.0,5.0,27117,16643,0,316,22.0,12071.0,12.1,0,0.0,28.02133409,82.32488338,6.8,2.06,0.11,147.12,426.16,45.38,22.07,31.88,Dang,direct_overlay,False,0.0,direct_overlay,FMR_074,-10.599808447443364,41.900000000000006,1676.0000000000002,6324.0,-596.6145550040884
361,Dang,Shantinagar,7,0,60,40,,,,,T7-DIE347dI,28.15940193,82.22264654,605.0,5.0,21667,11333,8560,364,25.0,7295.0,7.3,0,0.0,28.15940193,82.22264654,6.8,3.09,0.16,279.06,653.86,44.42,18.57,36.71,Dang,direct_overlay,False,0.0,direct_overlay,FMR_098,10.373480697758728,62.349999999999994,2494.0,5506.0,300.0
362,Dang,Shantinagar,7,0,60,40,,,,,T7-KAI654rX,28.16830167,82.2261868,650.0,5.0,24467,11667,7000,350,21.0,6260.0,6.3,0,0.0,28.16830167,82.2261868,6.71,3.27,0.15,341.29,603.03,44.67,17.8,36.62,Dang,direct_overlay,False,0.0,direct_overlay,FMR_116,9.559935111807617,64.05,2562.0,5438.0,300.0
363,Dang,Dhikpur,8,0,0,0,,,,,T8-OLJ338rS,28.02603797,82.37731428,534.0,5.0,19000,13760,7667,320,22.0,6822.0,6.8,0,0.0,28.02603797,82.37731428,6.66,1.89,0.1,129.9,431.38,44.2,23.58,35.21,Dang,direct_overlay,False,0.0,direct_overlay,FMR_079,10.283641708953583,38.349999999999994,1533.9999999999998,6466.0,300.0
364,Dang,Dhikpur,8,0,0,0,,,,,T8-ZMB477dA,28.02234231,82.36645259,524.0,5.0,24167,14760,7667,298,18.0,7188.0,7.2,0,0.0,28.02234231,82.36645259,6.62,2.0,0.1,132.64,458.64,44.13,24.96,33.27,Dang,direct_overlay,False,0.0,direct_overlay,FMR_023,9.746829721224117,40.0,1600.0,6400.0,300.0
365,Dang,Hapur,8,0,0,0,,,,,T8-BUO246qW,28.08769307,82.42310411,638.0,5.0,20000,11667,6233,259,22.0,5525.0,5.5,0,0.0,28.08769307,82.42310411,6.54,1.67,0.08,195.55,772.25,43.94,19.13,38.98,Dang,direct_overlay,False,0.0,direct_overlay,FMR_034,-1.749602880896275,33.05,1322.0,6678.0,-3816.8661431210257
366,Dang,Dhuruwa,8,0,0,0,,,,,T8-GWN640uE,28.02155143,82.32441039,510.0,8.0,27617,14607,7800,395,17.0,7375.0,7.4,0,0.0,28.02155143,82.32441039,6.78,2.08,0.11,146.2,430.11,45.05,22.03,31.78,Dang,direct_overlay,False,0.0,direct_overlay,FMR_035,-1.4903619526283354,42.2,1688.0,6312.0,-4235.212787650973
367,Dang,Shantinagar,8,0,0,0,,,,,T8-FIH450mN,28.16910721,82.22765582,646.0,5.0,22107,9667,6667,305,27.0,5553.0,5.6,0,0.0,28.16910721,82.22765582,6.64,3.14,0.13,332.82,449.88,44.94,17.78,36.53,Dang,direct_overlay,False,0.0,direct_overlay,FMR_058,6.725479741130034,60.1,2404.0,5596.0,300.0
368,Dang,Dhuruwa,8,0,0,0,,,,,T8-AEU191iM,28.02132877,82.32491632,507.0,5.0,32427,18950,9000,396,19.0,8305.0,8.3,0,0.0,28.02132877,82.32491632,6.8,2.06,0.11,147.01,426.7,45.39,22.09,31.88,Dang,direct_overlay,False,0.0,direct_overlay,FMR_074,-0.3781117118847584,41.900000000000006,1676.0000000000002,6324.0,-16725.215858765678
369,Dang,Shantinagar,8,0,0,0,,,,,T8-KYR576bS,28.15941651,82.22264838,617.0,5.0,20333,13133,7087,300,26.0,5951.0,6.0,0,0.0,28.15941651,82.22264838,6.8,3.09,0.16,279.09,655.18,44.4,18.58,36.71,Dang,direct_overlay,False,0.0,direct_overlay,FMR_098,10.55964022156825,62.349999999999994,2494.0,5506.0,300.0
370,Dang,Shantinagar,8,0,0,0,,,,,T8-QYN760pK,28.16827996,82.22616342,641.0,5.0,22822,10000,6667,305,20.0,6091.0,6.1,0,0.0,28.16827996,82.22616342,6.71,3.26,0.15,341.47,603.07,44.69,17.8,36.62,Dang,direct_overlay,False,0.0,direct_overlay,FMR_116,7.439227471299977,63.9,2556.0,5444.0,300.0
371,Dang,Dhikpur,9,120,60,40,,Urea ,top dressed ,V6 and V10 stages,T9-CQE472sJ,28.02591145,82.37750924,536.0,5.0,21000,14593,9583,346,22.0,8549.0,8.5,71,14.4,28.02591145,82.37750924,6.68,1.9,0.1,132.28,427.45,44.22,23.81,34.92,Dang,direct_overlay,False,0.0,direct_overlay,FMR_079,27.178634844097974,38.5,1540.0,6460.0,237.68669902133928
372,Dang,Dhikpur,9,120,60,40,,Urea ,top dressed ,V6 and V10 stages,T9-WHR879uZ,28.02239314,82.36639006,520.0,5.0,31300,15777,9333,306,17.0,8856.0,8.9,74,13.9,28.02239314,82.36639006,6.63,1.99,0.1,132.33,460.66,44.18,24.87,33.28,Dang,direct_overlay,False,0.0,direct_overlay,FMR_023,13.97938668425904,39.85,1594.0,6406.0,300.0
373,Dang,Hapur,9,120,60,40,,Urea ,top dressed ,V6 and V10 stages,T9-SOZ468iV,28.08781436,82.42315055,627.0,5.0,29667,15000,6633,288,24.0,5766.0,5.8,48,2.0,28.08781436,82.42315055,6.54,1.66,0.08,198.03,768.07,43.85,19.18,38.92,Dang,direct_overlay,False,0.0,direct_overlay,FMR_034,-0.20128673091631846,32.9,1316.0,6684.0,-33206.361738662046
374,Dang,Dhuruwa,9,120,60,40,,Urea ,top dressed ,V6 and V10 stages,T9-YOB504tC,28.02160005,82.32436948,509.0,5.0,24113,13133,4667,319,19.0,4317.0,4.3,36,-25.5,28.02160005,82.32436948,6.78,2.08,0.11,145.89,431.25,45.0,22.05,31.77,Dang,direct_overlay,False,0.0,direct_overlay,FMR_035,-8.711603931946502,42.2,1688.0,6312.0,-724.5508461252623
375,Dang,Shantinagar,9,120,60,40,,Urea ,top dressed ,V6 and V10 stages,T9-ACI302kU,28.1691298,82.22761483,651.0,5.0,27667,14000,9000,324,37.0,6453.0,6.5,54,7.5,28.1691298,82.22761483,6.64,3.14,0.13,332.49,449.89,44.97,17.77,36.5,Dang,direct_overlay,False,0.0,direct_overlay,FMR_058,7.524413257613549,60.1,2404.0,5596.0,300.0
376,Dang,Dhuruwa,9,120,60,40,,Urea ,top dressed ,V6 and V10 stages,T9-QVD244dZ,28.02138329,82.32484298,511.0,5.0,28567,13563,4967,301,19.0,4594.0,4.6,38,-30.9,28.02138329,82.32484298,6.79,2.06,0.11,146.77,425.72,45.29,22.13,31.86,Dang,direct_overlay,False,0.0,direct_overlay,FMR_074,-28.54938684921931,41.900000000000006,1676.0000000000002,6324.0,-221.51088685019977
377,Dang,Shantinagar,9,120,60,40,,Urea ,top dressed ,V6 and V10 stages,T9-DDL533tM,28.15957497,82.22269775,608.0,5.0,22333,11553,8703,340,26.0,7348.0,7.3,61,11.6,28.15957497,82.22269775,6.83,3.1,0.16,282.37,664.16,44.45,18.57,36.6,Dang,direct_overlay,False,0.0,direct_overlay,FMR_098,16.463575712818713,62.5,2500.0,5500.0,300.0
378,Dang,Shantinagar,9,120,60,40,,Urea ,top dressed ,V6 and V10 stages,T9-DMK770nI,28.16825867,82.22629384,648.0,5.0,26533,15333,9333,353,21.0,8368.0,8.4,70,19.0,28.16825867,82.22629384,6.72,3.27,0.15,342.24,606.19,44.55,17.85,36.61,Dang,direct_overlay,False,0.0,direct_overlay,FMR_116,16.612913256023216,64.05,2562.0,5438.0,300.0
379,Dang,Dhikpur,1,120,60,40,,Urea,top dressed ,knee ht+shoulder ht,T1-EII276hI,28.05341519,82.37637249,554.0,5.0,20433,13926,8857,355,18.0,8233.0,8.2,69,16.3,28.05341519,82.37637249,6.47,1.8,0.09,131.26,706.2,43.99,21.32,37.81,Dang,direct_overlay,False,0.0,direct_overlay,FMR_095,22.024583393510202,36.0,1440.0,6560.0,297.8489936809874
380,Dang,Dhikpur,2,120,60,40,,PCU,basal ,planting time,T2-PFM670wY,28.05334504,82.3763486,555.0,5.0,20717,13427,8200,301,17.0,7697.0,7.7,64,11.8,28.05334504,82.3763486,6.48,1.81,0.09,133.15,708.93,44.11,21.24,37.71,Dang,direct_overlay,False,0.0,direct_overlay,FMR_095,10.852336684613752,36.150000000000006,1446.0000000000002,6554.0,300.0
381,Dang,Dhikpur,3,60,60,40,,PCU,basal ,planting time,T3-WSO670rQ,28.05340614,82.37640962,552.0,5.0,21083,13427,9933,308,18.0,9245.0,9.2,154,49.4,28.05340614,82.37640962,6.47,1.8,0.09,130.31,704.9,44.0,21.34,37.81,Dang,direct_overlay,False,0.0,direct_overlay,FMR_095,31.10624443073152,36.0,1440.0,6560.0,210.89013219220467
382,Dang,Dhikpur,4,78,60,40,,UDP,basal ,planting time,T4-MCK149nJ,28.05337098,82.37637634,546.0,5.0,18170,13760,8033,342,22.0,7130.0,7.1,91,10.9,28.05337098,82.37637634,6.48,1.81,0.09,131.92,707.17,44.06,21.28,37.75,Dang,direct_overlay,False,0.0,direct_overlay,FMR_095,13.727036256327061,36.150000000000006,1446.0000000000002,6554.0,300.0
383,Dang,Dhikpur,5,60,60,40,6.0,Urea,top dressed ,knee ht+shoulder ht,T5-KQT543lD,28.05328301,82.37644172,550.0,5.0,20667,13760,8817,324,22.0,7845.0,7.8,131,26.1,28.05328301,82.37644172,6.48,1.81,0.09,131.76,706.88,44.19,21.23,37.66,Dang,direct_overlay,False,0.0,direct_overlay,FMR_095,17.523887771478577,36.150000000000006,1446.0000000000002,6554.0,300.0
384,Dang,Dhikpur,6,120,0,40,,Urea,top dressed ,knee ht+shoulder ht,T6-MIE147uV,28.05336486,82.37643837,556.0,5.0,19733,13760,8267,315,18.0,7684.0,7.7,64,11.7,28.05336486,82.37643837,6.47,1.8,0.09,130.26,704.82,44.06,21.31,37.76,Dang,direct_overlay,False,0.0,direct_overlay,FMR_095,20.90463252761092,36.0,1440.0,6560.0,300.0
385,Dang,Dhikpur,7,0,60,40,,,,,T7-FIH863zK,28.05330359,82.3763895,551.0,5.0,19867,14267,8267,295,18.0,7694.0,7.7,0,0.0,28.05330359,82.3763895,6.48,1.81,0.09,132.75,708.36,44.17,21.22,37.66,Dang,direct_overlay,False,0.0,direct_overlay,FMR_095,8.572468684666577,36.150000000000006,1446.0000000000002,6554.0,300.0
386,Dang,Dhikpur,8,0,0,0,,,,,T8-UHG173bG,28.05335811,82.37643879,549.0,5.0,19667,12260,6717,217,18.0,6282.0,6.3,0,0.0,28.05335811,82.37643879,6.47,1.81,0.09,130.38,704.98,44.07,21.31,37.75,Dang,direct_overlay,False,0.0,direct_overlay,FMR_095,16.269670047324613,36.150000000000006,1446.0000000000002,6554.0,300.0
387,Dang,Dhikpur,9,120,60,40,,Urea ,top dressed ,V6 and V10 stages,T9-PIU615aX,28.05339583,82.37630426,549.0,5.0,20000,14427,8617,318,17.0,8098.0,8.1,67,15.1,28.05339583,82.37630426,6.48,1.81,0.09,133.61,709.5,44.03,21.26,37.76,Dang,direct_overlay,False,0.0,direct_overlay,FMR_095,12.252553351280424,36.150000000000006,1446.0000000000002,6554.0,300.0
388,Dang,Hapur,1,120,60,40,,Urea,top dressed ,knee ht+shoulder ht,T1-TJC736rM,28.09183805,82.41417973,617.0,5.0,28333,13333,5997,275,16.0,5751.0,5.8,48,16.2,28.09183805,82.41417973,6.48,1.65,0.08,199.67,676.99,44.51,18.61,38.63,Dang,direct_overlay,False,0.0,direct_overlay,FMR_030,14.000961109391493,32.75,1310.0,6690.0,300.0
389,Dang,Hapur,1,120,60,40,,Urea,top dressed ,knee ht+shoulder ht,T1-YUP336dE,28.09176496,82.42587433,653.0,5.0,25000,11667,5280,287,17.0,4992.0,5.0,42,-7.5,28.09176496,82.42587433,6.53,1.69,0.08,197.5,699.1,45.24,18.48,38.96,Dang,direct_overlay,False,0.0,direct_overlay,FMR_004,-4.129044274131708,33.349999999999994,1333.9999999999998,6666.0,-1614.417176817942
390,Dang,Hapur,2,120,60,40,,PCU,basal ,planting time,T2-CYA448gR,28.09181265,82.41430638,612.0,5.0,28333,13000,5740,268,15.0,5620.0,5.6,47,15.1,28.09181265,82.41430638,6.47,1.64,0.08,197.94,678.45,44.51,18.6,38.6,Dang,direct_overlay,False,0.0,direct_overlay,FMR_030,13.130409552363712,32.599999999999994,1303.9999999999998,6696.0,300.0
391,Dang,Hapur,2,120,60,40,,PCU,basal ,planting time,T2-RMR295kW,28.09180817,82.42594424,647.0,5.0,24333,10000,5033,222,18.0,4719.0,4.7,39,-9.8,28.09180817,82.42594424,6.53,1.69,0.08,196.51,696.21,45.3,18.42,38.84,Dang,direct_overlay,False,0.0,direct_overlay,FMR_004,-4.897287131274568,33.349999999999994,1333.9999999999998,6666.0,-1361.1617659561464
392,Dang,Hapur,3,60,60,40,,PCU,basal ,planting time,T3-NDD368yO,28.09191793,82.41413673,618.0,5.0,27333,13000,5867,398,16.0,5620.0,5.6,94,30.2,28.09191793,82.41413673,6.5,1.67,0.08,201.26,675.59,44.32,18.72,38.72,Dang,direct_overlay,False,0.0,direct_overlay,FMR_030,23.214359366003332,33.05,1322.0,6678.0,287.6667796303572
393,Dang,Hapur,3,60,60,40,,PCU,basal ,planting time,T3-XLH249iH,28.09168575,82.42592085,661.0,5.0,25000,11667,6207,289,17.0,5882.0,5.9,98,-0.2,28.09168575,82.42592085,6.53,1.69,0.08,197.8,695.82,45.25,18.49,38.98,Dang,direct_overlay,False,0.0,direct_overlay,FMR_004,-4.053044274131707,33.349999999999994,1333.9999999999998,6666.0,-1644.6896577334014
394,Dang,Hapur,4,78,60,40,,UDP,basal ,planting time,T4-NYA213dY,28.09189806,82.41424126,614.0,5.0,28333,13333,6733,268,15.0,6496.0,6.5,83,34.4,28.09189806,82.41424126,6.48,1.65,0.08,199.72,676.35,44.33,18.72,38.7,Dang,direct_overlay,False,0.0,direct_overlay,FMR_030,24.66283903001749,32.75,1310.0,6690.0,271.25830857743125
395,Dang,Hapur,4,78,60,40,,UDP,basal ,planting time,T4-YLK581rA,28.09178185,82.42599998,656.0,5.0,23333,11000,8907,287,18.0,8350.0,8.4,107,31.5,28.09178185,82.42599998,6.53,1.7,0.08,196.27,693.15,45.33,18.39,38.8,Dang,direct_overlay,False,0.0,direct_overlay,FMR_004,5.66354887996982,33.5,1340.0,6660.0,300.0
396,Dang,Hapur,5,60,60,40,6.0,Urea,top dressed ,knee ht+shoulder ht,T5-PBI508fL,28.09189073,82.41428451,613.0,5.0,29133,16667,6467,265,15.0,6224.0,6.2,104,40.2,28.09189073,82.41428451,6.47,1.65,0.08,199.11,676.7,44.33,18.72,38.69,Dang,direct_overlay,False,0.0,direct_overlay,FMR_030,25.93062542392764,32.75,1310.0,6690.0,257.9960911327176
397,Dang,Hapur,5,60,60,40,6.0,Urea,top dressed ,knee ht+shoulder ht,T5-NBE892pH,28.09178834,82.42595874,654.0,5.0,27333,11667,3990,245,3990.0,3713.0,3.7,62,-36.4,28.09178834,82.42595874,6.53,1.69,0.08,196.56,695.26,45.3,18.42,38.84,Dang,direct_overlay,False,0.0,direct_overlay,FMR_004,-18.862089046026487,33.349999999999994,1333.9999999999998,6666.0,-353.40730200848395
398,Dang,Hapur,6,120,0,40,,Urea,top dressed ,knee ht+shoulder ht,T6-TOK987rE,28.09193188,82.4142027,614.0,5.0,27667,13000,6133,254,15.0,6133.0,6.1,51,19.4,28.09193188,82.4142027,6.49,1.66,0.08,200.62,675.61,44.26,18.76,38.73,Dang,direct_overlay,False,0.0,direct_overlay,FMR_030,20.993446722325178,32.9,1316.0,6684.0,300.0
399,Dang,Hapur,6,120,0,40,,Urea,top dressed ,knee ht+shoulder ht,T6-DGU505lO,28.09182024,82.42596142,644.0,6.0,25000,10000,4747,266,17.0,4482.0,4.5,37,-11.8,28.09182024,82.42596142,6.53,1.7,0.08,196.25,695.5,45.31,18.4,38.81,Dang,direct_overlay,False,0.0,direct_overlay,FMR_004,-5.260635628148061,33.5,1340.0,6660.0,-1266.0067092205295
400,Dang,Hapur,7,0,60,40,,,,,T7-WRG997wI,28.09186018,82.41422835,617.0,5.0,28333,12667,6353,288,17.0,6021.0,6.0,0,0.0,28.09186018,82.41422835,6.48,1.65,0.08,199.4,676.96,44.43,18.66,38.65,Dang,direct_overlay,False,0.0,direct_overlay,FMR_030,9.157929243109619,32.75,1310.0,6690.0,300.0
401,Dang,Hapur,7,0,60,40,,,,,T7-KVF338iR,28.09176286,82.42599646,656.0,5.0,23333,11333,5533,292,17.0,5206.0,5.2,0,0.0,28.09176286,82.42599646,6.53,1.7,0.08,196.47,693.12,45.32,18.4,38.82,Dang,direct_overlay,False,0.0,direct_overlay,FMR_004,3.7948544355253726,33.5,1340.0,6660.0,300.0
402,Dang,Hapur,8,0,0,0,,,,,T8-QMH329cY,28.09181693,82.41416255,622.0,5.0,23667,8333,4010,296,16.0,3810.0,3.8,0,0.0,28.09181693,82.41416255,6.48,1.65,0.08,199.58,677.18,44.57,18.58,38.61,Dang,direct_overlay,False,0.0,direct_overlay,FMR_030,9.949900671681048,32.75,1310.0,6690.0,300.0
403,Dang,Hapur,8,0,0,0,,,,,T8-OTG313bK,28.09175997,82.42595446,648.0,5.0,25667,12667,6267,309,17.0,5896.0,5.9,0,0.0,28.09175997,82.42595446,6.53,1.69,0.08,196.86,695.13,45.29,18.43,38.87,Dang,direct_overlay,False,0.0,direct_overlay,FMR_004,-18.862089046026487,33.349999999999994,1333.9999999999998,6666.0,-353.40730200848395
404,Dang,Hapur,9,120,60,40,,Urea ,top dressed ,V6 and V10 stages,T9-IMT943mP,28.09186843,82.41426188,618.0,5.0,26167,12333,6003,278,16.0,5765.0,5.8,48,16.3,28.09186843,82.41426188,6.47,1.65,0.08,199.11,677.02,44.39,18.68,38.66,Dang,direct_overlay,False,0.0,direct_overlay,FMR_030,15.85575479045895,32.75,1310.0,6690.0,300.0
405,Dang,Hapur,9,120,60,40,,Urea ,top dressed ,V6 and V10 stages,T9-PER577lJ,28.09180154,82.42587475,651.0,5.0,26333,12000,6103,304,16.0,5805.0,5.8,48,-0.8,28.09180154,82.42587475,6.53,1.69,0.08,197.18,699.58,45.25,18.47,38.93,Dang,direct_overlay,False,0.0,direct_overlay,FMR_004,-4.902053797941233,33.349999999999994,1333.9999999999998,6666.0,-1359.8381973693538
406,Dang,Laxmipur,1,120,60,40,,Urea,top dressed ,knee ht+shoulder ht,T1-GEW900eN,27.97637859,82.46335192,551.0,5.0,21667,12000,7053,330,21.0,6300.0,6.3,53,26.0,27.97637859,82.46335192,6.74,1.99,0.1,149.78,336.9,46.94,22.48,31.88,Dang,direct_overlay,False,0.0,direct_overlay,FMR_018,31.50619002078063,39.85,1594.0,6406.0,203.32512423034254
407,Dang,Laxmipur,1,120,60,40,,Urea,top dressed ,knee ht+shoulder ht,T1-COX513jQ,27.98061606,82.46868423,548.0,5.0,33500,13000,8283,360,25.0,7270.0,7.3,61,18.6,27.98061606,82.46868423,6.62,1.98,0.1,157.93,323.42,44.86,22.83,33.22,Dang,direct_overlay,False,0.0,direct_overlay,FMR_052,18.81775435032106,39.7,1588.0,6412.0,300.0
408,Dang,Laxmipur,1,120,60,40,,Urea,top dressed ,knee ht+shoulder ht,T1-ECQ956yX,27.97637536,82.45890507,549.0,5.0,27467,13333,8273,310,20.0,7813.0,7.8,65,19.2,27.97637536,82.45890507,6.65,1.95,0.1,169.22,418.1,49.07,19.31,30.9,Dang,direct_overlay,False,0.0,direct_overlay,FMR_020,17.992140160919423,39.25,1570.0,6430.0,300.0
409,Dang,Laxmipur,2,120,60,40,,PCU,basal ,planting time,T2-UGP765yF,27.97635076,82.46331168,543.0,5.0,29000,13667,7733,325,20.0,7093.0,7.1,59,32.6,27.97635076,82.46331168,6.74,1.99,0.1,149.9,337.38,46.96,22.5,31.82,Dang,direct_overlay,False,0.0,direct_overlay,FMR_018,37.81173680445844,39.85,1594.0,6406.0,169.418295518355
410,Dang,Laxmipur,2,120,60,40,,PCU,basal ,planting time,T2-TRM228vH,27.98065965,82.46857837,548.0,5.0,29000,12617,8267,335,24.0,7440.0,7.4,62,20.1,27.98065965,82.46857837,6.62,1.99,0.11,156.55,318.27,44.56,23.11,33.28,Dang,direct_overlay,False,0.0,direct_overlay,FMR_052,18.08338844068305,40.85,1634.0,6366.0,300.0
411,Dang,Laxmipur,2,120,60,40,,PCU,basal ,planting time,T2-HBX935cE,27.97634762,82.45890792,552.0,5.0,27433,11467,6367,280,16.0,6048.0,6.0,50,4.4,27.97634762,82.45890792,6.65,1.95,0.1,169.22,418.1,49.07,19.31,30.9,Dang,direct_overlay,False,0.0,direct_overlay,FMR_020,17.992140160919423,39.25,1570.0,6430.0,300.0
412,Dang,Laxmipur,3,60,60,40,,PCU,basal ,planting time,T3-JXV636tZ,27.97635914,82.46336516,531.0,8.0,28333,13000,9100,340,19.0,8428.0,8.4,140,87.5,27.97635914,82.46336516,6.74,1.99,0.1,149.93,336.48,46.93,22.48,31.87,Dang,direct_overlay,False,0.0,direct_overlay,FMR_018,58.791097122012715,39.85,1594.0,6406.0,108.96207612362194
413,Dang,Laxmipur,3,60,60,40,,PCU,basal ,planting time,T3-ISM719qS,27.98071819,82.46872162,544.0,5.0,31000,10273,8070,300,23.0,7329.0,7.3,122,38.3,27.98071819,82.46872162,6.63,1.98,0.11,159.18,325.4,44.89,22.8,33.24,Dang,direct_overlay,False,0.0,direct_overlay,FMR_052,29.31750062265308,40.7,1628.0,6372.0,217.34458479303234
414,Dang,Laxmipur,3,60,60,40,,PCU,basal ,planting time,T3-ZSK564iN,27.97639254,82.45883717,549.0,5.0,28167,13667,9067,345,17.0,8510.0,8.5,142,49.9,27.97639254,82.45883717,6.65,1.95,0.1,169.22,418.1,49.07,19.31,30.9,Dang,direct_overlay,False,0.0,direct_overlay,FMR_020,17.992140160919423,39.25,1570.0,6430.0,300.0
415,Dang,Laxmipur,4,78,60,40,,UDP,basal ,planting time,T4-MOT234fM,27.97635944,82.46332367,546.0,5.0,28000,13333,7967,360,20.0,7270.0,7.3,93,52.4,27.97635944,82.46332367,6.74,1.99,0.1,149.87,337.24,46.95,22.49,31.83,Dang,direct_overlay,False,0.0,direct_overlay,FMR_018,42.30412050409216,39.85,1594.0,6406.0,151.42732962337166
416,Dang,Laxmipur,4,78,60,40,,UDP,basal ,planting time,T4-DIK949zG,27.98068286,82.46877031,546.0,5.0,25000,10033,8500,305,26.0,7430.0,7.4,95,30.7,27.98068286,82.46877031,6.63,1.97,0.1,159.72,327.75,45.04,22.67,33.21,Dang,direct_overlay,False,0.0,direct_overlay,FMR_052,27.90700015533453,39.55,1582.0,6418.0,229.97814040478926
417,Dang,Laxmipur,4,78,60,40,,UDP,basal ,planting time,T4-MQG505pB,27.97634779,82.45888755,546.0,6.0,27467,13667,8433,320,18.0,7897.0,7.9,101,30.5,27.97634779,82.45888755,6.65,1.95,0.1,169.22,418.1,49.07,19.31,30.9,Dang,direct_overlay,False,0.0,direct_overlay,FMR_020,17.992140160919423,39.25,1570.0,6430.0,300.0
418,Dang,Laxmipur,5,60,60,40,6.0,Urea,top dressed ,knee ht+shoulder ht,T5-QGY525qI,27.97640533,82.46336156,544.0,5.0,25667,13667,7667,350,18.0,7109.0,7.1,118,65.5,27.97640533,82.46336156,6.74,1.99,0.1,149.61,336.97,46.95,22.48,31.91,Dang,direct_overlay,False,0.0,direct_overlay,FMR_018,17.45681653688688,39.85,1594.0,6406.0,300.0
419,Dang,Laxmipur,5,60,60,40,6.0,Urea,top dressed ,knee ht+shoulder ht,T5-EJF486aH,27.98061258,82.46870938,546.0,5.0,29333,13333,9443,349,26.0,8255.0,8.3,138,53.7,27.98061258,82.46870938,6.62,1.98,0.1,158.32,324.61,44.93,22.77,33.21,Dang,direct_overlay,False,0.0,direct_overlay,FMR_052,35.98511629050652,39.7,1588.0,6412.0,178.18477918026332
420,Dang,Laxmipur,5,60,60,40,6.0,Urea,top dressed ,knee ht+shoulder ht,T5-KCE497bN,27.97630998,82.45880767,547.0,5.0,27833,12333,7933,215,20.0,7257.0,7.3,121,29.0,27.97630998,82.45880767,6.65,1.95,0.1,169.22,418.1,49.07,19.31,30.9,Dang,direct_overlay,False,0.0,direct_overlay,FMR_020,17.992140160919423,39.25,1570.0,6430.0,300.0
421,Dang,Laxmipur,6,120,0,40,,Urea,top dressed ,knee ht+shoulder ht,T6-DDG516dY,27.9763205,82.46329509,543.0,5.0,29333,12333,7400,300,18.0,6921.0,6.9,58,31.2,27.9763205,82.46329509,6.73,1.99,0.1,150.03,337.39,46.96,22.5,31.78,Dang,direct_overlay,False,0.0,direct_overlay,FMR_018,36.18008705698369,39.85,1594.0,6406.0,177.05872265897375
422,Dang,Laxmipur,6,120,0,40,,Urea,top dressed ,knee ht+shoulder ht,T6-FKE652bT,27.98069569,82.46870594,538.0,9.0,28667,10047,9543,345,29.0,7994.0,8.0,67,24.7,27.98069569,82.46870594,6.62,1.98,0.11,158.79,324.57,44.87,22.83,33.24,Dang,direct_overlay,False,0.0,direct_overlay,FMR_052,27.272867014553853,40.7,1628.0,6372.0,233.63880286585402
423,Dang,Laxmipur,6,120,0,40,,Urea,top dressed ,knee ht+shoulder ht,T6-FWS434uY,27.97645512,82.45888855,541.0,6.0,27333,13333,8000,340,17.0,7527.0,7.5,63,16.8,27.97645512,82.45888855,6.65,1.95,0.1,169.22,418.1,49.07,19.31,30.9,Dang,direct_overlay,False,0.0,direct_overlay,FMR_020,17.992140160919423,39.25,1570.0,6430.0,300.0
424,Dang,Laxmipur,7,0,60,40,,,,,T7-VTU643wV,27.97640516,82.46336323,536.0,5.0,21333,10667,7050,280,18.0,6553.0,6.6,0,0.0,27.97640516,82.46336323,6.74,1.99,0.1,149.61,336.94,46.94,22.48,31.91,Dang,direct_overlay,False,0.0,direct_overlay,FMR_018,17.45681653688688,39.85,1594.0,6406.0,300.0
425,Dang,Laxmipur,7,0,60,40,,,,,T7-LBB830eV,27.98064749,82.46882941,553.0,5.0,20333,9833,7617,332,29.0,6371.0,6.4,0,0.0,27.98064749,82.46882941,6.63,1.96,0.1,160.44,330.49,45.22,22.51,33.17,Dang,direct_overlay,False,0.0,direct_overlay,FMR_052,16.91919516872954,39.4,1576.0,6424.0,300.0
426,Dang,Laxmipur,7,0,60,40,,,,,T7-IRY166pZ,27.97633094,82.45876911,547.0,5.0,27000,11667,6300,340,17.0,5949.0,5.9,0,0.0,27.97633094,82.45876911,6.65,1.95,0.1,169.22,418.1,49.07,19.31,30.9,Dang,direct_overlay,False,0.0,direct_overlay,FMR_020,17.992140160919423,39.25,1570.0,6430.0,300.0
427,Dang,Laxmipur,8,0,0,0,,,,,T8-YRB722zS,27.97651597,82.46350346,542.0,5.0,16667,6000,3380,200,17.0,3180.0,3.2,0,0.0,27.97651597,82.46350346,6.75,2.0,0.1,148.6,335.2,46.91,22.45,32.16,Dang,direct_overlay,False,0.0,direct_overlay,FMR_018,19.031439425490664,40.0,1600.0,6400.0,300.0
428,Dang,Laxmipur,8,0,0,0,,,,,T8-HOQ733kQ,27.98068224,82.46866956,552.0,5.0,19667,9153,5950,330,28.0,5033.0,5.0,0,0.0,27.98068224,82.46866956,6.62,1.98,0.11,158.13,322.74,44.78,22.91,33.25,Dang,direct_overlay,False,0.0,direct_overlay,FMR_052,15.658019378079146,40.7,1628.0,6372.0,300.0
429,Dang,Laxmipur,8,0,0,0,,,,,T8-IRM287xJ,27.97638286,82.45877925,551.0,5.0,27667,12333,5933,335,18.0,5515.0,5.5,0,0.0,27.97638286,82.45877925,6.65,1.95,0.1,169.22,418.1,49.07,19.31,30.9,Dang,direct_overlay,False,0.0,direct_overlay,FMR_020,17.992140160919423,39.25,1570.0,6430.0,300.0
430,Dang,Laxmipur,9,120,60,40,,Urea ,top dressed ,V6 and V10 stages,T9-CBL802uL,27.97632352,82.46328595,545.0,5.0,28667,13333,7933,319,17.0,7474.0,7.5,62,35.8,27.97632352,82.46328595,6.73,1.99,0.1,150.0,337.58,46.97,22.51,31.77,Dang,direct_overlay,False,0.0,direct_overlay,FMR_018,36.385170390317036,39.85,1594.0,6406.0,176.0607393418938
431,Dang,Laxmipur,9,120,60,40,,Urea ,top dressed ,V6 and V10 stages,T9-BMB448iF,27.9806899,82.46873729,545.0,5.0,29667,13183,9700,337,26.0,8399.0,8.4,70,28.1,27.9806899,82.46873729,6.63,1.98,0.1,159.24,326.13,44.95,22.75,33.23,Dang,direct_overlay,False,0.0,direct_overlay,FMR_052,29.36173733482172,39.7,1588.0,6412.0,218.37944828951427
432,Dang,Laxmipur,9,120,60,40,,Urea ,top dressed ,V6 and V10 stages,T9-CMG920kB,27.97638634,82.4589059,544.0,5.0,29000,13000,7833,330,17.0,7370.0,7.4,61,15.5,27.97638634,82.4589059,6.65,1.95,0.1,169.22,418.1,49.07,19.31,30.9,Dang,direct_overlay,False,0.0,direct_overlay,FMR_020,17.992140160919423,39.25,1570.0,6430.0,300.0
433,Dang,Panchakaule,1,120,60,40,,Urea,top dressed ,knee ht+shoulder ht,T1-QXG790vK,28.13507371,82.12228507,512.0,5.0,17763,13850,9517,350,18.0,8857.0,8.9,74,10.1,28.13507371,82.12228507,6.85,2.6,0.14,184.91,472.6,42.93,20.75,36.01,Dang,direct_overlay,False,0.0,direct_overlay,FMR_100,12.64854900866407,53.0,2120.0,5880.0,300.0
434,Dang,Panchakaule,2,120,60,40,,PCU,basal ,planting time,T2-BUA120rI,28.13494584,82.12230669,507.0,5.0,20720,16437,8783,343,17.0,8274.0,8.3,69,5.3,28.13494584,82.12230669,6.85,2.59,0.14,182.9,465.35,42.68,20.96,36.01,Dang,direct_overlay,False,0.0,direct_overlay,FMR_100,13.310942962278896,52.849999999999994,2114.0,5886.0,300.0
435,Dang,Panchakaule,3,60,60,40,,PCU,basal ,planting time,T3-OBI603vC,28.13496973,82.1221958,509.0,5.0,19067,15327,8483,339,17.0,8011.0,8.0,134,6.1,28.13496973,82.1221958,6.85,2.6,0.14,183.26,470.43,42.84,20.76,35.98,Dang,direct_overlay,False,0.0,direct_overlay,FMR_100,14.531237090441296,53.0,2120.0,5880.0,300.0
436,Dang,Panchakaule,4,78,60,40,,UDP,basal ,planting time,T4-KOG158uB,28.13504387,82.12228859,506.0,5.0,22880,15940,9833,351,17.0,9241.0,9.2,118,20.5,28.13504387,82.12228859,6.85,2.6,0.14,184.44,470.96,42.87,20.8,36.01,Dang,direct_overlay,False,0.0,direct_overlay,FMR_100,13.853195033895902,53.0,2120.0,5880.0,300.0
437,Dang,Panchakaule,5,60,60,40,6.0,Urea,top dressed ,knee ht+shoulder ht,T5-UVT242eG,28.13498695,82.12222036,518.0,5.0,22927,16950,9677,385,18.0,9039.0,9.0,151,23.3,28.13498695,82.12222036,6.85,2.6,0.14,183.55,470.46,42.84,20.77,35.98,Dang,direct_overlay,False,0.0,direct_overlay,FMR_100,14.431534709490107,53.0,2120.0,5880.0,300.0
438,Dang,Panchakaule,6,120,0,40,,Urea,top dressed ,knee ht+shoulder ht,T6-DOY805cT,28.13504148,82.1221834,507.0,5.0,21120,16130,8617,327,18.0,8059.0,8.1,67,3.5,28.13504148,82.1221834,6.85,2.6,0.14,184.49,474.54,42.99,20.63,35.97,Dang,direct_overlay,False,0.0,direct_overlay,FMR_100,12.152209373722737,53.0,2120.0,5880.0,300.0
439,Dang,Panchakaule,7,0,60,40,,,,,T7-PFN506eW,28.13503582,82.12234718,509.0,5.0,19630,15933,8133,347,17.0,7643.0,7.6,0,0.0,28.13503582,82.12234718,6.85,2.6,0.14,184.26,468.49,42.79,20.9,36.03,Dang,direct_overlay,False,0.0,direct_overlay,FMR_100,12.472022144658702,53.0,2120.0,5880.0,300.0
440,Dang,Panchakaule,8,0,0,0,,,,,T8-LGK609uP,28.1351105,82.122287,506.0,5.0,22203,15430,8230,325,17.0,7643.0,7.6,0,0.0,28.1351105,82.122287,6.85,2.61,0.14,185.49,474.39,43.0,20.7,36.01,Dang,direct_overlay,False,0.0,direct_overlay,FMR_100,11.314845978361037,53.15,2126.0,5874.0,300.0
441,Dang,Panchakaule,9,120,60,40,,Urea ,top dressed ,V6 and V10 stages,T9-TQD803wE,28.13501822,82.12235925,507.0,5.0,22030,16010,8600,338,17.0,8082.0,8.1,67,3.7,28.13501822,82.12235925,6.85,2.6,0.14,184.0,467.18,42.75,20.94,36.03,Dang,direct_overlay,False,0.0,direct_overlay,FMR_100,12.472022144658702,53.0,2120.0,5880.0,300.0
442,Kavre,Bhakundebesi,1,120,60,40,,Urea,top dressed ,knee ht+shoulder ht,T1-OBS749qQ,27.56067273,85.66487296,1317.0,5.0,13504,15040,9300,450,17.0,8932.0,8.9,74,17.9,27.56067273,85.66487296,5.95,3.4,0.18,77.54,337.96,38.95,12.38,47.53,Kabhrepalanchok,direct_overlay,False,0.0,direct_overlay,FMR_013,6.77157037836413,69.0,2760.0,5240.0,300.0
443,Kavre,Rabiopi,1,120,60,40,,Urea,top dressed ,knee ht+shoulder ht,T1-JXF488qK,27.6455971,85.55454796,1363.0,5.0,19456,19705,9000,320,13.0,9104.0,9.1,76,24.9,27.6455971,85.55454796,5.96,3.13,0.16,102.91,300.43,38.12,15.75,44.25,Kabhrepalanchok,direct_overlay,False,0.0,direct_overlay,FMR_152,24.97154755037361,62.949999999999996,2518.0,5482.0,219.52984647593382
444,Kavre,Rabiopi,1,120,60,40,,Urea,top dressed ,knee ht+shoulder ht,T1-UCU785xS,27.64692356,85.56242414,1256.0,11.0,20640,18900,10000,397,12.0,10267.0,10.3,86,27.2,27.64692356,85.56242414,5.97,3.13,0.16,90.03,276.39,36.2,17.51,45.5,Kabhrepalanchok,direct_overlay,False,0.0,direct_overlay,FMR_087,21.670647051612733,62.949999999999996,2518.0,5482.0,252.96891167779086
445,Kavre,Rabiopi,1,120,60,40,,Urea,top dressed ,knee ht+shoulder ht,T1-DMN268dW,27.65023801,85.57656571,1058.0,7.0,22336,17080,8500,370,13.0,8579.0,8.6,71,14.9,27.65023801,85.57656571,6.04,2.92,0.14,81.91,258.06,36.78,17.74,43.32,Kabhrepalanchok,direct_overlay,False,0.0,direct_overlay,FMR_172,24.342160293230037,57.8,2312.0,5688.0,233.6686609356495
446,Kavre,Bhakundebesi,1,120,60,40,,Urea,top dressed ,knee ht+shoulder ht,T1-PIO607zK,27.55477469,85.66746093,1390.0,3.0,17760,13200,6800,380,14.0,6768.0,6.8,56,1.5,27.55477469,85.66746093,5.96,3.16,0.16,83.68,317.62,38.86,12.39,46.76,Kabhrepalanchok,direct_overlay,False,0.0,direct_overlay,,17.68935822590623,63.400000000000006,2536.0,5464.0,300.0
447,Kavre,Bhakundebesi,1,120,60,40,,Urea,top dressed ,knee ht+shoulder ht,T1-WHC651rF,27.55849285,85.66658275,1339.0,9.0,16880,18800,9300,400,20.0,8683.0,8.7,72,18.5,27.55849285,85.66658275,5.95,3.4,0.18,77.54,337.96,38.95,12.38,47.53,,direct_overlay_plus_nearest8,True,8.0,nearest_8_valid_mean,FMR_107,6.77157037836413,69.0,2760.0,5240.0,300.0
448,Kavre,Anekot,1,120,60,40,,Urea,top dressed ,knee ht+shoulder ht,T1-GEA400iI,27.65007995,85.59363208,919.0,9.0,17440,13608,4884,300,16.0,4787.0,4.8,40,10.6,27.65007995,85.59363208,6.01,2.68,0.14,81.89,254.28,36.08,19.29,44.24,Kabhrepalanchok,direct_overlay,False,0.0,direct_overlay,FMR_110,16.985123542883382,54.2,2168.0,5832.0,300.0
449,Kavre,Anekot,1,120,60,40,,Urea,top dressed ,knee ht+shoulder ht,T1-NZF173cS,27.67026182,85.58068221,1277.0,10.0,27344,22246,8828,440,16.0,8643.0,8.6,72,32.2,27.67026182,85.58068221,5.96,2.85,0.15,90.07,273.91,36.19,19.62,43.41,Kabhrepalanchok,direct_overlay,False,0.0,direct_overlay,FMR_108,22.95312850324847,57.75,2310.0,5690.0,247.8964904150088
450,Kavre,Anekot,1,120,60,40,,Urea,top dressed ,knee ht+shoulder ht,T1-NZF173cS,27.66158589,85.59526126,987.0,12.0,16858,14059,6783,482,18.0,6467.0,6.5,54,14.5,27.66158589,85.59526126,6.05,2.91,0.16,67.19,249.42,36.31,19.66,44.68,Kabhrepalanchok,direct_overlay,False,0.0,direct_overlay,FMR_085,10.970622044488874,59.650000000000006,2386.0,5614.0,300.0
451,Kavre,Bhakundebesi,2,120,60,40,,PCU,basal ,planting time,T2-JJX157pK,27.56050845,85.6648662,1325.0,4.0,17440,14520,7350,400,16.0,7162.0,7.2,60,3.2,27.56050845,85.6648662,5.95,3.4,0.18,77.54,337.96,38.95,12.38,47.53,Kabhrepalanchok,direct_overlay,False,0.0,direct_overlay,FMR_013,6.77157037836413,69.0,2760.0,5240.0,300.0
453,Kavre,Rabiopi,2,120,60,40,,PCU,basal ,planting time,T2-MWI628aY,27.64693343,85.5624482,1248.0,5.0,19680,17850,10000,400,14.0,11289.0,11.3,94,35.74166667,27.64693343,85.5624482,5.97,3.13,0.16,90.03,276.39,36.2,17.51,45.5,Kabhrepalanchok,direct_overlay,False,0.0,direct_overlay,FMR_087,21.670647051612733,62.949999999999996,2518.0,5482.0,252.96891167779086
454,Kavre,Rabiopi,2,120,60,40,,PCU,basal ,planting time,T2-FPH399jN,27.65022523,85.57658286,1055.0,5.0,24480,17605,10000,350,13.0,10598.0,10.6,88,31.74166667,27.65022523,85.57658286,6.04,2.92,0.14,81.64,257.39,36.79,17.72,43.31,Kabhrepalanchok,direct_overlay,False,0.0,direct_overlay,FMR_172,26.92067458344978,57.8,2312.0,5688.0,211.287424554244
455,Kavre,Bhakundebesi,2,120,60,40,,PCU,basal ,planting time,T2-SZF397sU,27.55472657,85.66744222,1391.0,5.0,25600,12200,9350,477,16.0,9186.0,9.2,77,21.66666667,27.55472657,85.66744222,5.96,3.16,0.16,83.72,319.12,38.99,12.37,46.79,Kabhrepalanchok,direct_overlay,False,0.0,direct_overlay,,18.244247114889564,63.400000000000006,2536.0,5464.0,299.49166800863486
456,Kavre,Bhakundebesi,2,120,60,40,,PCU,basal ,planting time,T2-GAO179qG,27.55850759,85.66659705,1338.0,3.0,26480,18150,7350,450,19.0,6914.0,6.9,58,3.783333333,27.55850759,85.66659705,5.95,3.4,0.18,77.54,337.96,38.95,12.38,47.53,,direct_overlay_plus_nearest8,True,8.0,nearest_8_valid_mean,FMR_107,6.77157037836413,69.0,2760.0,5240.0,300.0
457,Kavre,Anekot,2,120,60,40,,PCU,basal ,planting time,T2-RHA236kL,27.65007897,85.59361875,917.0,5.0,21632,15456,5836,380,14.0,5829.0,5.8,49,19.26666667,27.65007897,85.59361875,6.01,2.68,0.14,81.89,254.28,36.08,19.29,44.24,Kabhrepalanchok,direct_overlay,False,0.0,direct_overlay,FMR_110,16.985123542883382,54.2,2168.0,5832.0,300.0
458,Kavre,Anekot,2,120,60,40,,PCU,basal ,planting time,T2-UYP413iP,27.6699683,85.58099852,1258.0,5.0,19856,15834,8284,380,16.0,8091.0,8.1,67,27.63333333,27.6699683,85.58099852,5.99,2.77,0.14,92.79,268.95,36.25,19.71,43.33,Kabhrepalanchok,direct_overlay,False,0.0,direct_overlay,FMR_108,21.469197250401603,55.55,2222.0,5778.0,269.1297644997843
459,Kavre,Anekot,2,120,60,40,,PCU,basal ,planting time,,27.66169643,85.59531521,1025.0,10.0,28160,13300,5117,480,17.0,4938.0,4.9,41,1.758333333,27.66169643,85.59531521,6.05,2.91,0.16,67.19,249.42,36.31,19.66,44.68,Kabhrepalanchok,direct_overlay,False,0.0,direct_overlay,FMR_085,10.970622044488874,59.650000000000006,2386.0,5614.0,300.0
460,Kavre,Bhakundebesi,3,60,60,40,,PCU,basal ,planting time,T3-ZAV853mG,27.56067362,85.66487197,1317.0,5.0,18048,14680,6900,480,17.0,6651.0,6.7,111,-2.216666667,27.56067362,85.66487197,5.95,3.4,0.18,77.54,337.96,38.95,12.38,47.53,Kabhrepalanchok,direct_overlay,False,0.0,direct_overlay,FMR_013,6.77157037836413,69.0,2760.0,5240.0,300.0
461,Kavre,Rabiopi,3,60,60,40,,PCU,basal ,planting time,T3-QUZ940wG,27.64556336,85.55466565,1372.0,5.0,18240,21000,9750,375,12.0,9999.0,10.0,167,64.66666667,27.64556336,85.55466565,5.96,3.13,0.16,102.91,300.43,38.12,15.75,44.25,Kabhrepalanchok,direct_overlay,False,0.0,direct_overlay,FMR_152,24.97154755037361,62.949999999999996,2518.0,5482.0,219.52984647593382
462,Kavre,Rabiopi,3,60,60,40,,PCU,basal ,planting time,T3-TII244tU,27.64694629,85.56232825,1248.0,5.0,20160,18655,10000,400,13.0,10393.0,10.4,173,56.55,27.64694629,85.56232825,5.94,3.08,0.16,80.09,264.77,36.36,15.86,45.17,Kabhrepalanchok,direct_overlay,False,0.0,direct_overlay,FMR_087,23.857369684112157,62.2,2488.0,5512.0,231.03971950733205
463,Kavre,Rabiopi,3,60,60,40,,PCU,basal ,planting time,T3-PAT569oP,27.6502128,85.57660026,1057.0,5.0,25216,18655,10000,359,13.0,11341.0,11.3,189,75.86666667,27.6502128,85.57660026,6.05,2.92,0.14,81.36,256.69,36.8,17.7,43.31,Kabhrepalanchok,direct_overlay,False,0.0,direct_overlay,FMR_172,54.95539615675647,57.8,2312.0,5688.0,103.50211986053877
464,Kavre,Bhakundebesi,3,60,60,40,,PCU,basal ,planting time,T3-CJH121kU,27.55465296,85.66751449,1394.0,5.0,22560,14900,8700,480,15.0,8639.0,8.6,144,34.21666667,27.55465296,85.66751449,5.97,3.16,0.16,83.76,313.71,38.58,12.46,46.58,Kabhrepalanchok,direct_overlay,False,0.0,direct_overlay,,17.845417724845802,63.400000000000006,2536.0,5464.0,300.0
465,Kavre,Bhakundebesi,3,60,60,40,,PCU,basal ,planting time,T3-WGI675kJ,27.55856394,85.6666829,1326.0,4.0,23160,18350,6900,340,17.0,6675.0,6.7,111,3.583333333,27.55856394,85.6666829,5.95,3.4,0.18,77.54,337.96,38.95,12.38,47.53,,direct_overlay_plus_nearest8,True,8.0,nearest_8_valid_mean,FMR_107,6.77157037836413,69.0,2760.0,5240.0,300.0
466,Kavre,Anekot,3,60,60,40,,PCU,basal ,planting time,T3-LUD757oP,27.65007923,85.59361339,917.0,5.0,20672,14056,5479,300,16.0,5383.0,5.4,90,31.1,27.65007923,85.59361339,6.01,2.68,0.14,81.89,254.28,36.08,19.29,44.24,Kabhrepalanchok,direct_overlay,False,0.0,direct_overlay,FMR_110,16.985123542883382,54.2,2168.0,5832.0,300.0
467,Kavre,Anekot,3,60,60,40,,PCU,basal ,planting time,T3-AOG391aB,27.67011617,85.58106151,1276.0,5.0,18365,14389,6672,340,16.0,6516.0,6.5,109,29.01666667,27.67011617,85.58106151,5.99,2.81,0.14,90.54,271.49,36.13,19.64,43.41,Kabhrepalanchok,direct_overlay,False,0.0,direct_overlay,FMR_108,21.32987644456557,56.15,2246.0,5754.0,269.76246275753766
468,Kavre,Anekot,3,60,60,40,,PCU,basal ,planting time,,27.66168304,85.59524301,1016.0,8.0,23776,11852,4953,450,18.0,4723.0,4.7,79,-0.066666667,27.66168304,85.59524301,6.04,2.94,0.16,68.22,249.39,36.34,19.37,44.54,Kabhrepalanchok,direct_overlay,False,0.0,direct_overlay,FMR_085,8.381739590301411,60.1,2404.0,5596.0,300.0
469,Kavre,Bhakundebesi,4,78,60,40,,UDP,basal ,planting time,T4-JVR191lK,27.5605062,85.6648713,1321.0,4.0,19136,10600,6950,500,18.0,6659.0,6.7,85,-1.602564103,27.5605062,85.6648713,5.95,3.4,0.18,77.54,337.96,38.95,12.38,47.53,Kabhrepalanchok,direct_overlay,False,0.0,direct_overlay,FMR_013,6.77157037836413,69.0,2760.0,5240.0,300.0
470,Kavre,Rabiopi,4,78,60,40,,UDP,basal ,planting time,T4-BFS662xA,27.64557517,85.55466834,1374.0,5.0,19200,18900,8750,350,12.0,9004.0,9.0,115,36.98717949,27.64557517,85.55466834,5.96,3.13,0.16,102.91,300.43,38.12,15.75,44.25,Kabhrepalanchok,direct_overlay,False,0.0,direct_overlay,FMR_152,24.97154755037361,62.949999999999996,2518.0,5482.0,219.52984647593382
471,Kavre,Rabiopi,4,78,60,40,,UDP,basal ,planting time,T4-ZKZ446dF,27.64696562,85.56233618,1250.0,5.0,18240,16275,8750,380,13.0,8883.0,8.9,114,24.14102564,27.64696562,85.56233618,5.94,3.08,0.16,80.09,264.77,36.36,15.86,45.17,Kabhrepalanchok,direct_overlay,False,0.0,direct_overlay,FMR_087,23.857369684112157,62.2,2488.0,5512.0,231.03971950733205
472,Kavre,Rabiopi,4,78,60,40,,UDP,basal ,planting time,T4-MQE928hU,27.65019554,85.57663125,1056.0,5.0,22816,18130,9500,495,14.0,9478.0,9.5,122,34.47435897,27.65019554,85.57663125,6.05,2.92,0.14,80.82,255.4,36.83,17.66,43.29,Kabhrepalanchok,direct_overlay,False,0.0,direct_overlay,FMR_172,57.81088848687116,57.8,2312.0,5688.0,98.38976962431124
473,Kavre,Bhakundebesi,4,78,60,40,,UDP,basal ,planting time,T4-VGB755qO,27.5544684,85.66762976,1405.0,9.0,23480,14650,9900,380,17.0,9589.0,9.6,123,38.5,27.5544684,85.66762976,5.89,3.14,0.15,83.04,334.42,39.99,12.03,47.7,Kabhrepalanchok,direct_overlay,False,0.0,direct_overlay,,29.585715090216333,62.1,2484.0,5516.0,186.44132761976337
474,Kavre,Bhakundebesi,4,78,60,40,,UDP,basal ,planting time,T4-DJM280wH,27.55867905,85.66662332,1331.0,5.0,23080,13250,6750,454,20.0,6318.0,6.3,81,-1.820512821,27.55867905,85.66662332,5.95,3.4,0.18,77.54,337.96,38.95,12.38,47.53,,direct_overlay_plus_nearest8,True,8.0,nearest_8_valid_mean,FMR_107,6.77157037836413,69.0,2760.0,5240.0,300.0
475,Kavre,Anekot,4,78,60,40,,UDP,basal ,planting time,T4-JMT988aA,27.65008583,85.59361389,916.0,5.0,15344,13174,5033,340,14.0,5039.0,5.0,65,19.51282051,27.65008583,85.59361389,6.01,2.68,0.14,81.89,254.28,36.08,19.29,44.24,Kabhrepalanchok,direct_overlay,False,0.0,direct_overlay,FMR_110,16.985123542883382,54.2,2168.0,5832.0,300.0
476,Kavre,Anekot,4,78,60,40,,UDP,basal ,planting time,T4-OXF734bY,27.67005164,85.5808474,1250.0,5.0,19850,18306,8323,410,15.0,8226.0,8.2,105,44.24358974,27.67005164,85.5808474,5.98,2.8,0.14,92.26,269.89,36.29,19.66,43.4,Kabhrepalanchok,direct_overlay,False,0.0,direct_overlay,FMR_108,22.5874019104072,56.0,2240.0,5760.0,255.0094084679153
477,Kavre,Anekot,4,78,60,40,,UDP,basal ,planting time,,27.66163535,85.59492434,1010.0,9.0,23149,9380,5299,432,17.0,5114.0,5.1,66,4.961538462,27.66163535,85.59492434,6.04,2.95,0.15,69.61,250.91,36.63,19.23,44.3,Kabhrepalanchok,direct_overlay,False,0.0,direct_overlay,FMR_085,6.233345163165352,59.25,2370.0,5630.0,300.0
478,Kavre,Bhakundebesi,5,60,60,40,6.0,Urea,top dressed ,knee ht+shoulder ht,T5-GUB890tJ,27.5606008,85.66486519,1322.0,9.0,15648,12600,8600,500,17.0,8280.0,8.3,138,24.93333333,27.5606008,85.66486519,5.95,3.4,0.18,77.54,337.96,38.95,12.38,47.53,Kabhrepalanchok,direct_overlay,False,0.0,direct_overlay,FMR_013,6.77157037836413,69.0,2760.0,5240.0,300.0
479,Kavre,Rabiopi,5,60,60,40,6.0,Urea,top dressed ,knee ht+shoulder ht,T5-MNM924pE,27.64565601,85.55463457,1377.0,5.0,16800,17850,7750,340,12.0,7912.0,7.9,132,29.88333333,27.64565601,85.55463457,5.96,3.13,0.16,102.91,300.43,38.12,15.75,44.25,Kabhrepalanchok,direct_overlay,False,0.0,direct_overlay,FMR_152,24.97154755037361,62.949999999999996,2518.0,5482.0,219.52984647593382
480,Kavre,Rabiopi,5,60,60,40,6.0,Urea,top dressed ,knee ht+shoulder ht,T5-GOT226gG,27.64697419,85.56234037,1251.0,5.0,22560,16030,8500,355,12.0,8658.0,8.7,144,27.63333333,27.64697419,85.56234037,5.94,3.08,0.16,80.09,264.77,36.36,15.86,45.17,Kabhrepalanchok,direct_overlay,False,0.0,direct_overlay,FMR_087,23.857369684112157,62.2,2488.0,5512.0,231.03971950733205
481,Kavre,Rabiopi,5,60,60,40,6.0,Urea,top dressed ,knee ht+shoulder ht,T5-QTQ176wU,27.65020033,85.57666488,1058.0,7.0,24736,20755,10000,495,12.0,12064.0,12.1,201,87.91666667,27.65020033,85.57666488,6.05,2.93,0.14,80.22,254.04,36.9,17.6,43.26,Kabhrepalanchok,direct_overlay,False,0.0,direct_overlay,FMR_172,67.88174611220762,57.95,2318.0,5682.0,83.70438778353947
482,Kavre,Bhakundebesi,5,60,60,40,6.0,Urea,top dressed ,knee ht+shoulder ht,T5-WVH988sC,27.55441664,85.66764621,1388.0,5.0,16520,14050,9000,430,18.0,8623.0,8.6,144,33.95,27.55441664,85.66764621,5.89,3.14,0.15,83.04,334.42,39.99,12.03,47.7,Kabhrepalanchok,direct_overlay,False,0.0,direct_overlay,,29.585715090216333,62.1,2484.0,5516.0,186.44132761976337
483,Kavre,Bhakundebesi,5,60,60,40,6.0,Urea,top dressed ,knee ht+shoulder ht,T5-CYJ569pP,27.55879113,85.66651052,1334.0,9.0,18000,15750,7450,450,20.0,6956.0,7.0,116,8.266666667,27.55879113,85.66651052,5.95,3.4,0.18,77.54,337.96,38.95,12.38,47.53,,direct_overlay_plus_nearest8,True,8.0,nearest_8_valid_mean,FMR_107,6.77157037836413,69.0,2760.0,5240.0,300.0
484,Kavre,Anekot,5,60,60,40,6.0,Urea,top dressed ,knee ht+shoulder ht,T5-RKD633dN,27.65008951,85.59362833,915.0,5.0,17200,14056,5346,340,14.0,5346.0,5.3,89,30.48333333,27.65008951,85.59362833,6.01,2.68,0.14,81.89,254.28,36.08,19.29,44.24,Kabhrepalanchok,direct_overlay,False,0.0,direct_overlay,FMR_110,16.985123542883382,54.2,2168.0,5832.0,300.0
485,Kavre,Anekot,5,60,60,40,6.0,Urea,top dressed ,knee ht+shoulder ht,T5-YLH923lD,27.67006662,85.5810992,1269.0,5.0,19610,16005,7327,380,16.0,7174.0,7.2,120,39.98333333,27.67006662,85.5810992,5.99,2.79,0.14,91.06,270.83,36.14,19.67,43.37,Kabhrepalanchok,direct_overlay,False,0.0,direct_overlay,FMR_108,23.15467483609937,55.85,2234.0,5766.0,249.02098780547325
486,Kavre,Anekot,5,60,60,40,6.0,Urea,top dressed ,knee ht+shoulder ht,,27.66162521,85.59493641,1011.0,5.0,18803,11544,5299,451,16.0,5175.0,5.2,86,7.466666667,27.66162521,85.59493641,6.04,2.95,0.15,69.63,250.89,36.62,19.22,44.31,Kabhrepalanchok,direct_overlay,False,0.0,direct_overlay,FMR_085,6.447319250193882,59.25,2370.0,5630.0,300.0
487,Kavre,Bhakundebesi,6,120,0,40,,Urea,top dressed ,knee ht+shoulder ht,T6-JIV482qP,27.56058342,85.66486177,1316.0,9.0,15008,12680,8550,400,17.0,8292.0,8.3,69,12.56666667,27.56058342,85.66486177,5.95,3.4,0.18,77.54,337.96,38.95,12.38,47.53,Kabhrepalanchok,direct_overlay,False,0.0,direct_overlay,FMR_013,6.77157037836413,69.0,2760.0,5240.0,300.0
488,Kavre,Rabiopi,6,120,0,40,,Urea,top dressed ,knee ht+shoulder ht,T6-UGZ405zA,27.64564698,85.55463757,1379.0,4.0,19200,18375,9250,370,12.0,9519.0,9.5,79,28.33333333,27.64564698,85.55463757,5.96,3.13,0.16,102.91,300.43,38.12,15.75,44.25,Kabhrepalanchok,direct_overlay,False,0.0,direct_overlay,FMR_152,24.97154755037361,62.949999999999996,2518.0,5482.0,219.52984647593382
489,Kavre,Rabiopi,6,120,0,40,,Urea,top dressed ,knee ht+shoulder ht,T6-CFS567uN,27.64697788,85.56235148,1249.0,11.0,18240,15750,8500,361,13.0,8628.0,8.6,72,13.56666667,27.64697788,85.56235148,5.94,3.08,0.16,80.09,264.77,36.36,15.86,45.17,Kabhrepalanchok,direct_overlay,False,0.0,direct_overlay,FMR_087,23.857369684112157,62.2,2488.0,5512.0,231.03971950733205
490,Kavre,Rabiopi,6,120,0,40,,Urea,top dressed ,knee ht+shoulder ht,T6-UJS392yX,27.65017272,85.57666896,1056.0,5.0,19456,17325,9000,359,12.0,9230.0,9.2,77,20.34166667,27.65017272,85.57666896,6.05,2.92,0.14,80.14,253.74,36.86,17.61,43.27,Kabhrepalanchok,direct_overlay,False,0.0,direct_overlay,FMR_172,32.32145475473706,57.8,2312.0,5688.0,175.98217788035552
491,Kavre,Bhakundebesi,6,120,0,40,,Urea,top dressed ,knee ht+shoulder ht,T6-LNX252zD,27.55470088,85.6674945,1396.0,4.0,18240,12850,9050,345,15.0,8934.0,8.9,74,19.56666667,27.55470088,85.6674945,5.97,3.16,0.16,83.76,313.71,38.58,12.46,46.58,Kabhrepalanchok,direct_overlay,False,0.0,direct_overlay,,17.845417724845802,63.400000000000006,2536.0,5464.0,300.0
492,Kavre,Bhakundebesi,6,120,0,40,,Urea,top dressed ,knee ht+shoulder ht,T6-AAQ829vN,27.55879117,85.6665101,1334.0,9.0,20160,15850,8550,390,20.0,7953.0,8.0,66,12.44166667,27.55879117,85.6665101,5.95,3.4,0.18,77.54,337.96,38.95,12.38,47.53,,direct_overlay_plus_nearest8,True,8.0,nearest_8_valid_mean,FMR_107,6.77157037836413,69.0,2760.0,5240.0,300.0
493,Kavre,Anekot,6,120,0,40,,Urea,top dressed ,knee ht+shoulder ht,T6-WGW631zB,27.65009491,85.59363032,914.0,5.0,16704,13272,4873,320,15.0,4844.0,4.8,40,11.05833333,27.65009491,85.59363032,6.01,2.68,0.14,81.89,254.28,36.08,19.29,44.24,Kabhrepalanchok,direct_overlay,False,0.0,direct_overlay,FMR_110,16.985123542883382,54.2,2168.0,5832.0,300.0
494,Kavre,Anekot,6,120,0,40,,Urea,top dressed ,knee ht+shoulder ht,T6-YPE618sN,27.67004168,85.58115009,1260.0,5.0,23136,18704,8158,360,15.0,8063.0,8.1,67,27.4,27.67004168,85.58115009,5.99,2.78,0.14,91.2,270.61,36.12,19.69,43.34,Kabhrepalanchok,direct_overlay,False,0.0,direct_overlay,FMR_108,22.56612774046339,55.699999999999996,2228.0,5772.0,255.78158851109444
495,Kavre,Anekot,6,120,0,40,,Urea,top dressed ,knee ht+shoulder ht,,27.66161149,85.59493882,1010.0,5.0,20227,12099,5784,426,17.0,5582.0,5.6,47,7.125,27.66161149,85.59493882,6.03,2.95,0.15,69.71,250.92,36.61,19.21,44.31,Kabhrepalanchok,direct_overlay,False,0.0,direct_overlay,FMR_085,6.542874122004679,59.25,2370.0,5630.0,300.0
496,Kavre,Bhakundebesi,7,0,60,40,,,,,T7-DZX620mB,27.56066755,85.66487803,1317.0,5.0,15648,14960,7750,450,18.0,7390.0,7.4,0,0.0,27.56066755,85.66487803,5.95,3.4,0.18,77.54,337.96,38.95,12.38,47.53,Kabhrepalanchok,direct_overlay,False,0.0,direct_overlay,FMR_013,6.77157037836413,69.0,2760.0,5240.0,300.0
497,Kavre,Rabiopi,7,0,60,40,,,,,T7-HAP996qO,27.64561833,85.554632,1379.0,4.0,16576,19425,8500,350,12.0,8678.0,8.7,0,0.0,27.64561833,85.554632,5.96,3.13,0.16,102.91,300.43,38.12,15.75,44.25,Kabhrepalanchok,direct_overlay,False,0.0,direct_overlay,FMR_152,24.97154755037361,62.949999999999996,2518.0,5482.0,219.52984647593382
498,Kavre,Rabiopi,7,0,60,40,,,,,T7-PJF670zG,27.64699402,85.5623446,1243.0,5.0,18496,16275,8750,350,14.0,8750.0,8.8,0,0.0,27.64699402,85.5623446,5.94,3.08,0.16,80.09,264.77,36.36,15.86,45.17,Kabhrepalanchok,direct_overlay,False,0.0,direct_overlay,FMR_087,23.857369684112157,62.2,2488.0,5512.0,231.03971950733205
499,Kavre,Rabiopi,7,0,60,40,,,,,T7-NEH250aB,27.65016183,85.57668644,1060.0,5.0,20896,20475,9500,381,14.0,9489.0,9.5,0,0.0,27.65016183,85.57668644,6.06,2.92,0.15,79.8,252.94,36.88,17.59,43.27,Kabhrepalanchok,direct_overlay,False,0.0,direct_overlay,FMR_172,4.370502826648648,58.8,2352.0,5648.0,300.0
500,Kavre,Bhakundebesi,7,0,60,40,,,,,T7-DUJ241tN,27.55468903,85.66737718,1389.0,9.0,20160,13450,9100,432,20.0,8486.0,8.5,0,0.0,27.55468903,85.66737718,5.97,3.17,0.16,83.91,321.26,39.22,12.36,46.72,Kabhrepalanchok,direct_overlay,False,0.0,direct_overlay,,15.285302838866105,63.55,2542.0,5458.0,300.0
501,Kavre,Bhakundebesi,7,0,60,40,,,,,T7-QAP205uA,27.55876872,85.66634087,1330.0,9.0,19880,18700,8550,420,19.0,8053.0,8.1,0,0.0,27.55876872,85.66634087,5.95,3.4,0.18,77.54,337.96,38.95,12.38,47.53,,direct_overlay_plus_nearest8,True,8.0,nearest_8_valid_mean,FMR_107,6.77157037836413,69.0,2760.0,5240.0,300.0
502,Kavre,Anekot,7,0,60,40,,,,,T7-XQF728cC,27.65010726,85.59363155,915.0,4.0,9776,6972,2284,240,14.0,2276.0,2.3,0,0.0,27.65010726,85.59363155,6.01,2.68,0.14,81.89,254.28,36.08,19.29,44.24,Kabhrepalanchok,direct_overlay,False,0.0,direct_overlay,FMR_110,16.985123542883382,54.2,2168.0,5832.0,300.0
503,Kavre,Anekot,7,0,60,40,,,,,T7-WBO489iL,27.67004188,85.58090516,1256.0,5.0,17980,14893,5780,340,16.0,5632.0,5.6,0,0.0,27.67004188,85.58090516,5.98,2.8,0.14,92.16,269.88,36.26,19.67,43.39,Kabhrepalanchok,direct_overlay,False,0.0,direct_overlay,FMR_108,19.6870181461967,56.0,2240.0,5760.0,292.5785894657066
504,Kavre,Anekot,7,0,60,40,,,,,,27.66162987,85.5949651,1008.0,5.0,21120,44644,7250,400,16.0,7081.0,7.1,0,0.0,27.66162987,85.5949651,6.04,2.95,0.15,69.51,250.73,36.59,19.23,44.33,Kabhrepalanchok,direct_overlay,False,0.0,direct_overlay,FMR_085,5.992739798391759,59.25,2370.0,5630.0,300.0
505,Kavre,Bhakundebesi,8,0,0,0,,,,,T8-FEK141tG,27.56058799,85.66485975,1315.0,4.0,12544,14000,6800,400,14.0,6784.0,6.8,0,0.0,27.56058799,85.66485975,5.95,3.4,0.18,77.54,337.96,38.95,12.38,47.53,Kabhrepalanchok,direct_overlay,False,0.0,direct_overlay,FMR_013,6.77157037836413,69.0,2760.0,5240.0,300.0
506,Kavre,Rabiopi,8,0,0,0,,,,,T8-GRL174hS,27.64560389,85.55464565,1378.0,5.0,14656,13125,6000,290,12.0,6119.0,6.1,0,0.0,27.64560389,85.55464565,5.96,3.13,0.16,102.91,300.43,38.12,15.75,44.25,Kabhrepalanchok,direct_overlay,False,0.0,direct_overlay,FMR_152,24.97154755037361,62.949999999999996,2518.0,5482.0,219.52984647593382
507,Kavre,Rabiopi,8,0,0,0,,,,,T8-AHW952wR,27.64701915,85.56237879,1241.0,5.0,13216,12355,7000,340,14.0,7000.0,7.0,0,0.0,27.64701915,85.56237879,5.95,3.09875,0.16,85.42750000000001,272.1325,36.54,16.25875,45.1375,,direct_overlay_plus_nearest8,True,8.0,nearest_8_valid_mean,FMR_087,18.110151422834107,62.481249999999996,2499.25,5500.75,300.0
508,Kavre,Rabiopi,8,0,0,0,,,,,T8-AVP847dU,27.65015802,85.57668921,1062.0,4.0,16320,11025,6750,370,14.0,6789.0,6.8,0,0.0,27.65015802,85.57668921,6.06,2.92,0.15,79.75,252.8,36.88,17.59,43.27,Kabhrepalanchok,direct_overlay,False,0.0,direct_overlay,FMR_172,4.370502826648648,58.8,2352.0,5648.0,300.0
509,Kavre,Bhakundebesi,8,0,0,0,,,,,T8-TUD807nV,27.55455024,85.66750406,1393.0,10.0,15280,10300,6950,300,19.0,6586.0,6.6,0,0.0,27.55455024,85.66750406,5.97,3.16,0.16,83.76,313.71,38.58,12.46,46.58,Kabhrepalanchok,direct_overlay,False,0.0,direct_overlay,,17.845417724845802,63.400000000000006,2536.0,5464.0,300.0
510,Kavre,Bhakundebesi,8,0,0,0,,,,,T8-REH695zS,27.55877039,85.66634072,1330.0,9.0,15000,17500,6800,340,18.0,6460.0,6.5,0,0.0,27.55877039,85.66634072,5.95,3.4,0.18,77.54,337.96,38.95,12.38,47.53,,direct_overlay_plus_nearest8,True,8.0,nearest_8_valid_mean,FMR_107,6.77157037836413,69.0,2760.0,5240.0,300.0
511,Kavre,Anekot,8,0,0,0,,,,,T8-RAB943oF,27.65010811,85.59363108,915.0,5.0,12960,10276,3485,300,13.0,3517.0,3.5,0,0.0,27.65010811,85.59363108,6.01,2.68,0.14,81.89,254.28,36.08,19.29,44.24,Kabhrepalanchok,direct_overlay,False,0.0,direct_overlay,FMR_110,16.985123542883382,54.2,2168.0,5832.0,300.0
512,Kavre,Anekot,8,0,0,0,,,,,T8-DQB711gC,27.67011176,85.58107345,1271.0,4.0,16346,13692,5020,360,18.0,4775.0,4.8,0,0.0,27.67011176,85.58107345,5.99,2.81,0.14,90.55,271.45,36.13,19.65,43.4,Kabhrepalanchok,direct_overlay,False,0.0,direct_overlay,FMR_108,20.60856015178391,56.15,2246.0,5754.0,279.204367390117
514,Kavre,Bhakundebesi,9,120,60,40,,Urea ,top dressed ,V6 and V10 stages,T9-ACS902gS,27.56058527,85.66485618,1316.0,4.0,17504,13800,8050,500,17.0,7750.0,7.8,65,8.05,27.56058527,85.66485618,5.95,3.4,0.18,77.54,337.96,38.95,12.38,47.53,Kabhrepalanchok,direct_overlay,False,0.0,direct_overlay,FMR_013,6.77157037836413,69.0,2760.0,5240.0,300.0
515,Kavre,Rabiopi,9,120,60,40,,Urea ,top dressed ,V6 and V10 stages,T9-ZMS334dK,27.64556738,85.55469123,1371.0,5.0,20160,20755,9450,366,13.0,9570.0,9.6,80,28.75833333,27.64556738,85.55469123,5.96,3.13,0.16,102.91,300.43,38.12,15.75,44.25,Kabhrepalanchok,direct_overlay,False,0.0,direct_overlay,FMR_152,24.97154755037361,62.949999999999996,2518.0,5482.0,219.52984647593382
516,Kavre,Rabiopi,9,120,60,40,,Urea ,top dressed ,V6 and V10 stages,T9-GSU419gE,27.64703372,85.56239723,1239.0,5.0,19680,18375,10000,370,13.0,10081.0,10.1,84,25.675,27.64703372,85.56239723,5.95,3.09875,0.16,85.42750000000001,272.1325,36.54,16.25875,45.1375,,direct_overlay_plus_nearest8,True,8.0,nearest_8_valid_mean,FMR_087,18.110151422834107,62.481249999999996,2499.25,5500.75,300.0
517,Kavre,Rabiopi,9,120,60,40,,Urea ,top dressed ,V6 and V10 stages,T9-GSE575hA,27.65015014,85.57669031,1061.0,5.0,25696,17605,9850,352,12.0,100090.0,,834,777.5083333,27.65015014,85.57669031,6.06,2.91,0.15,79.78,252.91,36.87,17.6,43.27,Kabhrepalanchok,direct_overlay,False,0.0,direct_overlay,FMR_172,4.804617688889084,58.650000000000006,2346.0,5654.0,300.0
518,Kavre,Bhakundebesi,9,120,60,40,,Urea ,top dressed ,V6 and V10 stages,T9-FOA113oU,27.55471127,85.66734462,1386.0,10.0,21440,14800,9950,523,16.0,9695.0,9.7,81,25.90833333,27.55471127,85.66734462,5.97,3.18,0.16,84.09,321.53,39.29,12.38,46.64,Kabhrepalanchok,direct_overlay,False,0.0,direct_overlay,,15.513067796132773,63.7,2548.0,5452.0,300.0
519,Kavre,Bhakundebesi,9,120,60,40,,Urea ,top dressed ,V6 and V10 stages,T9-GYX912xH,27.55877099,85.66633977,1330.0,10.0,24120,17250,8050,450,19.0,7582.0,7.6,63,9.35,27.55877099,85.66633977,5.95,3.4,0.18,77.54,337.96,38.95,12.38,47.53,,direct_overlay_plus_nearest8,True,8.0,nearest_8_valid_mean,FMR_107,6.77157037836413,69.0,2760.0,5240.0,300.0
520,Kavre,Anekot,9,120,60,40,,Urea ,top dressed ,V6 and V10 stages,T9-BHW581vA,27.65009723,85.59362341,916.0,5.0,20496,14504,5403,340,14.0,5434.0,5.4,45,15.975,27.65009723,85.59362341,6.01,2.68,0.14,81.89,254.28,36.08,19.29,44.24,Kabhrepalanchok,direct_overlay,False,0.0,direct_overlay,FMR_110,16.985123542883382,54.2,2168.0,5832.0,300.0
521,Kavre,Anekot,9,120,60,40,,Urea ,top dressed ,V6 and V10 stages,T9-UFJ501oF,27.67013182,85.58105466,1279.0,5.0,20281,17959,8163,420,14.0,8162.0,8.2,68,28.225,27.67013182,85.58105466,5.99,2.81,0.14,90.36,271.72,36.13,19.64,43.42,Kabhrepalanchok,direct_overlay,False,0.0,direct_overlay,FMR_108,21.48961883231558,56.15,2246.0,5754.0,267.757192200509
522,Kavre,Anekot,9,120,60,40,,Urea ,top dressed ,V6 and V10 stages,,27.66162395,85.59497492,1007.0,5.0,25728,12894,6350,6350,17.0,6129.0,6.1,51,11.68333333,27.66162395,85.59497492,6.04,2.95,0.15,69.51,250.7,36.58,19.23,44.33,Kabhrepalanchok,direct_overlay,False,0.0,direct_overlay,FMR_085,8.175188034705881,59.25,2370.0,5630.0,300.0
523,Doti,Chattiwan,1,120,60,40,,Urea,top dressed ,knee ht+shoulder ht,T1-GTS625sD,29.08329117,80.59328898,1124.0,5.0,24866,19100,8300,380,23.0,7431.0,7.4,62,20.89166667,29.08329117,80.59328898,6.02,3.02,0.15,67.23,288.94,49.39,15.29,35.58,Doti,direct_overlay,False,0.0,direct_overlay,FMR_054,21.70477102019065,60.3,2412.0,5588.0,257.45491600910316
524,Doti,Chattiwan,1,120,60,40,,Urea,top dressed ,knee ht+shoulder ht,T1-ZRQ671mQ,29.08353038,80.59551555,1122.0,5.0,26866,16700,6833,345,21.0,6277.0,6.3,52,-12.025,29.08353038,80.59551555,6.0275,3.015,0.15,67.33000000000001,289.18125,49.41125,15.295,35.49,,direct_overlay_plus_nearest8,True,8.0,nearest_8_valid_mean,FMR_093,-10.254364520304266,60.225,2409.0,5591.0,-545.231251427573
525,Doti,Chattiwan,1,120,60,40,,Urea,top dressed ,knee ht+shoulder ht,T1-OQE866aI,29.07951778,80.59137803,1172.0,5.0,24666,19266,6900,376,23.0,6177.0,6.2,51,14.525,29.07951778,80.59137803,5.79,2.93,0.16,63.46,293.22,49.98,15.6,36.16,Doti,direct_overlay,False,0.0,direct_overlay,FMR_153,18.592892831394625,59.95,2398.0,5602.0,300.0
526,Doti,Chattiwan,2,120,60,40,,PCU,basal ,planting time,T2-KEV172iF,29.08327635,80.5932987,1126.0,5.0,28500,21433,8966,373,22.0,8132.0,8.1,68,26.73333333,29.08327635,80.5932987,6.02,3.02,0.15,67.22,288.97,49.39,15.3,35.57,Doti,direct_overlay,False,0.0,direct_overlay,FMR_054,23.71660435139065,60.3,2412.0,5588.0,235.6155171797324
527,Doti,Chattiwan,2,120,60,40,,PCU,basal ,planting time,T2-LHN253oX,29.08350202,80.59555287,1124.0,5.0,28600,14866,5133,370,20.0,4775.0,4.8,40,-24.54166667,29.08350202,80.59555287,6.0275,3.015,0.15,67.33000000000001,289.18125,49.41125,15.295,35.49,,direct_overlay_plus_nearest8,True,8.0,nearest_8_valid_mean,FMR_093,-10.254364520304266,60.225,2409.0,5591.0,-545.231251427573
528,Doti,Chattiwan,2,120,60,40,,PCU,basal ,planting time,T2-GFX885lB,29.07951436,80.59140166,1172.0,5.0,22333,15333,6766,400,21.0,6215.0,6.2,52,14.84166667,29.07951436,80.59140166,5.79,2.93,0.16,63.46,293.22,49.98,15.6,36.16,Doti,direct_overlay,False,0.0,direct_overlay,FMR_153,18.592892831394625,59.95,2398.0,5602.0,300.0
529,Doti,Chattiwan,3,60,60,40,,PCU,basal ,planting time,T3-EAX597lN,29.08327673,80.59332831,1126.0,5.0,19100,16766,7733,315,21.0,7103.0,7.1,118,36.31666667,29.08327673,80.59332831,6.03,3.02,0.15,67.34,289.23,49.41,15.3,35.47,Doti,direct_overlay,False,0.0,direct_overlay,FMR_054,17.128798411993472,60.3,2412.0,5588.0,300.0
530,Doti,Chattiwan,3,60,60,40,,PCU,basal ,planting time,T3-UXA692dE,29.08351847,80.5955538,1126.0,5.0,23166,13500,6900,385,21.0,6338.0,6.3,106,-23.03333333,29.08351847,80.5955538,6.0275,3.015,0.15,67.33000000000001,289.18125,49.41125,15.295,35.49,,direct_overlay_plus_nearest8,True,8.0,nearest_8_valid_mean,FMR_093,-10.254364520304266,60.225,2409.0,5591.0,-545.231251427573
531,Doti,Chattiwan,3,60,60,40,,PCU,basal ,planting time,T3-RVL933jI,29.079512,80.59141333,1171.0,5.0,24666,16233,6766,396,22.0,6137.0,6.1,102,28.38333333,29.079512,80.59141333,5.79,2.93,0.16,63.46,293.22,49.98,15.6,36.16,Doti,direct_overlay,False,0.0,direct_overlay,FMR_153,18.592892831394625,59.95,2398.0,5602.0,300.0
532,Doti,Chattiwan,4,78,60,40,,UDP,basal ,planting time,T4-PPI317gZ,29.0832901,80.5933326,1124.0,5.0,25000,19800,8033,295,23.0,7192.0,7.2,92,29.07692308,29.0832901,80.5933326,6.03,3.01,0.15,67.42,289.31,49.42,15.29,35.45,Doti,direct_overlay,False,0.0,direct_overlay,FMR_054,20.782675490260168,60.15,2406.0,5594.0,269.1664989246277
533,Doti,Chattiwan,4,78,60,40,,UDP,basal ,planting time,T4-WSQ240jL,29.08354801,80.5955566,1126.0,5.0,39300,19600,7733,285,22.0,7013.0,7.0,90,-9.064102564,29.08354801,80.5955566,6.0275,3.015,0.15,67.33000000000001,289.18125,49.41125,15.295,35.49,,direct_overlay_plus_nearest8,True,8.0,nearest_8_valid_mean,FMR_093,-10.254364520304266,60.225,2409.0,5591.0,-545.231251427573
534,Doti,Chattiwan,4,78,60,40,,UDP,basal ,planting time,T4-YKD484rB,29.07950258,80.59139689,1175.0,5.0,21300,22300,6366,381,23.0,5700.0,5.7,73,16.23076923,29.07950258,80.59139689,5.79,2.93,0.16,63.46,293.22,49.98,15.6,36.16,Doti,direct_overlay,False,0.0,direct_overlay,FMR_153,18.592892831394625,59.95,2398.0,5602.0,300.0
535,Doti,Chattiwan,5,60,60,40,6.0,Urea,top dressed ,knee ht+shoulder ht,T5-IIJ816pE,29.08328167,80.59332729,1124.0,5.0,24566,17866,8833,300,23.0,7908.0,7.9,132,49.73333333,29.08328167,80.59332729,6.03,3.01,0.15,67.36,289.23,49.42,15.29,35.47,Doti,direct_overlay,False,0.0,direct_overlay,FMR_054,15.658677263770983,60.15,2406.0,5594.0,300.0
536,Doti,Chattiwan,5,60,60,40,6.0,Urea,top dressed ,knee ht+shoulder ht,T5-KNS504uV,29.08356039,80.59555709,1125.0,5.0,26100,16500,7000,300,23.0,6267.0,6.3,104,-24.21666667,29.08356039,80.59555709,6.0275,3.015,0.15,67.33000000000001,289.18125,49.41125,15.295,35.49,,direct_overlay_plus_nearest8,True,8.0,nearest_8_valid_mean,FMR_093,-10.254364520304266,60.225,2409.0,5591.0,-545.231251427573
537,Doti,Chattiwan,5,60,60,40,6.0,Urea,top dressed ,knee ht+shoulder ht,T5-UDO360pQ,29.07950151,80.59141371,1173.0,5.0,23400,20833,7066,385,21.0,6491.0,6.5,108,34.28333333,29.07950151,80.59141371,5.79,2.93,0.16,63.46,293.22,49.98,15.6,36.16,Doti,direct_overlay,False,0.0,direct_overlay,FMR_153,18.592892831394625,59.95,2398.0,5602.0,300.0
538,Doti,Chattiwan,6,120,0,40,,Urea,top dressed ,knee ht+shoulder ht,T6-NMA793tA,29.0832885,80.5933351,1124.0,5.0,21433,16900,5933,390,20.0,5519.0,5.5,46,4.958333333,29.0832885,80.5933351,6.03,3.01,0.15,67.42,289.32,49.43,15.29,35.44,Doti,direct_overlay,False,0.0,direct_overlay,FMR_054,13.052010342701333,60.15,2406.0,5594.0,300.0
539,Doti,Chattiwan,6,120,0,40,,Urea,top dressed ,knee ht+shoulder ht,T6-RNK464sY,29.0835592,80.59555689,1126.0,5.0,35733,19233,9000,365,21.0,8267.0,8.3,69,4.558333333,29.0835592,80.59555689,6.0275,3.015,0.15,67.33000000000001,289.18125,49.41125,15.295,35.49,,direct_overlay_plus_nearest8,True,8.0,nearest_8_valid_mean,FMR_093,-10.254364520304266,60.225,2409.0,5591.0,-545.231251427573
540,Doti,Chattiwan,6,120,0,40,,Urea,top dressed ,knee ht+shoulder ht,T6-PNB508xE,29.07950266,80.59144786,1171.0,5.0,25000,24266,8566,295,23.0,7670.0,7.7,64,26.96666667,29.07950266,80.59144786,5.79,2.93,0.16,63.46,293.22,49.98,15.6,36.16,Doti,direct_overlay,False,0.0,direct_overlay,FMR_153,18.592892831394625,59.95,2398.0,5602.0,300.0
541,Doti,Chattiwan,7,0,60,40,,,,,T7-KZE943xG,29.08328866,80.59333696,1124.0,5.0,25766,19066,6966,394,23.0,6237.0,6.2,0,0.0,29.08328866,80.59333696,6.03,3.01,0.15,67.43,289.34,49.43,15.29,35.43,Doti,direct_overlay,False,0.0,direct_overlay,FMR_054,8.321624830893255,60.15,2406.0,5594.0,300.0
542,Doti,Chattiwan,7,0,60,40,,,,,T7-TPY662fX,29.08355296,80.59553985,1127.0,5.0,19666,13636,5800,370,20.0,5395.0,5.4,0,0.0,29.08355296,80.59553985,6.0275,3.015,0.15,67.33000000000001,289.18125,49.41125,15.295,35.49,,direct_overlay_plus_nearest8,True,8.0,nearest_8_valid_mean,FMR_093,-10.254364520304266,60.225,2409.0,5591.0,-545.231251427573
543,Doti,Chattiwan,7,0,60,40,,,,,T7-TBZ485wV,29.0795114,80.59146346,1170.0,5.0,15933,11866,5500,365,21.0,5052.0,5.1,0,0.0,29.0795114,80.59146346,5.79,2.93,0.16,63.46,293.22,49.98,15.6,36.16,Doti,direct_overlay,False,0.0,direct_overlay,FMR_153,18.592892831394625,59.95,2398.0,5602.0,300.0
544,Doti,Chattiwan,8,0,0,0,,,,,T8-JVH486tL,29.08326987,80.59331328,1124.0,5.0,21366,17300,5500,299,23.0,4924.0,4.9,0,0.0,29.08326987,80.59331328,6.03,3.02,0.15,67.25,289.07,49.4,15.3,35.53,Doti,direct_overlay,False,0.0,direct_overlay,FMR_054,20.749146798780192,60.3,2412.0,5588.0,269.312278436842
545,Doti,Chattiwan,8,0,0,0,,,,,T8-SGZ977aB,29.08356178,80.5955264,1126.0,5.0,33033,18366,8300,280,20.0,7720.0,7.7,0,0.0,29.08356178,80.5955264,6.0275,3.015,0.15,67.33000000000001,289.18125,49.41125,15.295,35.49,,direct_overlay_plus_nearest8,True,8.0,nearest_8_valid_mean,FMR_093,-10.254364520304266,60.225,2409.0,5591.0,-545.231251427573
546,Doti,Chattiwan,8,0,0,0,,,,,T8-STT575tH,29.07951102,80.59145253,1171.0,5.0,17433,9700,4766,370,20.0,4434.0,4.4,0,0.0,29.07951102,80.59145253,5.79,2.93,0.16,63.46,293.22,49.98,15.6,36.16,Doti,direct_overlay,False,0.0,direct_overlay,FMR_153,18.592892831394625,59.95,2398.0,5602.0,300.0
547,Doti,Chattiwan,9,120,60,40,,Urea ,top dressed ,V6 and V10 stages,T9-IXL889aB,29.08326724,80.59330328,1123.0,7.0,28600,21866,8400,373,21.0,7716.0,7.7,64,23.26666667,29.08326724,80.59330328,6.02,3.02,0.15,67.2,288.98,49.39,15.3,35.56,Doti,direct_overlay,False,0.0,direct_overlay,FMR_054,22.815521020090646,60.3,2412.0,5588.0,244.92099019257017
548,Doti,Chattiwan,9,120,60,40,,Urea ,top dressed ,V6 and V10 stages,T9-GRW143yF,29.08355348,80.59553606,1126.0,5.0,41200,22600,8633,300,22.0,7830.0,7.8,65,0.916666667,29.08355348,80.59553606,6.0275,3.015,0.15,67.33000000000001,289.18125,49.41125,15.295,35.49,,direct_overlay_plus_nearest8,True,8.0,nearest_8_valid_mean,FMR_093,-10.254364520304266,60.225,2409.0,5591.0,-545.231251427573
549,Doti,Chattiwan,9,120,60,40,,Urea ,top dressed ,V6 and V10 stages,T9-FQI254mK,29.07951271,80.59146397,1169.0,5.0,21866,18566,7733,380,22.0,7013.0,7.0,58,21.49166667,29.07951271,80.59146397,5.79,2.93,0.16,63.46,293.22,49.98,15.6,36.16,Doti,direct_overlay,False,0.0,direct_overlay,FMR_153,18.592892831394625,59.95,2398.0,5602.0,300.0
550,Doti,Ghantesori,1,120,60,40,,Urea,top dressed ,knee ht+shoulder ht,T1-FGL275sJ,29.14440826,80.6019709,1821.0,5.0,55400,28933,8533,340,22.0,7739.0,7.7,64,20.1,29.14440826,80.6019709,6.2325,3.445,0.165,102.30375,395.50625,54.74625,16.107499999999998,28.6675,,direct_overlay_plus_nearest8,True,8.0,nearest_8_valid_mean,FMR_147,15.50882831075101,68.175,2727.0,5273.0,300.0
551,Doti,Ghantesori,1,120,60,40,,Urea,top dressed ,knee ht+shoulder ht,T1-VWO259nO,29.1440473,80.60301944,1815.0,4.0,50400,27866,9333,362,22.0,8465.0,8.5,71,6.208333333,29.1440473,80.60301944,6.2325,3.445,0.165,102.30375,395.50625,54.74625,16.107499999999998,28.6675,,direct_overlay_plus_nearest8,True,8.0,nearest_8_valid_mean,FMR_159,15.50882831075101,68.175,2727.0,5273.0,300.0
552,Doti,Ghantesori,1,120,60,40,,Urea,top dressed ,knee ht+shoulder ht,T1-IXV667yC,29.14415823,80.60541769,1788.0,5.0,41100,25733,9666,350,22.0,8767.0,8.8,73,28.1,29.14415823,80.60541769,6.3,3.59,0.17,113.93,430.9,56.52,16.38,26.41,Doti,direct_overlay,False,0.0,direct_overlay,FMR_157,24.659289460892325,70.85,2834.0,5166.0,209.49508736627897
553,Doti,Ghantesori,2,120,60,40,,PCU,basal ,planting time,T2-SAR964vJ,29.1444067,80.60198095,1818.0,5.0,37533,24300,6366,330,21.0,5848.0,5.8,49,4.341666667,29.1444067,80.60198095,6.2325,3.445,0.165,102.30375,395.50625,54.74625,16.107499999999998,28.6675,,direct_overlay_plus_nearest8,True,8.0,nearest_8_valid_mean,FMR_147,15.50882831075101,68.175,2727.0,5273.0,300.0
554,Doti,Ghantesori,2,120,60,40,,PCU,basal ,planting time,T2-GRR568eF,29.14406642,80.60298455,1807.0,5.0,46466,27166,9333,335,21.0,8573.0,8.6,71,7.108333333,29.14406642,80.60298455,6.2325,3.445,0.165,102.30375,395.50625,54.74625,16.107499999999998,28.6675,,direct_overlay_plus_nearest8,True,8.0,nearest_8_valid_mean,FMR_159,15.50882831075101,68.175,2727.0,5273.0,300.0
555,Doti,Ghantesori,2,120,60,40,,PCU,basal ,planting time,T2-BYA479xD,29.14420051,80.60545099,1786.0,4.0,54666,26100,8533,350,22.0,7739.0,7.7,64,19.53333333,29.14420051,80.60545099,6.3,3.59,0.17,113.93,430.9,56.52,16.38,26.41,Doti,direct_overlay,False,0.0,direct_overlay,FMR_157,24.659289460892325,70.85,2834.0,5166.0,209.49508736627897
556,Doti,Ghantesori,3,60,60,40,,PCU,basal ,planting time,T3-YGX320jH,29.14440539,80.6019589,1816.0,5.0,44300,28933,5800,361,20.0,5395.0,5.4,90,1.133333333,29.14440539,80.6019589,6.2325,3.445,0.165,102.30375,395.50625,54.74625,16.107499999999998,28.6675,,direct_overlay_plus_nearest8,True,8.0,nearest_8_valid_mean,FMR_147,15.50882831075101,68.175,2727.0,5273.0,300.0
557,Doti,Ghantesori,3,60,60,40,,PCU,basal ,planting time,T3-DIQ335jH,29.14402916,80.6029443,1816.0,5.0,46466,22166,9800,368,22.0,8888.0,8.9,148,19.46666667,29.14402916,80.6029443,6.2325,3.445,0.165,102.30375,395.50625,54.74625,16.107499999999998,28.6675,,direct_overlay_plus_nearest8,True,8.0,nearest_8_valid_mean,FMR_159,15.50882831075101,68.175,2727.0,5273.0,300.0
558,Doti,Ghantesori,3,60,60,40,,PCU,basal ,planting time,T3-BGS157kL,29.14419953,80.60541185,1791.0,5.0,48966,23600,7433,290,21.0,6828.0,6.8,114,23.88333333,29.14419953,80.60541185,6.3,3.59,0.17,113.93,430.9,56.52,16.38,26.41,Doti,direct_overlay,False,0.0,direct_overlay,FMR_157,24.659289460892325,70.85,2834.0,5166.0,209.49508736627897
559,Doti,Ghantesori,4,78,60,40,,UDP,basal ,planting time,T4-CWV252qB,29.14441456,80.60193439,1818.0,4.0,49300,24300,8833,340,20.0,8217.0,8.2,105,37.05128205,29.14441456,80.60193439,6.2325,3.445,0.165,102.30375,395.50625,54.74625,16.107499999999998,28.6675,,direct_overlay_plus_nearest8,True,8.0,nearest_8_valid_mean,FMR_147,15.50882831075101,68.175,2727.0,5273.0,300.0
560,Doti,Ghantesori,4,78,60,40,,UDP,basal ,planting time,T4-RQS224jI,29.14406162,80.60297787,1803.0,5.0,52166,30733,9666,380,20.0,8992.0,9.0,115,16.30769231,29.14406162,80.60297787,6.2325,3.445,0.165,102.30375,395.50625,54.74625,16.107499999999998,28.6675,,direct_overlay_plus_nearest8,True,8.0,nearest_8_valid_mean,FMR_159,15.50882831075101,68.175,2727.0,5273.0,300.0
561,Doti,Ghantesori,4,78,60,40,,UDP,basal ,planting time,T4-MBJ991qZ,29.14421015,80.60541811,1792.0,5.0,59333,29666,8533,368,20.0,7937.0,7.9,102,32.58974359,29.14421015,80.60541811,6.3,3.59,0.17,113.93,430.9,56.52,16.38,26.41,Doti,direct_overlay,False,0.0,direct_overlay,FMR_157,24.659289460892325,70.85,2834.0,5166.0,209.49508736627897
562,Doti,Ghantesori,5,60,60,40,6.0,Urea,top dressed ,knee ht+shoulder ht,T5-GNP929qI,29.14441108,80.60190207,1813.0,4.0,33600,24666,9633,330,24.0,8513.0,8.5,142,53.1,29.14441108,80.60190207,6.2325,3.445,0.165,102.30375,395.50625,54.74625,16.107499999999998,28.6675,,direct_overlay_plus_nearest8,True,8.0,nearest_8_valid_mean,FMR_147,15.50882831075101,68.175,2727.0,5273.0,300.0
563,Doti,Ghantesori,5,60,60,40,6.0,Urea,top dressed ,knee ht+shoulder ht,T5-HEK809wJ,29.14406546,80.6029904,1802.0,4.0,47533,30366,9933,335,23.0,8893.0,8.9,148,19.55,29.14406546,80.6029904,6.2325,3.445,0.165,102.30375,395.50625,54.74625,16.107499999999998,28.6675,,direct_overlay_plus_nearest8,True,8.0,nearest_8_valid_mean,FMR_159,15.50882831075101,68.175,2727.0,5273.0,300.0
564,Doti,Ghantesori,5,60,60,40,6.0,Urea,top dressed ,knee ht+shoulder ht,T5-SMV902mO,29.1442015,80.60538843,1793.0,5.0,55733,26800,9633,335,20.0,8961.0,9.0,149,59.43333333,29.1442015,80.60538843,6.3,3.59,0.17,113.93,430.9,56.52,16.38,26.41,Doti,direct_overlay,False,0.0,direct_overlay,FMR_157,24.659289460892325,70.85,2834.0,5166.0,209.49508736627897
565,Doti,Ghantesori,6,120,0,40,,Urea,top dressed ,knee ht+shoulder ht,T6-KHS407cD,29.14445984,80.60178671,1810.0,5.0,35733,27500,8000,200,23.0,7162.0,7.2,60,15.29166667,29.14445984,80.60178671,6.2325,3.445,0.165,102.30375,395.50625,54.74625,16.107499999999998,28.6675,,direct_overlay_plus_nearest8,True,8.0,nearest_8_valid_mean,FMR_147,15.50882831075101,68.175,2727.0,5273.0,300.0
566,Doti,Ghantesori,6,120,0,40,,Urea,top dressed ,knee ht+shoulder ht,T6-EJB519mN,29.14397863,80.60297518,1825.0,5.0,46466,24666,10000,363,23.0,8953.0,9.0,75,10.275,29.14397863,80.60297518,6.2325,3.445,0.165,102.30375,395.50625,54.74625,16.107499999999998,28.6675,,direct_overlay_plus_nearest8,True,8.0,nearest_8_valid_mean,FMR_159,15.50882831075101,68.175,2727.0,5273.0,300.0
567,Doti,Ghantesori,6,120,0,40,,Urea,top dressed ,knee ht+shoulder ht,T6-RRD162lX,29.14429276,80.60538251,1801.0,5.0,47533,24300,6900,340,22.0,6258.0,6.3,52,7.191666667,29.14429276,80.60538251,6.2325,3.445,0.165,102.30375,395.50625,54.74625,16.107499999999998,28.6675,,direct_overlay_plus_nearest8,True,8.0,nearest_8_valid_mean,FMR_157,15.50882831075101,68.175,2727.0,5273.0,300.0
568,Doti,Ghantesori,7,0,60,40,,,,,T7-ZVO105zA,29.14441114,80.60188293,1810.0,5.0,37533,25366,7833,300,20.0,7286.0,7.3,0,0.0,29.14441114,80.60188293,6.2325,3.445,0.165,102.30375,395.50625,54.74625,16.107499999999998,28.6675,,direct_overlay_plus_nearest8,True,8.0,nearest_8_valid_mean,FMR_147,15.50882831075101,68.175,2727.0,5273.0,300.0
569,Doti,Ghantesori,7,0,60,40,,,,,T7-KWL290jN,29.14405423,80.60298751,1803.0,5.0,48233,22866,9366,368,20.0,8713.0,8.7,0,0.0,29.14405423,80.60298751,6.2325,3.445,0.165,102.30375,395.50625,54.74625,16.107499999999998,28.6675,,direct_overlay_plus_nearest8,True,8.0,nearest_8_valid_mean,FMR_159,15.50882831075101,68.175,2727.0,5273.0,300.0
570,Doti,Ghantesori,7,0,60,40,,,,,T7-ONI784fH,29.14430126,80.60540403,1806.0,5.0,44666,26800,8533,360,20.0,7937.0,7.9,0,0.0,29.14430126,80.60540403,6.2325,3.445,0.165,102.30375,395.50625,54.74625,16.107499999999998,28.6675,,direct_overlay_plus_nearest8,True,8.0,nearest_8_valid_mean,FMR_157,15.50882831075101,68.175,2727.0,5273.0,300.0
571,Doti,Ghantesori,8,0,0,0,,,,,T8-VMU614kG,29.14446111,80.6017681,1807.0,5.0,28600,26800,5800,200,21.0,5327.0,5.3,0,0.0,29.14446111,80.6017681,6.2325,3.445,0.165,102.30375,395.50625,54.74625,16.107499999999998,28.6675,,direct_overlay_plus_nearest8,True,8.0,nearest_8_valid_mean,FMR_147,15.50882831075101,68.175,2727.0,5273.0,300.0
572,Doti,Ghantesori,8,0,0,0,,,,,T8-EHC558oI,29.14404606,80.60298644,1803.0,5.0,42866,23233,8300,300,20.0,7720.0,7.7,0,0.0,29.14404606,80.60298644,6.2325,3.445,0.165,102.30375,395.50625,54.74625,16.107499999999998,28.6675,,direct_overlay_plus_nearest8,True,8.0,nearest_8_valid_mean,FMR_159,15.50882831075101,68.175,2727.0,5273.0,300.0
573,Doti,Ghantesori,8,0,0,0,,,,,T8-IGQ331pW,29.14428681,80.60539869,1808.0,4.0,36100,24433,5800,202,20.0,5395.0,5.4,0,0.0,29.14428681,80.60539869,6.2325,3.445,0.165,102.30375,395.50625,54.74625,16.107499999999998,28.6675,,direct_overlay_plus_nearest8,True,8.0,nearest_8_valid_mean,FMR_157,15.50882831075101,68.175,2727.0,5273.0,300.0
574,Doti,Ghantesori,9,120,60,40,,Urea ,top dressed ,V6 and V10 stages,T9-EZR430hW,29.14448158,80.60181535,1811.0,4.0,51800,30366,9633,380,22.0,8737.0,8.7,73,28.41666667,29.14448158,80.60181535,6.2325,3.445,0.165,102.30375,395.50625,54.74625,16.107499999999998,28.6675,,direct_overlay_plus_nearest8,True,8.0,nearest_8_valid_mean,FMR_147,15.50882831075101,68.175,2727.0,5273.0,300.0
575,Doti,Ghantesori,9,120,60,40,,Urea ,top dressed ,V6 and V10 stages,T9-MGK679tQ,29.14404993,80.60295616,1813.0,5.0,51800,25366,9366,386,22.0,8495.0,8.5,71,6.458333333,29.14404993,80.60295616,6.2325,3.445,0.165,102.30375,395.50625,54.74625,16.107499999999998,28.6675,,direct_overlay_plus_nearest8,True,8.0,nearest_8_valid_mean,FMR_159,15.50882831075101,68.175,2727.0,5273.0,300.0
576,Doti,Ghantesori,9,120,60,40,,Urea ,top dressed ,V6 and V10 stages,T9-IYD647qR,29.14427949,80.60539334,1806.0,4.0,57900,28933,9700,380,21.0,8910.0,8.9,74,29.29166667,29.14427949,80.60539334,6.3,3.59,0.17,113.93,430.9,56.52,16.38,26.41,Doti,direct_overlay,False,0.0,direct_overlay,FMR_157,24.659289460892325,70.85,2834.0,5166.0,209.49508736627897
